[2025-04-27T04:48:30.212+0000] {manager.py:470} INFO - Processing files using up to 2 processes at a time 
[2025-04-27T04:48:30.213+0000] {manager.py:471} INFO - Process each file at most once every 30 seconds
[2025-04-27T04:48:30.213+0000] {manager.py:472} INFO - Checking for new files in /opt/airflow/dags every 300 seconds
[2025-04-27T04:48:30.213+0000] {manager.py:737} INFO - Searching for files in /opt/airflow/dags
[2025-04-27T04:48:30.216+0000] {manager.py:740} INFO - There are 1 files in /opt/airflow/dags
[2025-04-27T04:48:30.257+0000] {manager.py:878} INFO - 
================================================================================
DAG File Processing Stats

File Path                                        PID  Runtime      # DAGs    # Errors  Last Runtime    Last Run
---------------------------------------------  -----  ---------  --------  ----------  --------------  ----------
/opt/airflow/dags/export_tables_to_parquet.py    165  0.02s             0           0
================================================================================
[2025-04-27T04:49:00.394+0000] {manager.py:878} INFO - 
================================================================================
DAG File Processing Stats

File Path                                      PID    Runtime      # DAGs    # Errors  Last Runtime    Last Run
---------------------------------------------  -----  ---------  --------  ----------  --------------  -------------------
/opt/airflow/dags/export_tables_to_parquet.py                           1           0  0.87s           2025-04-27T04:48:31
================================================================================
[2025-04-27T04:49:30.734+0000] {manager.py:878} INFO - 
================================================================================
DAG File Processing Stats

File Path                                      PID    Runtime      # DAGs    # Errors  Last Runtime    Last Run
---------------------------------------------  -----  ---------  --------  ----------  --------------  -------------------
/opt/airflow/dags/export_tables_to_parquet.py                           1           0  0.26s           2025-04-27T04:49:01
================================================================================
[2025-04-27T04:50:01.286+0000] {manager.py:878} INFO - 
================================================================================
DAG File Processing Stats

File Path                                      PID    Runtime      # DAGs    # Errors  Last Runtime    Last Run
---------------------------------------------  -----  ---------  --------  ----------  --------------  -------------------
/opt/airflow/dags/export_tables_to_parquet.py                           1           0  0.26s           2025-04-27T04:49:32
================================================================================
[2025-04-27T04:50:31.658+0000] {manager.py:878} INFO - 
================================================================================
DAG File Processing Stats

File Path                                      PID    Runtime      # DAGs    # Errors  Last Runtime    Last Run
---------------------------------------------  -----  ---------  --------  ----------  --------------  -------------------
/opt/airflow/dags/export_tables_to_parquet.py                           1           0  0.27s           2025-04-27T04:50:02
================================================================================
[2025-04-27T04:51:02.149+0000] {manager.py:878} INFO - 
================================================================================
DAG File Processing Stats

File Path                                      PID    Runtime      # DAGs    # Errors  Last Runtime    Last Run
---------------------------------------------  -----  ---------  --------  ----------  --------------  -------------------
/opt/airflow/dags/export_tables_to_parquet.py                           1           0  0.27s           2025-04-27T04:50:32
================================================================================
[2025-04-27T04:51:32.541+0000] {manager.py:878} INFO - 
================================================================================
DAG File Processing Stats

File Path                                      PID    Runtime      # DAGs    # Errors  Last Runtime    Last Run
---------------------------------------------  -----  ---------  --------  ----------  --------------  -------------------
/opt/airflow/dags/export_tables_to_parquet.py                           1           0  0.24s           2025-04-27T04:51:03
================================================================================
[2025-04-27T04:52:03.028+0000] {manager.py:878} INFO - 
================================================================================
DAG File Processing Stats

File Path                                      PID    Runtime      # DAGs    # Errors  Last Runtime    Last Run
---------------------------------------------  -----  ---------  --------  ----------  --------------  -------------------
/opt/airflow/dags/export_tables_to_parquet.py                           1           0  0.26s           2025-04-27T04:51:33
================================================================================
[2025-04-27T04:52:33.317+0000] {manager.py:878} INFO - 
================================================================================
DAG File Processing Stats

File Path                                      PID    Runtime      # DAGs    # Errors  Last Runtime    Last Run
---------------------------------------------  -----  ---------  --------  ----------  --------------  -------------------
/opt/airflow/dags/export_tables_to_parquet.py                           1           0  0.27s           2025-04-27T04:52:04
================================================================================
[2025-04-27T04:53:03.625+0000] {manager.py:878} INFO - 
================================================================================
DAG File Processing Stats

File Path                                      PID    Runtime      # DAGs    # Errors  Last Runtime    Last Run
---------------------------------------------  -----  ---------  --------  ----------  --------------  -------------------
/opt/airflow/dags/export_tables_to_parquet.py                           1           0  0.26s           2025-04-27T04:52:34
================================================================================
[2025-04-27T04:53:30.869+0000] {manager.py:737} INFO - Searching for files in /opt/airflow/dags
[2025-04-27T04:53:30.876+0000] {manager.py:740} INFO - There are 1 files in /opt/airflow/dags
[2025-04-27T04:53:33.912+0000] {manager.py:878} INFO - 
================================================================================
DAG File Processing Stats

File Path                                      PID    Runtime      # DAGs    # Errors  Last Runtime    Last Run
---------------------------------------------  -----  ---------  --------  ----------  --------------  -------------------
/opt/airflow/dags/export_tables_to_parquet.py                           1           0  0.27s           2025-04-27T04:53:04
================================================================================
[2025-04-27T04:54:04.177+0000] {manager.py:878} INFO - 
================================================================================
DAG File Processing Stats

File Path                                      PID    Runtime      # DAGs    # Errors  Last Runtime    Last Run
---------------------------------------------  -----  ---------  --------  ----------  --------------  -------------------
/opt/airflow/dags/export_tables_to_parquet.py                           1           0  0.27s           2025-04-27T04:53:35
================================================================================
[2025-04-27T04:54:34.794+0000] {manager.py:878} INFO - 
================================================================================
DAG File Processing Stats

File Path                                      PID    Runtime      # DAGs    # Errors  Last Runtime    Last Run
---------------------------------------------  -----  ---------  --------  ----------  --------------  -------------------
/opt/airflow/dags/export_tables_to_parquet.py                           1           0  0.26s           2025-04-27T04:54:05
================================================================================
[2025-04-27T04:55:05.375+0000] {manager.py:878} INFO - 
================================================================================
DAG File Processing Stats

File Path                                      PID    Runtime      # DAGs    # Errors  Last Runtime    Last Run
---------------------------------------------  -----  ---------  --------  ----------  --------------  -------------------
/opt/airflow/dags/export_tables_to_parquet.py                           1           0  0.26s           2025-04-27T04:54:36
================================================================================
[2025-04-27T04:55:32.852+0000] {manager.py:452} INFO - Exiting gracefully upon receiving signal 15
[2025-04-27T04:55:41.409+0000] {manager.py:470} INFO - Processing files using up to 2 processes at a time 
[2025-04-27T04:55:41.409+0000] {manager.py:471} INFO - Process each file at most once every 30 seconds
[2025-04-27T04:55:41.410+0000] {manager.py:472} INFO - Checking for new files in /opt/airflow/dags every 300 seconds
[2025-04-27T04:55:41.411+0000] {manager.py:737} INFO - Searching for files in /opt/airflow/dags
[2025-04-27T04:55:41.424+0000] {manager.py:740} INFO - There are 1 files in /opt/airflow/dags
[2025-04-27T04:55:41.472+0000] {manager.py:878} INFO - 
================================================================================
DAG File Processing Stats

File Path                                        PID  Runtime      # DAGs    # Errors  Last Runtime    Last Run
---------------------------------------------  -----  ---------  --------  ----------  --------------  ----------
/opt/airflow/dags/export_tables_to_parquet.py    165  0.02s             0           0
================================================================================
[2025-04-27T04:56:11.661+0000] {manager.py:878} INFO - 
================================================================================
DAG File Processing Stats

File Path                                      PID    Runtime      # DAGs    # Errors  Last Runtime    Last Run
---------------------------------------------  -----  ---------  --------  ----------  --------------  -------------------
/opt/airflow/dags/export_tables_to_parquet.py                           1           0  0.75s           2025-04-27T04:55:42
================================================================================
[2025-04-27T04:56:41.934+0000] {manager.py:878} INFO - 
================================================================================
DAG File Processing Stats

File Path                                      PID    Runtime      # DAGs    # Errors  Last Runtime    Last Run
---------------------------------------------  -----  ---------  --------  ----------  --------------  -------------------
/opt/airflow/dags/export_tables_to_parquet.py                           1           0  0.43s           2025-04-27T04:56:12
================================================================================
[2025-04-27T04:57:12.182+0000] {manager.py:878} INFO - 
================================================================================
DAG File Processing Stats

File Path                                      PID    Runtime      # DAGs    # Errors  Last Runtime    Last Run
---------------------------------------------  -----  ---------  --------  ----------  --------------  -------------------
/opt/airflow/dags/export_tables_to_parquet.py                           1           0  0.28s           2025-04-27T04:56:43
================================================================================
[2025-04-27T04:57:42.857+0000] {manager.py:878} INFO - 
================================================================================
DAG File Processing Stats

File Path                                      PID    Runtime      # DAGs    # Errors  Last Runtime    Last Run
---------------------------------------------  -----  ---------  --------  ----------  --------------  -------------------
/opt/airflow/dags/export_tables_to_parquet.py                           1           0  0.27s           2025-04-27T04:57:13
================================================================================
[2025-04-27T04:58:13.438+0000] {manager.py:878} INFO - 
================================================================================
DAG File Processing Stats

File Path                                        PID  Runtime      # DAGs    # Errors  Last Runtime    Last Run
---------------------------------------------  -----  ---------  --------  ----------  --------------  -------------------
/opt/airflow/dags/export_tables_to_parquet.py    198  0.01s             1           0  0.28s           2025-04-27T04:57:44
================================================================================
[2025-04-27T04:58:26.360+0000] {manager.py:452} INFO - Exiting gracefully upon receiving signal 15
[2025-04-27T04:58:33.699+0000] {manager.py:470} INFO - Processing files using up to 2 processes at a time 
[2025-04-27T04:58:33.699+0000] {manager.py:471} INFO - Process each file at most once every 30 seconds
[2025-04-27T04:58:33.700+0000] {manager.py:472} INFO - Checking for new files in /opt/airflow/dags every 300 seconds
[2025-04-27T04:58:33.700+0000] {manager.py:737} INFO - Searching for files in /opt/airflow/dags
[2025-04-27T04:58:33.715+0000] {manager.py:740} INFO - There are 1 files in /opt/airflow/dags
[2025-04-27T04:58:33.760+0000] {manager.py:878} INFO - 
================================================================================
DAG File Processing Stats

File Path                                        PID  Runtime      # DAGs    # Errors  Last Runtime    Last Run
---------------------------------------------  -----  ---------  --------  ----------  --------------  ----------
/opt/airflow/dags/export_tables_to_parquet.py    165  0.02s             0           0
================================================================================
[2025-04-27T04:59:03.946+0000] {manager.py:878} INFO - 
================================================================================
DAG File Processing Stats

File Path                                      PID    Runtime      # DAGs    # Errors  Last Runtime    Last Run
---------------------------------------------  -----  ---------  --------  ----------  --------------  -------------------
/opt/airflow/dags/export_tables_to_parquet.py                           1           0  0.78s           2025-04-27T04:58:34
================================================================================
[2025-04-27T04:59:34.241+0000] {manager.py:878} INFO - 
================================================================================
DAG File Processing Stats

File Path                                      PID    Runtime      # DAGs    # Errors  Last Runtime    Last Run
---------------------------------------------  -----  ---------  --------  ----------  --------------  -------------------
/opt/airflow/dags/export_tables_to_parquet.py                           1           0  0.39s           2025-04-27T04:59:05
================================================================================
[2025-04-27T05:00:04.806+0000] {manager.py:878} INFO - 
================================================================================
DAG File Processing Stats

File Path                                      PID    Runtime      # DAGs    # Errors  Last Runtime    Last Run
---------------------------------------------  -----  ---------  --------  ----------  --------------  -------------------
/opt/airflow/dags/export_tables_to_parquet.py                           1           0  0.27s           2025-04-27T04:59:35
================================================================================
[2025-04-27T05:00:35.158+0000] {manager.py:878} INFO - 
================================================================================
DAG File Processing Stats

File Path                                      PID    Runtime      # DAGs    # Errors  Last Runtime    Last Run
---------------------------------------------  -----  ---------  --------  ----------  --------------  -------------------
/opt/airflow/dags/export_tables_to_parquet.py                           1           0  0.27s           2025-04-27T05:00:06
================================================================================
[2025-04-27T05:01:05.715+0000] {manager.py:878} INFO - 
================================================================================
DAG File Processing Stats

File Path                                      PID    Runtime      # DAGs    # Errors  Last Runtime    Last Run
---------------------------------------------  -----  ---------  --------  ----------  --------------  -------------------
/opt/airflow/dags/export_tables_to_parquet.py                           1           0  0.27s           2025-04-27T05:00:36
================================================================================
[2025-04-27T05:01:36.078+0000] {manager.py:878} INFO - 
================================================================================
DAG File Processing Stats

File Path                                      PID    Runtime      # DAGs    # Errors  Last Runtime    Last Run
---------------------------------------------  -----  ---------  --------  ----------  --------------  -------------------
/opt/airflow/dags/export_tables_to_parquet.py                           1           0  0.27s           2025-04-27T05:01:06
================================================================================
[2025-04-27T05:02:06.540+0000] {manager.py:878} INFO - 
================================================================================
DAG File Processing Stats

File Path                                      PID    Runtime      # DAGs    # Errors  Last Runtime    Last Run
---------------------------------------------  -----  ---------  --------  ----------  --------------  -------------------
/opt/airflow/dags/export_tables_to_parquet.py                           1           0  0.28s           2025-04-27T05:01:37
================================================================================
[2025-04-27T05:02:36.823+0000] {manager.py:878} INFO - 
================================================================================
DAG File Processing Stats

File Path                                      PID    Runtime      # DAGs    # Errors  Last Runtime    Last Run
---------------------------------------------  -----  ---------  --------  ----------  --------------  -------------------
/opt/airflow/dags/export_tables_to_parquet.py                           1           0  0.27s           2025-04-27T05:02:07
================================================================================
[2025-04-27T05:03:07.123+0000] {manager.py:878} INFO - 
================================================================================
DAG File Processing Stats

File Path                                      PID    Runtime      # DAGs    # Errors  Last Runtime    Last Run
---------------------------------------------  -----  ---------  --------  ----------  --------------  -------------------
/opt/airflow/dags/export_tables_to_parquet.py                           1           0  0.27s           2025-04-27T05:02:38
================================================================================
[2025-04-27T05:03:34.625+0000] {manager.py:737} INFO - Searching for files in /opt/airflow/dags
[2025-04-27T05:03:34.632+0000] {manager.py:740} INFO - There are 1 files in /opt/airflow/dags
[2025-04-27T05:03:37.682+0000] {manager.py:878} INFO - 
================================================================================
DAG File Processing Stats

File Path                                      PID    Runtime      # DAGs    # Errors  Last Runtime    Last Run
---------------------------------------------  -----  ---------  --------  ----------  --------------  -------------------
/opt/airflow/dags/export_tables_to_parquet.py                           1           0  0.27s           2025-04-27T05:03:08
================================================================================
[2025-04-27T05:04:08.040+0000] {manager.py:878} INFO - 
================================================================================
DAG File Processing Stats

File Path                                      PID    Runtime      # DAGs    # Errors  Last Runtime    Last Run
---------------------------------------------  -----  ---------  --------  ----------  --------------  -------------------
/opt/airflow/dags/export_tables_to_parquet.py                           1           0  0.29s           2025-04-27T05:03:38
================================================================================
[2025-04-27T05:04:36.735+0000] {manager.py:452} INFO - Exiting gracefully upon receiving signal 15
[2025-04-27T05:04:45.209+0000] {manager.py:470} INFO - Processing files using up to 2 processes at a time 
[2025-04-27T05:04:45.211+0000] {manager.py:471} INFO - Process each file at most once every 30 seconds
[2025-04-27T05:04:45.215+0000] {manager.py:472} INFO - Checking for new files in /opt/airflow/dags every 300 seconds
[2025-04-27T05:04:45.216+0000] {manager.py:737} INFO - Searching for files in /opt/airflow/dags
[2025-04-27T05:04:45.232+0000] {manager.py:740} INFO - There are 1 files in /opt/airflow/dags
[2025-04-27T05:04:45.274+0000] {manager.py:878} INFO - 
================================================================================
DAG File Processing Stats

File Path                                        PID  Runtime      # DAGs    # Errors  Last Runtime    Last Run
---------------------------------------------  -----  ---------  --------  ----------  --------------  ----------
/opt/airflow/dags/export_tables_to_parquet.py    165  0.02s             0           0
================================================================================
[2025-04-27T05:05:15.439+0000] {manager.py:878} INFO - 
================================================================================
DAG File Processing Stats

File Path                                      PID    Runtime      # DAGs    # Errors  Last Runtime    Last Run
---------------------------------------------  -----  ---------  --------  ----------  --------------  -------------------
/opt/airflow/dags/export_tables_to_parquet.py                           1           0  0.75s           2025-04-27T05:04:46
================================================================================
[2025-04-27T05:05:45.688+0000] {manager.py:878} INFO - 
================================================================================
DAG File Processing Stats

File Path                                      PID    Runtime      # DAGs    # Errors  Last Runtime    Last Run
---------------------------------------------  -----  ---------  --------  ----------  --------------  -------------------
/opt/airflow/dags/export_tables_to_parquet.py                           1           0  0.48s           2025-04-27T05:05:16
================================================================================
[2025-04-27T05:06:16.330+0000] {manager.py:878} INFO - 
================================================================================
DAG File Processing Stats

File Path                                      PID    Runtime      # DAGs    # Errors  Last Runtime    Last Run
---------------------------------------------  -----  ---------  --------  ----------  --------------  -------------------
/opt/airflow/dags/export_tables_to_parquet.py                           1           0  0.29s           2025-04-27T05:05:47
================================================================================
[2025-04-27T05:06:46.953+0000] {manager.py:878} INFO - 
================================================================================
DAG File Processing Stats

File Path                                      PID    Runtime      # DAGs    # Errors  Last Runtime    Last Run
---------------------------------------------  -----  ---------  --------  ----------  --------------  -------------------
/opt/airflow/dags/export_tables_to_parquet.py                           1           0  0.29s           2025-04-27T05:06:22
================================================================================
[2025-04-27T05:07:12.360+0000] {manager.py:452} INFO - Exiting gracefully upon receiving signal 15
[2025-04-27T05:07:21.015+0000] {manager.py:470} INFO - Processing files using up to 2 processes at a time 
[2025-04-27T05:07:21.017+0000] {manager.py:471} INFO - Process each file at most once every 30 seconds
[2025-04-27T05:07:21.019+0000] {manager.py:472} INFO - Checking for new files in /opt/airflow/dags every 300 seconds
[2025-04-27T05:07:21.019+0000] {manager.py:737} INFO - Searching for files in /opt/airflow/dags
[2025-04-27T05:07:21.035+0000] {manager.py:740} INFO - There are 1 files in /opt/airflow/dags
[2025-04-27T05:07:21.084+0000] {manager.py:878} INFO - 
================================================================================
DAG File Processing Stats

File Path                                        PID  Runtime      # DAGs    # Errors  Last Runtime    Last Run
---------------------------------------------  -----  ---------  --------  ----------  --------------  ----------
/opt/airflow/dags/export_tables_to_parquet.py    164  0.02s             0           0
================================================================================
[2025-04-27T05:07:51.100+0000] {manager.py:878} INFO - 
================================================================================
DAG File Processing Stats

File Path                                      PID    Runtime      # DAGs    # Errors  Last Runtime    Last Run
---------------------------------------------  -----  ---------  --------  ----------  --------------  -------------------
/opt/airflow/dags/export_tables_to_parquet.py                           1           0  0.80s           2025-04-27T05:07:21
================================================================================
[2025-04-27T05:08:21.540+0000] {manager.py:878} INFO - 
================================================================================
DAG File Processing Stats

File Path                                      PID    Runtime      # DAGs    # Errors  Last Runtime    Last Run
---------------------------------------------  -----  ---------  --------  ----------  --------------  -------------------
/opt/airflow/dags/export_tables_to_parquet.py                           1           0  0.37s           2025-04-27T05:07:52
================================================================================
[2025-04-27T05:08:52.124+0000] {manager.py:878} INFO - 
================================================================================
DAG File Processing Stats

File Path                                      PID    Runtime      # DAGs    # Errors  Last Runtime    Last Run
---------------------------------------------  -----  ---------  --------  ----------  --------------  -------------------
/opt/airflow/dags/export_tables_to_parquet.py                           1           0  0.26s           2025-04-27T05:08:22
================================================================================
[2025-04-27T05:09:22.472+0000] {manager.py:878} INFO - 
================================================================================
DAG File Processing Stats

File Path                                      PID    Runtime      # DAGs    # Errors  Last Runtime    Last Run
---------------------------------------------  -----  ---------  --------  ----------  --------------  -------------------
/opt/airflow/dags/export_tables_to_parquet.py                           1           0  0.27s           2025-04-27T05:08:53
================================================================================
[2025-04-27T05:09:53.046+0000] {manager.py:878} INFO - 
================================================================================
DAG File Processing Stats

File Path                                      PID    Runtime      # DAGs    # Errors  Last Runtime    Last Run
---------------------------------------------  -----  ---------  --------  ----------  --------------  -------------------
/opt/airflow/dags/export_tables_to_parquet.py                           1           0  0.28s           2025-04-27T05:09:23
================================================================================
[2025-04-27T05:10:23.428+0000] {manager.py:878} INFO - 
================================================================================
DAG File Processing Stats

File Path                                      PID    Runtime      # DAGs    # Errors  Last Runtime    Last Run
---------------------------------------------  -----  ---------  --------  ----------  --------------  -------------------
/opt/airflow/dags/export_tables_to_parquet.py                           1           0  0.27s           2025-04-27T05:09:54
================================================================================
[2025-04-27T05:10:53.902+0000] {manager.py:878} INFO - 
================================================================================
DAG File Processing Stats

File Path                                      PID    Runtime      # DAGs    # Errors  Last Runtime    Last Run
---------------------------------------------  -----  ---------  --------  ----------  --------------  -------------------
/opt/airflow/dags/export_tables_to_parquet.py                           1           0  0.27s           2025-04-27T05:10:24
================================================================================
[2025-04-27T05:11:24.239+0000] {manager.py:878} INFO - 
================================================================================
DAG File Processing Stats

File Path                                      PID    Runtime      # DAGs    # Errors  Last Runtime    Last Run
---------------------------------------------  -----  ---------  --------  ----------  --------------  -------------------
/opt/airflow/dags/export_tables_to_parquet.py                           1           0  0.27s           2025-04-27T05:10:55
================================================================================
[2025-04-27T05:11:54.726+0000] {manager.py:878} INFO - 
================================================================================
DAG File Processing Stats

File Path                                      PID    Runtime      # DAGs    # Errors  Last Runtime    Last Run
---------------------------------------------  -----  ---------  --------  ----------  --------------  -------------------
/opt/airflow/dags/export_tables_to_parquet.py                           1           0  0.27s           2025-04-27T05:11:25
================================================================================
[2025-04-27T05:12:21.051+0000] {manager.py:737} INFO - Searching for files in /opt/airflow/dags
[2025-04-27T05:12:21.058+0000] {manager.py:740} INFO - There are 1 files in /opt/airflow/dags
[2025-04-27T05:12:25.121+0000] {manager.py:878} INFO - 
================================================================================
DAG File Processing Stats

File Path                                      PID    Runtime      # DAGs    # Errors  Last Runtime    Last Run
---------------------------------------------  -----  ---------  --------  ----------  --------------  -------------------
/opt/airflow/dags/export_tables_to_parquet.py                           1           0  0.26s           2025-04-27T05:11:55
================================================================================
[2025-04-27T05:12:55.599+0000] {manager.py:878} INFO - 
================================================================================
DAG File Processing Stats

File Path                                      PID    Runtime      # DAGs    # Errors  Last Runtime    Last Run
---------------------------------------------  -----  ---------  --------  ----------  --------------  -------------------
/opt/airflow/dags/export_tables_to_parquet.py                           1           0  0.27s           2025-04-27T05:12:26
================================================================================
[2025-04-27T05:13:26.043+0000] {manager.py:878} INFO - 
================================================================================
DAG File Processing Stats

File Path                                      PID    Runtime      # DAGs    # Errors  Last Runtime    Last Run
---------------------------------------------  -----  ---------  --------  ----------  --------------  -------------------
/opt/airflow/dags/export_tables_to_parquet.py                           1           0  0.28s           2025-04-27T05:12:56
================================================================================
[2025-04-27T05:13:56.426+0000] {manager.py:878} INFO - 
================================================================================
DAG File Processing Stats

File Path                                      PID    Runtime      # DAGs    # Errors  Last Runtime    Last Run
---------------------------------------------  -----  ---------  --------  ----------  --------------  -------------------
/opt/airflow/dags/export_tables_to_parquet.py                           1           0  0.28s           2025-04-27T05:13:27
================================================================================
[2025-04-27T05:14:26.960+0000] {manager.py:878} INFO - 
================================================================================
DAG File Processing Stats

File Path                                      PID    Runtime      # DAGs    # Errors  Last Runtime    Last Run
---------------------------------------------  -----  ---------  --------  ----------  --------------  -------------------
/opt/airflow/dags/export_tables_to_parquet.py                           1           0  0.27s           2025-04-27T05:13:57
================================================================================
[2025-04-27T05:14:57.314+0000] {manager.py:878} INFO - 
================================================================================
DAG File Processing Stats

File Path                                      PID    Runtime      # DAGs    # Errors  Last Runtime    Last Run
---------------------------------------------  -----  ---------  --------  ----------  --------------  -------------------
/opt/airflow/dags/export_tables_to_parquet.py                           1           0  0.27s           2025-04-27T05:14:28
================================================================================
[2025-04-27T05:15:27.828+0000] {manager.py:878} INFO - 
================================================================================
DAG File Processing Stats

File Path                                      PID    Runtime      # DAGs    # Errors  Last Runtime    Last Run
---------------------------------------------  -----  ---------  --------  ----------  --------------  -------------------
/opt/airflow/dags/export_tables_to_parquet.py                           1           0  0.28s           2025-04-27T05:14:58
================================================================================
[2025-04-27T05:15:58.202+0000] {manager.py:878} INFO - 
================================================================================
DAG File Processing Stats

File Path                                      PID    Runtime      # DAGs    # Errors  Last Runtime    Last Run
---------------------------------------------  -----  ---------  --------  ----------  --------------  -------------------
/opt/airflow/dags/export_tables_to_parquet.py                           1           0  0.29s           2025-04-27T05:15:29
================================================================================
[2025-04-27T05:16:28.768+0000] {manager.py:878} INFO - 
================================================================================
DAG File Processing Stats

File Path                                      PID    Runtime      # DAGs    # Errors  Last Runtime    Last Run
---------------------------------------------  -----  ---------  --------  ----------  --------------  -------------------
/opt/airflow/dags/export_tables_to_parquet.py                           1           0  0.33s           2025-04-27T05:15:59
================================================================================
[2025-04-27T05:16:59.094+0000] {manager.py:878} INFO - 
================================================================================
DAG File Processing Stats

File Path                                      PID    Runtime      # DAGs    # Errors  Last Runtime    Last Run
---------------------------------------------  -----  ---------  --------  ----------  --------------  -------------------
/opt/airflow/dags/export_tables_to_parquet.py                           1           0  0.27s           2025-04-27T05:16:30
================================================================================
[2025-04-27T05:17:21.584+0000] {manager.py:737} INFO - Searching for files in /opt/airflow/dags
[2025-04-27T05:17:21.592+0000] {manager.py:740} INFO - There are 1 files in /opt/airflow/dags
[2025-04-27T05:17:29.706+0000] {manager.py:878} INFO - 
================================================================================
DAG File Processing Stats

File Path                                      PID    Runtime      # DAGs    # Errors  Last Runtime    Last Run
---------------------------------------------  -----  ---------  --------  ----------  --------------  -------------------
/opt/airflow/dags/export_tables_to_parquet.py                           1           0  0.30s           2025-04-27T05:17:00
================================================================================
[2025-04-27T05:18:00.071+0000] {manager.py:878} INFO - 
================================================================================
DAG File Processing Stats

File Path                                      PID    Runtime      # DAGs    # Errors  Last Runtime    Last Run
---------------------------------------------  -----  ---------  --------  ----------  --------------  -------------------
/opt/airflow/dags/export_tables_to_parquet.py                           1           0  0.29s           2025-04-27T05:17:31
================================================================================
[2025-04-27T05:18:30.696+0000] {manager.py:878} INFO - 
================================================================================
DAG File Processing Stats

File Path                                      PID    Runtime      # DAGs    # Errors  Last Runtime    Last Run
---------------------------------------------  -----  ---------  --------  ----------  --------------  -------------------
/opt/airflow/dags/export_tables_to_parquet.py                           1           0  0.27s           2025-04-27T05:18:01
================================================================================
[2025-04-27T05:19:00.995+0000] {manager.py:878} INFO - 
================================================================================
DAG File Processing Stats

File Path                                      PID    Runtime      # DAGs    # Errors  Last Runtime    Last Run
---------------------------------------------  -----  ---------  --------  ----------  --------------  -------------------
/opt/airflow/dags/export_tables_to_parquet.py                           1           0  0.27s           2025-04-27T05:18:31
================================================================================
[2025-04-27T05:19:31.621+0000] {manager.py:878} INFO - 
================================================================================
DAG File Processing Stats

File Path                                      PID    Runtime      # DAGs    # Errors  Last Runtime    Last Run
---------------------------------------------  -----  ---------  --------  ----------  --------------  -------------------
/opt/airflow/dags/export_tables_to_parquet.py                           1           0  0.28s           2025-04-27T05:19:02
================================================================================
[2025-04-27T05:20:01.947+0000] {manager.py:878} INFO - 
================================================================================
DAG File Processing Stats

File Path                                      PID    Runtime      # DAGs    # Errors  Last Runtime    Last Run
---------------------------------------------  -----  ---------  --------  ----------  --------------  -------------------
/opt/airflow/dags/export_tables_to_parquet.py                           1           0  0.29s           2025-04-27T05:19:32
================================================================================
[2025-04-27T05:20:32.527+0000] {manager.py:878} INFO - 
================================================================================
DAG File Processing Stats

File Path                                      PID    Runtime      # DAGs    # Errors  Last Runtime    Last Run
---------------------------------------------  -----  ---------  --------  ----------  --------------  -------------------
/opt/airflow/dags/export_tables_to_parquet.py                           1           0  0.29s           2025-04-27T05:20:03
================================================================================
[2025-04-27T05:21:02.894+0000] {manager.py:878} INFO - 
================================================================================
DAG File Processing Stats

File Path                                      PID    Runtime      # DAGs    # Errors  Last Runtime    Last Run
---------------------------------------------  -----  ---------  --------  ----------  --------------  -------------------
/opt/airflow/dags/export_tables_to_parquet.py                           1           0  0.27s           2025-04-27T05:20:33
================================================================================
[2025-04-27T05:21:33.439+0000] {manager.py:878} INFO - 
================================================================================
DAG File Processing Stats

File Path                                      PID    Runtime      # DAGs    # Errors  Last Runtime    Last Run
---------------------------------------------  -----  ---------  --------  ----------  --------------  -------------------
/opt/airflow/dags/export_tables_to_parquet.py                           1           0  0.32s           2025-04-27T05:21:04
================================================================================
[2025-04-27T05:22:03.780+0000] {manager.py:878} INFO - 
================================================================================
DAG File Processing Stats

File Path                                      PID    Runtime      # DAGs    # Errors  Last Runtime    Last Run
---------------------------------------------  -----  ---------  --------  ----------  --------------  -------------------
/opt/airflow/dags/export_tables_to_parquet.py                           1           0  0.32s           2025-04-27T05:21:34
================================================================================
[2025-04-27T05:22:21.943+0000] {manager.py:737} INFO - Searching for files in /opt/airflow/dags
[2025-04-27T05:22:21.945+0000] {manager.py:740} INFO - There are 1 files in /opt/airflow/dags
[2025-04-27T05:22:23.729+0000] {manager.py:452} INFO - Exiting gracefully upon receiving signal 15
[2025-04-28T00:48:24.713+0000] {manager.py:470} INFO - Processing files using up to 2 processes at a time 
[2025-04-28T00:48:24.714+0000] {manager.py:471} INFO - Process each file at most once every 30 seconds
[2025-04-28T00:48:24.715+0000] {manager.py:472} INFO - Checking for new files in /opt/airflow/dags every 300 seconds
[2025-04-28T00:48:24.716+0000] {manager.py:737} INFO - Searching for files in /opt/airflow/dags
[2025-04-28T00:48:24.727+0000] {manager.py:740} INFO - There are 1 files in /opt/airflow/dags
[2025-04-28T00:48:43.903+0000] {manager.py:878} INFO - 
================================================================================
DAG File Processing Stats

File Path                                      PID    Runtime      # DAGs    # Errors  Last Runtime    Last Run
---------------------------------------------  -----  ---------  --------  ----------  --------------  -------------------
/opt/airflow/dags/export_tables_to_parquet.py                           0           0  0.03s           2025-04-28T00:48:24
================================================================================
[2025-04-28T00:49:14.166+0000] {manager.py:878} INFO - 
================================================================================
DAG File Processing Stats

File Path                                      PID    Runtime      # DAGs    # Errors  Last Runtime    Last Run
---------------------------------------------  -----  ---------  --------  ----------  --------------  -------------------
/opt/airflow/dags/export_tables_to_parquet.py                           0           0  0.04s           2025-04-28T00:48:55
================================================================================
[2025-04-28T00:49:44.519+0000] {manager.py:878} INFO - 
================================================================================
DAG File Processing Stats

File Path                                      PID    Runtime      # DAGs    # Errors  Last Runtime    Last Run
---------------------------------------------  -----  ---------  --------  ----------  --------------  -------------------
/opt/airflow/dags/export_tables_to_parquet.py                           0           0  0.04s           2025-04-28T00:49:25
================================================================================
[2025-04-28T00:50:14.857+0000] {manager.py:878} INFO - 
================================================================================
DAG File Processing Stats

File Path                                      PID    Runtime      # DAGs    # Errors  Last Runtime    Last Run
---------------------------------------------  -----  ---------  --------  ----------  --------------  -------------------
/opt/airflow/dags/export_tables_to_parquet.py                           0           0  0.04s           2025-04-28T00:49:55
================================================================================
[2025-04-28T00:50:45.211+0000] {manager.py:878} INFO - 
================================================================================
DAG File Processing Stats

File Path                                      PID    Runtime      # DAGs    # Errors  Last Runtime    Last Run
---------------------------------------------  -----  ---------  --------  ----------  --------------  -------------------
/opt/airflow/dags/export_tables_to_parquet.py                           0           0  0.03s           2025-04-28T00:50:26
================================================================================
[2025-04-28T00:51:15.578+0000] {manager.py:878} INFO - 
================================================================================
DAG File Processing Stats

File Path                                      PID    Runtime      # DAGs    # Errors  Last Runtime    Last Run
---------------------------------------------  -----  ---------  --------  ----------  --------------  -------------------
/opt/airflow/dags/export_tables_to_parquet.py                           0           0  0.04s           2025-04-28T00:50:56
================================================================================
[2025-04-28T00:51:45.903+0000] {manager.py:878} INFO - 
================================================================================
DAG File Processing Stats

File Path                                      PID    Runtime      # DAGs    # Errors  Last Runtime    Last Run
---------------------------------------------  -----  ---------  --------  ----------  --------------  -------------------
/opt/airflow/dags/export_tables_to_parquet.py                           0           0  0.04s           2025-04-28T00:51:26
================================================================================
[2025-04-28T00:52:16.249+0000] {manager.py:878} INFO - 
================================================================================
DAG File Processing Stats

File Path                                      PID    Runtime      # DAGs    # Errors  Last Runtime    Last Run
---------------------------------------------  -----  ---------  --------  ----------  --------------  -------------------
/opt/airflow/dags/export_tables_to_parquet.py                           0           0  0.04s           2025-04-28T00:51:57
================================================================================
[2025-04-28T00:52:46.591+0000] {manager.py:878} INFO - 
================================================================================
DAG File Processing Stats

File Path                                      PID    Runtime      # DAGs    # Errors  Last Runtime    Last Run
---------------------------------------------  -----  ---------  --------  ----------  --------------  -------------------
/opt/airflow/dags/export_tables_to_parquet.py                           0           0  0.05s           2025-04-28T00:52:27
================================================================================
[2025-04-28T00:53:16.930+0000] {manager.py:878} INFO - 
================================================================================
DAG File Processing Stats

File Path                                      PID    Runtime      # DAGs    # Errors  Last Runtime    Last Run
---------------------------------------------  -----  ---------  --------  ----------  --------------  -------------------
/opt/airflow/dags/export_tables_to_parquet.py                           0           0  0.04s           2025-04-28T00:52:57
================================================================================
[2025-04-28T00:53:25.013+0000] {manager.py:737} INFO - Searching for files in /opt/airflow/dags
[2025-04-28T00:53:25.019+0000] {manager.py:740} INFO - There are 2 files in /opt/airflow/dags
[2025-04-28T00:53:47.292+0000] {manager.py:878} INFO - 
================================================================================
DAG File Processing Stats

File Path                                                PID    Runtime      # DAGs    # Errors  Last Runtime    Last Run
-------------------------------------------------------  -----  ---------  --------  ----------  --------------  -------------------
/opt/airflow/dags/move_landing_to_bronze_partitioned.py                           1           0  0.36s           2025-04-28T00:53:25
/opt/airflow/dags/export_tables_to_parquet.py                                     0           0  0.04s           2025-04-28T00:53:28
================================================================================
[2025-04-28T00:54:17.649+0000] {manager.py:878} INFO - 
================================================================================
DAG File Processing Stats

File Path                                                PID    Runtime      # DAGs    # Errors  Last Runtime    Last Run
-------------------------------------------------------  -----  ---------  --------  ----------  --------------  -------------------
/opt/airflow/dags/move_landing_to_bronze_partitioned.py                           1           0  0.28s           2025-04-28T00:53:55
/opt/airflow/dags/export_tables_to_parquet.py                                     0           0  0.05s           2025-04-28T00:53:58
================================================================================
[2025-04-28T00:54:47.985+0000] {manager.py:878} INFO - 
================================================================================
DAG File Processing Stats

File Path                                                PID    Runtime      # DAGs    # Errors  Last Runtime    Last Run
-------------------------------------------------------  -----  ---------  --------  ----------  --------------  -------------------
/opt/airflow/dags/move_landing_to_bronze_partitioned.py                           1           0  0.26s           2025-04-28T00:54:25
/opt/airflow/dags/export_tables_to_parquet.py                                     0           0  0.03s           2025-04-28T00:54:28
================================================================================
[2025-04-28T00:55:18.353+0000] {manager.py:878} INFO - 
================================================================================
DAG File Processing Stats

File Path                                                PID    Runtime      # DAGs    # Errors  Last Runtime    Last Run
-------------------------------------------------------  -----  ---------  --------  ----------  --------------  -------------------
/opt/airflow/dags/move_landing_to_bronze_partitioned.py                           1           0  0.27s           2025-04-28T00:54:56
/opt/airflow/dags/export_tables_to_parquet.py                                     0           0  0.03s           2025-04-28T00:54:59
================================================================================
[2025-04-28T00:55:48.679+0000] {manager.py:878} INFO - 
================================================================================
DAG File Processing Stats

File Path                                                PID    Runtime      # DAGs    # Errors  Last Runtime    Last Run
-------------------------------------------------------  -----  ---------  --------  ----------  --------------  -------------------
/opt/airflow/dags/move_landing_to_bronze_partitioned.py                           1           0  0.25s           2025-04-28T00:55:26
/opt/airflow/dags/export_tables_to_parquet.py                                     0           0  0.03s           2025-04-28T00:55:29
================================================================================
[2025-04-28T00:56:19.013+0000] {manager.py:878} INFO - 
================================================================================
DAG File Processing Stats

File Path                                                PID    Runtime      # DAGs    # Errors  Last Runtime    Last Run
-------------------------------------------------------  -----  ---------  --------  ----------  --------------  -------------------
/opt/airflow/dags/move_landing_to_bronze_partitioned.py                           1           0  0.26s           2025-04-28T00:55:57
/opt/airflow/dags/export_tables_to_parquet.py                                     0           0  0.05s           2025-04-28T00:55:59
================================================================================
[2025-04-28T00:56:49.362+0000] {manager.py:878} INFO - 
================================================================================
DAG File Processing Stats

File Path                                                PID    Runtime      # DAGs    # Errors  Last Runtime    Last Run
-------------------------------------------------------  -----  ---------  --------  ----------  --------------  -------------------
/opt/airflow/dags/move_landing_to_bronze_partitioned.py                           1           0  0.28s           2025-04-28T00:56:27
/opt/airflow/dags/export_tables_to_parquet.py                                     0           0  0.03s           2025-04-28T00:56:30
================================================================================
[2025-04-28T00:57:19.671+0000] {manager.py:878} INFO - 
================================================================================
DAG File Processing Stats

File Path                                                PID    Runtime      # DAGs    # Errors  Last Runtime    Last Run
-------------------------------------------------------  -----  ---------  --------  ----------  --------------  -------------------
/opt/airflow/dags/move_landing_to_bronze_partitioned.py                           1           0  0.26s           2025-04-28T00:56:57
/opt/airflow/dags/export_tables_to_parquet.py                                     0           0  0.03s           2025-04-28T00:57:00
================================================================================
[2025-04-28T00:57:50.037+0000] {manager.py:878} INFO - 
================================================================================
DAG File Processing Stats

File Path                                                PID    Runtime      # DAGs    # Errors  Last Runtime    Last Run
-------------------------------------------------------  -----  ---------  --------  ----------  --------------  -------------------
/opt/airflow/dags/move_landing_to_bronze_partitioned.py                           1           0  0.29s           2025-04-28T00:57:28
/opt/airflow/dags/export_tables_to_parquet.py                                     0           0  0.04s           2025-04-28T00:57:30
================================================================================
[2025-04-28T00:58:20.412+0000] {manager.py:878} INFO - 
================================================================================
DAG File Processing Stats

File Path                                                PID    Runtime      # DAGs    # Errors  Last Runtime    Last Run
-------------------------------------------------------  -----  ---------  --------  ----------  --------------  -------------------
/opt/airflow/dags/move_landing_to_bronze_partitioned.py                           1           0  0.26s           2025-04-28T00:57:58
/opt/airflow/dags/export_tables_to_parquet.py                                     0           0  0.04s           2025-04-28T00:58:01
================================================================================
[2025-04-28T00:58:25.475+0000] {manager.py:737} INFO - Searching for files in /opt/airflow/dags
[2025-04-28T00:58:25.483+0000] {manager.py:740} INFO - There are 2 files in /opt/airflow/dags
[2025-04-28T00:58:50.832+0000] {manager.py:878} INFO - 
================================================================================
DAG File Processing Stats

File Path                                                PID    Runtime      # DAGs    # Errors  Last Runtime    Last Run
-------------------------------------------------------  -----  ---------  --------  ----------  --------------  -------------------
/opt/airflow/dags/move_landing_to_bronze_partitioned.py                           1           0  0.26s           2025-04-28T00:58:28
/opt/airflow/dags/export_tables_to_parquet.py                                     0           0  0.03s           2025-04-28T00:58:31
================================================================================
[2025-04-28T00:59:21.157+0000] {manager.py:878} INFO - 
================================================================================
DAG File Processing Stats

File Path                                                PID    Runtime      # DAGs    # Errors  Last Runtime    Last Run
-------------------------------------------------------  -----  ---------  --------  ----------  --------------  -------------------
/opt/airflow/dags/move_landing_to_bronze_partitioned.py                           1           0  0.25s           2025-04-28T00:58:59
/opt/airflow/dags/export_tables_to_parquet.py                                     0           0  0.04s           2025-04-28T00:59:02
================================================================================
[2025-04-28T00:59:51.530+0000] {manager.py:878} INFO - 
================================================================================
DAG File Processing Stats

File Path                                                PID    Runtime      # DAGs    # Errors  Last Runtime    Last Run
-------------------------------------------------------  -----  ---------  --------  ----------  --------------  -------------------
/opt/airflow/dags/move_landing_to_bronze_partitioned.py                           1           0  0.26s           2025-04-28T00:59:29
/opt/airflow/dags/export_tables_to_parquet.py                                     0           0  0.05s           2025-04-28T00:59:32
================================================================================
[2025-04-28T01:00:21.862+0000] {manager.py:878} INFO - 
================================================================================
DAG File Processing Stats

File Path                                                PID    Runtime      # DAGs    # Errors  Last Runtime    Last Run
-------------------------------------------------------  -----  ---------  --------  ----------  --------------  -------------------
/opt/airflow/dags/move_landing_to_bronze_partitioned.py                           1           0  0.26s           2025-04-28T00:59:59
/opt/airflow/dags/export_tables_to_parquet.py                                     0           0  0.04s           2025-04-28T01:00:02
================================================================================
[2025-04-28T01:00:52.239+0000] {manager.py:878} INFO - 
================================================================================
DAG File Processing Stats

File Path                                                PID    Runtime      # DAGs    # Errors  Last Runtime    Last Run
-------------------------------------------------------  -----  ---------  --------  ----------  --------------  -------------------
/opt/airflow/dags/move_landing_to_bronze_partitioned.py                           1           0  0.27s           2025-04-28T01:00:30
/opt/airflow/dags/export_tables_to_parquet.py                                     0           0  0.04s           2025-04-28T01:00:33
================================================================================
[2025-04-28T01:01:22.591+0000] {manager.py:878} INFO - 
================================================================================
DAG File Processing Stats

File Path                                                PID    Runtime      # DAGs    # Errors  Last Runtime    Last Run
-------------------------------------------------------  -----  ---------  --------  ----------  --------------  -------------------
/opt/airflow/dags/move_landing_to_bronze_partitioned.py                           1           0  0.25s           2025-04-28T01:01:00
/opt/airflow/dags/export_tables_to_parquet.py                                     0           0  0.04s           2025-04-28T01:01:03
================================================================================
[2025-04-28T01:01:52.947+0000] {manager.py:878} INFO - 
================================================================================
DAG File Processing Stats

File Path                                                PID    Runtime      # DAGs    # Errors  Last Runtime    Last Run
-------------------------------------------------------  -----  ---------  --------  ----------  --------------  -------------------
/opt/airflow/dags/move_landing_to_bronze_partitioned.py                           1           0  0.27s           2025-04-28T01:01:30
/opt/airflow/dags/export_tables_to_parquet.py                                     0           0  0.03s           2025-04-28T01:01:33
================================================================================
[2025-04-28T01:02:23.290+0000] {manager.py:878} INFO - 
================================================================================
DAG File Processing Stats

File Path                                                PID    Runtime      # DAGs    # Errors  Last Runtime    Last Run
-------------------------------------------------------  -----  ---------  --------  ----------  --------------  -------------------
/opt/airflow/dags/move_landing_to_bronze_partitioned.py                           1           0  0.29s           2025-04-28T01:02:01
/opt/airflow/dags/export_tables_to_parquet.py                                     0           0  0.04s           2025-04-28T01:02:04
================================================================================
[2025-04-28T01:02:53.628+0000] {manager.py:878} INFO - 
================================================================================
DAG File Processing Stats

File Path                                                PID    Runtime      # DAGs    # Errors  Last Runtime    Last Run
-------------------------------------------------------  -----  ---------  --------  ----------  --------------  -------------------
/opt/airflow/dags/move_landing_to_bronze_partitioned.py                           1           0  0.29s           2025-04-28T01:02:31
/opt/airflow/dags/export_tables_to_parquet.py                                     0           0  0.03s           2025-04-28T01:02:34
================================================================================
[2025-04-28T01:03:23.974+0000] {manager.py:878} INFO - 
================================================================================
DAG File Processing Stats

File Path                                                PID    Runtime      # DAGs    # Errors  Last Runtime    Last Run
-------------------------------------------------------  -----  ---------  --------  ----------  --------------  -------------------
/opt/airflow/dags/move_landing_to_bronze_partitioned.py                           1           0  0.28s           2025-04-28T01:03:01
/opt/airflow/dags/export_tables_to_parquet.py                                     0           0  0.04s           2025-04-28T01:03:04
================================================================================
[2025-04-28T01:03:25.993+0000] {manager.py:737} INFO - Searching for files in /opt/airflow/dags
[2025-04-28T01:03:26.001+0000] {manager.py:740} INFO - There are 3 files in /opt/airflow/dags
[2025-04-28T01:03:54.376+0000] {manager.py:878} INFO - 
================================================================================
DAG File Processing Stats

File Path                                                PID    Runtime      # DAGs    # Errors  Last Runtime    Last Run
-------------------------------------------------------  -----  ---------  --------  ----------  --------------  -------------------
/opt/airflow/dags/move_bronze_to_silver_partitioned.py                            1           0  0.32s           2025-04-28T01:03:26
/opt/airflow/dags/move_landing_to_bronze_partitioned.py                           1           0  0.30s           2025-04-28T01:03:32
/opt/airflow/dags/export_tables_to_parquet.py                                     0           0  0.04s           2025-04-28T01:03:35
================================================================================
[2025-04-28T01:04:24.940+0000] {manager.py:878} INFO - 
================================================================================
DAG File Processing Stats

File Path                                                PID    Runtime      # DAGs    # Errors  Last Runtime    Last Run
-------------------------------------------------------  -----  ---------  --------  ----------  --------------  -------------------
/opt/airflow/dags/move_landing_to_bronze_partitioned.py                           1           0  0.26s           2025-04-28T01:04:02
/opt/airflow/dags/move_bronze_to_silver_partitioned.py                            1           0  0.25s           2025-04-28T01:03:56
/opt/airflow/dags/export_tables_to_parquet.py                                     0           0  0.04s           2025-04-28T01:04:05
================================================================================
[2025-04-28T01:04:55.589+0000] {manager.py:878} INFO - 
================================================================================
DAG File Processing Stats

File Path                                                PID    Runtime      # DAGs    # Errors  Last Runtime    Last Run
-------------------------------------------------------  -----  ---------  --------  ----------  --------------  -------------------
/opt/airflow/dags/move_bronze_to_silver_partitioned.py                            1           0  0.26s           2025-04-28T01:04:27
/opt/airflow/dags/move_landing_to_bronze_partitioned.py                           1           0  0.26s           2025-04-28T01:04:33
/opt/airflow/dags/export_tables_to_parquet.py                                     0           0  0.04s           2025-04-28T01:04:36
================================================================================
[2025-04-28T01:05:26.206+0000] {manager.py:878} INFO - 
================================================================================
DAG File Processing Stats

File Path                                                PID    Runtime      # DAGs    # Errors  Last Runtime    Last Run
-------------------------------------------------------  -----  ---------  --------  ----------  --------------  -------------------
/opt/airflow/dags/move_landing_to_bronze_partitioned.py                           1           0  0.27s           2025-04-28T01:05:03
/opt/airflow/dags/move_bronze_to_silver_partitioned.py                            1           0  0.25s           2025-04-28T01:04:57
/opt/airflow/dags/export_tables_to_parquet.py                                     0           0  0.04s           2025-04-28T01:05:07
================================================================================
[2025-04-28T01:05:56.781+0000] {manager.py:878} INFO - 
================================================================================
DAG File Processing Stats

File Path                                                PID    Runtime      # DAGs    # Errors  Last Runtime    Last Run
-------------------------------------------------------  -----  ---------  --------  ----------  --------------  -------------------
/opt/airflow/dags/move_landing_to_bronze_partitioned.py                           1           0  0.25s           2025-04-28T01:05:34
/opt/airflow/dags/move_bronze_to_silver_partitioned.py                            1           0  0.25s           2025-04-28T01:05:28
/opt/airflow/dags/export_tables_to_parquet.py                                     0           0  0.04s           2025-04-28T01:05:37
================================================================================
[2025-04-28T01:06:27.366+0000] {manager.py:878} INFO - 
================================================================================
DAG File Processing Stats

File Path                                                PID    Runtime      # DAGs    # Errors  Last Runtime    Last Run
-------------------------------------------------------  -----  ---------  --------  ----------  --------------  -------------------
/opt/airflow/dags/move_landing_to_bronze_partitioned.py                           1           0  0.27s           2025-04-28T01:06:05
/opt/airflow/dags/move_bronze_to_silver_partitioned.py                            1           0  0.25s           2025-04-28T01:05:59
/opt/airflow/dags/export_tables_to_parquet.py                                     0           0  0.04s           2025-04-28T01:06:08
================================================================================
[2025-04-28T01:06:57.923+0000] {manager.py:878} INFO - 
================================================================================
DAG File Processing Stats

File Path                                                PID    Runtime      # DAGs    # Errors  Last Runtime    Last Run
-------------------------------------------------------  -----  ---------  --------  ----------  --------------  -------------------
/opt/airflow/dags/move_landing_to_bronze_partitioned.py                           1           0  0.26s           2025-04-28T01:06:35
/opt/airflow/dags/move_bronze_to_silver_partitioned.py                            1           0  0.25s           2025-04-28T01:06:29
/opt/airflow/dags/export_tables_to_parquet.py                                     0           0  0.04s           2025-04-28T01:06:38
================================================================================
[2025-04-28T01:07:28.463+0000] {manager.py:878} INFO - 
================================================================================
DAG File Processing Stats

File Path                                                PID    Runtime      # DAGs    # Errors  Last Runtime    Last Run
-------------------------------------------------------  -----  ---------  --------  ----------  --------------  -------------------
/opt/airflow/dags/move_landing_to_bronze_partitioned.py                           1           0  0.28s           2025-04-28T01:07:06
/opt/airflow/dags/move_bronze_to_silver_partitioned.py                            1           0  0.26s           2025-04-28T01:07:00
/opt/airflow/dags/export_tables_to_parquet.py                                     0           0  0.04s           2025-04-28T01:07:09
================================================================================
[2025-04-28T01:07:59.075+0000] {manager.py:878} INFO - 
================================================================================
DAG File Processing Stats

File Path                                                PID    Runtime      # DAGs    # Errors  Last Runtime    Last Run
-------------------------------------------------------  -----  ---------  --------  ----------  --------------  -------------------
/opt/airflow/dags/move_bronze_to_silver_partitioned.py                            1           0  0.26s           2025-04-28T01:07:30
/opt/airflow/dags/move_landing_to_bronze_partitioned.py                           1           0  0.25s           2025-04-28T01:07:36
/opt/airflow/dags/export_tables_to_parquet.py                                     0           0  0.05s           2025-04-28T01:07:39
================================================================================
[2025-04-28T01:08:26.390+0000] {manager.py:737} INFO - Searching for files in /opt/airflow/dags
[2025-04-28T01:08:26.400+0000] {manager.py:740} INFO - There are 4 files in /opt/airflow/dags
[2025-04-28T01:08:29.460+0000] {manager.py:878} INFO - 
================================================================================
DAG File Processing Stats

File Path                                                PID    Runtime      # DAGs    # Errors  Last Runtime    Last Run
-------------------------------------------------------  -----  ---------  --------  ----------  --------------  -------------------
/opt/airflow/dags/silver_to_gold_feature_engineering.py                           1           0  0.29s           2025-04-28T01:08:26
/opt/airflow/dags/move_bronze_to_silver_partitioned.py                            1           0  0.27s           2025-04-28T01:08:01
/opt/airflow/dags/move_landing_to_bronze_partitioned.py                           1           0  0.26s           2025-04-28T01:08:07
/opt/airflow/dags/export_tables_to_parquet.py                                     0           0  0.02s           2025-04-28T01:08:10
================================================================================
[2025-04-28T01:09:00.120+0000] {manager.py:878} INFO - 
================================================================================
DAG File Processing Stats

File Path                                                PID    Runtime      # DAGs    # Errors  Last Runtime    Last Run
-------------------------------------------------------  -----  ---------  --------  ----------  --------------  -------------------
/opt/airflow/dags/silver_to_gold_feature_engineering.py                           1           0  0.28s           2025-04-28T01:08:57
/opt/airflow/dags/move_bronze_to_silver_partitioned.py                            1           0  0.26s           2025-04-28T01:08:31
/opt/airflow/dags/move_landing_to_bronze_partitioned.py                           1           0  0.26s           2025-04-28T01:08:38
/opt/airflow/dags/export_tables_to_parquet.py                                     0           0  0.05s           2025-04-28T01:08:40
================================================================================
[2025-04-28T01:09:30.679+0000] {manager.py:878} INFO - 
================================================================================
DAG File Processing Stats

File Path                                                PID    Runtime      # DAGs    # Errors  Last Runtime    Last Run
-------------------------------------------------------  -----  ---------  --------  ----------  --------------  -------------------
/opt/airflow/dags/move_bronze_to_silver_partitioned.py                            1           0  0.26s           2025-04-28T01:09:02
/opt/airflow/dags/move_landing_to_bronze_partitioned.py                           1           0  0.25s           2025-04-28T01:09:08
/opt/airflow/dags/silver_to_gold_feature_engineering.py                           1           0  0.25s           2025-04-28T01:09:27
/opt/airflow/dags/export_tables_to_parquet.py                                     0           0  0.03s           2025-04-28T01:09:11
================================================================================
[2025-04-28T01:10:01.284+0000] {manager.py:878} INFO - 
================================================================================
DAG File Processing Stats

File Path                                                PID    Runtime      # DAGs    # Errors  Last Runtime    Last Run
-------------------------------------------------------  -----  ---------  --------  ----------  --------------  -------------------
/opt/airflow/dags/silver_to_gold_feature_engineering.py                           1           0  0.25s           2025-04-28T01:09:58
/opt/airflow/dags/move_landing_to_bronze_partitioned.py                           1           0  0.25s           2025-04-28T01:09:39
/opt/airflow/dags/move_bronze_to_silver_partitioned.py                            1           0  0.25s           2025-04-28T01:09:32
/opt/airflow/dags/export_tables_to_parquet.py                                     0           0  0.04s           2025-04-28T01:09:42
================================================================================
[2025-04-28T01:10:31.940+0000] {manager.py:878} INFO - 
================================================================================
DAG File Processing Stats

File Path                                                PID    Runtime      # DAGs    # Errors  Last Runtime    Last Run
-------------------------------------------------------  -----  ---------  --------  ----------  --------------  -------------------
/opt/airflow/dags/move_landing_to_bronze_partitioned.py                           1           0  0.27s           2025-04-28T01:10:09
/opt/airflow/dags/move_bronze_to_silver_partitioned.py                            1           0  0.26s           2025-04-28T01:10:03
/opt/airflow/dags/silver_to_gold_feature_engineering.py                           1           0  0.24s           2025-04-28T01:10:29
/opt/airflow/dags/export_tables_to_parquet.py                                     0           0  0.04s           2025-04-28T01:10:12
================================================================================
[2025-04-28T01:11:02.480+0000] {manager.py:878} INFO - 
================================================================================
DAG File Processing Stats

File Path                                                PID    Runtime      # DAGs    # Errors  Last Runtime    Last Run
-------------------------------------------------------  -----  ---------  --------  ----------  --------------  -------------------
/opt/airflow/dags/move_landing_to_bronze_partitioned.py                           1           0  0.27s           2025-04-28T01:10:40
/opt/airflow/dags/silver_to_gold_feature_engineering.py                           1           0  0.25s           2025-04-28T01:10:59
/opt/airflow/dags/move_bronze_to_silver_partitioned.py                            1           0  0.24s           2025-04-28T01:10:34
/opt/airflow/dags/export_tables_to_parquet.py                                     0           0  0.04s           2025-04-28T01:10:43
================================================================================
[2025-04-28T01:11:33.108+0000] {manager.py:878} INFO - 
================================================================================
DAG File Processing Stats

File Path                                                PID    Runtime      # DAGs    # Errors  Last Runtime    Last Run
-------------------------------------------------------  -----  ---------  --------  ----------  --------------  -------------------
/opt/airflow/dags/move_landing_to_bronze_partitioned.py                           1           0  0.27s           2025-04-28T01:11:11
/opt/airflow/dags/silver_to_gold_feature_engineering.py                           1           0  0.26s           2025-04-28T01:11:30
/opt/airflow/dags/move_bronze_to_silver_partitioned.py                            1           0  0.25s           2025-04-28T01:11:04
/opt/airflow/dags/export_tables_to_parquet.py                                     0           0  0.04s           2025-04-28T01:11:13
================================================================================
[2025-04-28T01:12:03.710+0000] {manager.py:878} INFO - 
================================================================================
DAG File Processing Stats

File Path                                                PID    Runtime      # DAGs    # Errors  Last Runtime    Last Run
-------------------------------------------------------  -----  ---------  --------  ----------  --------------  -------------------
/opt/airflow/dags/move_bronze_to_silver_partitioned.py                            1           0  0.27s           2025-04-28T01:11:35
/opt/airflow/dags/silver_to_gold_feature_engineering.py                           1           0  0.26s           2025-04-28T01:12:00
/opt/airflow/dags/move_landing_to_bronze_partitioned.py                           1           0  0.23s           2025-04-28T01:11:41
/opt/airflow/dags/export_tables_to_parquet.py                                     0           0  0.04s           2025-04-28T01:11:44
================================================================================
[2025-04-28T01:12:34.324+0000] {manager.py:878} INFO - 
================================================================================
DAG File Processing Stats

File Path                                                PID    Runtime      # DAGs    # Errors  Last Runtime    Last Run
-------------------------------------------------------  -----  ---------  --------  ----------  --------------  -------------------
/opt/airflow/dags/move_landing_to_bronze_partitioned.py                           1           0  0.28s           2025-04-28T01:12:12
/opt/airflow/dags/silver_to_gold_feature_engineering.py                           1           0  0.27s           2025-04-28T01:12:31
/opt/airflow/dags/move_bronze_to_silver_partitioned.py                            1           0  0.25s           2025-04-28T01:12:05
/opt/airflow/dags/export_tables_to_parquet.py                                     0           0  0.04s           2025-04-28T01:12:15
================================================================================
[2025-04-28T01:13:04.924+0000] {manager.py:878} INFO - 
================================================================================
DAG File Processing Stats

File Path                                                PID    Runtime      # DAGs    # Errors  Last Runtime    Last Run
-------------------------------------------------------  -----  ---------  --------  ----------  --------------  -------------------
/opt/airflow/dags/move_landing_to_bronze_partitioned.py                           1           0  0.28s           2025-04-28T01:12:42
/opt/airflow/dags/move_bronze_to_silver_partitioned.py                            1           0  0.27s           2025-04-28T01:12:36
/opt/airflow/dags/silver_to_gold_feature_engineering.py                           1           0  0.26s           2025-04-28T01:13:02
/opt/airflow/dags/export_tables_to_parquet.py                                     0           0  0.04s           2025-04-28T01:12:45
================================================================================
[2025-04-28T01:13:26.468+0000] {manager.py:737} INFO - Searching for files in /opt/airflow/dags
[2025-04-28T01:13:26.476+0000] {manager.py:740} INFO - There are 5 files in /opt/airflow/dags
[2025-04-28T01:13:35.061+0000] {manager.py:452} INFO - Exiting gracefully upon receiving signal 15
[2025-04-28T01:13:41.235+0000] {manager.py:470} INFO - Processing files using up to 2 processes at a time 
[2025-04-28T01:13:41.237+0000] {manager.py:471} INFO - Process each file at most once every 30 seconds
[2025-04-28T01:13:41.241+0000] {manager.py:472} INFO - Checking for new files in /opt/airflow/dags every 300 seconds
[2025-04-28T01:13:41.241+0000] {manager.py:737} INFO - Searching for files in /opt/airflow/dags
[2025-04-28T01:13:41.247+0000] {manager.py:740} INFO - There are 5 files in /opt/airflow/dags
[2025-04-28T01:13:41.290+0000] {manager.py:878} INFO - 
================================================================================
DAG File Processing Stats

File Path                                                  PID  Runtime      # DAGs    # Errors  Last Runtime    Last Run
-------------------------------------------------------  -----  ---------  --------  ----------  --------------  ----------
/opt/airflow/dags/export_tables_to_parquet.py                                     0           0
/opt/airflow/dags/silver_to_gold_feature_engineering.py                           0           0
/opt/airflow/dags/move_landing_to_bronze_partitioned.py    165  0.02s             0           0
/opt/airflow/dags/move_bronze_to_silver_partitioned.py                            0           0
/opt/airflow/dags/create_gold_tables_from_parquet.py       168  0.02s             0           0
================================================================================
[2025-04-28T01:14:11.383+0000] {manager.py:878} INFO - 
================================================================================
DAG File Processing Stats

File Path                                                PID    Runtime      # DAGs    # Errors  Last Runtime    Last Run
-------------------------------------------------------  -----  ---------  --------  ----------  --------------  -------------------
/opt/airflow/dags/create_gold_tables_from_parquet.py                              1           0  0.30s           2025-04-28T01:13:41
/opt/airflow/dags/move_landing_to_bronze_partitioned.py                           1           0  0.30s           2025-04-28T01:13:41
/opt/airflow/dags/move_bronze_to_silver_partitioned.py                            1           0  0.27s           2025-04-28T01:13:42
/opt/airflow/dags/silver_to_gold_feature_engineering.py                           1           0  0.26s           2025-04-28T01:13:41
/opt/airflow/dags/export_tables_to_parquet.py                                     0           0  0.03s           2025-04-28T01:13:41
================================================================================
[2025-04-28T01:14:42.155+0000] {manager.py:878} INFO - 
================================================================================
DAG File Processing Stats

File Path                                                PID    Runtime      # DAGs    # Errors  Last Runtime    Last Run
-------------------------------------------------------  -----  ---------  --------  ----------  --------------  -------------------
/opt/airflow/dags/move_landing_to_bronze_partitioned.py                           1           0  0.35s           2025-04-28T01:14:12
/opt/airflow/dags/create_gold_tables_from_parquet.py                              1           0  0.34s           2025-04-28T01:14:12
/opt/airflow/dags/move_bronze_to_silver_partitioned.py                            1           0  0.29s           2025-04-28T01:14:13
/opt/airflow/dags/silver_to_gold_feature_engineering.py                           1           0  0.27s           2025-04-28T01:14:12
/opt/airflow/dags/export_tables_to_parquet.py                                     0           0  0.03s           2025-04-28T01:14:12
================================================================================
[2025-04-28T01:15:12.984+0000] {manager.py:878} INFO - 
================================================================================
DAG File Processing Stats

File Path                                                PID    Runtime      # DAGs    # Errors  Last Runtime    Last Run
-------------------------------------------------------  -----  ---------  --------  ----------  --------------  -------------------
/opt/airflow/dags/move_landing_to_bronze_partitioned.py                           1           0  0.28s           2025-04-28T01:14:43
/opt/airflow/dags/create_gold_tables_from_parquet.py                              1           0  0.28s           2025-04-28T01:14:43
/opt/airflow/dags/silver_to_gold_feature_engineering.py                           1           0  0.26s           2025-04-28T01:14:43
/opt/airflow/dags/move_bronze_to_silver_partitioned.py                            1           0  0.26s           2025-04-28T01:14:43
/opt/airflow/dags/export_tables_to_parquet.py                                     0           0  0.02s           2025-04-28T01:14:43
================================================================================
[2025-04-28T01:15:43.085+0000] {manager.py:878} INFO - 
================================================================================
DAG File Processing Stats

File Path                                                PID    Runtime      # DAGs    # Errors  Last Runtime    Last Run
-------------------------------------------------------  -----  ---------  --------  ----------  --------------  -------------------
/opt/airflow/dags/move_landing_to_bronze_partitioned.py                           1           0  0.29s           2025-04-28T01:15:14
/opt/airflow/dags/create_gold_tables_from_parquet.py                              1           0  0.28s           2025-04-28T01:15:14
/opt/airflow/dags/move_bronze_to_silver_partitioned.py                            1           0  0.26s           2025-04-28T01:15:14
/opt/airflow/dags/silver_to_gold_feature_engineering.py                           1           0  0.25s           2025-04-28T01:15:14
/opt/airflow/dags/export_tables_to_parquet.py                                     0           0  0.03s           2025-04-28T01:15:14
================================================================================
[2025-04-28T01:16:13.282+0000] {manager.py:878} INFO - 
================================================================================
DAG File Processing Stats

File Path                                                PID    Runtime      # DAGs    # Errors  Last Runtime    Last Run
-------------------------------------------------------  -----  ---------  --------  ----------  --------------  -------------------
/opt/airflow/dags/export_tables_to_parquet.py                                     1           0  0.31s           2025-04-28T01:15:54
/opt/airflow/dags/move_bronze_to_silver_partitioned.py                            1           0  0.29s           2025-04-28T01:16:06
/opt/airflow/dags/move_landing_to_bronze_partitioned.py                           1           0  0.28s           2025-04-28T01:15:45
/opt/airflow/dags/create_gold_tables_from_parquet.py                              1           0  0.27s           2025-04-28T01:15:45
/opt/airflow/dags/silver_to_gold_feature_engineering.py                           1           0  0.25s           2025-04-28T01:15:45
================================================================================
[2025-04-28T01:16:43.666+0000] {manager.py:878} INFO - 
================================================================================
DAG File Processing Stats

File Path                                                PID    Runtime      # DAGs    # Errors  Last Runtime    Last Run
-------------------------------------------------------  -----  ---------  --------  ----------  --------------  -------------------
/opt/airflow/dags/move_landing_to_bronze_partitioned.py                           1           0  0.29s           2025-04-28T01:16:15
/opt/airflow/dags/create_gold_tables_from_parquet.py                              1           0  0.28s           2025-04-28T01:16:15
/opt/airflow/dags/export_tables_to_parquet.py                                     1           0  0.28s           2025-04-28T01:16:25
/opt/airflow/dags/move_bronze_to_silver_partitioned.py                            1           0  0.26s           2025-04-28T01:16:41
/opt/airflow/dags/silver_to_gold_feature_engineering.py                           1           0  0.24s           2025-04-28T01:16:15
================================================================================
[2025-04-28T01:16:55.620+0000] {manager.py:452} INFO - Exiting gracefully upon receiving signal 15
[2025-04-28T01:16:55.620+0000] {manager.py:452} INFO - Exiting gracefully upon receiving signal 15
[2025-04-28T01:16:55.696+0000] {manager.py:452} INFO - Exiting gracefully upon receiving signal 15
[2025-04-28T01:17:04.833+0000] {manager.py:470} INFO - Processing files using up to 2 processes at a time 
[2025-04-28T01:17:04.834+0000] {manager.py:471} INFO - Process each file at most once every 30 seconds
[2025-04-28T01:17:04.834+0000] {manager.py:472} INFO - Checking for new files in /opt/airflow/dags every 300 seconds
[2025-04-28T01:17:04.834+0000] {manager.py:737} INFO - Searching for files in /opt/airflow/dags
[2025-04-28T01:17:04.841+0000] {manager.py:740} INFO - There are 5 files in /opt/airflow/dags
[2025-04-28T01:17:04.884+0000] {manager.py:878} INFO - 
================================================================================
DAG File Processing Stats

File Path                                                  PID  Runtime      # DAGs    # Errors  Last Runtime    Last Run
-------------------------------------------------------  -----  ---------  --------  ----------  --------------  ----------
/opt/airflow/dags/export_tables_to_parquet.py              168  0.02s             0           0
/opt/airflow/dags/silver_to_gold_feature_engineering.py                           0           0
/opt/airflow/dags/move_landing_to_bronze_partitioned.py                           0           0
/opt/airflow/dags/move_bronze_to_silver_partitioned.py     165  0.02s             0           0
/opt/airflow/dags/create_gold_tables_from_parquet.py                              0           0
================================================================================
[2025-04-28T01:17:35.007+0000] {manager.py:878} INFO - 
================================================================================
DAG File Processing Stats

File Path                                                PID    Runtime      # DAGs    # Errors  Last Runtime    Last Run
-------------------------------------------------------  -----  ---------  --------  ----------  --------------  -------------------
/opt/airflow/dags/export_tables_to_parquet.py                                     1           0  0.31s           2025-04-28T01:17:05
/opt/airflow/dags/move_bronze_to_silver_partitioned.py                            1           0  0.31s           2025-04-28T01:17:05
/opt/airflow/dags/silver_to_gold_feature_engineering.py                           1           0  0.28s           2025-04-28T01:17:05
/opt/airflow/dags/create_gold_tables_from_parquet.py                              1           0  0.27s           2025-04-28T01:17:05
/opt/airflow/dags/move_landing_to_bronze_partitioned.py                           1           0  0.26s           2025-04-28T01:17:05
================================================================================
[2025-04-28T01:18:05.255+0000] {manager.py:878} INFO - 
================================================================================
DAG File Processing Stats

File Path                                                PID    Runtime      # DAGs    # Errors  Last Runtime    Last Run
-------------------------------------------------------  -----  ---------  --------  ----------  --------------  -------------------
/opt/airflow/dags/move_bronze_to_silver_partitioned.py                            1           0  0.32s           2025-04-28T01:17:36
/opt/airflow/dags/export_tables_to_parquet.py                                     1           0  0.31s           2025-04-28T01:17:36
/opt/airflow/dags/create_gold_tables_from_parquet.py                              1           0  0.29s           2025-04-28T01:17:36
/opt/airflow/dags/silver_to_gold_feature_engineering.py                           1           0  0.29s           2025-04-28T01:17:36
/opt/airflow/dags/move_landing_to_bronze_partitioned.py                           1           0  0.28s           2025-04-28T01:17:36
================================================================================
[2025-04-28T01:18:35.287+0000] {manager.py:878} INFO - 
================================================================================
DAG File Processing Stats

File Path                                                PID    Runtime      # DAGs    # Errors  Last Runtime    Last Run
-------------------------------------------------------  -----  ---------  --------  ----------  --------------  -------------------
/opt/airflow/dags/move_bronze_to_silver_partitioned.py                            1           0  0.28s           2025-04-28T01:18:07
/opt/airflow/dags/export_tables_to_parquet.py                                     1           0  0.28s           2025-04-28T01:18:07
/opt/airflow/dags/create_gold_tables_from_parquet.py                              1           0  0.26s           2025-04-28T01:18:08
/opt/airflow/dags/silver_to_gold_feature_engineering.py                           1           0  0.25s           2025-04-28T01:18:08
/opt/airflow/dags/move_landing_to_bronze_partitioned.py                           1           0  0.23s           2025-04-28T01:18:07
================================================================================
[2025-04-28T01:19:05.898+0000] {manager.py:878} INFO - 
================================================================================
DAG File Processing Stats

File Path                                                PID    Runtime      # DAGs    # Errors  Last Runtime    Last Run
-------------------------------------------------------  -----  ---------  --------  ----------  --------------  -------------------
/opt/airflow/dags/move_bronze_to_silver_partitioned.py                            1           0  0.29s           2025-04-28T01:18:38
/opt/airflow/dags/export_tables_to_parquet.py                                     1           0  0.29s           2025-04-28T01:18:38
/opt/airflow/dags/move_landing_to_bronze_partitioned.py                           1           0  0.26s           2025-04-28T01:18:38
/opt/airflow/dags/silver_to_gold_feature_engineering.py                           1           0  0.25s           2025-04-28T01:18:38
/opt/airflow/dags/create_gold_tables_from_parquet.py                              1           0  0.25s           2025-04-28T01:18:38
================================================================================
[2025-04-28T01:19:36.021+0000] {manager.py:878} INFO - 
================================================================================
DAG File Processing Stats

File Path                                                PID    Runtime      # DAGs    # Errors  Last Runtime    Last Run
-------------------------------------------------------  -----  ---------  --------  ----------  --------------  -------------------
/opt/airflow/dags/move_bronze_to_silver_partitioned.py                            1           0  0.28s           2025-04-28T01:19:09
/opt/airflow/dags/export_tables_to_parquet.py                                     1           0  0.27s           2025-04-28T01:19:09
/opt/airflow/dags/move_landing_to_bronze_partitioned.py                           1           0  0.27s           2025-04-28T01:19:09
/opt/airflow/dags/create_gold_tables_from_parquet.py                              1           0  0.27s           2025-04-28T01:19:09
/opt/airflow/dags/silver_to_gold_feature_engineering.py                           1           0  0.26s           2025-04-28T01:19:09
================================================================================
[2025-04-28T01:20:06.602+0000] {manager.py:878} INFO - 
================================================================================
DAG File Processing Stats

File Path                                                PID    Runtime      # DAGs    # Errors  Last Runtime    Last Run
-------------------------------------------------------  -----  ---------  --------  ----------  --------------  -------------------
/opt/airflow/dags/move_bronze_to_silver_partitioned.py                            1           0  0.29s           2025-04-28T01:19:40
/opt/airflow/dags/export_tables_to_parquet.py                                     1           0  0.27s           2025-04-28T01:19:40
/opt/airflow/dags/create_gold_tables_from_parquet.py                              1           0  0.26s           2025-04-28T01:19:40
/opt/airflow/dags/silver_to_gold_feature_engineering.py                           1           0  0.26s           2025-04-28T01:19:40
/opt/airflow/dags/move_landing_to_bronze_partitioned.py                           1           0  0.23s           2025-04-28T01:19:40
================================================================================
[2025-04-28T01:20:36.646+0000] {manager.py:878} INFO - 
================================================================================
DAG File Processing Stats

File Path                                                PID    Runtime      # DAGs    # Errors  Last Runtime    Last Run
-------------------------------------------------------  -----  ---------  --------  ----------  --------------  -------------------
/opt/airflow/dags/move_bronze_to_silver_partitioned.py                            1           0  0.28s           2025-04-28T01:20:10
/opt/airflow/dags/export_tables_to_parquet.py                                     1           0  0.27s           2025-04-28T01:20:10
/opt/airflow/dags/create_gold_tables_from_parquet.py                              1           0  0.27s           2025-04-28T01:20:11
/opt/airflow/dags/silver_to_gold_feature_engineering.py                           1           0  0.27s           2025-04-28T01:20:11
/opt/airflow/dags/move_landing_to_bronze_partitioned.py                           1           0  0.24s           2025-04-28T01:20:11
================================================================================
[2025-04-28T01:21:07.340+0000] {manager.py:878} INFO - 
================================================================================
DAG File Processing Stats

File Path                                                PID    Runtime      # DAGs    # Errors  Last Runtime    Last Run
-------------------------------------------------------  -----  ---------  --------  ----------  --------------  -------------------
/opt/airflow/dags/move_bronze_to_silver_partitioned.py                            1           0  0.29s           2025-04-28T01:20:41
/opt/airflow/dags/export_tables_to_parquet.py                                     1           0  0.28s           2025-04-28T01:20:41
/opt/airflow/dags/create_gold_tables_from_parquet.py                              1           0  0.27s           2025-04-28T01:20:42
/opt/airflow/dags/silver_to_gold_feature_engineering.py                           1           0  0.27s           2025-04-28T01:20:42
/opt/airflow/dags/move_landing_to_bronze_partitioned.py                           1           0  0.24s           2025-04-28T01:20:42
================================================================================
[2025-04-28T01:21:37.505+0000] {manager.py:878} INFO - 
================================================================================
DAG File Processing Stats

File Path                                                PID    Runtime      # DAGs    # Errors  Last Runtime    Last Run
-------------------------------------------------------  -----  ---------  --------  ----------  --------------  -------------------
/opt/airflow/dags/move_bronze_to_silver_partitioned.py                            1           0  0.30s           2025-04-28T01:21:12
/opt/airflow/dags/export_tables_to_parquet.py                                     1           0  0.30s           2025-04-28T01:21:12
/opt/airflow/dags/create_gold_tables_from_parquet.py                              1           0  0.28s           2025-04-28T01:21:13
/opt/airflow/dags/silver_to_gold_feature_engineering.py                           1           0  0.27s           2025-04-28T01:21:13
/opt/airflow/dags/move_landing_to_bronze_partitioned.py                           1           0  0.26s           2025-04-28T01:21:12
================================================================================
[2025-04-28T01:22:05.325+0000] {manager.py:737} INFO - Searching for files in /opt/airflow/dags
[2025-04-28T01:22:05.335+0000] {manager.py:740} INFO - There are 5 files in /opt/airflow/dags
[2025-04-28T01:22:08.374+0000] {manager.py:878} INFO - 
================================================================================
DAG File Processing Stats

File Path                                                PID    Runtime      # DAGs    # Errors  Last Runtime    Last Run
-------------------------------------------------------  -----  ---------  --------  ----------  --------------  -------------------
/opt/airflow/dags/move_bronze_to_silver_partitioned.py                            1           0  0.30s           2025-04-28T01:21:43
/opt/airflow/dags/export_tables_to_parquet.py                                     1           0  0.28s           2025-04-28T01:21:43
/opt/airflow/dags/create_gold_tables_from_parquet.py                              1           0  0.27s           2025-04-28T01:21:44
/opt/airflow/dags/silver_to_gold_feature_engineering.py                           1           0  0.27s           2025-04-28T01:21:44
/opt/airflow/dags/move_landing_to_bronze_partitioned.py                           1           0  0.24s           2025-04-28T01:21:43
================================================================================
[2025-04-28T01:22:38.497+0000] {manager.py:878} INFO - 
================================================================================
DAG File Processing Stats

File Path                                                PID    Runtime      # DAGs    # Errors  Last Runtime    Last Run
-------------------------------------------------------  -----  ---------  --------  ----------  --------------  -------------------
/opt/airflow/dags/move_bronze_to_silver_partitioned.py                            1           0  0.30s           2025-04-28T01:22:14
/opt/airflow/dags/export_tables_to_parquet.py                                     1           0  0.28s           2025-04-28T01:22:14
/opt/airflow/dags/create_gold_tables_from_parquet.py                              1           0  0.26s           2025-04-28T01:22:15
/opt/airflow/dags/silver_to_gold_feature_engineering.py                           1           0  0.26s           2025-04-28T01:22:15
/opt/airflow/dags/move_landing_to_bronze_partitioned.py                           1           0  0.24s           2025-04-28T01:22:14
================================================================================
[2025-04-28T01:23:08.624+0000] {manager.py:878} INFO - 
================================================================================
DAG File Processing Stats

File Path                                                PID    Runtime      # DAGs    # Errors  Last Runtime    Last Run
-------------------------------------------------------  -----  ---------  --------  ----------  --------------  -------------------
/opt/airflow/dags/move_bronze_to_silver_partitioned.py                            1           0  0.28s           2025-04-28T01:22:45
/opt/airflow/dags/export_tables_to_parquet.py                                     1           0  0.27s           2025-04-28T01:22:45
/opt/airflow/dags/create_gold_tables_from_parquet.py                              1           0  0.27s           2025-04-28T01:22:52
/opt/airflow/dags/move_landing_to_bronze_partitioned.py                           1           0  0.27s           2025-04-28T01:22:45
/opt/airflow/dags/silver_to_gold_feature_engineering.py                           1           0  0.24s           2025-04-28T01:22:46
================================================================================
[2025-04-28T01:23:13.845+0000] {manager.py:452} INFO - Exiting gracefully upon receiving signal 15
[2025-04-28T01:23:17.068+0000] {manager.py:470} INFO - Processing files using up to 2 processes at a time 
[2025-04-28T01:23:17.068+0000] {manager.py:471} INFO - Process each file at most once every 30 seconds
[2025-04-28T01:23:17.069+0000] {manager.py:472} INFO - Checking for new files in /opt/airflow/dags every 300 seconds
[2025-04-28T01:23:17.069+0000] {manager.py:737} INFO - Searching for files in /opt/airflow/dags
[2025-04-28T01:23:17.074+0000] {manager.py:740} INFO - There are 5 files in /opt/airflow/dags
[2025-04-28T01:23:17.110+0000] {manager.py:878} INFO - 
================================================================================
DAG File Processing Stats

File Path                                                  PID  Runtime      # DAGs    # Errors  Last Runtime    Last Run
-------------------------------------------------------  -----  ---------  --------  ----------  --------------  ----------
/opt/airflow/dags/export_tables_to_parquet.py                                     0           0
/opt/airflow/dags/silver_to_gold_feature_engineering.py                           0           0
/opt/airflow/dags/move_landing_to_bronze_partitioned.py                           0           0
/opt/airflow/dags/move_bronze_to_silver_partitioned.py     168  0.01s             0           0
/opt/airflow/dags/create_gold_tables_from_parquet.py       165  0.02s             0           0
================================================================================
[2025-04-28T01:23:47.245+0000] {manager.py:878} INFO - 
================================================================================
DAG File Processing Stats

File Path                                                PID    Runtime      # DAGs    # Errors  Last Runtime    Last Run
-------------------------------------------------------  -----  ---------  --------  ----------  --------------  -------------------
/opt/airflow/dags/create_gold_tables_from_parquet.py                              1           0  0.29s           2025-04-28T01:23:17
/opt/airflow/dags/silver_to_gold_feature_engineering.py                           1           0  0.29s           2025-04-28T01:23:17
/opt/airflow/dags/move_landing_to_bronze_partitioned.py                           1           0  0.28s           2025-04-28T01:23:17
/opt/airflow/dags/move_bronze_to_silver_partitioned.py                            1           0  0.28s           2025-04-28T01:23:17
/opt/airflow/dags/export_tables_to_parquet.py                                     1           0  0.26s           2025-04-28T01:23:17
================================================================================
[2025-04-28T01:24:17.348+0000] {manager.py:878} INFO - 
================================================================================
DAG File Processing Stats

File Path                                                PID    Runtime      # DAGs    # Errors  Last Runtime    Last Run
-------------------------------------------------------  -----  ---------  --------  ----------  --------------  -------------------
/opt/airflow/dags/create_gold_tables_from_parquet.py                              1           0  0.29s           2025-04-28T01:23:48
/opt/airflow/dags/move_bronze_to_silver_partitioned.py                            1           0  0.29s           2025-04-28T01:23:48
/opt/airflow/dags/move_landing_to_bronze_partitioned.py                           1           0  0.27s           2025-04-28T01:23:49
/opt/airflow/dags/silver_to_gold_feature_engineering.py                           1           0  0.27s           2025-04-28T01:23:49
/opt/airflow/dags/export_tables_to_parquet.py                                     1           0  0.25s           2025-04-28T01:23:48
================================================================================
[2025-04-28T01:24:47.988+0000] {manager.py:878} INFO - 
================================================================================
DAG File Processing Stats

File Path                                                PID    Runtime      # DAGs    # Errors  Last Runtime    Last Run
-------------------------------------------------------  -----  ---------  --------  ----------  --------------  -------------------
/opt/airflow/dags/create_gold_tables_from_parquet.py                              1           0  0.30s           2025-04-28T01:24:19
/opt/airflow/dags/move_bronze_to_silver_partitioned.py                            1           0  0.30s           2025-04-28T01:24:19
/opt/airflow/dags/move_landing_to_bronze_partitioned.py                           1           0  0.28s           2025-04-28T01:24:19
/opt/airflow/dags/export_tables_to_parquet.py                                     1           0  0.27s           2025-04-28T01:24:19
/opt/airflow/dags/silver_to_gold_feature_engineering.py                           1           0  0.24s           2025-04-28T01:24:19
================================================================================
[2025-04-28T01:25:18.039+0000] {manager.py:878} INFO - 
================================================================================
DAG File Processing Stats

File Path                                                PID    Runtime      # DAGs    # Errors  Last Runtime    Last Run
-------------------------------------------------------  -----  ---------  --------  ----------  --------------  -------------------
/opt/airflow/dags/create_gold_tables_from_parquet.py                              1           0  0.30s           2025-04-28T01:24:50
/opt/airflow/dags/move_bronze_to_silver_partitioned.py                            1           0  0.29s           2025-04-28T01:24:50
/opt/airflow/dags/export_tables_to_parquet.py                                     1           0  0.27s           2025-04-28T01:24:50
/opt/airflow/dags/move_landing_to_bronze_partitioned.py                           1           0  0.26s           2025-04-28T01:24:50
/opt/airflow/dags/silver_to_gold_feature_engineering.py                           1           0  0.24s           2025-04-28T01:24:50
================================================================================
[2025-04-28T01:25:48.727+0000] {manager.py:878} INFO - 
================================================================================
DAG File Processing Stats

File Path                                                PID    Runtime      # DAGs    # Errors  Last Runtime    Last Run
-------------------------------------------------------  -----  ---------  --------  ----------  --------------  -------------------
/opt/airflow/dags/create_gold_tables_from_parquet.py                              1           0  0.28s           2025-04-28T01:25:21
/opt/airflow/dags/move_bronze_to_silver_partitioned.py                            1           0  0.27s           2025-04-28T01:25:21
/opt/airflow/dags/move_landing_to_bronze_partitioned.py                           1           0  0.26s           2025-04-28T01:25:21
/opt/airflow/dags/silver_to_gold_feature_engineering.py                           1           0  0.26s           2025-04-28T01:25:21
/opt/airflow/dags/export_tables_to_parquet.py                                     1           0  0.23s           2025-04-28T01:25:21
================================================================================
[2025-04-28T01:26:18.766+0000] {manager.py:878} INFO - 
================================================================================
DAG File Processing Stats

File Path                                                PID    Runtime      # DAGs    # Errors  Last Runtime    Last Run
-------------------------------------------------------  -----  ---------  --------  ----------  --------------  -------------------
/opt/airflow/dags/silver_to_gold_feature_engineering.py                           1           0  0.29s           2025-04-28T01:25:52
/opt/airflow/dags/create_gold_tables_from_parquet.py                              1           0  0.26s           2025-04-28T01:25:52
/opt/airflow/dags/export_tables_to_parquet.py                                     1           0  0.26s           2025-04-28T01:25:52
/opt/airflow/dags/move_bronze_to_silver_partitioned.py                            1           0  0.26s           2025-04-28T01:25:52
/opt/airflow/dags/move_landing_to_bronze_partitioned.py                           1           0  0.26s           2025-04-28T01:25:52
================================================================================
[2025-04-28T01:26:49.431+0000] {manager.py:878} INFO - 
================================================================================
DAG File Processing Stats

File Path                                                PID    Runtime      # DAGs    # Errors  Last Runtime    Last Run
-------------------------------------------------------  -----  ---------  --------  ----------  --------------  -------------------
/opt/airflow/dags/create_gold_tables_from_parquet.py                              1           0  0.29s           2025-04-28T01:26:22
/opt/airflow/dags/move_bronze_to_silver_partitioned.py                            1           0  0.28s           2025-04-28T01:26:22
/opt/airflow/dags/move_landing_to_bronze_partitioned.py                           1           0  0.27s           2025-04-28T01:26:23
/opt/airflow/dags/silver_to_gold_feature_engineering.py                           1           0  0.26s           2025-04-28T01:26:23
/opt/airflow/dags/export_tables_to_parquet.py                                     1           0  0.24s           2025-04-28T01:26:23
================================================================================
[2025-04-28T01:27:19.500+0000] {manager.py:878} INFO - 
================================================================================
DAG File Processing Stats

File Path                                                PID    Runtime      # DAGs    # Errors  Last Runtime    Last Run
-------------------------------------------------------  -----  ---------  --------  ----------  --------------  -------------------
/opt/airflow/dags/create_gold_tables_from_parquet.py                              1           0  0.29s           2025-04-28T01:26:53
/opt/airflow/dags/move_bronze_to_silver_partitioned.py                            1           0  0.27s           2025-04-28T01:26:53
/opt/airflow/dags/move_landing_to_bronze_partitioned.py                           1           0  0.26s           2025-04-28T01:26:54
/opt/airflow/dags/silver_to_gold_feature_engineering.py                           1           0  0.26s           2025-04-28T01:26:54
/opt/airflow/dags/export_tables_to_parquet.py                                     1           0  0.24s           2025-04-28T01:26:54
================================================================================
[2025-04-28T01:27:50.177+0000] {manager.py:878} INFO - 
================================================================================
DAG File Processing Stats

File Path                                                PID    Runtime      # DAGs    # Errors  Last Runtime    Last Run
-------------------------------------------------------  -----  ---------  --------  ----------  --------------  -------------------
/opt/airflow/dags/create_gold_tables_from_parquet.py                              1           0  0.28s           2025-04-28T01:27:24
/opt/airflow/dags/move_bronze_to_silver_partitioned.py                            1           0  0.28s           2025-04-28T01:27:24
/opt/airflow/dags/move_landing_to_bronze_partitioned.py                           1           0  0.26s           2025-04-28T01:27:25
/opt/airflow/dags/silver_to_gold_feature_engineering.py                           1           0  0.26s           2025-04-28T01:27:25
/opt/airflow/dags/export_tables_to_parquet.py                                     1           0  0.24s           2025-04-28T01:27:24
================================================================================
[2025-04-28T01:28:17.229+0000] {manager.py:737} INFO - Searching for files in /opt/airflow/dags
[2025-04-28T01:28:17.241+0000] {manager.py:740} INFO - There are 5 files in /opt/airflow/dags
[2025-04-28T01:28:20.276+0000] {manager.py:878} INFO - 
================================================================================
DAG File Processing Stats

File Path                                                PID    Runtime      # DAGs    # Errors  Last Runtime    Last Run
-------------------------------------------------------  -----  ---------  --------  ----------  --------------  -------------------
/opt/airflow/dags/create_gold_tables_from_parquet.py                              1           0  0.29s           2025-04-28T01:27:55
/opt/airflow/dags/move_bronze_to_silver_partitioned.py                            1           0  0.28s           2025-04-28T01:27:55
/opt/airflow/dags/move_landing_to_bronze_partitioned.py                           1           0  0.27s           2025-04-28T01:27:56
/opt/airflow/dags/silver_to_gold_feature_engineering.py                           1           0  0.27s           2025-04-28T01:27:56
/opt/airflow/dags/export_tables_to_parquet.py                                     1           0  0.23s           2025-04-28T01:27:55
================================================================================
[2025-04-28T01:28:50.883+0000] {manager.py:878} INFO - 
================================================================================
DAG File Processing Stats

File Path                                                PID    Runtime      # DAGs    # Errors  Last Runtime    Last Run
-------------------------------------------------------  -----  ---------  --------  ----------  --------------  -------------------
/opt/airflow/dags/create_gold_tables_from_parquet.py                              1           0  0.28s           2025-04-28T01:28:26
/opt/airflow/dags/move_bronze_to_silver_partitioned.py                            1           0  0.28s           2025-04-28T01:28:26
/opt/airflow/dags/export_tables_to_parquet.py                                     1           0  0.27s           2025-04-28T01:28:26
/opt/airflow/dags/move_landing_to_bronze_partitioned.py                           1           0  0.27s           2025-04-28T01:28:26
/opt/airflow/dags/silver_to_gold_feature_engineering.py                           1           0  0.23s           2025-04-28T01:28:26
================================================================================
[2025-04-28T01:29:20.963+0000] {manager.py:878} INFO - 
================================================================================
DAG File Processing Stats

File Path                                                PID    Runtime      # DAGs    # Errors  Last Runtime    Last Run
-------------------------------------------------------  -----  ---------  --------  ----------  --------------  -------------------
/opt/airflow/dags/create_gold_tables_from_parquet.py                              1           0  0.28s           2025-04-28T01:28:57
/opt/airflow/dags/move_bronze_to_silver_partitioned.py                            1           0  0.27s           2025-04-28T01:28:57
/opt/airflow/dags/silver_to_gold_feature_engineering.py                           1           0  0.26s           2025-04-28T01:28:57
/opt/airflow/dags/move_landing_to_bronze_partitioned.py                           1           0  0.26s           2025-04-28T01:28:57
/opt/airflow/dags/export_tables_to_parquet.py                                     1           0  0.24s           2025-04-28T01:28:57
================================================================================
[2025-04-28T01:29:51.049+0000] {manager.py:878} INFO - 
================================================================================
DAG File Processing Stats

File Path                                                PID    Runtime      # DAGs    # Errors  Last Runtime    Last Run
-------------------------------------------------------  -----  ---------  --------  ----------  --------------  -------------------
/opt/airflow/dags/create_gold_tables_from_parquet.py                              1           0  0.28s           2025-04-28T01:29:28
/opt/airflow/dags/move_bronze_to_silver_partitioned.py                            1           0  0.28s           2025-04-28T01:29:28
/opt/airflow/dags/move_landing_to_bronze_partitioned.py                           1           0  0.26s           2025-04-28T01:29:28
/opt/airflow/dags/silver_to_gold_feature_engineering.py                           1           0  0.26s           2025-04-28T01:29:28
/opt/airflow/dags/export_tables_to_parquet.py                                     1           0  0.24s           2025-04-28T01:29:28
================================================================================
[2025-04-28T01:30:21.689+0000] {manager.py:878} INFO - 
================================================================================
DAG File Processing Stats

File Path                                                PID    Runtime      # DAGs    # Errors  Last Runtime    Last Run
-------------------------------------------------------  -----  ---------  --------  ----------  --------------  -------------------
/opt/airflow/dags/create_gold_tables_from_parquet.py                              1           0  0.29s           2025-04-28T01:29:59
/opt/airflow/dags/move_bronze_to_silver_partitioned.py                            1           0  0.28s           2025-04-28T01:29:59
/opt/airflow/dags/export_tables_to_parquet.py                                     1           0  0.26s           2025-04-28T01:29:59
/opt/airflow/dags/move_landing_to_bronze_partitioned.py                           1           0  0.26s           2025-04-28T01:29:59
/opt/airflow/dags/silver_to_gold_feature_engineering.py                           1           0  0.23s           2025-04-28T01:29:59
================================================================================
[2025-04-28T01:30:51.787+0000] {manager.py:878} INFO - 
================================================================================
DAG File Processing Stats

File Path                                                PID    Runtime      # DAGs    # Errors  Last Runtime    Last Run
-------------------------------------------------------  -----  ---------  --------  ----------  --------------  -------------------
/opt/airflow/dags/create_gold_tables_from_parquet.py                              1           0  0.28s           2025-04-28T01:30:30
/opt/airflow/dags/move_bronze_to_silver_partitioned.py                            1           0  0.27s           2025-04-28T01:30:30
/opt/airflow/dags/silver_to_gold_feature_engineering.py                           1           0  0.26s           2025-04-28T01:30:30
/opt/airflow/dags/move_landing_to_bronze_partitioned.py                           1           0  0.26s           2025-04-28T01:30:30
/opt/airflow/dags/export_tables_to_parquet.py                                     1           0  0.23s           2025-04-28T01:30:30
================================================================================
[2025-04-28T01:31:21.883+0000] {manager.py:878} INFO - 
================================================================================
DAG File Processing Stats

File Path                                                PID    Runtime      # DAGs    # Errors  Last Runtime    Last Run
-------------------------------------------------------  -----  ---------  --------  ----------  --------------  -------------------
/opt/airflow/dags/create_gold_tables_from_parquet.py                              1           0  0.28s           2025-04-28T01:31:01
/opt/airflow/dags/move_bronze_to_silver_partitioned.py                            1           0  0.27s           2025-04-28T01:31:01
/opt/airflow/dags/export_tables_to_parquet.py                                     1           0  0.26s           2025-04-28T01:31:01
/opt/airflow/dags/move_landing_to_bronze_partitioned.py                           1           0  0.26s           2025-04-28T01:31:01
/opt/airflow/dags/silver_to_gold_feature_engineering.py                           1           0  0.23s           2025-04-28T01:31:01
================================================================================
[2025-04-28T01:33:28.033+0000] {manager.py:737} INFO - Searching for files in /opt/airflow/dags
[2025-04-28T01:33:28.040+0000] {manager.py:740} INFO - There are 5 files in /opt/airflow/dags
[2025-04-28T01:33:35.170+0000] {manager.py:878} INFO - 
================================================================================
DAG File Processing Stats

File Path                                                PID    Runtime      # DAGs    # Errors  Last Runtime    Last Run
-------------------------------------------------------  -----  ---------  --------  ----------  --------------  -------------------
/opt/airflow/dags/move_bronze_to_silver_partitioned.py                            1           0  0.47s           2025-04-28T01:33:28
/opt/airflow/dags/create_gold_tables_from_parquet.py                              1           0  0.46s           2025-04-28T01:33:28
/opt/airflow/dags/export_tables_to_parquet.py                                     1           0  0.33s           2025-04-28T01:33:28
/opt/airflow/dags/move_landing_to_bronze_partitioned.py                           1           0  0.27s           2025-04-28T01:33:29
/opt/airflow/dags/silver_to_gold_feature_engineering.py                           1           0  0.27s           2025-04-28T01:33:29
================================================================================
[2025-04-28T01:48:46.077+0000] {manager.py:737} INFO - Searching for files in /opt/airflow/dags
[2025-04-28T01:48:46.085+0000] {manager.py:740} INFO - There are 5 files in /opt/airflow/dags
[2025-04-28T01:48:53.971+0000] {manager.py:878} INFO - 
================================================================================
DAG File Processing Stats

File Path                                                PID    Runtime      # DAGs    # Errors  Last Runtime    Last Run
-------------------------------------------------------  -----  ---------  --------  ----------  --------------  -------------------
/opt/airflow/dags/create_gold_tables_from_parquet.py                              1           0  0.29s           2025-04-28T01:48:46
/opt/airflow/dags/silver_to_gold_feature_engineering.py                           1           0  0.28s           2025-04-28T01:48:46
/opt/airflow/dags/move_landing_to_bronze_partitioned.py                           1           0  0.28s           2025-04-28T01:48:46
/opt/airflow/dags/move_bronze_to_silver_partitioned.py                            1           0  0.28s           2025-04-28T01:48:46
/opt/airflow/dags/export_tables_to_parquet.py                                     1           0  0.25s           2025-04-28T01:48:46
================================================================================
[2025-04-28T01:49:24.650+0000] {manager.py:878} INFO - 
================================================================================
DAG File Processing Stats

File Path                                                PID    Runtime      # DAGs    # Errors  Last Runtime    Last Run
-------------------------------------------------------  -----  ---------  --------  ----------  --------------  -------------------
/opt/airflow/dags/create_gold_tables_from_parquet.py                              1           0  0.28s           2025-04-28T01:49:17
/opt/airflow/dags/move_bronze_to_silver_partitioned.py                            1           0  0.28s           2025-04-28T01:49:17
/opt/airflow/dags/move_landing_to_bronze_partitioned.py                           1           0  0.27s           2025-04-28T01:49:17
/opt/airflow/dags/silver_to_gold_feature_engineering.py                           1           0  0.26s           2025-04-28T01:49:17
/opt/airflow/dags/export_tables_to_parquet.py                                     1           0  0.24s           2025-04-28T01:49:17
================================================================================
[2025-04-28T01:49:54.842+0000] {manager.py:878} INFO - 
================================================================================
DAG File Processing Stats

File Path                                                PID    Runtime      # DAGs    # Errors  Last Runtime    Last Run
-------------------------------------------------------  -----  ---------  --------  ----------  --------------  -------------------
/opt/airflow/dags/create_gold_tables_from_parquet.py                              1           0  0.29s           2025-04-28T01:49:48
/opt/airflow/dags/move_bronze_to_silver_partitioned.py                            1           0  0.28s           2025-04-28T01:49:48
/opt/airflow/dags/move_landing_to_bronze_partitioned.py                           1           0  0.28s           2025-04-28T01:49:48
/opt/airflow/dags/silver_to_gold_feature_engineering.py                           1           0  0.28s           2025-04-28T01:49:48
/opt/airflow/dags/export_tables_to_parquet.py                                     1           0  0.26s           2025-04-28T01:49:48
================================================================================
[2025-04-28T01:50:25.728+0000] {manager.py:878} INFO - 
================================================================================
DAG File Processing Stats

File Path                                                PID    Runtime      # DAGs    # Errors  Last Runtime    Last Run
-------------------------------------------------------  -----  ---------  --------  ----------  --------------  -------------------
/opt/airflow/dags/create_gold_tables_from_parquet.py                              1           0  0.30s           2025-04-28T01:50:19
/opt/airflow/dags/move_bronze_to_silver_partitioned.py                            1           0  0.29s           2025-04-28T01:50:19
/opt/airflow/dags/silver_to_gold_feature_engineering.py                           1           0  0.28s           2025-04-28T01:50:19
/opt/airflow/dags/move_landing_to_bronze_partitioned.py                           1           0  0.28s           2025-04-28T01:50:19
/opt/airflow/dags/export_tables_to_parquet.py                                     1           0  0.25s           2025-04-28T01:50:19
================================================================================
[2025-04-28T01:50:55.888+0000] {manager.py:878} INFO - 
================================================================================
DAG File Processing Stats

File Path                                                PID    Runtime      # DAGs    # Errors  Last Runtime    Last Run
-------------------------------------------------------  -----  ---------  --------  ----------  --------------  -------------------
/opt/airflow/dags/create_gold_tables_from_parquet.py                              1           0  0.29s           2025-04-28T01:50:50
/opt/airflow/dags/move_bronze_to_silver_partitioned.py                            1           0  0.28s           2025-04-28T01:50:50
/opt/airflow/dags/move_landing_to_bronze_partitioned.py                           1           0  0.27s           2025-04-28T01:50:50
/opt/airflow/dags/silver_to_gold_feature_engineering.py                           1           0  0.27s           2025-04-28T01:50:50
/opt/airflow/dags/export_tables_to_parquet.py                                     1           0  0.24s           2025-04-28T01:50:50
================================================================================
[2025-04-28T01:51:26.458+0000] {manager.py:878} INFO - 
================================================================================
DAG File Processing Stats

File Path                                                PID    Runtime      # DAGs    # Errors  Last Runtime    Last Run
-------------------------------------------------------  -----  ---------  --------  ----------  --------------  -------------------
/opt/airflow/dags/create_gold_tables_from_parquet.py                              1           0  0.29s           2025-04-28T01:51:21
/opt/airflow/dags/move_bronze_to_silver_partitioned.py                            1           0  0.28s           2025-04-28T01:51:21
/opt/airflow/dags/export_tables_to_parquet.py                                     1           0  0.26s           2025-04-28T01:51:21
/opt/airflow/dags/move_landing_to_bronze_partitioned.py                           1           0  0.26s           2025-04-28T01:51:21
/opt/airflow/dags/silver_to_gold_feature_engineering.py                           1           0  0.24s           2025-04-28T01:51:21
================================================================================
[2025-04-28T01:51:29.770+0000] {manager.py:452} INFO - Exiting gracefully upon receiving signal 15
[2025-04-28T01:51:36.059+0000] {manager.py:470} INFO - Processing files using up to 2 processes at a time 
[2025-04-28T01:51:36.060+0000] {manager.py:471} INFO - Process each file at most once every 30 seconds
[2025-04-28T01:51:36.061+0000] {manager.py:472} INFO - Checking for new files in /opt/airflow/dags every 300 seconds
[2025-04-28T01:51:36.061+0000] {manager.py:737} INFO - Searching for files in /opt/airflow/dags
[2025-04-28T01:51:36.082+0000] {manager.py:740} INFO - There are 6 files in /opt/airflow/dags
[2025-04-28T01:51:36.133+0000] {manager.py:878} INFO - 
================================================================================
DAG File Processing Stats

File Path                                                  PID  Runtime      # DAGs    # Errors  Last Runtime    Last Run
-------------------------------------------------------  -----  ---------  --------  ----------  --------------  ----------
/opt/airflow/dags/export_tables_to_parquet.py                                     0           0
/opt/airflow/dags/silver_to_gold_feature_engineering.py                           0           0
/opt/airflow/dags/move_landing_to_bronze_partitioned.py                           0           0
/opt/airflow/dags/move_bronze_to_silver_partitioned.py                            0           0
/opt/airflow/dags/orchestrate_full_pipeline.py             165  0.02s             0           0
/opt/airflow/dags/create_gold_tables_from_parquet.py       168  0.02s             0           0
================================================================================
[2025-04-28T01:51:36.471+0000] {manager.py:1016} ERROR - Processor for /opt/airflow/dags/orchestrate_full_pipeline.py exited with return code 1.
[2025-04-28T01:52:06.277+0000] {manager.py:878} INFO - 
================================================================================
DAG File Processing Stats

File Path                                                PID    Runtime      # DAGs    # Errors  Last Runtime    Last Run
-------------------------------------------------------  -----  ---------  --------  ----------  --------------  -------------------
/opt/airflow/dags/orchestrate_full_pipeline.py                                    0          -1  0.36s           2025-04-28T01:51:36
/opt/airflow/dags/create_gold_tables_from_parquet.py                              1           0  0.31s           2025-04-28T01:51:36
/opt/airflow/dags/move_bronze_to_silver_partitioned.py                            1           0  0.31s           2025-04-28T01:51:36
/opt/airflow/dags/export_tables_to_parquet.py                                     1           0  0.30s           2025-04-28T01:51:36
/opt/airflow/dags/move_landing_to_bronze_partitioned.py                           1           0  0.29s           2025-04-28T01:51:37
/opt/airflow/dags/silver_to_gold_feature_engineering.py                           1           0  0.27s           2025-04-28T01:51:37
================================================================================
[2025-04-28T01:52:36.296+0000] {manager.py:878} INFO - 
================================================================================
DAG File Processing Stats

File Path                                                PID    Runtime      # DAGs    # Errors  Last Runtime    Last Run
-------------------------------------------------------  -----  ---------  --------  ----------  --------------  -------------------
/opt/airflow/dags/export_tables_to_parquet.py                                     1           0  0.32s           2025-04-28T01:52:07
/opt/airflow/dags/move_landing_to_bronze_partitioned.py                           1           0  0.31s           2025-04-28T01:52:08
/opt/airflow/dags/create_gold_tables_from_parquet.py                              1           0  0.30s           2025-04-28T01:52:07
/opt/airflow/dags/move_bronze_to_silver_partitioned.py                            1           0  0.29s           2025-04-28T01:52:07
/opt/airflow/dags/silver_to_gold_feature_engineering.py                           1           0  0.29s           2025-04-28T01:52:08
/opt/airflow/dags/orchestrate_full_pipeline.py                                    1           0  0.11s           2025-04-28T01:52:07
================================================================================
[2025-04-28T01:53:06.395+0000] {manager.py:878} INFO - 
================================================================================
DAG File Processing Stats

File Path                                                PID    Runtime      # DAGs    # Errors  Last Runtime    Last Run
-------------------------------------------------------  -----  ---------  --------  ----------  --------------  -------------------
/opt/airflow/dags/move_landing_to_bronze_partitioned.py                           1           0  0.31s           2025-04-28T01:52:39
/opt/airflow/dags/export_tables_to_parquet.py                                     1           0  0.31s           2025-04-28T01:52:39
/opt/airflow/dags/create_gold_tables_from_parquet.py                              1           0  0.30s           2025-04-28T01:52:38
/opt/airflow/dags/move_bronze_to_silver_partitioned.py                            1           0  0.29s           2025-04-28T01:52:38
/opt/airflow/dags/silver_to_gold_feature_engineering.py                           1           0  0.26s           2025-04-28T01:52:39
/opt/airflow/dags/orchestrate_full_pipeline.py                                    1           0  0.06s           2025-04-28T01:52:37
================================================================================
[2025-04-28T01:53:36.570+0000] {manager.py:878} INFO - 
================================================================================
DAG File Processing Stats

File Path                                                PID    Runtime      # DAGs    # Errors  Last Runtime    Last Run
-------------------------------------------------------  -----  ---------  --------  ----------  --------------  -------------------
/opt/airflow/dags/create_gold_tables_from_parquet.py                              1           0  0.30s           2025-04-28T01:53:10
/opt/airflow/dags/move_bronze_to_silver_partitioned.py                            1           0  0.29s           2025-04-28T01:53:10
/opt/airflow/dags/move_landing_to_bronze_partitioned.py                           1           0  0.28s           2025-04-28T01:53:10
/opt/airflow/dags/silver_to_gold_feature_engineering.py                           1           0  0.28s           2025-04-28T01:53:10
/opt/airflow/dags/export_tables_to_parquet.py                                     1           0  0.25s           2025-04-28T01:53:10
/opt/airflow/dags/orchestrate_full_pipeline.py                                    1           0  0.07s           2025-04-28T01:53:07
================================================================================
[2025-04-28T01:54:06.726+0000] {manager.py:878} INFO - 
================================================================================
DAG File Processing Stats

File Path                                                PID    Runtime      # DAGs    # Errors  Last Runtime    Last Run
-------------------------------------------------------  -----  ---------  --------  ----------  --------------  -------------------
/opt/airflow/dags/move_landing_to_bronze_partitioned.py                           1           0  0.31s           2025-04-28T01:53:41
/opt/airflow/dags/silver_to_gold_feature_engineering.py                           1           0  0.30s           2025-04-28T01:53:41
/opt/airflow/dags/create_gold_tables_from_parquet.py                              1           0  0.29s           2025-04-28T01:53:41
/opt/airflow/dags/move_bronze_to_silver_partitioned.py                            1           0  0.28s           2025-04-28T01:53:41
/opt/airflow/dags/export_tables_to_parquet.py                                     1           0  0.26s           2025-04-28T01:53:41
/opt/airflow/dags/orchestrate_full_pipeline.py                                    1           0  0.08s           2025-04-28T01:53:37
================================================================================
[2025-04-28T01:54:36.903+0000] {manager.py:878} INFO - 
================================================================================
DAG File Processing Stats

File Path                                                PID    Runtime      # DAGs    # Errors  Last Runtime    Last Run
-------------------------------------------------------  -----  ---------  --------  ----------  --------------  -------------------
/opt/airflow/dags/export_tables_to_parquet.py                                     1           0  0.29s           2025-04-28T01:54:12
/opt/airflow/dags/create_gold_tables_from_parquet.py                              1           0  0.29s           2025-04-28T01:54:12
/opt/airflow/dags/move_landing_to_bronze_partitioned.py                           1           0  0.28s           2025-04-28T01:54:12
/opt/airflow/dags/move_bronze_to_silver_partitioned.py                            1           0  0.28s           2025-04-28T01:54:12
/opt/airflow/dags/silver_to_gold_feature_engineering.py                           1           0  0.25s           2025-04-28T01:54:12
/opt/airflow/dags/orchestrate_full_pipeline.py                                    1           0  0.07s           2025-04-28T01:54:08
================================================================================
[2025-04-28T01:55:07.321+0000] {manager.py:878} INFO - 
================================================================================
DAG File Processing Stats

File Path                                                PID    Runtime      # DAGs    # Errors  Last Runtime    Last Run
-------------------------------------------------------  -----  ---------  --------  ----------  --------------  -------------------
/opt/airflow/dags/create_gold_tables_from_parquet.py                              1           0  0.29s           2025-04-28T01:54:43
/opt/airflow/dags/move_bronze_to_silver_partitioned.py                            1           0  0.29s           2025-04-28T01:54:43
/opt/airflow/dags/move_landing_to_bronze_partitioned.py                           1           0  0.28s           2025-04-28T01:54:44
/opt/airflow/dags/silver_to_gold_feature_engineering.py                           1           0  0.27s           2025-04-28T01:54:44
/opt/airflow/dags/export_tables_to_parquet.py                                     1           0  0.24s           2025-04-28T01:54:43
/opt/airflow/dags/orchestrate_full_pipeline.py                                    1           0  0.07s           2025-04-28T01:54:38
================================================================================
[2025-04-28T01:55:37.488+0000] {manager.py:878} INFO - 
================================================================================
DAG File Processing Stats

File Path                                                PID    Runtime      # DAGs    # Errors  Last Runtime    Last Run
-------------------------------------------------------  -----  ---------  --------  ----------  --------------  -------------------
/opt/airflow/dags/create_gold_tables_from_parquet.py                              1           0  0.29s           2025-04-28T01:55:14
/opt/airflow/dags/move_bronze_to_silver_partitioned.py                            1           0  0.28s           2025-04-28T01:55:14
/opt/airflow/dags/silver_to_gold_feature_engineering.py                           1           0  0.27s           2025-04-28T01:55:15
/opt/airflow/dags/move_landing_to_bronze_partitioned.py                           1           0  0.27s           2025-04-28T01:55:15
/opt/airflow/dags/export_tables_to_parquet.py                                     1           0  0.23s           2025-04-28T01:55:14
/opt/airflow/dags/orchestrate_full_pipeline.py                                    1           0  0.07s           2025-04-28T01:55:08
================================================================================
[2025-04-28T01:56:07.610+0000] {manager.py:878} INFO - 
================================================================================
DAG File Processing Stats

File Path                                                PID    Runtime      # DAGs    # Errors  Last Runtime    Last Run
-------------------------------------------------------  -----  ---------  --------  ----------  --------------  -------------------
/opt/airflow/dags/create_gold_tables_from_parquet.py                              1           0  0.29s           2025-04-28T01:55:45
/opt/airflow/dags/move_bronze_to_silver_partitioned.py                            1           0  0.28s           2025-04-28T01:55:45
/opt/airflow/dags/silver_to_gold_feature_engineering.py                           1           0  0.26s           2025-04-28T01:55:46
/opt/airflow/dags/move_landing_to_bronze_partitioned.py                           1           0  0.26s           2025-04-28T01:55:46
/opt/airflow/dags/export_tables_to_parquet.py                                     1           0  0.24s           2025-04-28T01:55:46
/opt/airflow/dags/orchestrate_full_pipeline.py                                    1           0  0.07s           2025-04-28T01:55:38
================================================================================
[2025-04-28T01:56:36.437+0000] {manager.py:737} INFO - Searching for files in /opt/airflow/dags
[2025-04-28T01:56:36.452+0000] {manager.py:740} INFO - There are 6 files in /opt/airflow/dags
[2025-04-28T01:56:37.677+0000] {manager.py:878} INFO - 
================================================================================
DAG File Processing Stats

File Path                                                PID    Runtime      # DAGs    # Errors  Last Runtime    Last Run
-------------------------------------------------------  -----  ---------  --------  ----------  --------------  -------------------
/opt/airflow/dags/create_gold_tables_from_parquet.py                              1           0  0.28s           2025-04-28T01:56:16
/opt/airflow/dags/move_bronze_to_silver_partitioned.py                            1           0  0.27s           2025-04-28T01:56:16
/opt/airflow/dags/move_landing_to_bronze_partitioned.py                           1           0  0.26s           2025-04-28T01:56:17
/opt/airflow/dags/silver_to_gold_feature_engineering.py                           1           0  0.26s           2025-04-28T01:56:17
/opt/airflow/dags/export_tables_to_parquet.py                                     1           0  0.24s           2025-04-28T01:56:17
/opt/airflow/dags/orchestrate_full_pipeline.py                                    1           0  0.07s           2025-04-28T01:56:08
================================================================================
[2025-04-28T01:57:07.720+0000] {manager.py:878} INFO - 
================================================================================
DAG File Processing Stats

File Path                                                PID    Runtime      # DAGs    # Errors  Last Runtime    Last Run
-------------------------------------------------------  -----  ---------  --------  ----------  --------------  -------------------
/opt/airflow/dags/export_tables_to_parquet.py                                     1           0  0.31s           2025-04-28T01:56:48
/opt/airflow/dags/create_gold_tables_from_parquet.py                              1           0  0.30s           2025-04-28T01:56:47
/opt/airflow/dags/move_bronze_to_silver_partitioned.py                            1           0  0.30s           2025-04-28T01:56:47
/opt/airflow/dags/move_landing_to_bronze_partitioned.py                           1           0  0.28s           2025-04-28T01:56:48
/opt/airflow/dags/silver_to_gold_feature_engineering.py                           1           0  0.28s           2025-04-28T01:56:48
/opt/airflow/dags/orchestrate_full_pipeline.py                                    1           0  0.06s           2025-04-28T01:56:39
================================================================================
[2025-04-28T01:57:37.882+0000] {manager.py:878} INFO - 
================================================================================
DAG File Processing Stats

File Path                                                PID    Runtime      # DAGs    # Errors  Last Runtime    Last Run
-------------------------------------------------------  -----  ---------  --------  ----------  --------------  -------------------
/opt/airflow/dags/create_gold_tables_from_parquet.py                              1           0  0.31s           2025-04-28T01:57:19
/opt/airflow/dags/move_bronze_to_silver_partitioned.py                            1           0  0.30s           2025-04-28T01:57:19
/opt/airflow/dags/move_landing_to_bronze_partitioned.py                           1           0  0.27s           2025-04-28T01:57:19
/opt/airflow/dags/silver_to_gold_feature_engineering.py                           1           0  0.27s           2025-04-28T01:57:19
/opt/airflow/dags/export_tables_to_parquet.py                                     1           0  0.25s           2025-04-28T01:57:19
/opt/airflow/dags/orchestrate_full_pipeline.py                                    1           0  0.07s           2025-04-28T01:57:09
================================================================================
[2025-04-28T01:58:07.979+0000] {manager.py:878} INFO - 
================================================================================
DAG File Processing Stats

File Path                                                PID    Runtime      # DAGs    # Errors  Last Runtime    Last Run
-------------------------------------------------------  -----  ---------  --------  ----------  --------------  -------------------
/opt/airflow/dags/create_gold_tables_from_parquet.py                              1           0  0.28s           2025-04-28T01:57:50
/opt/airflow/dags/move_bronze_to_silver_partitioned.py                            1           0  0.27s           2025-04-28T01:57:50
/opt/airflow/dags/move_landing_to_bronze_partitioned.py                           1           0  0.27s           2025-04-28T01:57:50
/opt/airflow/dags/silver_to_gold_feature_engineering.py                           1           0  0.26s           2025-04-28T01:57:50
/opt/airflow/dags/export_tables_to_parquet.py                                     1           0  0.25s           2025-04-28T01:57:50
/opt/airflow/dags/orchestrate_full_pipeline.py                                    1           0  0.07s           2025-04-28T01:57:39
================================================================================
[2025-04-28T01:58:38.134+0000] {manager.py:878} INFO - 
================================================================================
DAG File Processing Stats

File Path                                                PID    Runtime      # DAGs    # Errors  Last Runtime    Last Run
-------------------------------------------------------  -----  ---------  --------  ----------  --------------  -------------------
/opt/airflow/dags/create_gold_tables_from_parquet.py                              1           0  0.28s           2025-04-28T01:58:21
/opt/airflow/dags/move_bronze_to_silver_partitioned.py                            1           0  0.28s           2025-04-28T01:58:21
/opt/airflow/dags/move_landing_to_bronze_partitioned.py                           1           0  0.27s           2025-04-28T01:58:21
/opt/airflow/dags/silver_to_gold_feature_engineering.py                           1           0  0.26s           2025-04-28T01:58:21
/opt/airflow/dags/export_tables_to_parquet.py                                     1           0  0.25s           2025-04-28T01:58:21
/opt/airflow/dags/orchestrate_full_pipeline.py                                    1           0  0.08s           2025-04-28T01:58:10
================================================================================
[2025-04-28T01:59:08.240+0000] {manager.py:878} INFO - 
================================================================================
DAG File Processing Stats

File Path                                                PID    Runtime      # DAGs    # Errors  Last Runtime    Last Run
-------------------------------------------------------  -----  ---------  --------  ----------  --------------  -------------------
/opt/airflow/dags/create_gold_tables_from_parquet.py                              1           0  0.29s           2025-04-28T01:58:52
/opt/airflow/dags/move_bronze_to_silver_partitioned.py                            1           0  0.28s           2025-04-28T01:58:52
/opt/airflow/dags/move_landing_to_bronze_partitioned.py                           1           0  0.26s           2025-04-28T01:58:53
/opt/airflow/dags/silver_to_gold_feature_engineering.py                           1           0  0.26s           2025-04-28T01:58:53
/opt/airflow/dags/export_tables_to_parquet.py                                     1           0  0.23s           2025-04-28T01:58:52
/opt/airflow/dags/orchestrate_full_pipeline.py                                    1           0  0.07s           2025-04-28T01:58:40
================================================================================
[2025-04-28T01:59:38.350+0000] {manager.py:878} INFO - 
================================================================================
DAG File Processing Stats

File Path                                                PID    Runtime      # DAGs    # Errors  Last Runtime    Last Run
-------------------------------------------------------  -----  ---------  --------  ----------  --------------  -------------------
/opt/airflow/dags/create_gold_tables_from_parquet.py                              1           0  0.29s           2025-04-28T01:59:23
/opt/airflow/dags/move_bronze_to_silver_partitioned.py                            1           0  0.28s           2025-04-28T01:59:23
/opt/airflow/dags/move_landing_to_bronze_partitioned.py                           1           0  0.27s           2025-04-28T01:59:24
/opt/airflow/dags/silver_to_gold_feature_engineering.py                           1           0  0.26s           2025-04-28T01:59:24
/opt/airflow/dags/export_tables_to_parquet.py                                     1           0  0.24s           2025-04-28T01:59:23
/opt/airflow/dags/orchestrate_full_pipeline.py                                    1           0  0.07s           2025-04-28T01:59:10
================================================================================
[2025-04-28T02:00:08.450+0000] {manager.py:878} INFO - 
================================================================================
DAG File Processing Stats

File Path                                                PID    Runtime      # DAGs    # Errors  Last Runtime    Last Run
-------------------------------------------------------  -----  ---------  --------  ----------  --------------  -------------------
/opt/airflow/dags/create_gold_tables_from_parquet.py                              1           0  0.28s           2025-04-28T01:59:54
/opt/airflow/dags/move_bronze_to_silver_partitioned.py                            1           0  0.28s           2025-04-28T01:59:54
/opt/airflow/dags/move_landing_to_bronze_partitioned.py                           1           0  0.27s           2025-04-28T01:59:55
/opt/airflow/dags/silver_to_gold_feature_engineering.py                           1           0  0.27s           2025-04-28T01:59:55
/opt/airflow/dags/export_tables_to_parquet.py                                     1           0  0.24s           2025-04-28T01:59:55
/opt/airflow/dags/orchestrate_full_pipeline.py                                    1           0  0.07s           2025-04-28T01:59:40
================================================================================
[2025-04-28T02:00:38.572+0000] {manager.py:878} INFO - 
================================================================================
DAG File Processing Stats

File Path                                                PID    Runtime      # DAGs    # Errors  Last Runtime    Last Run
-------------------------------------------------------  -----  ---------  --------  ----------  --------------  -------------------
/opt/airflow/dags/create_gold_tables_from_parquet.py                              1           0  0.29s           2025-04-28T02:00:25
/opt/airflow/dags/move_bronze_to_silver_partitioned.py                            1           0  0.28s           2025-04-28T02:00:25
/opt/airflow/dags/move_landing_to_bronze_partitioned.py                           1           0  0.27s           2025-04-28T02:00:26
/opt/airflow/dags/silver_to_gold_feature_engineering.py                           1           0  0.27s           2025-04-28T02:00:26
/opt/airflow/dags/export_tables_to_parquet.py                                     1           0  0.24s           2025-04-28T02:00:26
/opt/airflow/dags/orchestrate_full_pipeline.py                                    1           0  0.06s           2025-04-28T02:00:10
================================================================================
[2025-04-28T02:01:08.697+0000] {manager.py:878} INFO - 
================================================================================
DAG File Processing Stats

File Path                                                PID    Runtime      # DAGs    # Errors  Last Runtime    Last Run
-------------------------------------------------------  -----  ---------  --------  ----------  --------------  -------------------
/opt/airflow/dags/create_gold_tables_from_parquet.py                              1           0  0.29s           2025-04-28T02:00:57
/opt/airflow/dags/move_bronze_to_silver_partitioned.py                            1           0  0.28s           2025-04-28T02:00:57
/opt/airflow/dags/move_landing_to_bronze_partitioned.py                           1           0  0.27s           2025-04-28T02:00:57
/opt/airflow/dags/silver_to_gold_feature_engineering.py                           1           0  0.27s           2025-04-28T02:00:57
/opt/airflow/dags/export_tables_to_parquet.py                                     1           0  0.24s           2025-04-28T02:00:57
/opt/airflow/dags/orchestrate_full_pipeline.py                                    1           0  0.06s           2025-04-28T02:00:40
================================================================================
[2025-04-28T02:01:36.583+0000] {manager.py:737} INFO - Searching for files in /opt/airflow/dags
[2025-04-28T02:01:36.596+0000] {manager.py:740} INFO - There are 6 files in /opt/airflow/dags
[2025-04-28T02:01:38.823+0000] {manager.py:878} INFO - 
================================================================================
DAG File Processing Stats

File Path                                                PID    Runtime      # DAGs    # Errors  Last Runtime    Last Run
-------------------------------------------------------  -----  ---------  --------  ----------  --------------  -------------------
/opt/airflow/dags/create_gold_tables_from_parquet.py                              1           0  0.29s           2025-04-28T02:01:28
/opt/airflow/dags/move_bronze_to_silver_partitioned.py                            1           0  0.28s           2025-04-28T02:01:28
/opt/airflow/dags/move_landing_to_bronze_partitioned.py                           1           0  0.27s           2025-04-28T02:01:28
/opt/airflow/dags/export_tables_to_parquet.py                                     1           0  0.27s           2025-04-28T02:01:28
/opt/airflow/dags/silver_to_gold_feature_engineering.py                           1           0  0.24s           2025-04-28T02:01:28
/opt/airflow/dags/orchestrate_full_pipeline.py                                    1           0  0.07s           2025-04-28T02:01:10
================================================================================
[2025-04-28T02:02:08.982+0000] {manager.py:878} INFO - 
================================================================================
DAG File Processing Stats

File Path                                                PID    Runtime      # DAGs    # Errors  Last Runtime    Last Run
-------------------------------------------------------  -----  ---------  --------  ----------  --------------  -------------------
/opt/airflow/dags/create_gold_tables_from_parquet.py                              1           0  0.29s           2025-04-28T02:01:59
/opt/airflow/dags/move_bronze_to_silver_partitioned.py                            1           0  0.29s           2025-04-28T02:01:59
/opt/airflow/dags/move_landing_to_bronze_partitioned.py                           1           0  0.27s           2025-04-28T02:01:59
/opt/airflow/dags/silver_to_gold_feature_engineering.py                           1           0  0.27s           2025-04-28T02:01:59
/opt/airflow/dags/export_tables_to_parquet.py                                     1           0  0.24s           2025-04-28T02:01:59
/opt/airflow/dags/orchestrate_full_pipeline.py                                    1           0  0.07s           2025-04-28T02:01:40
================================================================================
[2025-04-28T02:02:39.124+0000] {manager.py:878} INFO - 
================================================================================
DAG File Processing Stats

File Path                                                PID    Runtime      # DAGs    # Errors  Last Runtime    Last Run
-------------------------------------------------------  -----  ---------  --------  ----------  --------------  -------------------
/opt/airflow/dags/create_gold_tables_from_parquet.py                              1           0  0.28s           2025-04-28T02:02:30
/opt/airflow/dags/export_tables_to_parquet.py                                     1           0  0.27s           2025-04-28T02:02:30
/opt/airflow/dags/move_landing_to_bronze_partitioned.py                           1           0  0.27s           2025-04-28T02:02:30
/opt/airflow/dags/move_bronze_to_silver_partitioned.py                            1           0  0.27s           2025-04-28T02:02:30
/opt/airflow/dags/silver_to_gold_feature_engineering.py                           1           0  0.24s           2025-04-28T02:02:31
/opt/airflow/dags/orchestrate_full_pipeline.py                                    1           0  0.07s           2025-04-28T02:02:11
================================================================================
[2025-04-28T02:03:09.266+0000] {manager.py:878} INFO - 
================================================================================
DAG File Processing Stats

File Path                                                PID    Runtime      # DAGs    # Errors  Last Runtime    Last Run
-------------------------------------------------------  -----  ---------  --------  ----------  --------------  -------------------
/opt/airflow/dags/create_gold_tables_from_parquet.py                              1           0  0.28s           2025-04-28T02:03:01
/opt/airflow/dags/move_landing_to_bronze_partitioned.py                           1           0  0.27s           2025-04-28T02:03:02
/opt/airflow/dags/silver_to_gold_feature_engineering.py                           1           0  0.27s           2025-04-28T02:03:02
/opt/airflow/dags/move_bronze_to_silver_partitioned.py                            1           0  0.27s           2025-04-28T02:03:01
/opt/airflow/dags/export_tables_to_parquet.py                                     1           0  0.25s           2025-04-28T02:03:01
/opt/airflow/dags/orchestrate_full_pipeline.py                                    1           0  0.07s           2025-04-28T02:02:41
================================================================================
[2025-04-28T02:03:39.404+0000] {manager.py:878} INFO - 
================================================================================
DAG File Processing Stats

File Path                                                PID    Runtime      # DAGs    # Errors  Last Runtime    Last Run
-------------------------------------------------------  -----  ---------  --------  ----------  --------------  -------------------
/opt/airflow/dags/create_gold_tables_from_parquet.py                              1           0  0.29s           2025-04-28T02:03:32
/opt/airflow/dags/move_bronze_to_silver_partitioned.py                            1           0  0.28s           2025-04-28T02:03:32
/opt/airflow/dags/move_landing_to_bronze_partitioned.py                           1           0  0.27s           2025-04-28T02:03:33
/opt/airflow/dags/silver_to_gold_feature_engineering.py                           1           0  0.27s           2025-04-28T02:03:33
/opt/airflow/dags/export_tables_to_parquet.py                                     1           0  0.24s           2025-04-28T02:03:33
/opt/airflow/dags/orchestrate_full_pipeline.py                                    1           0  0.07s           2025-04-28T02:03:11
================================================================================
[2025-04-28T02:04:09.525+0000] {manager.py:878} INFO - 
================================================================================
DAG File Processing Stats

File Path                                                PID    Runtime      # DAGs    # Errors  Last Runtime    Last Run
-------------------------------------------------------  -----  ---------  --------  ----------  --------------  -------------------
/opt/airflow/dags/create_gold_tables_from_parquet.py                              1           0  0.28s           2025-04-28T02:04:03
/opt/airflow/dags/move_bronze_to_silver_partitioned.py                            1           0  0.28s           2025-04-28T02:04:03
/opt/airflow/dags/move_landing_to_bronze_partitioned.py                           1           0  0.27s           2025-04-28T02:04:04
/opt/airflow/dags/export_tables_to_parquet.py                                     1           0  0.26s           2025-04-28T02:04:04
/opt/airflow/dags/silver_to_gold_feature_engineering.py                           1           0  0.24s           2025-04-28T02:04:04
/opt/airflow/dags/orchestrate_full_pipeline.py                                    1           0  0.07s           2025-04-28T02:03:41
================================================================================
[2025-04-28T02:04:39.619+0000] {manager.py:878} INFO - 
================================================================================
DAG File Processing Stats

File Path                                                PID    Runtime      # DAGs    # Errors  Last Runtime    Last Run
-------------------------------------------------------  -----  ---------  --------  ----------  --------------  -------------------
/opt/airflow/dags/create_gold_tables_from_parquet.py                              1           0  0.28s           2025-04-28T02:04:35
/opt/airflow/dags/move_landing_to_bronze_partitioned.py                           1           0  0.27s           2025-04-28T02:04:35
/opt/airflow/dags/export_tables_to_parquet.py                                     1           0  0.27s           2025-04-28T02:04:35
/opt/airflow/dags/move_bronze_to_silver_partitioned.py                            1           0  0.27s           2025-04-28T02:04:35
/opt/airflow/dags/silver_to_gold_feature_engineering.py                           1           0  0.23s           2025-04-28T02:04:35
/opt/airflow/dags/orchestrate_full_pipeline.py                                    1           0  0.07s           2025-04-28T02:04:11
================================================================================
[2025-04-28T02:05:09.755+0000] {manager.py:878} INFO - 
================================================================================
DAG File Processing Stats

File Path                                                PID    Runtime      # DAGs    # Errors  Last Runtime    Last Run
-------------------------------------------------------  -----  ---------  --------  ----------  --------------  -------------------
/opt/airflow/dags/create_gold_tables_from_parquet.py                              1           0  0.29s           2025-04-28T02:05:06
/opt/airflow/dags/move_bronze_to_silver_partitioned.py                            1           0  0.28s           2025-04-28T02:05:06
/opt/airflow/dags/move_landing_to_bronze_partitioned.py                           1           0  0.27s           2025-04-28T02:05:06
/opt/airflow/dags/silver_to_gold_feature_engineering.py                           1           0  0.26s           2025-04-28T02:05:06
/opt/airflow/dags/export_tables_to_parquet.py                                     1           0  0.24s           2025-04-28T02:05:06
/opt/airflow/dags/orchestrate_full_pipeline.py                                    1           0  0.07s           2025-04-28T02:04:41
================================================================================
[2025-04-28T02:05:39.928+0000] {manager.py:878} INFO - 
================================================================================
DAG File Processing Stats

File Path                                                PID    Runtime      # DAGs    # Errors  Last Runtime    Last Run
-------------------------------------------------------  -----  ---------  --------  ----------  --------------  -------------------
/opt/airflow/dags/create_gold_tables_from_parquet.py                              1           0  0.28s           2025-04-28T02:05:37
/opt/airflow/dags/move_bronze_to_silver_partitioned.py                            1           0  0.28s           2025-04-28T02:05:37
/opt/airflow/dags/move_landing_to_bronze_partitioned.py                           1           0  0.27s           2025-04-28T02:05:37
/opt/airflow/dags/silver_to_gold_feature_engineering.py                           1           0  0.26s           2025-04-28T02:05:37
/opt/airflow/dags/export_tables_to_parquet.py                                     1           0  0.25s           2025-04-28T02:05:37
/opt/airflow/dags/orchestrate_full_pipeline.py                                    1           0  0.08s           2025-04-28T02:05:11
================================================================================
[2025-04-28T02:06:10.082+0000] {manager.py:878} INFO - 
================================================================================
DAG File Processing Stats

File Path                                                PID    Runtime      # DAGs    # Errors  Last Runtime    Last Run
-------------------------------------------------------  -----  ---------  --------  ----------  --------------  -------------------
/opt/airflow/dags/create_gold_tables_from_parquet.py                              1           0  0.29s           2025-04-28T02:06:08
/opt/airflow/dags/move_bronze_to_silver_partitioned.py                            1           0  0.28s           2025-04-28T02:06:08
/opt/airflow/dags/move_landing_to_bronze_partitioned.py                           1           0  0.27s           2025-04-28T02:06:09
/opt/airflow/dags/silver_to_gold_feature_engineering.py                           1           0  0.27s           2025-04-28T02:06:09
/opt/airflow/dags/export_tables_to_parquet.py                                     1           0  0.24s           2025-04-28T02:06:08
/opt/airflow/dags/orchestrate_full_pipeline.py                                    1           0  0.07s           2025-04-28T02:05:42
================================================================================
[2025-04-28T02:06:37.410+0000] {manager.py:737} INFO - Searching for files in /opt/airflow/dags
[2025-04-28T02:06:37.426+0000] {manager.py:740} INFO - There are 6 files in /opt/airflow/dags
[2025-04-28T02:06:40.257+0000] {manager.py:878} INFO - 
================================================================================
DAG File Processing Stats

File Path                                                PID    Runtime      # DAGs    # Errors  Last Runtime    Last Run
-------------------------------------------------------  -----  ---------  --------  ----------  --------------  -------------------
/opt/airflow/dags/create_gold_tables_from_parquet.py                              1           0  0.29s           2025-04-28T02:06:39
/opt/airflow/dags/move_bronze_to_silver_partitioned.py                            1           0  0.28s           2025-04-28T02:06:39
/opt/airflow/dags/move_landing_to_bronze_partitioned.py                           1           0  0.27s           2025-04-28T02:06:40
/opt/airflow/dags/silver_to_gold_feature_engineering.py                           1           0  0.27s           2025-04-28T02:06:40
/opt/airflow/dags/export_tables_to_parquet.py                                     1           0  0.24s           2025-04-28T02:06:39
/opt/airflow/dags/orchestrate_full_pipeline.py                                    1           0  0.07s           2025-04-28T02:06:12
================================================================================
[2025-04-28T02:07:10.554+0000] {manager.py:878} INFO - 
================================================================================
DAG File Processing Stats

File Path                                                  PID  Runtime      # DAGs    # Errors  Last Runtime    Last Run
-------------------------------------------------------  -----  ---------  --------  ----------  --------------  -------------------
/opt/airflow/dags/create_gold_tables_from_parquet.py      1283  0.01s             1           0  0.29s           2025-04-28T02:06:39
/opt/airflow/dags/move_bronze_to_silver_partitioned.py    1286  0.00s             1           0  0.28s           2025-04-28T02:06:39
/opt/airflow/dags/move_landing_to_bronze_partitioned.py                           1           0  0.27s           2025-04-28T02:06:40
/opt/airflow/dags/silver_to_gold_feature_engineering.py                           1           0  0.27s           2025-04-28T02:06:40
/opt/airflow/dags/export_tables_to_parquet.py                                     1           0  0.24s           2025-04-28T02:06:39
/opt/airflow/dags/orchestrate_full_pipeline.py                                    1           0  0.07s           2025-04-28T02:06:42
================================================================================
[2025-04-28T02:07:40.640+0000] {manager.py:878} INFO - 
================================================================================
DAG File Processing Stats

File Path                                                PID    Runtime      # DAGs    # Errors  Last Runtime    Last Run
-------------------------------------------------------  -----  ---------  --------  ----------  --------------  -------------------
/opt/airflow/dags/create_gold_tables_from_parquet.py                              1           0  0.30s           2025-04-28T02:07:10
/opt/airflow/dags/move_bronze_to_silver_partitioned.py                            1           0  0.29s           2025-04-28T02:07:10
/opt/airflow/dags/move_landing_to_bronze_partitioned.py                           1           0  0.27s           2025-04-28T02:07:11
/opt/airflow/dags/silver_to_gold_feature_engineering.py                           1           0  0.26s           2025-04-28T02:07:11
/opt/airflow/dags/export_tables_to_parquet.py                                     1           0  0.26s           2025-04-28T02:07:11
/opt/airflow/dags/orchestrate_full_pipeline.py                                    1           0  0.08s           2025-04-28T02:07:12
================================================================================
[2025-04-28T02:08:10.751+0000] {manager.py:878} INFO - 
================================================================================
DAG File Processing Stats

File Path                                                PID    Runtime      # DAGs    # Errors  Last Runtime    Last Run
-------------------------------------------------------  -----  ---------  --------  ----------  --------------  -------------------
/opt/airflow/dags/create_gold_tables_from_parquet.py                              1           0  0.28s           2025-04-28T02:07:41
/opt/airflow/dags/move_bronze_to_silver_partitioned.py                            1           0  0.27s           2025-04-28T02:07:41
/opt/airflow/dags/move_landing_to_bronze_partitioned.py                           1           0  0.27s           2025-04-28T02:07:42
/opt/airflow/dags/silver_to_gold_feature_engineering.py                           1           0  0.26s           2025-04-28T02:07:42
/opt/airflow/dags/export_tables_to_parquet.py                                     1           0  0.23s           2025-04-28T02:07:42
/opt/airflow/dags/orchestrate_full_pipeline.py                                    1           0  0.07s           2025-04-28T02:07:43
================================================================================
[2025-04-28T02:08:40.855+0000] {manager.py:878} INFO - 
================================================================================
DAG File Processing Stats

File Path                                                PID    Runtime      # DAGs    # Errors  Last Runtime    Last Run
-------------------------------------------------------  -----  ---------  --------  ----------  --------------  -------------------
/opt/airflow/dags/create_gold_tables_from_parquet.py                              1           0  0.28s           2025-04-28T02:08:13
/opt/airflow/dags/move_bronze_to_silver_partitioned.py                            1           0  0.27s           2025-04-28T02:08:13
/opt/airflow/dags/move_landing_to_bronze_partitioned.py                           1           0  0.26s           2025-04-28T02:08:13
/opt/airflow/dags/export_tables_to_parquet.py                                     1           0  0.26s           2025-04-28T02:08:13
/opt/airflow/dags/silver_to_gold_feature_engineering.py                           1           0  0.23s           2025-04-28T02:08:13
/opt/airflow/dags/orchestrate_full_pipeline.py                                    1           0  0.04s           2025-04-28T02:08:13
================================================================================
[2025-04-28T02:09:10.903+0000] {manager.py:878} INFO - 
================================================================================
DAG File Processing Stats

File Path                                                PID    Runtime      # DAGs    # Errors  Last Runtime    Last Run
-------------------------------------------------------  -----  ---------  --------  ----------  --------------  -------------------
/opt/airflow/dags/create_gold_tables_from_parquet.py                              1           0  0.29s           2025-04-28T02:08:44
/opt/airflow/dags/move_bronze_to_silver_partitioned.py                            1           0  0.27s           2025-04-28T02:08:44
/opt/airflow/dags/export_tables_to_parquet.py                                     1           0  0.27s           2025-04-28T02:08:44
/opt/airflow/dags/move_landing_to_bronze_partitioned.py                           1           0  0.27s           2025-04-28T02:08:44
/opt/airflow/dags/silver_to_gold_feature_engineering.py                           1           0  0.25s           2025-04-28T02:08:44
/opt/airflow/dags/orchestrate_full_pipeline.py                                    1           0  0.07s           2025-04-28T02:08:43
================================================================================
[2025-04-28T02:09:41.795+0000] {manager.py:878} INFO - 
================================================================================
DAG File Processing Stats

File Path                                                PID    Runtime      # DAGs    # Errors  Last Runtime    Last Run
-------------------------------------------------------  -----  ---------  --------  ----------  --------------  -------------------
/opt/airflow/dags/create_gold_tables_from_parquet.py                              1           0  0.29s           2025-04-28T02:09:15
/opt/airflow/dags/move_landing_to_bronze_partitioned.py                           1           0  0.28s           2025-04-28T02:09:15
/opt/airflow/dags/move_bronze_to_silver_partitioned.py                            1           0  0.28s           2025-04-28T02:09:15
/opt/airflow/dags/export_tables_to_parquet.py                                     1           0  0.27s           2025-04-28T02:09:15
/opt/airflow/dags/silver_to_gold_feature_engineering.py                           1           0  0.25s           2025-04-28T02:09:15
/opt/airflow/dags/orchestrate_full_pipeline.py                                    1           0  0.08s           2025-04-28T02:09:14
================================================================================
[2025-04-28T02:10:11.914+0000] {manager.py:878} INFO - 
================================================================================
DAG File Processing Stats

File Path                                                PID    Runtime      # DAGs    # Errors  Last Runtime    Last Run
-------------------------------------------------------  -----  ---------  --------  ----------  --------------  -------------------
/opt/airflow/dags/create_gold_tables_from_parquet.py                              1           0  0.29s           2025-04-28T02:09:46
/opt/airflow/dags/export_tables_to_parquet.py                                     1           0  0.28s           2025-04-28T02:09:46
/opt/airflow/dags/move_landing_to_bronze_partitioned.py                           1           0  0.27s           2025-04-28T02:09:46
/opt/airflow/dags/move_bronze_to_silver_partitioned.py                            1           0  0.27s           2025-04-28T02:09:46
/opt/airflow/dags/silver_to_gold_feature_engineering.py                           1           0  0.24s           2025-04-28T02:09:46
/opt/airflow/dags/orchestrate_full_pipeline.py                                    1           0  0.07s           2025-04-28T02:09:45
================================================================================
[2025-04-28T02:10:41.967+0000] {manager.py:878} INFO - 
================================================================================
DAG File Processing Stats

File Path                                                PID    Runtime      # DAGs    # Errors  Last Runtime    Last Run
-------------------------------------------------------  -----  ---------  --------  ----------  --------------  -------------------
/opt/airflow/dags/create_gold_tables_from_parquet.py                              1           0  0.28s           2025-04-28T02:10:17
/opt/airflow/dags/move_bronze_to_silver_partitioned.py                            1           0  0.27s           2025-04-28T02:10:17
/opt/airflow/dags/move_landing_to_bronze_partitioned.py                           1           0  0.26s           2025-04-28T02:10:17
/opt/airflow/dags/silver_to_gold_feature_engineering.py                           1           0  0.26s           2025-04-28T02:10:17
/opt/airflow/dags/export_tables_to_parquet.py                                     1           0  0.23s           2025-04-28T02:10:17
/opt/airflow/dags/orchestrate_full_pipeline.py                                    1           0  0.06s           2025-04-28T02:10:16
================================================================================
[2025-04-28T02:11:12.605+0000] {manager.py:878} INFO - 
================================================================================
DAG File Processing Stats

File Path                                                PID    Runtime      # DAGs    # Errors  Last Runtime    Last Run
-------------------------------------------------------  -----  ---------  --------  ----------  --------------  -------------------
/opt/airflow/dags/create_gold_tables_from_parquet.py                              1           0  0.29s           2025-04-28T02:10:48
/opt/airflow/dags/move_bronze_to_silver_partitioned.py                            1           0  0.27s           2025-04-28T02:10:48
/opt/airflow/dags/move_landing_to_bronze_partitioned.py                           1           0  0.26s           2025-04-28T02:10:48
/opt/airflow/dags/silver_to_gold_feature_engineering.py                           1           0  0.26s           2025-04-28T02:10:48
/opt/airflow/dags/export_tables_to_parquet.py                                     1           0  0.23s           2025-04-28T02:10:48
/opt/airflow/dags/orchestrate_full_pipeline.py                                    1           0  0.07s           2025-04-28T02:10:46
================================================================================
[2025-04-28T02:11:37.431+0000] {manager.py:737} INFO - Searching for files in /opt/airflow/dags
[2025-04-28T02:11:37.445+0000] {manager.py:740} INFO - There are 6 files in /opt/airflow/dags
[2025-04-28T02:11:42.671+0000] {manager.py:878} INFO - 
================================================================================
DAG File Processing Stats

File Path                                                PID    Runtime      # DAGs    # Errors  Last Runtime    Last Run
-------------------------------------------------------  -----  ---------  --------  ----------  --------------  -------------------
/opt/airflow/dags/create_gold_tables_from_parquet.py                              1           0  0.28s           2025-04-28T02:11:18
/opt/airflow/dags/move_bronze_to_silver_partitioned.py                            1           0  0.27s           2025-04-28T02:11:18
/opt/airflow/dags/move_landing_to_bronze_partitioned.py                           1           0  0.26s           2025-04-28T02:11:19
/opt/airflow/dags/silver_to_gold_feature_engineering.py                           1           0  0.26s           2025-04-28T02:11:19
/opt/airflow/dags/export_tables_to_parquet.py                                     1           0  0.24s           2025-04-28T02:11:19
/opt/airflow/dags/orchestrate_full_pipeline.py                                    1           0  0.07s           2025-04-28T02:11:17
================================================================================
[2025-04-28T02:12:13.366+0000] {manager.py:878} INFO - 
================================================================================
DAG File Processing Stats

File Path                                                PID    Runtime      # DAGs    # Errors  Last Runtime    Last Run
-------------------------------------------------------  -----  ---------  --------  ----------  --------------  -------------------
/opt/airflow/dags/create_gold_tables_from_parquet.py                              1           0  0.27s           2025-04-28T02:11:49
/opt/airflow/dags/move_bronze_to_silver_partitioned.py                            1           0  0.27s           2025-04-28T02:11:49
/opt/airflow/dags/move_landing_to_bronze_partitioned.py                           1           0  0.26s           2025-04-28T02:11:50
/opt/airflow/dags/silver_to_gold_feature_engineering.py                           1           0  0.26s           2025-04-28T02:11:50
/opt/airflow/dags/export_tables_to_parquet.py                                     1           0  0.24s           2025-04-28T02:11:50
/opt/airflow/dags/orchestrate_full_pipeline.py                                    1           0  0.07s           2025-04-28T02:11:48
================================================================================
[2025-04-28T02:12:43.412+0000] {manager.py:878} INFO - 
================================================================================
DAG File Processing Stats

File Path                                                PID    Runtime      # DAGs    # Errors  Last Runtime    Last Run
-------------------------------------------------------  -----  ---------  --------  ----------  --------------  -------------------
/opt/airflow/dags/create_gold_tables_from_parquet.py                              1           0  0.28s           2025-04-28T02:12:20
/opt/airflow/dags/move_bronze_to_silver_partitioned.py                            1           0  0.27s           2025-04-28T02:12:20
/opt/airflow/dags/move_landing_to_bronze_partitioned.py                           1           0  0.26s           2025-04-28T02:12:21
/opt/airflow/dags/silver_to_gold_feature_engineering.py                           1           0  0.26s           2025-04-28T02:12:21
/opt/airflow/dags/export_tables_to_parquet.py                                     1           0  0.23s           2025-04-28T02:12:20
/opt/airflow/dags/orchestrate_full_pipeline.py                                    1           0  0.07s           2025-04-28T02:12:19
================================================================================
[2025-04-28T02:13:14.056+0000] {manager.py:878} INFO - 
================================================================================
DAG File Processing Stats

File Path                                                PID    Runtime      # DAGs    # Errors  Last Runtime    Last Run
-------------------------------------------------------  -----  ---------  --------  ----------  --------------  -------------------
/opt/airflow/dags/create_gold_tables_from_parquet.py                              1           0  0.28s           2025-04-28T02:12:51
/opt/airflow/dags/move_bronze_to_silver_partitioned.py                            1           0  0.28s           2025-04-28T02:12:51
/opt/airflow/dags/move_landing_to_bronze_partitioned.py                           1           0  0.27s           2025-04-28T02:12:52
/opt/airflow/dags/silver_to_gold_feature_engineering.py                           1           0  0.27s           2025-04-28T02:12:52
/opt/airflow/dags/export_tables_to_parquet.py                                     1           0  0.24s           2025-04-28T02:12:51
/opt/airflow/dags/orchestrate_full_pipeline.py                                    1           0  0.07s           2025-04-28T02:12:50
================================================================================
[2025-04-28T02:13:44.196+0000] {manager.py:878} INFO - 
================================================================================
DAG File Processing Stats

File Path                                                PID    Runtime      # DAGs    # Errors  Last Runtime    Last Run
-------------------------------------------------------  -----  ---------  --------  ----------  --------------  -------------------
/opt/airflow/dags/create_gold_tables_from_parquet.py                              1           0  0.28s           2025-04-28T02:13:22
/opt/airflow/dags/move_bronze_to_silver_partitioned.py                            1           0  0.27s           2025-04-28T02:13:22
/opt/airflow/dags/move_landing_to_bronze_partitioned.py                           1           0  0.27s           2025-04-28T02:13:23
/opt/airflow/dags/silver_to_gold_feature_engineering.py                           1           0  0.26s           2025-04-28T02:13:23
/opt/airflow/dags/export_tables_to_parquet.py                                     1           0  0.23s           2025-04-28T02:13:22
/opt/airflow/dags/orchestrate_full_pipeline.py                                    1           0  0.07s           2025-04-28T02:13:20
================================================================================
[2025-04-28T02:14:14.271+0000] {manager.py:878} INFO - 
================================================================================
DAG File Processing Stats

File Path                                                PID    Runtime      # DAGs    # Errors  Last Runtime    Last Run
-------------------------------------------------------  -----  ---------  --------  ----------  --------------  -------------------
/opt/airflow/dags/create_gold_tables_from_parquet.py                              1           0  0.28s           2025-04-28T02:13:53
/opt/airflow/dags/move_bronze_to_silver_partitioned.py                            1           0  0.27s           2025-04-28T02:13:53
/opt/airflow/dags/move_landing_to_bronze_partitioned.py                           1           0  0.26s           2025-04-28T02:13:54
/opt/airflow/dags/silver_to_gold_feature_engineering.py                           1           0  0.26s           2025-04-28T02:13:54
/opt/airflow/dags/export_tables_to_parquet.py                                     1           0  0.23s           2025-04-28T02:13:53
/opt/airflow/dags/orchestrate_full_pipeline.py                                    1           0  0.07s           2025-04-28T02:13:51
================================================================================
[2025-04-28T02:14:45.153+0000] {manager.py:878} INFO - 
================================================================================
DAG File Processing Stats

File Path                                                PID    Runtime      # DAGs    # Errors  Last Runtime    Last Run
-------------------------------------------------------  -----  ---------  --------  ----------  --------------  -------------------
/opt/airflow/dags/create_gold_tables_from_parquet.py                              1           0  0.27s           2025-04-28T02:14:24
/opt/airflow/dags/move_bronze_to_silver_partitioned.py                            1           0  0.27s           2025-04-28T02:14:24
/opt/airflow/dags/move_landing_to_bronze_partitioned.py                           1           0  0.26s           2025-04-28T02:14:24
/opt/airflow/dags/silver_to_gold_feature_engineering.py                           1           0  0.25s           2025-04-28T02:14:24
/opt/airflow/dags/export_tables_to_parquet.py                                     1           0  0.24s           2025-04-28T02:14:24
/opt/airflow/dags/orchestrate_full_pipeline.py                                    1           0  0.08s           2025-04-28T02:14:22
================================================================================
[2025-04-28T02:15:15.228+0000] {manager.py:878} INFO - 
================================================================================
DAG File Processing Stats

File Path                                                PID    Runtime      # DAGs    # Errors  Last Runtime    Last Run
-------------------------------------------------------  -----  ---------  --------  ----------  --------------  -------------------
/opt/airflow/dags/create_gold_tables_from_parquet.py                              1           0  0.28s           2025-04-28T02:14:55
/opt/airflow/dags/move_bronze_to_silver_partitioned.py                            1           0  0.28s           2025-04-28T02:14:55
/opt/airflow/dags/move_landing_to_bronze_partitioned.py                           1           0  0.26s           2025-04-28T02:14:56
/opt/airflow/dags/silver_to_gold_feature_engineering.py                           1           0  0.26s           2025-04-28T02:14:56
/opt/airflow/dags/export_tables_to_parquet.py                                     1           0  0.24s           2025-04-28T02:14:55
/opt/airflow/dags/orchestrate_full_pipeline.py                                    1           0  0.07s           2025-04-28T02:14:52
================================================================================
[2025-04-28T02:15:45.898+0000] {manager.py:878} INFO - 
================================================================================
DAG File Processing Stats

File Path                                                PID    Runtime      # DAGs    # Errors  Last Runtime    Last Run
-------------------------------------------------------  -----  ---------  --------  ----------  --------------  -------------------
/opt/airflow/dags/create_gold_tables_from_parquet.py                              1           0  0.28s           2025-04-28T02:15:26
/opt/airflow/dags/move_bronze_to_silver_partitioned.py                            1           0  0.27s           2025-04-28T02:15:26
/opt/airflow/dags/export_tables_to_parquet.py                                     1           0  0.26s           2025-04-28T02:15:26
/opt/airflow/dags/move_landing_to_bronze_partitioned.py                           1           0  0.26s           2025-04-28T02:15:26
/opt/airflow/dags/silver_to_gold_feature_engineering.py                           1           0  0.23s           2025-04-28T02:15:26
/opt/airflow/dags/orchestrate_full_pipeline.py                                    1           0  0.07s           2025-04-28T02:15:23
================================================================================
[2025-04-28T02:16:15.987+0000] {manager.py:878} INFO - 
================================================================================
DAG File Processing Stats

File Path                                                PID    Runtime      # DAGs    # Errors  Last Runtime    Last Run
-------------------------------------------------------  -----  ---------  --------  ----------  --------------  -------------------
/opt/airflow/dags/create_gold_tables_from_parquet.py                              1           0  0.28s           2025-04-28T02:15:57
/opt/airflow/dags/move_bronze_to_silver_partitioned.py                            1           0  0.27s           2025-04-28T02:15:57
/opt/airflow/dags/move_landing_to_bronze_partitioned.py                           1           0  0.26s           2025-04-28T02:15:57
/opt/airflow/dags/silver_to_gold_feature_engineering.py                           1           0  0.26s           2025-04-28T02:15:57
/opt/airflow/dags/export_tables_to_parquet.py                                     1           0  0.23s           2025-04-28T02:15:57
/opt/airflow/dags/orchestrate_full_pipeline.py                                    1           0  0.07s           2025-04-28T02:15:54
================================================================================
[2025-04-28T02:16:37.765+0000] {manager.py:737} INFO - Searching for files in /opt/airflow/dags
[2025-04-28T02:16:37.779+0000] {manager.py:740} INFO - There are 6 files in /opt/airflow/dags
[2025-04-28T02:16:46.052+0000] {manager.py:878} INFO - 
================================================================================
DAG File Processing Stats

File Path                                                PID    Runtime      # DAGs    # Errors  Last Runtime    Last Run
-------------------------------------------------------  -----  ---------  --------  ----------  --------------  -------------------
/opt/airflow/dags/create_gold_tables_from_parquet.py                              1           0  0.28s           2025-04-28T02:16:28
/opt/airflow/dags/move_bronze_to_silver_partitioned.py                            1           0  0.27s           2025-04-28T02:16:28
/opt/airflow/dags/export_tables_to_parquet.py                                     1           0  0.27s           2025-04-28T02:16:28
/opt/airflow/dags/move_landing_to_bronze_partitioned.py                           1           0  0.26s           2025-04-28T02:16:28
/opt/airflow/dags/silver_to_gold_feature_engineering.py                           1           0  0.24s           2025-04-28T02:16:28
/opt/airflow/dags/orchestrate_full_pipeline.py                                    1           0  0.07s           2025-04-28T02:16:24
================================================================================
[2025-04-28T02:17:16.704+0000] {manager.py:878} INFO - 
================================================================================
DAG File Processing Stats

File Path                                                PID    Runtime      # DAGs    # Errors  Last Runtime    Last Run
-------------------------------------------------------  -----  ---------  --------  ----------  --------------  -------------------
/opt/airflow/dags/create_gold_tables_from_parquet.py                              1           0  0.27s           2025-04-28T02:16:59
/opt/airflow/dags/move_bronze_to_silver_partitioned.py                            1           0  0.26s           2025-04-28T02:16:59
/opt/airflow/dags/move_landing_to_bronze_partitioned.py                           1           0  0.26s           2025-04-28T02:16:59
/opt/airflow/dags/silver_to_gold_feature_engineering.py                           1           0  0.26s           2025-04-28T02:16:59
/opt/airflow/dags/export_tables_to_parquet.py                                     1           0  0.23s           2025-04-28T02:16:59
/opt/airflow/dags/orchestrate_full_pipeline.py                                    1           0  0.06s           2025-04-28T02:16:55
================================================================================
[2025-04-28T02:17:46.814+0000] {manager.py:878} INFO - 
================================================================================
DAG File Processing Stats

File Path                                                PID    Runtime      # DAGs    # Errors  Last Runtime    Last Run
-------------------------------------------------------  -----  ---------  --------  ----------  --------------  -------------------
/opt/airflow/dags/create_gold_tables_from_parquet.py                              1           0  0.28s           2025-04-28T02:17:30
/opt/airflow/dags/move_bronze_to_silver_partitioned.py                            1           0  0.27s           2025-04-28T02:17:30
/opt/airflow/dags/move_landing_to_bronze_partitioned.py                           1           0  0.26s           2025-04-28T02:17:30
/opt/airflow/dags/silver_to_gold_feature_engineering.py                           1           0  0.26s           2025-04-28T02:17:30
/opt/airflow/dags/export_tables_to_parquet.py                                     1           0  0.23s           2025-04-28T02:17:30
/opt/airflow/dags/orchestrate_full_pipeline.py                                    1           0  0.06s           2025-04-28T02:17:25
================================================================================
[2025-04-28T02:18:16.895+0000] {manager.py:878} INFO - 
================================================================================
DAG File Processing Stats

File Path                                                PID    Runtime      # DAGs    # Errors  Last Runtime    Last Run
-------------------------------------------------------  -----  ---------  --------  ----------  --------------  -------------------
/opt/airflow/dags/create_gold_tables_from_parquet.py                              1           0  0.28s           2025-04-28T02:18:01
/opt/airflow/dags/move_bronze_to_silver_partitioned.py                            1           0  0.27s           2025-04-28T02:18:01
/opt/airflow/dags/move_landing_to_bronze_partitioned.py                           1           0  0.26s           2025-04-28T02:18:01
/opt/airflow/dags/export_tables_to_parquet.py                                     1           0  0.26s           2025-04-28T02:18:01
/opt/airflow/dags/silver_to_gold_feature_engineering.py                           1           0  0.23s           2025-04-28T02:18:01
/opt/airflow/dags/orchestrate_full_pipeline.py                                    1           0  0.07s           2025-04-28T02:17:55
================================================================================
[2025-04-28T02:18:47.536+0000] {manager.py:878} INFO - 
================================================================================
DAG File Processing Stats

File Path                                                PID    Runtime      # DAGs    # Errors  Last Runtime    Last Run
-------------------------------------------------------  -----  ---------  --------  ----------  --------------  -------------------
/opt/airflow/dags/create_gold_tables_from_parquet.py                              1           0  0.29s           2025-04-28T02:18:32
/opt/airflow/dags/move_bronze_to_silver_partitioned.py                            1           0  0.27s           2025-04-28T02:18:32
/opt/airflow/dags/move_landing_to_bronze_partitioned.py                           1           0  0.27s           2025-04-28T02:18:32
/opt/airflow/dags/silver_to_gold_feature_engineering.py                           1           0  0.26s           2025-04-28T02:18:32
/opt/airflow/dags/export_tables_to_parquet.py                                     1           0  0.23s           2025-04-28T02:18:32
/opt/airflow/dags/orchestrate_full_pipeline.py                                    1           0  0.07s           2025-04-28T02:18:26
================================================================================
[2025-04-28T02:19:17.604+0000] {manager.py:878} INFO - 
================================================================================
DAG File Processing Stats

File Path                                                PID    Runtime      # DAGs    # Errors  Last Runtime    Last Run
-------------------------------------------------------  -----  ---------  --------  ----------  --------------  -------------------
/opt/airflow/dags/create_gold_tables_from_parquet.py                              1           0  0.28s           2025-04-28T02:19:02
/opt/airflow/dags/move_bronze_to_silver_partitioned.py                            1           0  0.27s           2025-04-28T02:19:02
/opt/airflow/dags/move_landing_to_bronze_partitioned.py                           1           0  0.27s           2025-04-28T02:19:03
/opt/airflow/dags/export_tables_to_parquet.py                                     1           0  0.26s           2025-04-28T02:19:03
/opt/airflow/dags/silver_to_gold_feature_engineering.py                           1           0  0.23s           2025-04-28T02:19:03
/opt/airflow/dags/orchestrate_full_pipeline.py                                    1           0  0.06s           2025-04-28T02:18:57
================================================================================
[2025-04-28T02:19:48.496+0000] {manager.py:878} INFO - 
================================================================================
DAG File Processing Stats

File Path                                                PID    Runtime      # DAGs    # Errors  Last Runtime    Last Run
-------------------------------------------------------  -----  ---------  --------  ----------  --------------  -------------------
/opt/airflow/dags/create_gold_tables_from_parquet.py                              1           0  0.27s           2025-04-28T02:19:33
/opt/airflow/dags/move_bronze_to_silver_partitioned.py                            1           0  0.27s           2025-04-28T02:19:33
/opt/airflow/dags/silver_to_gold_feature_engineering.py                           1           0  0.27s           2025-04-28T02:19:34
/opt/airflow/dags/move_landing_to_bronze_partitioned.py                           1           0  0.27s           2025-04-28T02:19:34
/opt/airflow/dags/export_tables_to_parquet.py                                     1           0  0.23s           2025-04-28T02:19:34
/opt/airflow/dags/orchestrate_full_pipeline.py                                    1           0  0.06s           2025-04-28T02:19:28
================================================================================
[2025-04-28T02:20:18.581+0000] {manager.py:878} INFO - 
================================================================================
DAG File Processing Stats

File Path                                                PID    Runtime      # DAGs    # Errors  Last Runtime    Last Run
-------------------------------------------------------  -----  ---------  --------  ----------  --------------  -------------------
/opt/airflow/dags/create_gold_tables_from_parquet.py                              1           0  0.29s           2025-04-28T02:20:04
/opt/airflow/dags/move_bronze_to_silver_partitioned.py                            1           0  0.27s           2025-04-28T02:20:04
/opt/airflow/dags/move_landing_to_bronze_partitioned.py                           1           0  0.26s           2025-04-28T02:20:05
/opt/airflow/dags/silver_to_gold_feature_engineering.py                           1           0  0.26s           2025-04-28T02:20:05
/opt/airflow/dags/export_tables_to_parquet.py                                     1           0  0.23s           2025-04-28T02:20:05
/opt/airflow/dags/orchestrate_full_pipeline.py                                    1           0  0.07s           2025-04-28T02:19:58
================================================================================
[2025-04-28T02:20:49.500+0000] {manager.py:878} INFO - 
================================================================================
DAG File Processing Stats

File Path                                                PID    Runtime      # DAGs    # Errors  Last Runtime    Last Run
-------------------------------------------------------  -----  ---------  --------  ----------  --------------  -------------------
/opt/airflow/dags/create_gold_tables_from_parquet.py                              1           0  0.29s           2025-04-28T02:20:35
/opt/airflow/dags/move_bronze_to_silver_partitioned.py                            1           0  0.27s           2025-04-28T02:20:35
/opt/airflow/dags/silver_to_gold_feature_engineering.py                           1           0  0.26s           2025-04-28T02:20:36
/opt/airflow/dags/move_landing_to_bronze_partitioned.py                           1           0  0.26s           2025-04-28T02:20:36
/opt/airflow/dags/export_tables_to_parquet.py                                     1           0  0.24s           2025-04-28T02:20:36
/opt/airflow/dags/orchestrate_full_pipeline.py                                    1           0  0.08s           2025-04-28T02:20:29
================================================================================
[2025-04-28T02:21:19.602+0000] {manager.py:878} INFO - 
================================================================================
DAG File Processing Stats

File Path                                                PID    Runtime      # DAGs    # Errors  Last Runtime    Last Run
-------------------------------------------------------  -----  ---------  --------  ----------  --------------  -------------------
/opt/airflow/dags/create_gold_tables_from_parquet.py                              1           0  0.28s           2025-04-28T02:21:06
/opt/airflow/dags/move_bronze_to_silver_partitioned.py                            1           0  0.26s           2025-04-28T02:21:06
/opt/airflow/dags/move_landing_to_bronze_partitioned.py                           1           0  0.26s           2025-04-28T02:21:07
/opt/airflow/dags/silver_to_gold_feature_engineering.py                           1           0  0.25s           2025-04-28T02:21:07
/opt/airflow/dags/export_tables_to_parquet.py                                     1           0  0.23s           2025-04-28T02:21:07
/opt/airflow/dags/orchestrate_full_pipeline.py                                    1           0  0.07s           2025-04-28T02:20:59
================================================================================
[2025-04-28T02:21:37.786+0000] {manager.py:737} INFO - Searching for files in /opt/airflow/dags
[2025-04-28T02:21:37.800+0000] {manager.py:740} INFO - There are 6 files in /opt/airflow/dags
[2025-04-28T02:21:49.697+0000] {manager.py:878} INFO - 
================================================================================
DAG File Processing Stats

File Path                                                PID    Runtime      # DAGs    # Errors  Last Runtime    Last Run
-------------------------------------------------------  -----  ---------  --------  ----------  --------------  -------------------
/opt/airflow/dags/create_gold_tables_from_parquet.py                              1           0  0.28s           2025-04-28T02:21:38
/opt/airflow/dags/move_bronze_to_silver_partitioned.py                            1           0  0.26s           2025-04-28T02:21:38
/opt/airflow/dags/move_landing_to_bronze_partitioned.py                           1           0  0.26s           2025-04-28T02:21:38
/opt/airflow/dags/silver_to_gold_feature_engineering.py                           1           0  0.26s           2025-04-28T02:21:38
/opt/airflow/dags/export_tables_to_parquet.py                                     1           0  0.24s           2025-04-28T02:21:38
/opt/airflow/dags/orchestrate_full_pipeline.py                                    1           0  0.08s           2025-04-28T02:21:29
================================================================================
[2025-04-28T02:22:19.755+0000] {manager.py:878} INFO - 
================================================================================
DAG File Processing Stats

File Path                                                PID    Runtime      # DAGs    # Errors  Last Runtime    Last Run
-------------------------------------------------------  -----  ---------  --------  ----------  --------------  -------------------
/opt/airflow/dags/create_gold_tables_from_parquet.py                              1           0  0.28s           2025-04-28T02:22:09
/opt/airflow/dags/move_bronze_to_silver_partitioned.py                            1           0  0.27s           2025-04-28T02:22:09
/opt/airflow/dags/move_landing_to_bronze_partitioned.py                           1           0  0.26s           2025-04-28T02:22:09
/opt/airflow/dags/silver_to_gold_feature_engineering.py                           1           0  0.26s           2025-04-28T02:22:09
/opt/airflow/dags/export_tables_to_parquet.py                                     1           0  0.24s           2025-04-28T02:22:09
/opt/airflow/dags/orchestrate_full_pipeline.py                                    1           0  0.07s           2025-04-28T02:21:59
================================================================================
[2025-04-28T02:22:50.354+0000] {manager.py:878} INFO - 
================================================================================
DAG File Processing Stats

File Path                                                PID    Runtime      # DAGs    # Errors  Last Runtime    Last Run
-------------------------------------------------------  -----  ---------  --------  ----------  --------------  -------------------
/opt/airflow/dags/create_gold_tables_from_parquet.py                              1           0  0.28s           2025-04-28T02:22:39
/opt/airflow/dags/move_bronze_to_silver_partitioned.py                            1           0  0.27s           2025-04-28T02:22:39
/opt/airflow/dags/move_landing_to_bronze_partitioned.py                           1           0  0.26s           2025-04-28T02:22:40
/opt/airflow/dags/silver_to_gold_feature_engineering.py                           1           0  0.26s           2025-04-28T02:22:40
/opt/airflow/dags/export_tables_to_parquet.py                                     1           0  0.23s           2025-04-28T02:22:40
/opt/airflow/dags/orchestrate_full_pipeline.py                                    1           0  0.07s           2025-04-28T02:22:30
================================================================================
[2025-04-28T02:23:20.449+0000] {manager.py:878} INFO - 
================================================================================
DAG File Processing Stats

File Path                                                PID    Runtime      # DAGs    # Errors  Last Runtime    Last Run
-------------------------------------------------------  -----  ---------  --------  ----------  --------------  -------------------
/opt/airflow/dags/create_gold_tables_from_parquet.py                              1           0  0.28s           2025-04-28T02:23:10
/opt/airflow/dags/move_bronze_to_silver_partitioned.py                            1           0  0.27s           2025-04-28T02:23:10
/opt/airflow/dags/move_landing_to_bronze_partitioned.py                           1           0  0.27s           2025-04-28T02:23:11
/opt/airflow/dags/export_tables_to_parquet.py                                     1           0  0.26s           2025-04-28T02:23:11
/opt/airflow/dags/silver_to_gold_feature_engineering.py                           1           0  0.23s           2025-04-28T02:23:11
/opt/airflow/dags/orchestrate_full_pipeline.py                                    1           0  0.07s           2025-04-28T02:23:01
================================================================================
[2025-04-28T02:23:51.130+0000] {manager.py:878} INFO - 
================================================================================
DAG File Processing Stats

File Path                                                PID    Runtime      # DAGs    # Errors  Last Runtime    Last Run
-------------------------------------------------------  -----  ---------  --------  ----------  --------------  -------------------
/opt/airflow/dags/create_gold_tables_from_parquet.py                              1           0  0.28s           2025-04-28T02:23:41
/opt/airflow/dags/move_bronze_to_silver_partitioned.py                            1           0  0.27s           2025-04-28T02:23:41
/opt/airflow/dags/move_landing_to_bronze_partitioned.py                           1           0  0.26s           2025-04-28T02:23:42
/opt/airflow/dags/silver_to_gold_feature_engineering.py                           1           0  0.26s           2025-04-28T02:23:42
/opt/airflow/dags/export_tables_to_parquet.py                                     1           0  0.24s           2025-04-28T02:23:42
/opt/airflow/dags/orchestrate_full_pipeline.py                                    1           0  0.07s           2025-04-28T02:23:32
================================================================================
[2025-04-28T02:24:21.241+0000] {manager.py:878} INFO - 
================================================================================
DAG File Processing Stats

File Path                                                PID    Runtime      # DAGs    # Errors  Last Runtime    Last Run
-------------------------------------------------------  -----  ---------  --------  ----------  --------------  -------------------
/opt/airflow/dags/move_bronze_to_silver_partitioned.py                            1           0  0.30s           2025-04-28T02:24:12
/opt/airflow/dags/create_gold_tables_from_parquet.py                              1           0  0.29s           2025-04-28T02:24:12
/opt/airflow/dags/export_tables_to_parquet.py                                     1           0  0.29s           2025-04-28T02:24:12
/opt/airflow/dags/move_landing_to_bronze_partitioned.py                           1           0  0.29s           2025-04-28T02:24:12
/opt/airflow/dags/silver_to_gold_feature_engineering.py                           1           0  0.28s           2025-04-28T02:24:13
/opt/airflow/dags/orchestrate_full_pipeline.py                                    1           0  0.06s           2025-04-28T02:24:03
================================================================================
[2025-04-28T02:24:51.343+0000] {manager.py:878} INFO - 
================================================================================
DAG File Processing Stats

File Path                                                PID    Runtime      # DAGs    # Errors  Last Runtime    Last Run
-------------------------------------------------------  -----  ---------  --------  ----------  --------------  -------------------
/opt/airflow/dags/create_gold_tables_from_parquet.py                              1           0  0.30s           2025-04-28T02:24:43
/opt/airflow/dags/move_bronze_to_silver_partitioned.py                            1           0  0.28s           2025-04-28T02:24:43
/opt/airflow/dags/move_landing_to_bronze_partitioned.py                           1           0  0.28s           2025-04-28T02:24:44
/opt/airflow/dags/silver_to_gold_feature_engineering.py                           1           0  0.28s           2025-04-28T02:24:44
/opt/airflow/dags/export_tables_to_parquet.py                                     1           0  0.24s           2025-04-28T02:24:43
/opt/airflow/dags/orchestrate_full_pipeline.py                                    1           0  0.06s           2025-04-28T02:24:33
================================================================================
[2025-04-28T02:25:21.449+0000] {manager.py:878} INFO - 
================================================================================
DAG File Processing Stats

File Path                                                PID    Runtime      # DAGs    # Errors  Last Runtime    Last Run
-------------------------------------------------------  -----  ---------  --------  ----------  --------------  -------------------
/opt/airflow/dags/create_gold_tables_from_parquet.py                              1           0  0.29s           2025-04-28T02:25:14
/opt/airflow/dags/move_bronze_to_silver_partitioned.py                            1           0  0.28s           2025-04-28T02:25:14
/opt/airflow/dags/move_landing_to_bronze_partitioned.py                           1           0  0.27s           2025-04-28T02:25:15
/opt/airflow/dags/export_tables_to_parquet.py                                     1           0  0.26s           2025-04-28T02:25:15
/opt/airflow/dags/silver_to_gold_feature_engineering.py                           1           0  0.23s           2025-04-28T02:25:15
/opt/airflow/dags/orchestrate_full_pipeline.py                                    1           0  0.08s           2025-04-28T02:25:03
================================================================================
[2025-04-28T02:25:51.576+0000] {manager.py:878} INFO - 
================================================================================
DAG File Processing Stats

File Path                                                PID    Runtime      # DAGs    # Errors  Last Runtime    Last Run
-------------------------------------------------------  -----  ---------  --------  ----------  --------------  -------------------
/opt/airflow/dags/create_gold_tables_from_parquet.py                              1           0  0.29s           2025-04-28T02:25:46
/opt/airflow/dags/move_bronze_to_silver_partitioned.py                            1           0  0.28s           2025-04-28T02:25:46
/opt/airflow/dags/move_landing_to_bronze_partitioned.py                           1           0  0.26s           2025-04-28T02:25:46
/opt/airflow/dags/silver_to_gold_feature_engineering.py                           1           0  0.26s           2025-04-28T02:25:46
/opt/airflow/dags/export_tables_to_parquet.py                                     1           0  0.23s           2025-04-28T02:25:46
/opt/airflow/dags/orchestrate_full_pipeline.py                                    1           0  0.07s           2025-04-28T02:25:33
================================================================================
[2025-04-28T02:26:21.721+0000] {manager.py:878} INFO - 
================================================================================
DAG File Processing Stats

File Path                                                PID    Runtime      # DAGs    # Errors  Last Runtime    Last Run
-------------------------------------------------------  -----  ---------  --------  ----------  --------------  -------------------
/opt/airflow/dags/move_landing_to_bronze_partitioned.py                           1           0  0.29s           2025-04-28T02:26:17
/opt/airflow/dags/silver_to_gold_feature_engineering.py                           1           0  0.28s           2025-04-28T02:26:17
/opt/airflow/dags/create_gold_tables_from_parquet.py                              1           0  0.28s           2025-04-28T02:26:17
/opt/airflow/dags/move_bronze_to_silver_partitioned.py                            1           0  0.27s           2025-04-28T02:26:17
/opt/airflow/dags/export_tables_to_parquet.py                                     1           0  0.26s           2025-04-28T02:26:17
/opt/airflow/dags/orchestrate_full_pipeline.py                                    1           0  0.05s           2025-04-28T02:26:03
================================================================================
[2025-04-28T02:26:37.888+0000] {manager.py:737} INFO - Searching for files in /opt/airflow/dags
[2025-04-28T02:26:37.902+0000] {manager.py:740} INFO - There are 6 files in /opt/airflow/dags
[2025-04-28T02:26:51.840+0000] {manager.py:878} INFO - 
================================================================================
DAG File Processing Stats

File Path                                                PID    Runtime      # DAGs    # Errors  Last Runtime    Last Run
-------------------------------------------------------  -----  ---------  --------  ----------  --------------  -------------------
/opt/airflow/dags/create_gold_tables_from_parquet.py                              1           0  0.28s           2025-04-28T02:26:48
/opt/airflow/dags/move_bronze_to_silver_partitioned.py                            1           0  0.27s           2025-04-28T02:26:48
/opt/airflow/dags/export_tables_to_parquet.py                                     1           0  0.26s           2025-04-28T02:26:48
/opt/airflow/dags/move_landing_to_bronze_partitioned.py                           1           0  0.26s           2025-04-28T02:26:48
/opt/airflow/dags/silver_to_gold_feature_engineering.py                           1           0  0.23s           2025-04-28T02:26:48
/opt/airflow/dags/orchestrate_full_pipeline.py                                    1           0  0.07s           2025-04-28T02:26:33
================================================================================
[2025-04-28T02:27:21.926+0000] {manager.py:878} INFO - 
================================================================================
DAG File Processing Stats

File Path                                                PID    Runtime      # DAGs    # Errors  Last Runtime    Last Run
-------------------------------------------------------  -----  ---------  --------  ----------  --------------  -------------------
/opt/airflow/dags/create_gold_tables_from_parquet.py                              1           0  0.28s           2025-04-28T02:27:19
/opt/airflow/dags/move_bronze_to_silver_partitioned.py                            1           0  0.27s           2025-04-28T02:27:19
/opt/airflow/dags/move_landing_to_bronze_partitioned.py                           1           0  0.26s           2025-04-28T02:27:19
/opt/airflow/dags/silver_to_gold_feature_engineering.py                           1           0  0.26s           2025-04-28T02:27:19
/opt/airflow/dags/export_tables_to_parquet.py                                     1           0  0.23s           2025-04-28T02:27:19
/opt/airflow/dags/orchestrate_full_pipeline.py                                    1           0  0.07s           2025-04-28T02:27:04
================================================================================
[2025-04-28T02:27:52.054+0000] {manager.py:878} INFO - 
================================================================================
DAG File Processing Stats

File Path                                                PID    Runtime      # DAGs    # Errors  Last Runtime    Last Run
-------------------------------------------------------  -----  ---------  --------  ----------  --------------  -------------------
/opt/airflow/dags/move_landing_to_bronze_partitioned.py                           1           0  0.30s           2025-04-28T02:27:51
/opt/airflow/dags/silver_to_gold_feature_engineering.py                           1           0  0.29s           2025-04-28T02:27:51
/opt/airflow/dags/create_gold_tables_from_parquet.py                              1           0  0.28s           2025-04-28T02:27:50
/opt/airflow/dags/move_bronze_to_silver_partitioned.py                            1           0  0.27s           2025-04-28T02:27:50
/opt/airflow/dags/export_tables_to_parquet.py                                     1           0  0.23s           2025-04-28T02:27:50
/opt/airflow/dags/orchestrate_full_pipeline.py                                    1           0  0.08s           2025-04-28T02:27:34
================================================================================
[2025-04-28T02:28:22.161+0000] {manager.py:878} INFO - 
================================================================================
DAG File Processing Stats

File Path                                                  PID  Runtime      # DAGs    # Errors  Last Runtime    Last Run
-------------------------------------------------------  -----  ---------  --------  ----------  --------------  -------------------
/opt/airflow/dags/silver_to_gold_feature_engineering.py   2744  0.25s             1           0  0.29s           2025-04-28T02:27:51
/opt/airflow/dags/create_gold_tables_from_parquet.py                              1           0  0.28s           2025-04-28T02:28:21
/opt/airflow/dags/move_bronze_to_silver_partitioned.py                            1           0  0.28s           2025-04-28T02:28:21
/opt/airflow/dags/move_landing_to_bronze_partitioned.py                           1           0  0.25s           2025-04-28T02:28:22
/opt/airflow/dags/export_tables_to_parquet.py                                     1           0  0.23s           2025-04-28T02:28:21
/opt/airflow/dags/orchestrate_full_pipeline.py                                    1           0  0.07s           2025-04-28T02:28:04
================================================================================
[2025-04-28T02:28:52.540+0000] {manager.py:878} INFO - 
================================================================================
DAG File Processing Stats

File Path                                                  PID  Runtime      # DAGs    # Errors  Last Runtime    Last Run
-------------------------------------------------------  -----  ---------  --------  ----------  --------------  -------------------
/opt/airflow/dags/create_gold_tables_from_parquet.py      2758  0.01s             1           0  0.28s           2025-04-28T02:28:21
/opt/airflow/dags/move_bronze_to_silver_partitioned.py    2761  0.00s             1           0  0.28s           2025-04-28T02:28:21
/opt/airflow/dags/silver_to_gold_feature_engineering.py                           1           0  0.26s           2025-04-28T02:28:22
/opt/airflow/dags/move_landing_to_bronze_partitioned.py                           1           0  0.25s           2025-04-28T02:28:22
/opt/airflow/dags/export_tables_to_parquet.py                                     1           0  0.23s           2025-04-28T02:28:21
/opt/airflow/dags/orchestrate_full_pipeline.py                                    1           0  0.08s           2025-04-28T02:28:34
================================================================================
[2025-04-28T02:29:22.672+0000] {manager.py:878} INFO - 
================================================================================
DAG File Processing Stats

File Path                                                PID    Runtime      # DAGs    # Errors  Last Runtime    Last Run
-------------------------------------------------------  -----  ---------  --------  ----------  --------------  -------------------
/opt/airflow/dags/create_gold_tables_from_parquet.py                              1           0  0.29s           2025-04-28T02:28:52
/opt/airflow/dags/move_bronze_to_silver_partitioned.py                            1           0  0.28s           2025-04-28T02:28:52
/opt/airflow/dags/move_landing_to_bronze_partitioned.py                           1           0  0.27s           2025-04-28T02:28:53
/opt/airflow/dags/silver_to_gold_feature_engineering.py                           1           0  0.26s           2025-04-28T02:28:53
/opt/airflow/dags/export_tables_to_parquet.py                                     1           0  0.24s           2025-04-28T02:28:53
/opt/airflow/dags/orchestrate_full_pipeline.py                                    1           0  0.07s           2025-04-28T02:29:04
================================================================================
[2025-04-28T02:29:52.804+0000] {manager.py:878} INFO - 
================================================================================
DAG File Processing Stats

File Path                                                PID    Runtime      # DAGs    # Errors  Last Runtime    Last Run
-------------------------------------------------------  -----  ---------  --------  ----------  --------------  -------------------
/opt/airflow/dags/create_gold_tables_from_parquet.py                              1           0  0.29s           2025-04-28T02:29:23
/opt/airflow/dags/move_bronze_to_silver_partitioned.py                            1           0  0.28s           2025-04-28T02:29:23
/opt/airflow/dags/move_landing_to_bronze_partitioned.py                           1           0  0.26s           2025-04-28T02:29:24
/opt/airflow/dags/silver_to_gold_feature_engineering.py                           1           0  0.26s           2025-04-28T02:29:24
/opt/airflow/dags/export_tables_to_parquet.py                                     1           0  0.24s           2025-04-28T02:29:24
/opt/airflow/dags/orchestrate_full_pipeline.py                                    1           0  0.07s           2025-04-28T02:29:34
================================================================================
[2025-04-28T02:30:22.949+0000] {manager.py:878} INFO - 
================================================================================
DAG File Processing Stats

File Path                                                PID    Runtime      # DAGs    # Errors  Last Runtime    Last Run
-------------------------------------------------------  -----  ---------  --------  ----------  --------------  -------------------
/opt/airflow/dags/create_gold_tables_from_parquet.py                              1           0  0.30s           2025-04-28T02:29:55
/opt/airflow/dags/move_bronze_to_silver_partitioned.py                            1           0  0.29s           2025-04-28T02:29:55
/opt/airflow/dags/move_landing_to_bronze_partitioned.py                           1           0  0.28s           2025-04-28T02:29:55
/opt/airflow/dags/silver_to_gold_feature_engineering.py                           1           0  0.27s           2025-04-28T02:29:55
/opt/airflow/dags/export_tables_to_parquet.py                                     1           0  0.26s           2025-04-28T02:29:55
/opt/airflow/dags/orchestrate_full_pipeline.py                                    1           0  0.07s           2025-04-28T02:30:04
================================================================================
[2025-04-28T02:30:53.112+0000] {manager.py:878} INFO - 
================================================================================
DAG File Processing Stats

File Path                                                PID    Runtime      # DAGs    # Errors  Last Runtime    Last Run
-------------------------------------------------------  -----  ---------  --------  ----------  --------------  -------------------
/opt/airflow/dags/move_landing_to_bronze_partitioned.py                           1           0  0.29s           2025-04-28T02:30:26
/opt/airflow/dags/create_gold_tables_from_parquet.py                              1           0  0.29s           2025-04-28T02:30:26
/opt/airflow/dags/silver_to_gold_feature_engineering.py                           1           0  0.29s           2025-04-28T02:30:26
/opt/airflow/dags/move_bronze_to_silver_partitioned.py                            1           0  0.28s           2025-04-28T02:30:26
/opt/airflow/dags/export_tables_to_parquet.py                                     1           0  0.27s           2025-04-28T02:30:26
/opt/airflow/dags/orchestrate_full_pipeline.py                                    1           0  0.08s           2025-04-28T02:30:34
================================================================================
[2025-04-28T02:31:23.226+0000] {manager.py:878} INFO - 
================================================================================
DAG File Processing Stats

File Path                                                PID    Runtime      # DAGs    # Errors  Last Runtime    Last Run
-------------------------------------------------------  -----  ---------  --------  ----------  --------------  -------------------
/opt/airflow/dags/create_gold_tables_from_parquet.py                              1           0  0.28s           2025-04-28T02:30:57
/opt/airflow/dags/move_bronze_to_silver_partitioned.py                            1           0  0.27s           2025-04-28T02:30:57
/opt/airflow/dags/move_landing_to_bronze_partitioned.py                           1           0  0.27s           2025-04-28T02:30:57
/opt/airflow/dags/silver_to_gold_feature_engineering.py                           1           0  0.27s           2025-04-28T02:30:57
/opt/airflow/dags/export_tables_to_parquet.py                                     1           0  0.24s           2025-04-28T02:30:57
/opt/airflow/dags/orchestrate_full_pipeline.py                                    1           0  0.07s           2025-04-28T02:31:05
================================================================================
[2025-04-28T02:31:38.201+0000] {manager.py:737} INFO - Searching for files in /opt/airflow/dags
[2025-04-28T02:31:38.215+0000] {manager.py:740} INFO - There are 6 files in /opt/airflow/dags
[2025-04-28T02:31:53.396+0000] {manager.py:878} INFO - 
================================================================================
DAG File Processing Stats

File Path                                                PID    Runtime      # DAGs    # Errors  Last Runtime    Last Run
-------------------------------------------------------  -----  ---------  --------  ----------  --------------  -------------------
/opt/airflow/dags/create_gold_tables_from_parquet.py                              1           0  0.28s           2025-04-28T02:31:28
/opt/airflow/dags/move_bronze_to_silver_partitioned.py                            1           0  0.28s           2025-04-28T02:31:28
/opt/airflow/dags/move_landing_to_bronze_partitioned.py                           1           0  0.26s           2025-04-28T02:31:29
/opt/airflow/dags/silver_to_gold_feature_engineering.py                           1           0  0.26s           2025-04-28T02:31:29
/opt/airflow/dags/export_tables_to_parquet.py                                     1           0  0.24s           2025-04-28T02:31:28
/opt/airflow/dags/orchestrate_full_pipeline.py                                    1           0  0.06s           2025-04-28T02:31:35
================================================================================
[2025-04-28T02:32:23.489+0000] {manager.py:878} INFO - 
================================================================================
DAG File Processing Stats

File Path                                                PID    Runtime      # DAGs    # Errors  Last Runtime    Last Run
-------------------------------------------------------  -----  ---------  --------  ----------  --------------  -------------------
/opt/airflow/dags/create_gold_tables_from_parquet.py                              1           0  0.27s           2025-04-28T02:31:59
/opt/airflow/dags/move_bronze_to_silver_partitioned.py                            1           0  0.27s           2025-04-28T02:31:59
/opt/airflow/dags/move_landing_to_bronze_partitioned.py                           1           0  0.27s           2025-04-28T02:32:00
/opt/airflow/dags/silver_to_gold_feature_engineering.py                           1           0  0.26s           2025-04-28T02:32:00
/opt/airflow/dags/export_tables_to_parquet.py                                     1           0  0.23s           2025-04-28T02:31:59
/opt/airflow/dags/orchestrate_full_pipeline.py                                    1           0  0.08s           2025-04-28T02:32:05
================================================================================
[2025-04-28T02:32:53.611+0000] {manager.py:878} INFO - 
================================================================================
DAG File Processing Stats

File Path                                                PID    Runtime      # DAGs    # Errors  Last Runtime    Last Run
-------------------------------------------------------  -----  ---------  --------  ----------  --------------  -------------------
/opt/airflow/dags/create_gold_tables_from_parquet.py                              1           0  0.28s           2025-04-28T02:32:30
/opt/airflow/dags/move_landing_to_bronze_partitioned.py                           1           0  0.27s           2025-04-28T02:32:31
/opt/airflow/dags/silver_to_gold_feature_engineering.py                           1           0  0.27s           2025-04-28T02:32:31
/opt/airflow/dags/move_bronze_to_silver_partitioned.py                            1           0  0.27s           2025-04-28T02:32:30
/opt/airflow/dags/export_tables_to_parquet.py                                     1           0  0.26s           2025-04-28T02:32:31
/opt/airflow/dags/orchestrate_full_pipeline.py                                    1           0  0.07s           2025-04-28T02:32:35
================================================================================
[2025-04-28T02:33:23.715+0000] {manager.py:878} INFO - 
================================================================================
DAG File Processing Stats

File Path                                                PID    Runtime      # DAGs    # Errors  Last Runtime    Last Run
-------------------------------------------------------  -----  ---------  --------  ----------  --------------  -------------------
/opt/airflow/dags/create_gold_tables_from_parquet.py                              1           0  0.28s           2025-04-28T02:33:01
/opt/airflow/dags/move_bronze_to_silver_partitioned.py                            1           0  0.27s           2025-04-28T02:33:01
/opt/airflow/dags/move_landing_to_bronze_partitioned.py                           1           0  0.26s           2025-04-28T02:33:02
/opt/airflow/dags/silver_to_gold_feature_engineering.py                           1           0  0.26s           2025-04-28T02:33:02
/opt/airflow/dags/export_tables_to_parquet.py                                     1           0  0.24s           2025-04-28T02:33:02
/opt/airflow/dags/orchestrate_full_pipeline.py                                    1           0  0.07s           2025-04-28T02:33:05
================================================================================
[2025-04-28T02:33:54.548+0000] {manager.py:878} INFO - 
================================================================================
DAG File Processing Stats

File Path                                                PID    Runtime      # DAGs    # Errors  Last Runtime    Last Run
-------------------------------------------------------  -----  ---------  --------  ----------  --------------  -------------------
/opt/airflow/dags/create_gold_tables_from_parquet.py                              1           0  0.27s           2025-04-28T02:33:33
/opt/airflow/dags/move_bronze_to_silver_partitioned.py                            1           0  0.27s           2025-04-28T02:33:33
/opt/airflow/dags/move_landing_to_bronze_partitioned.py                           1           0  0.27s           2025-04-28T02:33:33
/opt/airflow/dags/silver_to_gold_feature_engineering.py                           1           0  0.26s           2025-04-28T02:33:33
/opt/airflow/dags/export_tables_to_parquet.py                                     1           0  0.24s           2025-04-28T02:33:33
/opt/airflow/dags/orchestrate_full_pipeline.py                                    1           0  0.07s           2025-04-28T02:33:36
================================================================================
[2025-04-28T02:34:24.702+0000] {manager.py:878} INFO - 
================================================================================
DAG File Processing Stats

File Path                                                PID    Runtime      # DAGs    # Errors  Last Runtime    Last Run
-------------------------------------------------------  -----  ---------  --------  ----------  --------------  -------------------
/opt/airflow/dags/move_bronze_to_silver_partitioned.py                            1           0  0.29s           2025-04-28T02:34:03
/opt/airflow/dags/create_gold_tables_from_parquet.py                              1           0  0.29s           2025-04-28T02:34:03
/opt/airflow/dags/move_landing_to_bronze_partitioned.py                           1           0  0.28s           2025-04-28T02:34:04
/opt/airflow/dags/silver_to_gold_feature_engineering.py                           1           0  0.27s           2025-04-28T02:34:04
/opt/airflow/dags/export_tables_to_parquet.py                                     1           0  0.27s           2025-04-28T02:34:04
/opt/airflow/dags/orchestrate_full_pipeline.py                                    1           0  0.07s           2025-04-28T02:34:06
================================================================================
[2025-04-28T02:34:54.879+0000] {manager.py:878} INFO - 
================================================================================
DAG File Processing Stats

File Path                                                PID    Runtime      # DAGs    # Errors  Last Runtime    Last Run
-------------------------------------------------------  -----  ---------  --------  ----------  --------------  -------------------
/opt/airflow/dags/create_gold_tables_from_parquet.py                              1           0  0.29s           2025-04-28T02:34:35
/opt/airflow/dags/move_bronze_to_silver_partitioned.py                            1           0  0.29s           2025-04-28T02:34:35
/opt/airflow/dags/move_landing_to_bronze_partitioned.py                           1           0  0.27s           2025-04-28T02:34:35
/opt/airflow/dags/export_tables_to_parquet.py                                     1           0  0.27s           2025-04-28T02:34:35
/opt/airflow/dags/silver_to_gold_feature_engineering.py                           1           0  0.24s           2025-04-28T02:34:35
/opt/airflow/dags/orchestrate_full_pipeline.py                                    1           0  0.08s           2025-04-28T02:34:36
================================================================================
[2025-04-28T02:35:24.998+0000] {manager.py:878} INFO - 
================================================================================
DAG File Processing Stats

File Path                                                PID    Runtime      # DAGs    # Errors  Last Runtime    Last Run
-------------------------------------------------------  -----  ---------  --------  ----------  --------------  -------------------
/opt/airflow/dags/move_bronze_to_silver_partitioned.py                            1           0  0.29s           2025-04-28T02:35:06
/opt/airflow/dags/create_gold_tables_from_parquet.py                              1           0  0.29s           2025-04-28T02:35:06
/opt/airflow/dags/silver_to_gold_feature_engineering.py                           1           0  0.29s           2025-04-28T02:35:06
/opt/airflow/dags/move_landing_to_bronze_partitioned.py                           1           0  0.28s           2025-04-28T02:35:06
/opt/airflow/dags/export_tables_to_parquet.py                                     1           0  0.27s           2025-04-28T02:35:06
/opt/airflow/dags/orchestrate_full_pipeline.py                                    1           0  0.05s           2025-04-28T02:35:06
================================================================================
[2025-04-28T02:35:55.143+0000] {manager.py:878} INFO - 
================================================================================
DAG File Processing Stats

File Path                                                PID    Runtime      # DAGs    # Errors  Last Runtime    Last Run
-------------------------------------------------------  -----  ---------  --------  ----------  --------------  -------------------
/opt/airflow/dags/create_gold_tables_from_parquet.py                              1           0  0.30s           2025-04-28T02:35:37
/opt/airflow/dags/move_landing_to_bronze_partitioned.py                           1           0  0.30s           2025-04-28T02:35:37
/opt/airflow/dags/move_bronze_to_silver_partitioned.py                            1           0  0.29s           2025-04-28T02:35:37
/opt/airflow/dags/export_tables_to_parquet.py                                     1           0  0.29s           2025-04-28T02:35:37
/opt/airflow/dags/silver_to_gold_feature_engineering.py                           1           0  0.28s           2025-04-28T02:35:37
/opt/airflow/dags/orchestrate_full_pipeline.py                                    1           0  0.07s           2025-04-28T02:35:37
================================================================================
[2025-04-28T02:36:25.235+0000] {manager.py:878} INFO - 
================================================================================
DAG File Processing Stats

File Path                                                PID    Runtime      # DAGs    # Errors  Last Runtime    Last Run
-------------------------------------------------------  -----  ---------  --------  ----------  --------------  -------------------
/opt/airflow/dags/create_gold_tables_from_parquet.py                              1           0  0.28s           2025-04-28T02:36:08
/opt/airflow/dags/move_landing_to_bronze_partitioned.py                           1           0  0.28s           2025-04-28T02:36:09
/opt/airflow/dags/silver_to_gold_feature_engineering.py                           1           0  0.28s           2025-04-28T02:36:09
/opt/airflow/dags/move_bronze_to_silver_partitioned.py                            1           0  0.27s           2025-04-28T02:36:08
/opt/airflow/dags/export_tables_to_parquet.py                                     1           0  0.24s           2025-04-28T02:36:08
/opt/airflow/dags/orchestrate_full_pipeline.py                                    1           0  0.07s           2025-04-28T02:36:07
================================================================================
[2025-04-28T02:36:39.110+0000] {manager.py:737} INFO - Searching for files in /opt/airflow/dags
[2025-04-28T02:36:39.117+0000] {manager.py:740} INFO - There are 6 files in /opt/airflow/dags
[2025-04-28T02:36:55.823+0000] {manager.py:878} INFO - 
================================================================================
DAG File Processing Stats

File Path                                                PID    Runtime      # DAGs    # Errors  Last Runtime    Last Run
-------------------------------------------------------  -----  ---------  --------  ----------  --------------  -------------------
/opt/airflow/dags/create_gold_tables_from_parquet.py                              1           0  0.28s           2025-04-28T02:36:39
/opt/airflow/dags/move_bronze_to_silver_partitioned.py                            1           0  0.27s           2025-04-28T02:36:39
/opt/airflow/dags/move_landing_to_bronze_partitioned.py                           1           0  0.26s           2025-04-28T02:36:39
/opt/airflow/dags/silver_to_gold_feature_engineering.py                           1           0  0.26s           2025-04-28T02:36:39
/opt/airflow/dags/export_tables_to_parquet.py                                     1           0  0.24s           2025-04-28T02:36:39
/opt/airflow/dags/orchestrate_full_pipeline.py                                    1           0  0.07s           2025-04-28T02:36:38
================================================================================
[2025-04-28T02:37:25.944+0000] {manager.py:878} INFO - 
================================================================================
DAG File Processing Stats

File Path                                                PID    Runtime      # DAGs    # Errors  Last Runtime    Last Run
-------------------------------------------------------  -----  ---------  --------  ----------  --------------  -------------------
/opt/airflow/dags/create_gold_tables_from_parquet.py                              1           0  0.28s           2025-04-28T02:37:10
/opt/airflow/dags/move_bronze_to_silver_partitioned.py                            1           0  0.28s           2025-04-28T02:37:10
/opt/airflow/dags/move_landing_to_bronze_partitioned.py                           1           0  0.26s           2025-04-28T02:37:10
/opt/airflow/dags/silver_to_gold_feature_engineering.py                           1           0  0.26s           2025-04-28T02:37:10
/opt/airflow/dags/export_tables_to_parquet.py                                     1           0  0.26s           2025-04-28T02:37:10
/opt/airflow/dags/orchestrate_full_pipeline.py                                    1           0  0.06s           2025-04-28T02:37:09
================================================================================
