[2025-04-28T01:13:26.497+0000] {processor.py:161} INFO - Started process (PID=841) to work on /opt/airflow/dags/create_gold_tables_from_parquet.py
[2025-04-28T01:13:26.498+0000] {processor.py:830} INFO - Processing file /opt/airflow/dags/create_gold_tables_from_parquet.py for tasks to queue
[2025-04-28T01:13:26.499+0000] {logging_mixin.py:188} INFO - [2025-04-28T01:13:26.499+0000] {dagbag.py:540} INFO - Filling up the DagBag from /opt/airflow/dags/create_gold_tables_from_parquet.py
[2025-04-28T01:13:26.720+0000] {processor.py:840} INFO - DAG(s) 'create_gold_tables_from_parquet' retrieved from /opt/airflow/dags/create_gold_tables_from_parquet.py
[2025-04-28T01:13:26.760+0000] {logging_mixin.py:188} INFO - [2025-04-28T01:13:26.759+0000] {override.py:1829} INFO - Created Permission View: can edit on DAG:create_gold_tables_from_parquet
[2025-04-28T01:13:26.763+0000] {logging_mixin.py:188} INFO - [2025-04-28T01:13:26.763+0000] {override.py:1829} INFO - Created Permission View: can read on DAG:create_gold_tables_from_parquet
[2025-04-28T01:13:26.765+0000] {logging_mixin.py:188} INFO - [2025-04-28T01:13:26.765+0000] {override.py:1829} INFO - Created Permission View: can delete on DAG:create_gold_tables_from_parquet
[2025-04-28T01:13:26.765+0000] {logging_mixin.py:188} INFO - [2025-04-28T01:13:26.765+0000] {dag.py:3096} INFO - Sync 1 DAGs
[2025-04-28T01:13:26.769+0000] {logging_mixin.py:188} INFO - [2025-04-28T01:13:26.769+0000] {dag.py:3118} INFO - Creating ORM DAG for create_gold_tables_from_parquet
[2025-04-28T01:13:26.769+0000] {logging_mixin.py:188} INFO - [2025-04-28T01:13:26.769+0000] {dag.py:3954} INFO - Setting next_dagrun for create_gold_tables_from_parquet to None, run_after=None
[2025-04-28T01:13:26.775+0000] {processor.py:183} INFO - Processing /opt/airflow/dags/create_gold_tables_from_parquet.py took 0.282 seconds
[2025-04-28T01:13:41.278+0000] {processor.py:161} INFO - Started process (PID=168) to work on /opt/airflow/dags/create_gold_tables_from_parquet.py
[2025-04-28T01:13:41.279+0000] {processor.py:830} INFO - Processing file /opt/airflow/dags/create_gold_tables_from_parquet.py for tasks to queue
[2025-04-28T01:13:41.280+0000] {logging_mixin.py:188} INFO - [2025-04-28T01:13:41.280+0000] {dagbag.py:540} INFO - Filling up the DagBag from /opt/airflow/dags/create_gold_tables_from_parquet.py
[2025-04-28T01:13:41.440+0000] {processor.py:840} INFO - DAG(s) 'create_gold_tables_from_parquet' retrieved from /opt/airflow/dags/create_gold_tables_from_parquet.py
[2025-04-28T01:13:41.544+0000] {logging_mixin.py:188} INFO - [2025-04-28T01:13:41.544+0000] {dag.py:3096} INFO - Sync 1 DAGs
[2025-04-28T01:13:41.550+0000] {logging_mixin.py:188} INFO - [2025-04-28T01:13:41.550+0000] {dag.py:3954} INFO - Setting next_dagrun for create_gold_tables_from_parquet to None, run_after=None
[2025-04-28T01:13:41.561+0000] {processor.py:183} INFO - Processing /opt/airflow/dags/create_gold_tables_from_parquet.py took 0.286 seconds
[2025-04-28T01:14:12.178+0000] {processor.py:161} INFO - Started process (PID=197) to work on /opt/airflow/dags/create_gold_tables_from_parquet.py
[2025-04-28T01:14:12.180+0000] {processor.py:830} INFO - Processing file /opt/airflow/dags/create_gold_tables_from_parquet.py for tasks to queue
[2025-04-28T01:14:12.182+0000] {logging_mixin.py:188} INFO - [2025-04-28T01:14:12.181+0000] {dagbag.py:540} INFO - Filling up the DagBag from /opt/airflow/dags/create_gold_tables_from_parquet.py
[2025-04-28T01:14:12.428+0000] {processor.py:840} INFO - DAG(s) 'create_gold_tables_from_parquet' retrieved from /opt/airflow/dags/create_gold_tables_from_parquet.py
[2025-04-28T01:14:12.475+0000] {logging_mixin.py:188} INFO - [2025-04-28T01:14:12.474+0000] {dag.py:3096} INFO - Sync 1 DAGs
[2025-04-28T01:14:12.480+0000] {logging_mixin.py:188} INFO - [2025-04-28T01:14:12.480+0000] {dag.py:3954} INFO - Setting next_dagrun for create_gold_tables_from_parquet to None, run_after=None
[2025-04-28T01:14:12.494+0000] {processor.py:183} INFO - Processing /opt/airflow/dags/create_gold_tables_from_parquet.py took 0.321 seconds
[2025-04-28T01:14:43.193+0000] {processor.py:161} INFO - Started process (PID=226) to work on /opt/airflow/dags/create_gold_tables_from_parquet.py
[2025-04-28T01:14:43.195+0000] {processor.py:830} INFO - Processing file /opt/airflow/dags/create_gold_tables_from_parquet.py for tasks to queue
[2025-04-28T01:14:43.197+0000] {logging_mixin.py:188} INFO - [2025-04-28T01:14:43.197+0000] {dagbag.py:540} INFO - Filling up the DagBag from /opt/airflow/dags/create_gold_tables_from_parquet.py
[2025-04-28T01:14:43.419+0000] {processor.py:840} INFO - DAG(s) 'create_gold_tables_from_parquet' retrieved from /opt/airflow/dags/create_gold_tables_from_parquet.py
[2025-04-28T01:14:43.432+0000] {logging_mixin.py:188} INFO - [2025-04-28T01:14:43.432+0000] {dag.py:3096} INFO - Sync 1 DAGs
[2025-04-28T01:14:43.439+0000] {logging_mixin.py:188} INFO - [2025-04-28T01:14:43.438+0000] {dag.py:3954} INFO - Setting next_dagrun for create_gold_tables_from_parquet to None, run_after=None
[2025-04-28T01:14:43.449+0000] {processor.py:183} INFO - Processing /opt/airflow/dags/create_gold_tables_from_parquet.py took 0.260 seconds
[2025-04-28T01:15:14.016+0000] {processor.py:161} INFO - Started process (PID=255) to work on /opt/airflow/dags/create_gold_tables_from_parquet.py
[2025-04-28T01:15:14.017+0000] {processor.py:830} INFO - Processing file /opt/airflow/dags/create_gold_tables_from_parquet.py for tasks to queue
[2025-04-28T01:15:14.019+0000] {logging_mixin.py:188} INFO - [2025-04-28T01:15:14.018+0000] {dagbag.py:540} INFO - Filling up the DagBag from /opt/airflow/dags/create_gold_tables_from_parquet.py
[2025-04-28T01:15:14.248+0000] {processor.py:840} INFO - DAG(s) 'create_gold_tables_from_parquet' retrieved from /opt/airflow/dags/create_gold_tables_from_parquet.py
[2025-04-28T01:15:14.264+0000] {logging_mixin.py:188} INFO - [2025-04-28T01:15:14.264+0000] {dag.py:3096} INFO - Sync 1 DAGs
[2025-04-28T01:15:14.268+0000] {logging_mixin.py:188} INFO - [2025-04-28T01:15:14.268+0000] {dag.py:3954} INFO - Setting next_dagrun for create_gold_tables_from_parquet to None, run_after=None
[2025-04-28T01:15:14.279+0000] {processor.py:183} INFO - Processing /opt/airflow/dags/create_gold_tables_from_parquet.py took 0.267 seconds
[2025-04-28T01:15:44.929+0000] {processor.py:161} INFO - Started process (PID=284) to work on /opt/airflow/dags/create_gold_tables_from_parquet.py
[2025-04-28T01:15:44.930+0000] {processor.py:830} INFO - Processing file /opt/airflow/dags/create_gold_tables_from_parquet.py for tasks to queue
[2025-04-28T01:15:44.932+0000] {logging_mixin.py:188} INFO - [2025-04-28T01:15:44.932+0000] {dagbag.py:540} INFO - Filling up the DagBag from /opt/airflow/dags/create_gold_tables_from_parquet.py
[2025-04-28T01:15:45.154+0000] {processor.py:840} INFO - DAG(s) 'create_gold_tables_from_parquet' retrieved from /opt/airflow/dags/create_gold_tables_from_parquet.py
[2025-04-28T01:15:45.166+0000] {logging_mixin.py:188} INFO - [2025-04-28T01:15:45.165+0000] {dag.py:3096} INFO - Sync 1 DAGs
[2025-04-28T01:15:45.170+0000] {logging_mixin.py:188} INFO - [2025-04-28T01:15:45.170+0000] {dag.py:3954} INFO - Setting next_dagrun for create_gold_tables_from_parquet to None, run_after=None
[2025-04-28T01:15:45.180+0000] {processor.py:183} INFO - Processing /opt/airflow/dags/create_gold_tables_from_parquet.py took 0.256 seconds
[2025-04-28T01:16:15.330+0000] {processor.py:161} INFO - Started process (PID=325) to work on /opt/airflow/dags/create_gold_tables_from_parquet.py
[2025-04-28T01:16:15.331+0000] {processor.py:830} INFO - Processing file /opt/airflow/dags/create_gold_tables_from_parquet.py for tasks to queue
[2025-04-28T01:16:15.332+0000] {logging_mixin.py:188} INFO - [2025-04-28T01:16:15.332+0000] {dagbag.py:540} INFO - Filling up the DagBag from /opt/airflow/dags/create_gold_tables_from_parquet.py
[2025-04-28T01:16:15.560+0000] {processor.py:840} INFO - DAG(s) 'create_gold_tables_from_parquet' retrieved from /opt/airflow/dags/create_gold_tables_from_parquet.py
[2025-04-28T01:16:15.572+0000] {logging_mixin.py:188} INFO - [2025-04-28T01:16:15.571+0000] {dag.py:3096} INFO - Sync 1 DAGs
[2025-04-28T01:16:15.580+0000] {logging_mixin.py:188} INFO - [2025-04-28T01:16:15.580+0000] {dag.py:3954} INFO - Setting next_dagrun for create_gold_tables_from_parquet to None, run_after=None
[2025-04-28T01:16:15.591+0000] {processor.py:183} INFO - Processing /opt/airflow/dags/create_gold_tables_from_parquet.py took 0.266 seconds
[2025-04-28T01:16:45.713+0000] {processor.py:161} INFO - Started process (PID=360) to work on /opt/airflow/dags/create_gold_tables_from_parquet.py
[2025-04-28T01:16:45.715+0000] {processor.py:830} INFO - Processing file /opt/airflow/dags/create_gold_tables_from_parquet.py for tasks to queue
[2025-04-28T01:16:45.717+0000] {logging_mixin.py:188} INFO - [2025-04-28T01:16:45.716+0000] {dagbag.py:540} INFO - Filling up the DagBag from /opt/airflow/dags/create_gold_tables_from_parquet.py
[2025-04-28T01:16:45.949+0000] {processor.py:840} INFO - DAG(s) 'create_gold_tables_from_parquet' retrieved from /opt/airflow/dags/create_gold_tables_from_parquet.py
[2025-04-28T01:16:45.964+0000] {logging_mixin.py:188} INFO - [2025-04-28T01:16:45.964+0000] {dag.py:3096} INFO - Sync 1 DAGs
[2025-04-28T01:16:45.969+0000] {logging_mixin.py:188} INFO - [2025-04-28T01:16:45.969+0000] {dag.py:3954} INFO - Setting next_dagrun for create_gold_tables_from_parquet to None, run_after=None
[2025-04-28T01:16:45.981+0000] {processor.py:183} INFO - Processing /opt/airflow/dags/create_gold_tables_from_parquet.py took 0.273 seconds
[2025-04-28T01:17:05.448+0000] {processor.py:161} INFO - Started process (PID=183) to work on /opt/airflow/dags/create_gold_tables_from_parquet.py
[2025-04-28T01:17:05.448+0000] {processor.py:830} INFO - Processing file /opt/airflow/dags/create_gold_tables_from_parquet.py for tasks to queue
[2025-04-28T01:17:05.449+0000] {logging_mixin.py:188} INFO - [2025-04-28T01:17:05.449+0000] {dagbag.py:540} INFO - Filling up the DagBag from /opt/airflow/dags/create_gold_tables_from_parquet.py
[2025-04-28T01:17:05.683+0000] {processor.py:840} INFO - DAG(s) 'create_gold_tables_from_parquet' retrieved from /opt/airflow/dags/create_gold_tables_from_parquet.py
[2025-04-28T01:17:05.691+0000] {logging_mixin.py:188} INFO - [2025-04-28T01:17:05.690+0000] {dag.py:3096} INFO - Sync 1 DAGs
[2025-04-28T01:17:05.696+0000] {logging_mixin.py:188} INFO - [2025-04-28T01:17:05.696+0000] {dag.py:3954} INFO - Setting next_dagrun for create_gold_tables_from_parquet to None, run_after=None
[2025-04-28T01:17:05.707+0000] {processor.py:183} INFO - Processing /opt/airflow/dags/create_gold_tables_from_parquet.py took 0.262 seconds
[2025-04-28T01:17:36.640+0000] {processor.py:161} INFO - Started process (PID=213) to work on /opt/airflow/dags/create_gold_tables_from_parquet.py
[2025-04-28T01:17:36.640+0000] {processor.py:830} INFO - Processing file /opt/airflow/dags/create_gold_tables_from_parquet.py for tasks to queue
[2025-04-28T01:17:36.641+0000] {logging_mixin.py:188} INFO - [2025-04-28T01:17:36.641+0000] {dagbag.py:540} INFO - Filling up the DagBag from /opt/airflow/dags/create_gold_tables_from_parquet.py
[2025-04-28T01:17:36.856+0000] {processor.py:840} INFO - DAG(s) 'create_gold_tables_from_parquet' retrieved from /opt/airflow/dags/create_gold_tables_from_parquet.py
[2025-04-28T01:17:36.900+0000] {logging_mixin.py:188} INFO - [2025-04-28T01:17:36.900+0000] {dag.py:3096} INFO - Sync 1 DAGs
[2025-04-28T01:17:36.906+0000] {logging_mixin.py:188} INFO - [2025-04-28T01:17:36.906+0000] {dag.py:3954} INFO - Setting next_dagrun for create_gold_tables_from_parquet to None, run_after=None
[2025-04-28T01:17:36.917+0000] {processor.py:183} INFO - Processing /opt/airflow/dags/create_gold_tables_from_parquet.py took 0.280 seconds
[2025-04-28T01:18:07.810+0000] {processor.py:161} INFO - Started process (PID=246) to work on /opt/airflow/dags/create_gold_tables_from_parquet.py
[2025-04-28T01:18:07.811+0000] {processor.py:830} INFO - Processing file /opt/airflow/dags/create_gold_tables_from_parquet.py for tasks to queue
[2025-04-28T01:18:07.811+0000] {logging_mixin.py:188} INFO - [2025-04-28T01:18:07.811+0000] {dagbag.py:540} INFO - Filling up the DagBag from /opt/airflow/dags/create_gold_tables_from_parquet.py
[2025-04-28T01:18:08.023+0000] {processor.py:840} INFO - DAG(s) 'create_gold_tables_from_parquet' retrieved from /opt/airflow/dags/create_gold_tables_from_parquet.py
[2025-04-28T01:18:08.035+0000] {logging_mixin.py:188} INFO - [2025-04-28T01:18:08.035+0000] {dag.py:3096} INFO - Sync 1 DAGs
[2025-04-28T01:18:08.040+0000] {logging_mixin.py:188} INFO - [2025-04-28T01:18:08.040+0000] {dag.py:3954} INFO - Setting next_dagrun for create_gold_tables_from_parquet to None, run_after=None
[2025-04-28T01:18:08.051+0000] {processor.py:183} INFO - Processing /opt/airflow/dags/create_gold_tables_from_parquet.py took 0.244 seconds
[2025-04-28T01:18:38.419+0000] {processor.py:161} INFO - Started process (PID=273) to work on /opt/airflow/dags/create_gold_tables_from_parquet.py
[2025-04-28T01:18:38.420+0000] {processor.py:830} INFO - Processing file /opt/airflow/dags/create_gold_tables_from_parquet.py for tasks to queue
[2025-04-28T01:18:38.421+0000] {logging_mixin.py:188} INFO - [2025-04-28T01:18:38.421+0000] {dagbag.py:540} INFO - Filling up the DagBag from /opt/airflow/dags/create_gold_tables_from_parquet.py
[2025-04-28T01:18:38.636+0000] {processor.py:840} INFO - DAG(s) 'create_gold_tables_from_parquet' retrieved from /opt/airflow/dags/create_gold_tables_from_parquet.py
[2025-04-28T01:18:38.648+0000] {logging_mixin.py:188} INFO - [2025-04-28T01:18:38.648+0000] {dag.py:3096} INFO - Sync 1 DAGs
[2025-04-28T01:18:38.652+0000] {logging_mixin.py:188} INFO - [2025-04-28T01:18:38.652+0000] {dag.py:3954} INFO - Setting next_dagrun for create_gold_tables_from_parquet to None, run_after=None
[2025-04-28T01:18:38.661+0000] {processor.py:183} INFO - Processing /opt/airflow/dags/create_gold_tables_from_parquet.py took 0.245 seconds
[2025-04-28T01:19:09.246+0000] {processor.py:161} INFO - Started process (PID=306) to work on /opt/airflow/dags/create_gold_tables_from_parquet.py
[2025-04-28T01:19:09.246+0000] {processor.py:830} INFO - Processing file /opt/airflow/dags/create_gold_tables_from_parquet.py for tasks to queue
[2025-04-28T01:19:09.248+0000] {logging_mixin.py:188} INFO - [2025-04-28T01:19:09.247+0000] {dagbag.py:540} INFO - Filling up the DagBag from /opt/airflow/dags/create_gold_tables_from_parquet.py
[2025-04-28T01:19:09.466+0000] {processor.py:840} INFO - DAG(s) 'create_gold_tables_from_parquet' retrieved from /opt/airflow/dags/create_gold_tables_from_parquet.py
[2025-04-28T01:19:09.479+0000] {logging_mixin.py:188} INFO - [2025-04-28T01:19:09.479+0000] {dag.py:3096} INFO - Sync 1 DAGs
[2025-04-28T01:19:09.486+0000] {logging_mixin.py:188} INFO - [2025-04-28T01:19:09.486+0000] {dag.py:3954} INFO - Setting next_dagrun for create_gold_tables_from_parquet to None, run_after=None
[2025-04-28T01:19:09.499+0000] {processor.py:183} INFO - Processing /opt/airflow/dags/create_gold_tables_from_parquet.py took 0.256 seconds
[2025-04-28T01:19:40.324+0000] {processor.py:161} INFO - Started process (PID=362) to work on /opt/airflow/dags/create_gold_tables_from_parquet.py
[2025-04-28T01:19:40.324+0000] {processor.py:830} INFO - Processing file /opt/airflow/dags/create_gold_tables_from_parquet.py for tasks to queue
[2025-04-28T01:19:40.325+0000] {logging_mixin.py:188} INFO - [2025-04-28T01:19:40.325+0000] {dagbag.py:540} INFO - Filling up the DagBag from /opt/airflow/dags/create_gold_tables_from_parquet.py
[2025-04-28T01:19:40.540+0000] {processor.py:840} INFO - DAG(s) 'create_gold_tables_from_parquet' retrieved from /opt/airflow/dags/create_gold_tables_from_parquet.py
[2025-04-28T01:19:40.552+0000] {logging_mixin.py:188} INFO - [2025-04-28T01:19:40.552+0000] {dag.py:3096} INFO - Sync 1 DAGs
[2025-04-28T01:19:40.557+0000] {logging_mixin.py:188} INFO - [2025-04-28T01:19:40.557+0000] {dag.py:3954} INFO - Setting next_dagrun for create_gold_tables_from_parquet to None, run_after=None
[2025-04-28T01:19:40.568+0000] {processor.py:183} INFO - Processing /opt/airflow/dags/create_gold_tables_from_parquet.py took 0.247 seconds
[2025-04-28T01:20:11.178+0000] {processor.py:161} INFO - Started process (PID=392) to work on /opt/airflow/dags/create_gold_tables_from_parquet.py
[2025-04-28T01:20:11.181+0000] {processor.py:830} INFO - Processing file /opt/airflow/dags/create_gold_tables_from_parquet.py for tasks to queue
[2025-04-28T01:20:11.181+0000] {logging_mixin.py:188} INFO - [2025-04-28T01:20:11.181+0000] {dagbag.py:540} INFO - Filling up the DagBag from /opt/airflow/dags/create_gold_tables_from_parquet.py
[2025-04-28T01:20:11.403+0000] {processor.py:840} INFO - DAG(s) 'create_gold_tables_from_parquet' retrieved from /opt/airflow/dags/create_gold_tables_from_parquet.py
[2025-04-28T01:20:11.418+0000] {logging_mixin.py:188} INFO - [2025-04-28T01:20:11.418+0000] {dag.py:3096} INFO - Sync 1 DAGs
[2025-04-28T01:20:11.423+0000] {logging_mixin.py:188} INFO - [2025-04-28T01:20:11.423+0000] {dag.py:3954} INFO - Setting next_dagrun for create_gold_tables_from_parquet to None, run_after=None
[2025-04-28T01:20:11.432+0000] {processor.py:183} INFO - Processing /opt/airflow/dags/create_gold_tables_from_parquet.py took 0.257 seconds
[2025-04-28T01:20:42.055+0000] {processor.py:161} INFO - Started process (PID=449) to work on /opt/airflow/dags/create_gold_tables_from_parquet.py
[2025-04-28T01:20:42.055+0000] {processor.py:830} INFO - Processing file /opt/airflow/dags/create_gold_tables_from_parquet.py for tasks to queue
[2025-04-28T01:20:42.056+0000] {logging_mixin.py:188} INFO - [2025-04-28T01:20:42.056+0000] {dagbag.py:540} INFO - Filling up the DagBag from /opt/airflow/dags/create_gold_tables_from_parquet.py
[2025-04-28T01:20:42.279+0000] {processor.py:840} INFO - DAG(s) 'create_gold_tables_from_parquet' retrieved from /opt/airflow/dags/create_gold_tables_from_parquet.py
[2025-04-28T01:20:42.292+0000] {logging_mixin.py:188} INFO - [2025-04-28T01:20:42.292+0000] {dag.py:3096} INFO - Sync 1 DAGs
[2025-04-28T01:20:42.297+0000] {logging_mixin.py:188} INFO - [2025-04-28T01:20:42.296+0000] {dag.py:3954} INFO - Setting next_dagrun for create_gold_tables_from_parquet to None, run_after=None
[2025-04-28T01:20:42.308+0000] {processor.py:183} INFO - Processing /opt/airflow/dags/create_gold_tables_from_parquet.py took 0.256 seconds
[2025-04-28T01:21:12.990+0000] {processor.py:161} INFO - Started process (PID=479) to work on /opt/airflow/dags/create_gold_tables_from_parquet.py
[2025-04-28T01:21:12.990+0000] {processor.py:830} INFO - Processing file /opt/airflow/dags/create_gold_tables_from_parquet.py for tasks to queue
[2025-04-28T01:21:12.991+0000] {logging_mixin.py:188} INFO - [2025-04-28T01:21:12.991+0000] {dagbag.py:540} INFO - Filling up the DagBag from /opt/airflow/dags/create_gold_tables_from_parquet.py
[2025-04-28T01:21:13.222+0000] {processor.py:840} INFO - DAG(s) 'create_gold_tables_from_parquet' retrieved from /opt/airflow/dags/create_gold_tables_from_parquet.py
[2025-04-28T01:21:13.235+0000] {logging_mixin.py:188} INFO - [2025-04-28T01:21:13.235+0000] {dag.py:3096} INFO - Sync 1 DAGs
[2025-04-28T01:21:13.240+0000] {logging_mixin.py:188} INFO - [2025-04-28T01:21:13.240+0000] {dag.py:3954} INFO - Setting next_dagrun for create_gold_tables_from_parquet to None, run_after=None
[2025-04-28T01:21:13.251+0000] {processor.py:183} INFO - Processing /opt/airflow/dags/create_gold_tables_from_parquet.py took 0.265 seconds
[2025-04-28T01:21:43.827+0000] {processor.py:161} INFO - Started process (PID=509) to work on /opt/airflow/dags/create_gold_tables_from_parquet.py
[2025-04-28T01:21:43.827+0000] {processor.py:830} INFO - Processing file /opt/airflow/dags/create_gold_tables_from_parquet.py for tasks to queue
[2025-04-28T01:21:43.828+0000] {logging_mixin.py:188} INFO - [2025-04-28T01:21:43.828+0000] {dagbag.py:540} INFO - Filling up the DagBag from /opt/airflow/dags/create_gold_tables_from_parquet.py
[2025-04-28T01:21:44.050+0000] {processor.py:840} INFO - DAG(s) 'create_gold_tables_from_parquet' retrieved from /opt/airflow/dags/create_gold_tables_from_parquet.py
[2025-04-28T01:21:44.065+0000] {logging_mixin.py:188} INFO - [2025-04-28T01:21:44.065+0000] {dag.py:3096} INFO - Sync 1 DAGs
[2025-04-28T01:21:44.070+0000] {logging_mixin.py:188} INFO - [2025-04-28T01:21:44.069+0000] {dag.py:3954} INFO - Setting next_dagrun for create_gold_tables_from_parquet to None, run_after=None
[2025-04-28T01:21:44.083+0000] {processor.py:183} INFO - Processing /opt/airflow/dags/create_gold_tables_from_parquet.py took 0.258 seconds
[2025-04-28T01:22:14.990+0000] {processor.py:161} INFO - Started process (PID=539) to work on /opt/airflow/dags/create_gold_tables_from_parquet.py
[2025-04-28T01:22:14.990+0000] {processor.py:830} INFO - Processing file /opt/airflow/dags/create_gold_tables_from_parquet.py for tasks to queue
[2025-04-28T01:22:14.991+0000] {logging_mixin.py:188} INFO - [2025-04-28T01:22:14.991+0000] {dagbag.py:540} INFO - Filling up the DagBag from /opt/airflow/dags/create_gold_tables_from_parquet.py
[2025-04-28T01:22:15.209+0000] {processor.py:840} INFO - DAG(s) 'create_gold_tables_from_parquet' retrieved from /opt/airflow/dags/create_gold_tables_from_parquet.py
[2025-04-28T01:22:15.221+0000] {logging_mixin.py:188} INFO - [2025-04-28T01:22:15.221+0000] {dag.py:3096} INFO - Sync 1 DAGs
[2025-04-28T01:22:15.226+0000] {logging_mixin.py:188} INFO - [2025-04-28T01:22:15.226+0000] {dag.py:3954} INFO - Setting next_dagrun for create_gold_tables_from_parquet to None, run_after=None
[2025-04-28T01:22:15.237+0000] {processor.py:183} INFO - Processing /opt/airflow/dags/create_gold_tables_from_parquet.py took 0.250 seconds
[2025-04-28T01:22:45.613+0000] {processor.py:161} INFO - Started process (PID=566) to work on /opt/airflow/dags/create_gold_tables_from_parquet.py
[2025-04-28T01:22:45.614+0000] {processor.py:830} INFO - Processing file /opt/airflow/dags/create_gold_tables_from_parquet.py for tasks to queue
[2025-04-28T01:22:45.614+0000] {logging_mixin.py:188} INFO - [2025-04-28T01:22:45.614+0000] {dagbag.py:540} INFO - Filling up the DagBag from /opt/airflow/dags/create_gold_tables_from_parquet.py
[2025-04-28T01:22:45.838+0000] {processor.py:840} INFO - DAG(s) 'create_gold_tables_from_parquet' retrieved from /opt/airflow/dags/create_gold_tables_from_parquet.py
[2025-04-28T01:22:45.850+0000] {logging_mixin.py:188} INFO - [2025-04-28T01:22:45.849+0000] {dag.py:3096} INFO - Sync 1 DAGs
[2025-04-28T01:22:45.855+0000] {logging_mixin.py:188} INFO - [2025-04-28T01:22:45.854+0000] {dag.py:3954} INFO - Setting next_dagrun for create_gold_tables_from_parquet to None, run_after=None
[2025-04-28T01:22:45.863+0000] {processor.py:183} INFO - Processing /opt/airflow/dags/create_gold_tables_from_parquet.py took 0.253 seconds
[2025-04-28T01:22:52.191+0000] {processor.py:161} INFO - Started process (PID=581) to work on /opt/airflow/dags/create_gold_tables_from_parquet.py
[2025-04-28T01:22:52.192+0000] {processor.py:830} INFO - Processing file /opt/airflow/dags/create_gold_tables_from_parquet.py for tasks to queue
[2025-04-28T01:22:52.194+0000] {logging_mixin.py:188} INFO - [2025-04-28T01:22:52.194+0000] {dagbag.py:540} INFO - Filling up the DagBag from /opt/airflow/dags/create_gold_tables_from_parquet.py
[2025-04-28T01:22:52.417+0000] {processor.py:840} INFO - DAG(s) 'create_gold_tables_from_parquet' retrieved from /opt/airflow/dags/create_gold_tables_from_parquet.py
[2025-04-28T01:22:52.428+0000] {logging_mixin.py:188} INFO - [2025-04-28T01:22:52.428+0000] {dag.py:3096} INFO - Sync 1 DAGs
[2025-04-28T01:22:52.433+0000] {logging_mixin.py:188} INFO - [2025-04-28T01:22:52.433+0000] {dag.py:3954} INFO - Setting next_dagrun for create_gold_tables_from_parquet to None, run_after=None
[2025-04-28T01:22:52.441+0000] {processor.py:183} INFO - Processing /opt/airflow/dags/create_gold_tables_from_parquet.py took 0.256 seconds
[2025-04-28T01:23:17.102+0000] {processor.py:161} INFO - Started process (PID=165) to work on /opt/airflow/dags/create_gold_tables_from_parquet.py
[2025-04-28T01:23:17.102+0000] {processor.py:830} INFO - Processing file /opt/airflow/dags/create_gold_tables_from_parquet.py for tasks to queue
[2025-04-28T01:23:17.105+0000] {logging_mixin.py:188} INFO - [2025-04-28T01:23:17.104+0000] {dagbag.py:540} INFO - Filling up the DagBag from /opt/airflow/dags/create_gold_tables_from_parquet.py
[2025-04-28T01:23:17.249+0000] {processor.py:840} INFO - DAG(s) 'create_gold_tables_from_parquet' retrieved from /opt/airflow/dags/create_gold_tables_from_parquet.py
[2025-04-28T01:23:17.354+0000] {logging_mixin.py:188} INFO - [2025-04-28T01:23:17.354+0000] {dag.py:3096} INFO - Sync 1 DAGs
[2025-04-28T01:23:17.359+0000] {logging_mixin.py:188} INFO - [2025-04-28T01:23:17.359+0000] {dag.py:3954} INFO - Setting next_dagrun for create_gold_tables_from_parquet to None, run_after=None
[2025-04-28T01:23:17.370+0000] {processor.py:183} INFO - Processing /opt/airflow/dags/create_gold_tables_from_parquet.py took 0.271 seconds
[2025-04-28T01:23:48.283+0000] {processor.py:161} INFO - Started process (PID=209) to work on /opt/airflow/dags/create_gold_tables_from_parquet.py
[2025-04-28T01:23:48.284+0000] {processor.py:830} INFO - Processing file /opt/airflow/dags/create_gold_tables_from_parquet.py for tasks to queue
[2025-04-28T01:23:48.286+0000] {logging_mixin.py:188} INFO - [2025-04-28T01:23:48.285+0000] {dagbag.py:540} INFO - Filling up the DagBag from /opt/airflow/dags/create_gold_tables_from_parquet.py
[2025-04-28T01:23:48.518+0000] {processor.py:840} INFO - DAG(s) 'create_gold_tables_from_parquet' retrieved from /opt/airflow/dags/create_gold_tables_from_parquet.py
[2025-04-28T01:23:48.531+0000] {logging_mixin.py:188} INFO - [2025-04-28T01:23:48.530+0000] {dag.py:3096} INFO - Sync 1 DAGs
[2025-04-28T01:23:48.536+0000] {logging_mixin.py:188} INFO - [2025-04-28T01:23:48.536+0000] {dag.py:3954} INFO - Setting next_dagrun for create_gold_tables_from_parquet to None, run_after=None
[2025-04-28T01:23:48.546+0000] {processor.py:183} INFO - Processing /opt/airflow/dags/create_gold_tables_from_parquet.py took 0.267 seconds
[2025-04-28T01:24:19.161+0000] {processor.py:161} INFO - Started process (PID=239) to work on /opt/airflow/dags/create_gold_tables_from_parquet.py
[2025-04-28T01:24:19.162+0000] {processor.py:830} INFO - Processing file /opt/airflow/dags/create_gold_tables_from_parquet.py for tasks to queue
[2025-04-28T01:24:19.165+0000] {logging_mixin.py:188} INFO - [2025-04-28T01:24:19.164+0000] {dagbag.py:540} INFO - Filling up the DagBag from /opt/airflow/dags/create_gold_tables_from_parquet.py
[2025-04-28T01:24:19.401+0000] {processor.py:840} INFO - DAG(s) 'create_gold_tables_from_parquet' retrieved from /opt/airflow/dags/create_gold_tables_from_parquet.py
[2025-04-28T01:24:19.415+0000] {logging_mixin.py:188} INFO - [2025-04-28T01:24:19.415+0000] {dag.py:3096} INFO - Sync 1 DAGs
[2025-04-28T01:24:19.422+0000] {logging_mixin.py:188} INFO - [2025-04-28T01:24:19.422+0000] {dag.py:3954} INFO - Setting next_dagrun for create_gold_tables_from_parquet to None, run_after=None
[2025-04-28T01:24:19.433+0000] {processor.py:183} INFO - Processing /opt/airflow/dags/create_gold_tables_from_parquet.py took 0.279 seconds
[2025-04-28T01:24:50.028+0000] {processor.py:161} INFO - Started process (PID=269) to work on /opt/airflow/dags/create_gold_tables_from_parquet.py
[2025-04-28T01:24:50.029+0000] {processor.py:830} INFO - Processing file /opt/airflow/dags/create_gold_tables_from_parquet.py for tasks to queue
[2025-04-28T01:24:50.031+0000] {logging_mixin.py:188} INFO - [2025-04-28T01:24:50.031+0000] {dagbag.py:540} INFO - Filling up the DagBag from /opt/airflow/dags/create_gold_tables_from_parquet.py
[2025-04-28T01:24:50.268+0000] {processor.py:840} INFO - DAG(s) 'create_gold_tables_from_parquet' retrieved from /opt/airflow/dags/create_gold_tables_from_parquet.py
[2025-04-28T01:24:50.281+0000] {logging_mixin.py:188} INFO - [2025-04-28T01:24:50.281+0000] {dag.py:3096} INFO - Sync 1 DAGs
[2025-04-28T01:24:50.287+0000] {logging_mixin.py:188} INFO - [2025-04-28T01:24:50.287+0000] {dag.py:3954} INFO - Setting next_dagrun for create_gold_tables_from_parquet to None, run_after=None
[2025-04-28T01:24:50.300+0000] {processor.py:183} INFO - Processing /opt/airflow/dags/create_gold_tables_from_parquet.py took 0.278 seconds
[2025-04-28T01:25:20.937+0000] {processor.py:161} INFO - Started process (PID=299) to work on /opt/airflow/dags/create_gold_tables_from_parquet.py
[2025-04-28T01:25:20.938+0000] {processor.py:830} INFO - Processing file /opt/airflow/dags/create_gold_tables_from_parquet.py for tasks to queue
[2025-04-28T01:25:20.939+0000] {logging_mixin.py:188} INFO - [2025-04-28T01:25:20.939+0000] {dagbag.py:540} INFO - Filling up the DagBag from /opt/airflow/dags/create_gold_tables_from_parquet.py
[2025-04-28T01:25:21.160+0000] {processor.py:840} INFO - DAG(s) 'create_gold_tables_from_parquet' retrieved from /opt/airflow/dags/create_gold_tables_from_parquet.py
[2025-04-28T01:25:21.175+0000] {logging_mixin.py:188} INFO - [2025-04-28T01:25:21.175+0000] {dag.py:3096} INFO - Sync 1 DAGs
[2025-04-28T01:25:21.180+0000] {logging_mixin.py:188} INFO - [2025-04-28T01:25:21.180+0000] {dag.py:3954} INFO - Setting next_dagrun for create_gold_tables_from_parquet to None, run_after=None
[2025-04-28T01:25:21.189+0000] {processor.py:183} INFO - Processing /opt/airflow/dags/create_gold_tables_from_parquet.py took 0.257 seconds
[2025-04-28T01:25:51.769+0000] {processor.py:161} INFO - Started process (PID=329) to work on /opt/airflow/dags/create_gold_tables_from_parquet.py
[2025-04-28T01:25:51.770+0000] {processor.py:830} INFO - Processing file /opt/airflow/dags/create_gold_tables_from_parquet.py for tasks to queue
[2025-04-28T01:25:51.771+0000] {logging_mixin.py:188} INFO - [2025-04-28T01:25:51.770+0000] {dagbag.py:540} INFO - Filling up the DagBag from /opt/airflow/dags/create_gold_tables_from_parquet.py
[2025-04-28T01:25:51.988+0000] {processor.py:840} INFO - DAG(s) 'create_gold_tables_from_parquet' retrieved from /opt/airflow/dags/create_gold_tables_from_parquet.py
[2025-04-28T01:25:52.002+0000] {logging_mixin.py:188} INFO - [2025-04-28T01:25:52.002+0000] {dag.py:3096} INFO - Sync 1 DAGs
[2025-04-28T01:25:52.006+0000] {logging_mixin.py:188} INFO - [2025-04-28T01:25:52.006+0000] {dag.py:3954} INFO - Setting next_dagrun for create_gold_tables_from_parquet to None, run_after=None
[2025-04-28T01:25:52.016+0000] {processor.py:183} INFO - Processing /opt/airflow/dags/create_gold_tables_from_parquet.py took 0.251 seconds
[2025-04-28T01:26:22.637+0000] {processor.py:161} INFO - Started process (PID=359) to work on /opt/airflow/dags/create_gold_tables_from_parquet.py
[2025-04-28T01:26:22.638+0000] {processor.py:830} INFO - Processing file /opt/airflow/dags/create_gold_tables_from_parquet.py for tasks to queue
[2025-04-28T01:26:22.639+0000] {logging_mixin.py:188} INFO - [2025-04-28T01:26:22.639+0000] {dagbag.py:540} INFO - Filling up the DagBag from /opt/airflow/dags/create_gold_tables_from_parquet.py
[2025-04-28T01:26:22.865+0000] {processor.py:840} INFO - DAG(s) 'create_gold_tables_from_parquet' retrieved from /opt/airflow/dags/create_gold_tables_from_parquet.py
[2025-04-28T01:26:22.880+0000] {logging_mixin.py:188} INFO - [2025-04-28T01:26:22.880+0000] {dag.py:3096} INFO - Sync 1 DAGs
[2025-04-28T01:26:22.886+0000] {logging_mixin.py:188} INFO - [2025-04-28T01:26:22.886+0000] {dag.py:3954} INFO - Setting next_dagrun for create_gold_tables_from_parquet to None, run_after=None
[2025-04-28T01:26:22.896+0000] {processor.py:183} INFO - Processing /opt/airflow/dags/create_gold_tables_from_parquet.py took 0.265 seconds
[2025-04-28T01:26:53.504+0000] {processor.py:161} INFO - Started process (PID=389) to work on /opt/airflow/dags/create_gold_tables_from_parquet.py
[2025-04-28T01:26:53.505+0000] {processor.py:830} INFO - Processing file /opt/airflow/dags/create_gold_tables_from_parquet.py for tasks to queue
[2025-04-28T01:26:53.507+0000] {logging_mixin.py:188} INFO - [2025-04-28T01:26:53.506+0000] {dagbag.py:540} INFO - Filling up the DagBag from /opt/airflow/dags/create_gold_tables_from_parquet.py
[2025-04-28T01:26:53.731+0000] {processor.py:840} INFO - DAG(s) 'create_gold_tables_from_parquet' retrieved from /opt/airflow/dags/create_gold_tables_from_parquet.py
[2025-04-28T01:26:53.744+0000] {logging_mixin.py:188} INFO - [2025-04-28T01:26:53.744+0000] {dag.py:3096} INFO - Sync 1 DAGs
[2025-04-28T01:26:53.750+0000] {logging_mixin.py:188} INFO - [2025-04-28T01:26:53.750+0000] {dag.py:3954} INFO - Setting next_dagrun for create_gold_tables_from_parquet to None, run_after=None
[2025-04-28T01:26:53.760+0000] {processor.py:183} INFO - Processing /opt/airflow/dags/create_gold_tables_from_parquet.py took 0.264 seconds
[2025-04-28T01:27:24.353+0000] {processor.py:161} INFO - Started process (PID=419) to work on /opt/airflow/dags/create_gold_tables_from_parquet.py
[2025-04-28T01:27:24.354+0000] {processor.py:830} INFO - Processing file /opt/airflow/dags/create_gold_tables_from_parquet.py for tasks to queue
[2025-04-28T01:27:24.356+0000] {logging_mixin.py:188} INFO - [2025-04-28T01:27:24.355+0000] {dagbag.py:540} INFO - Filling up the DagBag from /opt/airflow/dags/create_gold_tables_from_parquet.py
[2025-04-28T01:27:24.576+0000] {processor.py:840} INFO - DAG(s) 'create_gold_tables_from_parquet' retrieved from /opt/airflow/dags/create_gold_tables_from_parquet.py
[2025-04-28T01:27:24.588+0000] {logging_mixin.py:188} INFO - [2025-04-28T01:27:24.588+0000] {dag.py:3096} INFO - Sync 1 DAGs
[2025-04-28T01:27:24.593+0000] {logging_mixin.py:188} INFO - [2025-04-28T01:27:24.592+0000] {dag.py:3954} INFO - Setting next_dagrun for create_gold_tables_from_parquet to None, run_after=None
[2025-04-28T01:27:24.606+0000] {processor.py:183} INFO - Processing /opt/airflow/dags/create_gold_tables_from_parquet.py took 0.259 seconds
[2025-04-28T01:27:55.261+0000] {processor.py:161} INFO - Started process (PID=449) to work on /opt/airflow/dags/create_gold_tables_from_parquet.py
[2025-04-28T01:27:55.263+0000] {processor.py:830} INFO - Processing file /opt/airflow/dags/create_gold_tables_from_parquet.py for tasks to queue
[2025-04-28T01:27:55.265+0000] {logging_mixin.py:188} INFO - [2025-04-28T01:27:55.264+0000] {dagbag.py:540} INFO - Filling up the DagBag from /opt/airflow/dags/create_gold_tables_from_parquet.py
[2025-04-28T01:27:55.489+0000] {processor.py:840} INFO - DAG(s) 'create_gold_tables_from_parquet' retrieved from /opt/airflow/dags/create_gold_tables_from_parquet.py
[2025-04-28T01:27:55.502+0000] {logging_mixin.py:188} INFO - [2025-04-28T01:27:55.501+0000] {dag.py:3096} INFO - Sync 1 DAGs
[2025-04-28T01:27:55.507+0000] {logging_mixin.py:188} INFO - [2025-04-28T01:27:55.507+0000] {dag.py:3954} INFO - Setting next_dagrun for create_gold_tables_from_parquet to None, run_after=None
[2025-04-28T01:27:55.518+0000] {processor.py:183} INFO - Processing /opt/airflow/dags/create_gold_tables_from_parquet.py took 0.263 seconds
[2025-04-28T01:28:26.103+0000] {processor.py:161} INFO - Started process (PID=479) to work on /opt/airflow/dags/create_gold_tables_from_parquet.py
[2025-04-28T01:28:26.106+0000] {processor.py:830} INFO - Processing file /opt/airflow/dags/create_gold_tables_from_parquet.py for tasks to queue
[2025-04-28T01:28:26.108+0000] {logging_mixin.py:188} INFO - [2025-04-28T01:28:26.108+0000] {dagbag.py:540} INFO - Filling up the DagBag from /opt/airflow/dags/create_gold_tables_from_parquet.py
[2025-04-28T01:28:26.334+0000] {processor.py:840} INFO - DAG(s) 'create_gold_tables_from_parquet' retrieved from /opt/airflow/dags/create_gold_tables_from_parquet.py
[2025-04-28T01:28:26.346+0000] {logging_mixin.py:188} INFO - [2025-04-28T01:28:26.346+0000] {dag.py:3096} INFO - Sync 1 DAGs
[2025-04-28T01:28:26.350+0000] {logging_mixin.py:188} INFO - [2025-04-28T01:28:26.350+0000] {dag.py:3954} INFO - Setting next_dagrun for create_gold_tables_from_parquet to None, run_after=None
[2025-04-28T01:28:26.360+0000] {processor.py:183} INFO - Processing /opt/airflow/dags/create_gold_tables_from_parquet.py took 0.262 seconds
[2025-04-28T01:28:56.961+0000] {processor.py:161} INFO - Started process (PID=509) to work on /opt/airflow/dags/create_gold_tables_from_parquet.py
[2025-04-28T01:28:56.962+0000] {processor.py:830} INFO - Processing file /opt/airflow/dags/create_gold_tables_from_parquet.py for tasks to queue
[2025-04-28T01:28:56.963+0000] {logging_mixin.py:188} INFO - [2025-04-28T01:28:56.963+0000] {dagbag.py:540} INFO - Filling up the DagBag from /opt/airflow/dags/create_gold_tables_from_parquet.py
[2025-04-28T01:28:57.187+0000] {processor.py:840} INFO - DAG(s) 'create_gold_tables_from_parquet' retrieved from /opt/airflow/dags/create_gold_tables_from_parquet.py
[2025-04-28T01:28:57.199+0000] {logging_mixin.py:188} INFO - [2025-04-28T01:28:57.199+0000] {dag.py:3096} INFO - Sync 1 DAGs
[2025-04-28T01:28:57.204+0000] {logging_mixin.py:188} INFO - [2025-04-28T01:28:57.203+0000] {dag.py:3954} INFO - Setting next_dagrun for create_gold_tables_from_parquet to None, run_after=None
[2025-04-28T01:28:57.215+0000] {processor.py:183} INFO - Processing /opt/airflow/dags/create_gold_tables_from_parquet.py took 0.258 seconds
[2025-04-28T01:29:28.074+0000] {processor.py:161} INFO - Started process (PID=539) to work on /opt/airflow/dags/create_gold_tables_from_parquet.py
[2025-04-28T01:29:28.074+0000] {processor.py:830} INFO - Processing file /opt/airflow/dags/create_gold_tables_from_parquet.py for tasks to queue
[2025-04-28T01:29:28.075+0000] {logging_mixin.py:188} INFO - [2025-04-28T01:29:28.075+0000] {dagbag.py:540} INFO - Filling up the DagBag from /opt/airflow/dags/create_gold_tables_from_parquet.py
[2025-04-28T01:29:28.297+0000] {processor.py:840} INFO - DAG(s) 'create_gold_tables_from_parquet' retrieved from /opt/airflow/dags/create_gold_tables_from_parquet.py
[2025-04-28T01:29:28.309+0000] {logging_mixin.py:188} INFO - [2025-04-28T01:29:28.308+0000] {dag.py:3096} INFO - Sync 1 DAGs
[2025-04-28T01:29:28.313+0000] {logging_mixin.py:188} INFO - [2025-04-28T01:29:28.313+0000] {dag.py:3954} INFO - Setting next_dagrun for create_gold_tables_from_parquet to None, run_after=None
[2025-04-28T01:29:28.325+0000] {processor.py:183} INFO - Processing /opt/airflow/dags/create_gold_tables_from_parquet.py took 0.256 seconds
[2025-04-28T01:29:58.909+0000] {processor.py:161} INFO - Started process (PID=569) to work on /opt/airflow/dags/create_gold_tables_from_parquet.py
[2025-04-28T01:29:58.910+0000] {processor.py:830} INFO - Processing file /opt/airflow/dags/create_gold_tables_from_parquet.py for tasks to queue
[2025-04-28T01:29:58.912+0000] {logging_mixin.py:188} INFO - [2025-04-28T01:29:58.912+0000] {dagbag.py:540} INFO - Filling up the DagBag from /opt/airflow/dags/create_gold_tables_from_parquet.py
[2025-04-28T01:29:59.140+0000] {processor.py:840} INFO - DAG(s) 'create_gold_tables_from_parquet' retrieved from /opt/airflow/dags/create_gold_tables_from_parquet.py
[2025-04-28T01:29:59.154+0000] {logging_mixin.py:188} INFO - [2025-04-28T01:29:59.153+0000] {dag.py:3096} INFO - Sync 1 DAGs
[2025-04-28T01:29:59.161+0000] {logging_mixin.py:188} INFO - [2025-04-28T01:29:59.160+0000] {dag.py:3954} INFO - Setting next_dagrun for create_gold_tables_from_parquet to None, run_after=None
[2025-04-28T01:29:59.170+0000] {processor.py:183} INFO - Processing /opt/airflow/dags/create_gold_tables_from_parquet.py took 0.269 seconds
[2025-04-28T01:30:29.789+0000] {processor.py:161} INFO - Started process (PID=599) to work on /opt/airflow/dags/create_gold_tables_from_parquet.py
[2025-04-28T01:30:29.790+0000] {processor.py:830} INFO - Processing file /opt/airflow/dags/create_gold_tables_from_parquet.py for tasks to queue
[2025-04-28T01:30:29.792+0000] {logging_mixin.py:188} INFO - [2025-04-28T01:30:29.791+0000] {dagbag.py:540} INFO - Filling up the DagBag from /opt/airflow/dags/create_gold_tables_from_parquet.py
[2025-04-28T01:30:30.011+0000] {processor.py:840} INFO - DAG(s) 'create_gold_tables_from_parquet' retrieved from /opt/airflow/dags/create_gold_tables_from_parquet.py
[2025-04-28T01:30:30.024+0000] {logging_mixin.py:188} INFO - [2025-04-28T01:30:30.024+0000] {dag.py:3096} INFO - Sync 1 DAGs
[2025-04-28T01:30:30.029+0000] {logging_mixin.py:188} INFO - [2025-04-28T01:30:30.028+0000] {dag.py:3954} INFO - Setting next_dagrun for create_gold_tables_from_parquet to None, run_after=None
[2025-04-28T01:30:30.040+0000] {processor.py:183} INFO - Processing /opt/airflow/dags/create_gold_tables_from_parquet.py took 0.258 seconds
[2025-04-28T01:31:00.921+0000] {processor.py:161} INFO - Started process (PID=629) to work on /opt/airflow/dags/create_gold_tables_from_parquet.py
[2025-04-28T01:31:00.924+0000] {processor.py:830} INFO - Processing file /opt/airflow/dags/create_gold_tables_from_parquet.py for tasks to queue
[2025-04-28T01:31:00.926+0000] {logging_mixin.py:188} INFO - [2025-04-28T01:31:00.926+0000] {dagbag.py:540} INFO - Filling up the DagBag from /opt/airflow/dags/create_gold_tables_from_parquet.py
[2025-04-28T01:31:01.149+0000] {processor.py:840} INFO - DAG(s) 'create_gold_tables_from_parquet' retrieved from /opt/airflow/dags/create_gold_tables_from_parquet.py
[2025-04-28T01:31:01.162+0000] {logging_mixin.py:188} INFO - [2025-04-28T01:31:01.162+0000] {dag.py:3096} INFO - Sync 1 DAGs
[2025-04-28T01:31:01.166+0000] {logging_mixin.py:188} INFO - [2025-04-28T01:31:01.166+0000] {dag.py:3954} INFO - Setting next_dagrun for create_gold_tables_from_parquet to None, run_after=None
[2025-04-28T01:31:01.176+0000] {processor.py:183} INFO - Processing /opt/airflow/dags/create_gold_tables_from_parquet.py took 0.259 seconds
[2025-04-28T01:31:31.814+0000] {processor.py:161} INFO - Started process (PID=659) to work on /opt/airflow/dags/create_gold_tables_from_parquet.py
[2025-04-28T01:31:31.814+0000] {processor.py:830} INFO - Processing file /opt/airflow/dags/create_gold_tables_from_parquet.py for tasks to queue
[2025-04-28T01:31:31.815+0000] {logging_mixin.py:188} INFO - [2025-04-28T01:31:31.815+0000] {dagbag.py:540} INFO - Filling up the DagBag from /opt/airflow/dags/create_gold_tables_from_parquet.py
[2025-04-28T01:31:32.050+0000] {processor.py:840} INFO - DAG(s) 'create_gold_tables_from_parquet' retrieved from /opt/airflow/dags/create_gold_tables_from_parquet.py
[2025-04-28T01:31:32.062+0000] {logging_mixin.py:188} INFO - [2025-04-28T01:31:32.062+0000] {dag.py:3096} INFO - Sync 1 DAGs
[2025-04-28T01:31:32.067+0000] {logging_mixin.py:188} INFO - [2025-04-28T01:31:32.066+0000] {dag.py:3954} INFO - Setting next_dagrun for create_gold_tables_from_parquet to None, run_after=None
[2025-04-28T01:31:32.080+0000] {processor.py:183} INFO - Processing /opt/airflow/dags/create_gold_tables_from_parquet.py took 0.272 seconds
[2025-04-28T01:33:28.057+0000] {processor.py:161} INFO - Started process (PID=690) to work on /opt/airflow/dags/create_gold_tables_from_parquet.py
[2025-04-28T01:33:28.058+0000] {processor.py:830} INFO - Processing file /opt/airflow/dags/create_gold_tables_from_parquet.py for tasks to queue
[2025-04-28T01:33:28.059+0000] {logging_mixin.py:188} INFO - [2025-04-28T01:33:28.059+0000] {dagbag.py:540} INFO - Filling up the DagBag from /opt/airflow/dags/create_gold_tables_from_parquet.py
[2025-04-28T01:33:28.459+0000] {processor.py:840} INFO - DAG(s) 'create_gold_tables_from_parquet' retrieved from /opt/airflow/dags/create_gold_tables_from_parquet.py
[2025-04-28T01:33:28.479+0000] {logging_mixin.py:188} INFO - [2025-04-28T01:33:28.479+0000] {dag.py:3096} INFO - Sync 1 DAGs
[2025-04-28T01:33:28.486+0000] {logging_mixin.py:188} INFO - [2025-04-28T01:33:28.486+0000] {dag.py:3954} INFO - Setting next_dagrun for create_gold_tables_from_parquet to None, run_after=None
[2025-04-28T01:33:28.502+0000] {processor.py:183} INFO - Processing /opt/airflow/dags/create_gold_tables_from_parquet.py took 0.449 seconds
[2025-04-28T01:48:46.106+0000] {processor.py:161} INFO - Started process (PID=721) to work on /opt/airflow/dags/create_gold_tables_from_parquet.py
[2025-04-28T01:48:46.110+0000] {processor.py:830} INFO - Processing file /opt/airflow/dags/create_gold_tables_from_parquet.py for tasks to queue
[2025-04-28T01:48:46.112+0000] {logging_mixin.py:188} INFO - [2025-04-28T01:48:46.112+0000] {dagbag.py:540} INFO - Filling up the DagBag from /opt/airflow/dags/create_gold_tables_from_parquet.py
[2025-04-28T01:48:46.340+0000] {processor.py:840} INFO - DAG(s) 'create_gold_tables_from_parquet' retrieved from /opt/airflow/dags/create_gold_tables_from_parquet.py
[2025-04-28T01:48:46.354+0000] {logging_mixin.py:188} INFO - [2025-04-28T01:48:46.354+0000] {dag.py:3096} INFO - Sync 1 DAGs
[2025-04-28T01:48:46.359+0000] {logging_mixin.py:188} INFO - [2025-04-28T01:48:46.359+0000] {dag.py:3954} INFO - Setting next_dagrun for create_gold_tables_from_parquet to None, run_after=None
[2025-04-28T01:48:46.369+0000] {processor.py:183} INFO - Processing /opt/airflow/dags/create_gold_tables_from_parquet.py took 0.267 seconds
[2025-04-28T01:49:17.061+0000] {processor.py:161} INFO - Started process (PID=751) to work on /opt/airflow/dags/create_gold_tables_from_parquet.py
[2025-04-28T01:49:17.063+0000] {processor.py:830} INFO - Processing file /opt/airflow/dags/create_gold_tables_from_parquet.py for tasks to queue
[2025-04-28T01:49:17.065+0000] {logging_mixin.py:188} INFO - [2025-04-28T01:49:17.065+0000] {dagbag.py:540} INFO - Filling up the DagBag from /opt/airflow/dags/create_gold_tables_from_parquet.py
[2025-04-28T01:49:17.292+0000] {processor.py:840} INFO - DAG(s) 'create_gold_tables_from_parquet' retrieved from /opt/airflow/dags/create_gold_tables_from_parquet.py
[2025-04-28T01:49:17.302+0000] {logging_mixin.py:188} INFO - [2025-04-28T01:49:17.302+0000] {dag.py:3096} INFO - Sync 1 DAGs
[2025-04-28T01:49:17.309+0000] {logging_mixin.py:188} INFO - [2025-04-28T01:49:17.309+0000] {dag.py:3954} INFO - Setting next_dagrun for create_gold_tables_from_parquet to None, run_after=None
[2025-04-28T01:49:17.318+0000] {processor.py:183} INFO - Processing /opt/airflow/dags/create_gold_tables_from_parquet.py took 0.263 seconds
[2025-04-28T01:49:47.970+0000] {processor.py:161} INFO - Started process (PID=781) to work on /opt/airflow/dags/create_gold_tables_from_parquet.py
[2025-04-28T01:49:47.972+0000] {processor.py:830} INFO - Processing file /opt/airflow/dags/create_gold_tables_from_parquet.py for tasks to queue
[2025-04-28T01:49:47.973+0000] {logging_mixin.py:188} INFO - [2025-04-28T01:49:47.973+0000] {dagbag.py:540} INFO - Filling up the DagBag from /opt/airflow/dags/create_gold_tables_from_parquet.py
[2025-04-28T01:49:48.200+0000] {processor.py:840} INFO - DAG(s) 'create_gold_tables_from_parquet' retrieved from /opt/airflow/dags/create_gold_tables_from_parquet.py
[2025-04-28T01:49:48.212+0000] {logging_mixin.py:188} INFO - [2025-04-28T01:49:48.212+0000] {dag.py:3096} INFO - Sync 1 DAGs
[2025-04-28T01:49:48.217+0000] {logging_mixin.py:188} INFO - [2025-04-28T01:49:48.217+0000] {dag.py:3954} INFO - Setting next_dagrun for create_gold_tables_from_parquet to None, run_after=None
[2025-04-28T01:49:48.228+0000] {processor.py:183} INFO - Processing /opt/airflow/dags/create_gold_tables_from_parquet.py took 0.265 seconds
[2025-04-28T01:50:18.851+0000] {processor.py:161} INFO - Started process (PID=811) to work on /opt/airflow/dags/create_gold_tables_from_parquet.py
[2025-04-28T01:50:18.853+0000] {processor.py:830} INFO - Processing file /opt/airflow/dags/create_gold_tables_from_parquet.py for tasks to queue
[2025-04-28T01:50:18.854+0000] {logging_mixin.py:188} INFO - [2025-04-28T01:50:18.854+0000] {dagbag.py:540} INFO - Filling up the DagBag from /opt/airflow/dags/create_gold_tables_from_parquet.py
[2025-04-28T01:50:19.089+0000] {processor.py:840} INFO - DAG(s) 'create_gold_tables_from_parquet' retrieved from /opt/airflow/dags/create_gold_tables_from_parquet.py
[2025-04-28T01:50:19.102+0000] {logging_mixin.py:188} INFO - [2025-04-28T01:50:19.102+0000] {dag.py:3096} INFO - Sync 1 DAGs
[2025-04-28T01:50:19.107+0000] {logging_mixin.py:188} INFO - [2025-04-28T01:50:19.107+0000] {dag.py:3954} INFO - Setting next_dagrun for create_gold_tables_from_parquet to None, run_after=None
[2025-04-28T01:50:19.120+0000] {processor.py:183} INFO - Processing /opt/airflow/dags/create_gold_tables_from_parquet.py took 0.275 seconds
[2025-04-28T01:50:50.041+0000] {processor.py:161} INFO - Started process (PID=841) to work on /opt/airflow/dags/create_gold_tables_from_parquet.py
[2025-04-28T01:50:50.042+0000] {processor.py:830} INFO - Processing file /opt/airflow/dags/create_gold_tables_from_parquet.py for tasks to queue
[2025-04-28T01:50:50.043+0000] {logging_mixin.py:188} INFO - [2025-04-28T01:50:50.043+0000] {dagbag.py:540} INFO - Filling up the DagBag from /opt/airflow/dags/create_gold_tables_from_parquet.py
[2025-04-28T01:50:50.279+0000] {processor.py:840} INFO - DAG(s) 'create_gold_tables_from_parquet' retrieved from /opt/airflow/dags/create_gold_tables_from_parquet.py
[2025-04-28T01:50:50.294+0000] {logging_mixin.py:188} INFO - [2025-04-28T01:50:50.294+0000] {dag.py:3096} INFO - Sync 1 DAGs
[2025-04-28T01:50:50.299+0000] {logging_mixin.py:188} INFO - [2025-04-28T01:50:50.299+0000] {dag.py:3954} INFO - Setting next_dagrun for create_gold_tables_from_parquet to None, run_after=None
[2025-04-28T01:50:50.311+0000] {processor.py:183} INFO - Processing /opt/airflow/dags/create_gold_tables_from_parquet.py took 0.273 seconds
[2025-04-28T01:51:20.873+0000] {processor.py:161} INFO - Started process (PID=871) to work on /opt/airflow/dags/create_gold_tables_from_parquet.py
[2025-04-28T01:51:20.874+0000] {processor.py:830} INFO - Processing file /opt/airflow/dags/create_gold_tables_from_parquet.py for tasks to queue
[2025-04-28T01:51:20.875+0000] {logging_mixin.py:188} INFO - [2025-04-28T01:51:20.875+0000] {dagbag.py:540} INFO - Filling up the DagBag from /opt/airflow/dags/create_gold_tables_from_parquet.py
[2025-04-28T01:51:21.101+0000] {processor.py:840} INFO - DAG(s) 'create_gold_tables_from_parquet' retrieved from /opt/airflow/dags/create_gold_tables_from_parquet.py
[2025-04-28T01:51:21.114+0000] {logging_mixin.py:188} INFO - [2025-04-28T01:51:21.114+0000] {dag.py:3096} INFO - Sync 1 DAGs
[2025-04-28T01:51:21.120+0000] {logging_mixin.py:188} INFO - [2025-04-28T01:51:21.120+0000] {dag.py:3954} INFO - Setting next_dagrun for create_gold_tables_from_parquet to None, run_after=None
[2025-04-28T01:51:21.130+0000] {processor.py:183} INFO - Processing /opt/airflow/dags/create_gold_tables_from_parquet.py took 0.264 seconds
[2025-04-28T01:51:36.122+0000] {processor.py:161} INFO - Started process (PID=168) to work on /opt/airflow/dags/create_gold_tables_from_parquet.py
[2025-04-28T01:51:36.123+0000] {processor.py:830} INFO - Processing file /opt/airflow/dags/create_gold_tables_from_parquet.py for tasks to queue
[2025-04-28T01:51:36.127+0000] {logging_mixin.py:188} INFO - [2025-04-28T01:51:36.127+0000] {dagbag.py:540} INFO - Filling up the DagBag from /opt/airflow/dags/create_gold_tables_from_parquet.py
[2025-04-28T01:51:36.281+0000] {processor.py:840} INFO - DAG(s) 'create_gold_tables_from_parquet' retrieved from /opt/airflow/dags/create_gold_tables_from_parquet.py
[2025-04-28T01:51:36.299+0000] {logging_mixin.py:188} INFO - [2025-04-28T01:51:36.299+0000] {dag.py:3096} INFO - Sync 1 DAGs
[2025-04-28T01:51:36.407+0000] {logging_mixin.py:188} INFO - [2025-04-28T01:51:36.407+0000] {dag.py:3954} INFO - Setting next_dagrun for create_gold_tables_from_parquet to None, run_after=None
[2025-04-28T01:51:36.417+0000] {processor.py:183} INFO - Processing /opt/airflow/dags/create_gold_tables_from_parquet.py took 0.297 seconds
[2025-04-28T01:52:07.309+0000] {processor.py:161} INFO - Started process (PID=203) to work on /opt/airflow/dags/create_gold_tables_from_parquet.py
[2025-04-28T01:52:07.309+0000] {processor.py:830} INFO - Processing file /opt/airflow/dags/create_gold_tables_from_parquet.py for tasks to queue
[2025-04-28T01:52:07.310+0000] {logging_mixin.py:188} INFO - [2025-04-28T01:52:07.310+0000] {dagbag.py:540} INFO - Filling up the DagBag from /opt/airflow/dags/create_gold_tables_from_parquet.py
[2025-04-28T01:52:07.533+0000] {processor.py:840} INFO - DAG(s) 'create_gold_tables_from_parquet' retrieved from /opt/airflow/dags/create_gold_tables_from_parquet.py
[2025-04-28T01:52:07.578+0000] {logging_mixin.py:188} INFO - [2025-04-28T01:52:07.578+0000] {dag.py:3096} INFO - Sync 1 DAGs
[2025-04-28T01:52:07.584+0000] {logging_mixin.py:188} INFO - [2025-04-28T01:52:07.584+0000] {dag.py:3954} INFO - Setting next_dagrun for create_gold_tables_from_parquet to None, run_after=None
[2025-04-28T01:52:07.594+0000] {processor.py:183} INFO - Processing /opt/airflow/dags/create_gold_tables_from_parquet.py took 0.288 seconds
[2025-04-28T01:52:38.538+0000] {processor.py:161} INFO - Started process (PID=303) to work on /opt/airflow/dags/create_gold_tables_from_parquet.py
[2025-04-28T01:52:38.538+0000] {processor.py:830} INFO - Processing file /opt/airflow/dags/create_gold_tables_from_parquet.py for tasks to queue
[2025-04-28T01:52:38.540+0000] {logging_mixin.py:188} INFO - [2025-04-28T01:52:38.539+0000] {dagbag.py:540} INFO - Filling up the DagBag from /opt/airflow/dags/create_gold_tables_from_parquet.py
[2025-04-28T01:52:38.774+0000] {processor.py:840} INFO - DAG(s) 'create_gold_tables_from_parquet' retrieved from /opt/airflow/dags/create_gold_tables_from_parquet.py
[2025-04-28T01:52:38.790+0000] {logging_mixin.py:188} INFO - [2025-04-28T01:52:38.790+0000] {dag.py:3096} INFO - Sync 1 DAGs
[2025-04-28T01:52:38.797+0000] {logging_mixin.py:188} INFO - [2025-04-28T01:52:38.796+0000] {dag.py:3954} INFO - Setting next_dagrun for create_gold_tables_from_parquet to None, run_after=None
[2025-04-28T01:52:38.807+0000] {processor.py:183} INFO - Processing /opt/airflow/dags/create_gold_tables_from_parquet.py took 0.274 seconds
[2025-04-28T01:53:09.735+0000] {processor.py:161} INFO - Started process (PID=338) to work on /opt/airflow/dags/create_gold_tables_from_parquet.py
[2025-04-28T01:53:09.739+0000] {processor.py:830} INFO - Processing file /opt/airflow/dags/create_gold_tables_from_parquet.py for tasks to queue
[2025-04-28T01:53:09.740+0000] {logging_mixin.py:188} INFO - [2025-04-28T01:53:09.740+0000] {dagbag.py:540} INFO - Filling up the DagBag from /opt/airflow/dags/create_gold_tables_from_parquet.py
[2025-04-28T01:53:09.971+0000] {processor.py:840} INFO - DAG(s) 'create_gold_tables_from_parquet' retrieved from /opt/airflow/dags/create_gold_tables_from_parquet.py
[2025-04-28T01:53:09.988+0000] {logging_mixin.py:188} INFO - [2025-04-28T01:53:09.988+0000] {dag.py:3096} INFO - Sync 1 DAGs
[2025-04-28T01:53:09.993+0000] {logging_mixin.py:188} INFO - [2025-04-28T01:53:09.993+0000] {dag.py:3954} INFO - Setting next_dagrun for create_gold_tables_from_parquet to None, run_after=None
[2025-04-28T01:53:10.003+0000] {processor.py:183} INFO - Processing /opt/airflow/dags/create_gold_tables_from_parquet.py took 0.274 seconds
[2025-04-28T01:53:40.885+0000] {processor.py:161} INFO - Started process (PID=373) to work on /opt/airflow/dags/create_gold_tables_from_parquet.py
[2025-04-28T01:53:40.886+0000] {processor.py:830} INFO - Processing file /opt/airflow/dags/create_gold_tables_from_parquet.py for tasks to queue
[2025-04-28T01:53:40.888+0000] {logging_mixin.py:188} INFO - [2025-04-28T01:53:40.887+0000] {dagbag.py:540} INFO - Filling up the DagBag from /opt/airflow/dags/create_gold_tables_from_parquet.py
[2025-04-28T01:53:41.120+0000] {processor.py:840} INFO - DAG(s) 'create_gold_tables_from_parquet' retrieved from /opt/airflow/dags/create_gold_tables_from_parquet.py
[2025-04-28T01:53:41.133+0000] {logging_mixin.py:188} INFO - [2025-04-28T01:53:41.133+0000] {dag.py:3096} INFO - Sync 1 DAGs
[2025-04-28T01:53:41.142+0000] {logging_mixin.py:188} INFO - [2025-04-28T01:53:41.141+0000] {dag.py:3954} INFO - Setting next_dagrun for create_gold_tables_from_parquet to None, run_after=None
[2025-04-28T01:53:41.152+0000] {processor.py:183} INFO - Processing /opt/airflow/dags/create_gold_tables_from_parquet.py took 0.272 seconds
[2025-04-28T01:54:12.069+0000] {processor.py:161} INFO - Started process (PID=408) to work on /opt/airflow/dags/create_gold_tables_from_parquet.py
[2025-04-28T01:54:12.070+0000] {processor.py:830} INFO - Processing file /opt/airflow/dags/create_gold_tables_from_parquet.py for tasks to queue
[2025-04-28T01:54:12.072+0000] {logging_mixin.py:188} INFO - [2025-04-28T01:54:12.071+0000] {dagbag.py:540} INFO - Filling up the DagBag from /opt/airflow/dags/create_gold_tables_from_parquet.py
[2025-04-28T01:54:12.297+0000] {processor.py:840} INFO - DAG(s) 'create_gold_tables_from_parquet' retrieved from /opt/airflow/dags/create_gold_tables_from_parquet.py
[2025-04-28T01:54:12.311+0000] {logging_mixin.py:188} INFO - [2025-04-28T01:54:12.309+0000] {dag.py:3096} INFO - Sync 1 DAGs
[2025-04-28T01:54:12.317+0000] {logging_mixin.py:188} INFO - [2025-04-28T01:54:12.317+0000] {dag.py:3954} INFO - Setting next_dagrun for create_gold_tables_from_parquet to None, run_after=None
[2025-04-28T01:54:12.328+0000] {processor.py:183} INFO - Processing /opt/airflow/dags/create_gold_tables_from_parquet.py took 0.265 seconds
[2025-04-28T01:54:43.252+0000] {processor.py:161} INFO - Started process (PID=443) to work on /opt/airflow/dags/create_gold_tables_from_parquet.py
[2025-04-28T01:54:43.253+0000] {processor.py:830} INFO - Processing file /opt/airflow/dags/create_gold_tables_from_parquet.py for tasks to queue
[2025-04-28T01:54:43.255+0000] {logging_mixin.py:188} INFO - [2025-04-28T01:54:43.255+0000] {dagbag.py:540} INFO - Filling up the DagBag from /opt/airflow/dags/create_gold_tables_from_parquet.py
[2025-04-28T01:54:43.486+0000] {processor.py:840} INFO - DAG(s) 'create_gold_tables_from_parquet' retrieved from /opt/airflow/dags/create_gold_tables_from_parquet.py
[2025-04-28T01:54:43.499+0000] {logging_mixin.py:188} INFO - [2025-04-28T01:54:43.499+0000] {dag.py:3096} INFO - Sync 1 DAGs
[2025-04-28T01:54:43.504+0000] {logging_mixin.py:188} INFO - [2025-04-28T01:54:43.504+0000] {dag.py:3954} INFO - Setting next_dagrun for create_gold_tables_from_parquet to None, run_after=None
[2025-04-28T01:54:43.515+0000] {processor.py:183} INFO - Processing /opt/airflow/dags/create_gold_tables_from_parquet.py took 0.269 seconds
[2025-04-28T01:55:14.449+0000] {processor.py:161} INFO - Started process (PID=478) to work on /opt/airflow/dags/create_gold_tables_from_parquet.py
[2025-04-28T01:55:14.450+0000] {processor.py:830} INFO - Processing file /opt/airflow/dags/create_gold_tables_from_parquet.py for tasks to queue
[2025-04-28T01:55:14.450+0000] {logging_mixin.py:188} INFO - [2025-04-28T01:55:14.450+0000] {dagbag.py:540} INFO - Filling up the DagBag from /opt/airflow/dags/create_gold_tables_from_parquet.py
[2025-04-28T01:55:14.676+0000] {processor.py:840} INFO - DAG(s) 'create_gold_tables_from_parquet' retrieved from /opt/airflow/dags/create_gold_tables_from_parquet.py
[2025-04-28T01:55:14.694+0000] {logging_mixin.py:188} INFO - [2025-04-28T01:55:14.694+0000] {dag.py:3096} INFO - Sync 1 DAGs
[2025-04-28T01:55:14.698+0000] {logging_mixin.py:188} INFO - [2025-04-28T01:55:14.698+0000] {dag.py:3954} INFO - Setting next_dagrun for create_gold_tables_from_parquet to None, run_after=None
[2025-04-28T01:55:14.708+0000] {processor.py:183} INFO - Processing /opt/airflow/dags/create_gold_tables_from_parquet.py took 0.264 seconds
[2025-04-28T01:55:45.612+0000] {processor.py:161} INFO - Started process (PID=513) to work on /opt/airflow/dags/create_gold_tables_from_parquet.py
[2025-04-28T01:55:45.613+0000] {processor.py:830} INFO - Processing file /opt/airflow/dags/create_gold_tables_from_parquet.py for tasks to queue
[2025-04-28T01:55:45.615+0000] {logging_mixin.py:188} INFO - [2025-04-28T01:55:45.615+0000] {dagbag.py:540} INFO - Filling up the DagBag from /opt/airflow/dags/create_gold_tables_from_parquet.py
[2025-04-28T01:55:45.851+0000] {processor.py:840} INFO - DAG(s) 'create_gold_tables_from_parquet' retrieved from /opt/airflow/dags/create_gold_tables_from_parquet.py
[2025-04-28T01:55:45.865+0000] {logging_mixin.py:188} INFO - [2025-04-28T01:55:45.865+0000] {dag.py:3096} INFO - Sync 1 DAGs
[2025-04-28T01:55:45.870+0000] {logging_mixin.py:188} INFO - [2025-04-28T01:55:45.870+0000] {dag.py:3954} INFO - Setting next_dagrun for create_gold_tables_from_parquet to None, run_after=None
[2025-04-28T01:55:45.879+0000] {processor.py:183} INFO - Processing /opt/airflow/dags/create_gold_tables_from_parquet.py took 0.271 seconds
[2025-04-28T01:56:16.734+0000] {processor.py:161} INFO - Started process (PID=548) to work on /opt/airflow/dags/create_gold_tables_from_parquet.py
[2025-04-28T01:56:16.735+0000] {processor.py:830} INFO - Processing file /opt/airflow/dags/create_gold_tables_from_parquet.py for tasks to queue
[2025-04-28T01:56:16.736+0000] {logging_mixin.py:188} INFO - [2025-04-28T01:56:16.736+0000] {dagbag.py:540} INFO - Filling up the DagBag from /opt/airflow/dags/create_gold_tables_from_parquet.py
[2025-04-28T01:56:16.959+0000] {processor.py:840} INFO - DAG(s) 'create_gold_tables_from_parquet' retrieved from /opt/airflow/dags/create_gold_tables_from_parquet.py
[2025-04-28T01:56:16.974+0000] {logging_mixin.py:188} INFO - [2025-04-28T01:56:16.974+0000] {dag.py:3096} INFO - Sync 1 DAGs
[2025-04-28T01:56:16.979+0000] {logging_mixin.py:188} INFO - [2025-04-28T01:56:16.979+0000] {dag.py:3954} INFO - Setting next_dagrun for create_gold_tables_from_parquet to None, run_after=None
[2025-04-28T01:56:16.988+0000] {processor.py:183} INFO - Processing /opt/airflow/dags/create_gold_tables_from_parquet.py took 0.260 seconds
[2025-04-28T01:56:47.636+0000] {processor.py:161} INFO - Started process (PID=583) to work on /opt/airflow/dags/create_gold_tables_from_parquet.py
[2025-04-28T01:56:47.637+0000] {processor.py:830} INFO - Processing file /opt/airflow/dags/create_gold_tables_from_parquet.py for tasks to queue
[2025-04-28T01:56:47.639+0000] {logging_mixin.py:188} INFO - [2025-04-28T01:56:47.639+0000] {dagbag.py:540} INFO - Filling up the DagBag from /opt/airflow/dags/create_gold_tables_from_parquet.py
[2025-04-28T01:56:47.873+0000] {processor.py:840} INFO - DAG(s) 'create_gold_tables_from_parquet' retrieved from /opt/airflow/dags/create_gold_tables_from_parquet.py
[2025-04-28T01:56:47.889+0000] {logging_mixin.py:188} INFO - [2025-04-28T01:56:47.889+0000] {dag.py:3096} INFO - Sync 1 DAGs
[2025-04-28T01:56:47.896+0000] {logging_mixin.py:188} INFO - [2025-04-28T01:56:47.895+0000] {dag.py:3954} INFO - Setting next_dagrun for create_gold_tables_from_parquet to None, run_after=None
[2025-04-28T01:56:47.907+0000] {processor.py:183} INFO - Processing /opt/airflow/dags/create_gold_tables_from_parquet.py took 0.276 seconds
[2025-04-28T01:57:18.853+0000] {processor.py:161} INFO - Started process (PID=618) to work on /opt/airflow/dags/create_gold_tables_from_parquet.py
[2025-04-28T01:57:18.853+0000] {processor.py:830} INFO - Processing file /opt/airflow/dags/create_gold_tables_from_parquet.py for tasks to queue
[2025-04-28T01:57:18.854+0000] {logging_mixin.py:188} INFO - [2025-04-28T01:57:18.854+0000] {dagbag.py:540} INFO - Filling up the DagBag from /opt/airflow/dags/create_gold_tables_from_parquet.py
[2025-04-28T01:57:19.113+0000] {processor.py:840} INFO - DAG(s) 'create_gold_tables_from_parquet' retrieved from /opt/airflow/dags/create_gold_tables_from_parquet.py
[2025-04-28T01:57:19.127+0000] {logging_mixin.py:188} INFO - [2025-04-28T01:57:19.127+0000] {dag.py:3096} INFO - Sync 1 DAGs
[2025-04-28T01:57:19.134+0000] {logging_mixin.py:188} INFO - [2025-04-28T01:57:19.134+0000] {dag.py:3954} INFO - Setting next_dagrun for create_gold_tables_from_parquet to None, run_after=None
[2025-04-28T01:57:19.144+0000] {processor.py:183} INFO - Processing /opt/airflow/dags/create_gold_tables_from_parquet.py took 0.294 seconds
[2025-04-28T01:57:50.009+0000] {processor.py:161} INFO - Started process (PID=653) to work on /opt/airflow/dags/create_gold_tables_from_parquet.py
[2025-04-28T01:57:50.010+0000] {processor.py:830} INFO - Processing file /opt/airflow/dags/create_gold_tables_from_parquet.py for tasks to queue
[2025-04-28T01:57:50.011+0000] {logging_mixin.py:188} INFO - [2025-04-28T01:57:50.011+0000] {dagbag.py:540} INFO - Filling up the DagBag from /opt/airflow/dags/create_gold_tables_from_parquet.py
[2025-04-28T01:57:50.232+0000] {processor.py:840} INFO - DAG(s) 'create_gold_tables_from_parquet' retrieved from /opt/airflow/dags/create_gold_tables_from_parquet.py
[2025-04-28T01:57:50.244+0000] {logging_mixin.py:188} INFO - [2025-04-28T01:57:50.244+0000] {dag.py:3096} INFO - Sync 1 DAGs
[2025-04-28T01:57:50.249+0000] {logging_mixin.py:188} INFO - [2025-04-28T01:57:50.249+0000] {dag.py:3954} INFO - Setting next_dagrun for create_gold_tables_from_parquet to None, run_after=None
[2025-04-28T01:57:50.258+0000] {processor.py:183} INFO - Processing /opt/airflow/dags/create_gold_tables_from_parquet.py took 0.255 seconds
[2025-04-28T01:58:21.177+0000] {processor.py:161} INFO - Started process (PID=688) to work on /opt/airflow/dags/create_gold_tables_from_parquet.py
[2025-04-28T01:58:21.180+0000] {processor.py:830} INFO - Processing file /opt/airflow/dags/create_gold_tables_from_parquet.py for tasks to queue
[2025-04-28T01:58:21.182+0000] {logging_mixin.py:188} INFO - [2025-04-28T01:58:21.181+0000] {dagbag.py:540} INFO - Filling up the DagBag from /opt/airflow/dags/create_gold_tables_from_parquet.py
[2025-04-28T01:58:21.405+0000] {processor.py:840} INFO - DAG(s) 'create_gold_tables_from_parquet' retrieved from /opt/airflow/dags/create_gold_tables_from_parquet.py
[2025-04-28T01:58:21.417+0000] {logging_mixin.py:188} INFO - [2025-04-28T01:58:21.417+0000] {dag.py:3096} INFO - Sync 1 DAGs
[2025-04-28T01:58:21.422+0000] {logging_mixin.py:188} INFO - [2025-04-28T01:58:21.422+0000] {dag.py:3954} INFO - Setting next_dagrun for create_gold_tables_from_parquet to None, run_after=None
[2025-04-28T01:58:21.433+0000] {processor.py:183} INFO - Processing /opt/airflow/dags/create_gold_tables_from_parquet.py took 0.262 seconds
[2025-04-28T01:58:52.327+0000] {processor.py:161} INFO - Started process (PID=723) to work on /opt/airflow/dags/create_gold_tables_from_parquet.py
[2025-04-28T01:58:52.329+0000] {processor.py:830} INFO - Processing file /opt/airflow/dags/create_gold_tables_from_parquet.py for tasks to queue
[2025-04-28T01:58:52.330+0000] {logging_mixin.py:188} INFO - [2025-04-28T01:58:52.330+0000] {dagbag.py:540} INFO - Filling up the DagBag from /opt/airflow/dags/create_gold_tables_from_parquet.py
[2025-04-28T01:58:52.556+0000] {processor.py:840} INFO - DAG(s) 'create_gold_tables_from_parquet' retrieved from /opt/airflow/dags/create_gold_tables_from_parquet.py
[2025-04-28T01:58:52.570+0000] {logging_mixin.py:188} INFO - [2025-04-28T01:58:52.570+0000] {dag.py:3096} INFO - Sync 1 DAGs
[2025-04-28T01:58:52.576+0000] {logging_mixin.py:188} INFO - [2025-04-28T01:58:52.576+0000] {dag.py:3954} INFO - Setting next_dagrun for create_gold_tables_from_parquet to None, run_after=None
[2025-04-28T01:58:52.586+0000] {processor.py:183} INFO - Processing /opt/airflow/dags/create_gold_tables_from_parquet.py took 0.265 seconds
[2025-04-28T01:59:23.443+0000] {processor.py:161} INFO - Started process (PID=758) to work on /opt/airflow/dags/create_gold_tables_from_parquet.py
[2025-04-28T01:59:23.443+0000] {processor.py:830} INFO - Processing file /opt/airflow/dags/create_gold_tables_from_parquet.py for tasks to queue
[2025-04-28T01:59:23.445+0000] {logging_mixin.py:188} INFO - [2025-04-28T01:59:23.444+0000] {dagbag.py:540} INFO - Filling up the DagBag from /opt/airflow/dags/create_gold_tables_from_parquet.py
[2025-04-28T01:59:23.674+0000] {processor.py:840} INFO - DAG(s) 'create_gold_tables_from_parquet' retrieved from /opt/airflow/dags/create_gold_tables_from_parquet.py
[2025-04-28T01:59:23.686+0000] {logging_mixin.py:188} INFO - [2025-04-28T01:59:23.686+0000] {dag.py:3096} INFO - Sync 1 DAGs
[2025-04-28T01:59:23.691+0000] {logging_mixin.py:188} INFO - [2025-04-28T01:59:23.691+0000] {dag.py:3954} INFO - Setting next_dagrun for create_gold_tables_from_parquet to None, run_after=None
[2025-04-28T01:59:23.702+0000] {processor.py:183} INFO - Processing /opt/airflow/dags/create_gold_tables_from_parquet.py took 0.264 seconds
[2025-04-28T01:59:54.560+0000] {processor.py:161} INFO - Started process (PID=793) to work on /opt/airflow/dags/create_gold_tables_from_parquet.py
[2025-04-28T01:59:54.561+0000] {processor.py:830} INFO - Processing file /opt/airflow/dags/create_gold_tables_from_parquet.py for tasks to queue
[2025-04-28T01:59:54.562+0000] {logging_mixin.py:188} INFO - [2025-04-28T01:59:54.562+0000] {dagbag.py:540} INFO - Filling up the DagBag from /opt/airflow/dags/create_gold_tables_from_parquet.py
[2025-04-28T01:59:54.786+0000] {processor.py:840} INFO - DAG(s) 'create_gold_tables_from_parquet' retrieved from /opt/airflow/dags/create_gold_tables_from_parquet.py
[2025-04-28T01:59:54.798+0000] {logging_mixin.py:188} INFO - [2025-04-28T01:59:54.797+0000] {dag.py:3096} INFO - Sync 1 DAGs
[2025-04-28T01:59:54.803+0000] {logging_mixin.py:188} INFO - [2025-04-28T01:59:54.802+0000] {dag.py:3954} INFO - Setting next_dagrun for create_gold_tables_from_parquet to None, run_after=None
[2025-04-28T01:59:54.813+0000] {processor.py:183} INFO - Processing /opt/airflow/dags/create_gold_tables_from_parquet.py took 0.259 seconds
[2025-04-28T02:00:25.651+0000] {processor.py:161} INFO - Started process (PID=828) to work on /opt/airflow/dags/create_gold_tables_from_parquet.py
[2025-04-28T02:00:25.652+0000] {processor.py:830} INFO - Processing file /opt/airflow/dags/create_gold_tables_from_parquet.py for tasks to queue
[2025-04-28T02:00:25.654+0000] {logging_mixin.py:188} INFO - [2025-04-28T02:00:25.653+0000] {dagbag.py:540} INFO - Filling up the DagBag from /opt/airflow/dags/create_gold_tables_from_parquet.py
[2025-04-28T02:00:25.883+0000] {processor.py:840} INFO - DAG(s) 'create_gold_tables_from_parquet' retrieved from /opt/airflow/dags/create_gold_tables_from_parquet.py
[2025-04-28T02:00:25.900+0000] {logging_mixin.py:188} INFO - [2025-04-28T02:00:25.900+0000] {dag.py:3096} INFO - Sync 1 DAGs
[2025-04-28T02:00:25.906+0000] {logging_mixin.py:188} INFO - [2025-04-28T02:00:25.906+0000] {dag.py:3954} INFO - Setting next_dagrun for create_gold_tables_from_parquet to None, run_after=None
[2025-04-28T02:00:25.915+0000] {processor.py:183} INFO - Processing /opt/airflow/dags/create_gold_tables_from_parquet.py took 0.270 seconds
[2025-04-28T02:00:56.783+0000] {processor.py:161} INFO - Started process (PID=863) to work on /opt/airflow/dags/create_gold_tables_from_parquet.py
[2025-04-28T02:00:56.784+0000] {processor.py:830} INFO - Processing file /opt/airflow/dags/create_gold_tables_from_parquet.py for tasks to queue
[2025-04-28T02:00:56.786+0000] {logging_mixin.py:188} INFO - [2025-04-28T02:00:56.786+0000] {dagbag.py:540} INFO - Filling up the DagBag from /opt/airflow/dags/create_gold_tables_from_parquet.py
[2025-04-28T02:00:57.011+0000] {processor.py:840} INFO - DAG(s) 'create_gold_tables_from_parquet' retrieved from /opt/airflow/dags/create_gold_tables_from_parquet.py
[2025-04-28T02:00:57.025+0000] {logging_mixin.py:188} INFO - [2025-04-28T02:00:57.025+0000] {dag.py:3096} INFO - Sync 1 DAGs
[2025-04-28T02:00:57.033+0000] {logging_mixin.py:188} INFO - [2025-04-28T02:00:57.033+0000] {dag.py:3954} INFO - Setting next_dagrun for create_gold_tables_from_parquet to None, run_after=None
[2025-04-28T02:00:57.043+0000] {processor.py:183} INFO - Processing /opt/airflow/dags/create_gold_tables_from_parquet.py took 0.265 seconds
[2025-04-28T02:01:27.943+0000] {processor.py:161} INFO - Started process (PID=898) to work on /opt/airflow/dags/create_gold_tables_from_parquet.py
[2025-04-28T02:01:27.944+0000] {processor.py:830} INFO - Processing file /opt/airflow/dags/create_gold_tables_from_parquet.py for tasks to queue
[2025-04-28T02:01:27.945+0000] {logging_mixin.py:188} INFO - [2025-04-28T02:01:27.945+0000] {dagbag.py:540} INFO - Filling up the DagBag from /opt/airflow/dags/create_gold_tables_from_parquet.py
[2025-04-28T02:01:28.174+0000] {processor.py:840} INFO - DAG(s) 'create_gold_tables_from_parquet' retrieved from /opt/airflow/dags/create_gold_tables_from_parquet.py
[2025-04-28T02:01:28.189+0000] {logging_mixin.py:188} INFO - [2025-04-28T02:01:28.189+0000] {dag.py:3096} INFO - Sync 1 DAGs
[2025-04-28T02:01:28.194+0000] {logging_mixin.py:188} INFO - [2025-04-28T02:01:28.193+0000] {dag.py:3954} INFO - Setting next_dagrun for create_gold_tables_from_parquet to None, run_after=None
[2025-04-28T02:01:28.205+0000] {processor.py:183} INFO - Processing /opt/airflow/dags/create_gold_tables_from_parquet.py took 0.268 seconds
[2025-04-28T02:01:59.100+0000] {processor.py:161} INFO - Started process (PID=933) to work on /opt/airflow/dags/create_gold_tables_from_parquet.py
[2025-04-28T02:01:59.101+0000] {processor.py:830} INFO - Processing file /opt/airflow/dags/create_gold_tables_from_parquet.py for tasks to queue
[2025-04-28T02:01:59.103+0000] {logging_mixin.py:188} INFO - [2025-04-28T02:01:59.102+0000] {dagbag.py:540} INFO - Filling up the DagBag from /opt/airflow/dags/create_gold_tables_from_parquet.py
[2025-04-28T02:01:59.329+0000] {processor.py:840} INFO - DAG(s) 'create_gold_tables_from_parquet' retrieved from /opt/airflow/dags/create_gold_tables_from_parquet.py
[2025-04-28T02:01:59.342+0000] {logging_mixin.py:188} INFO - [2025-04-28T02:01:59.342+0000] {dag.py:3096} INFO - Sync 1 DAGs
[2025-04-28T02:01:59.349+0000] {logging_mixin.py:188} INFO - [2025-04-28T02:01:59.349+0000] {dag.py:3954} INFO - Setting next_dagrun for create_gold_tables_from_parquet to None, run_after=None
[2025-04-28T02:01:59.362+0000] {processor.py:183} INFO - Processing /opt/airflow/dags/create_gold_tables_from_parquet.py took 0.268 seconds
[2025-04-28T02:02:30.254+0000] {processor.py:161} INFO - Started process (PID=968) to work on /opt/airflow/dags/create_gold_tables_from_parquet.py
[2025-04-28T02:02:30.255+0000] {processor.py:830} INFO - Processing file /opt/airflow/dags/create_gold_tables_from_parquet.py for tasks to queue
[2025-04-28T02:02:30.256+0000] {logging_mixin.py:188} INFO - [2025-04-28T02:02:30.256+0000] {dagbag.py:540} INFO - Filling up the DagBag from /opt/airflow/dags/create_gold_tables_from_parquet.py
[2025-04-28T02:02:30.484+0000] {processor.py:840} INFO - DAG(s) 'create_gold_tables_from_parquet' retrieved from /opt/airflow/dags/create_gold_tables_from_parquet.py
[2025-04-28T02:02:30.497+0000] {logging_mixin.py:188} INFO - [2025-04-28T02:02:30.497+0000] {dag.py:3096} INFO - Sync 1 DAGs
[2025-04-28T02:02:30.502+0000] {logging_mixin.py:188} INFO - [2025-04-28T02:02:30.502+0000] {dag.py:3954} INFO - Setting next_dagrun for create_gold_tables_from_parquet to None, run_after=None
[2025-04-28T02:02:30.514+0000] {processor.py:183} INFO - Processing /opt/airflow/dags/create_gold_tables_from_parquet.py took 0.262 seconds
[2025-04-28T02:03:01.401+0000] {processor.py:161} INFO - Started process (PID=1003) to work on /opt/airflow/dags/create_gold_tables_from_parquet.py
[2025-04-28T02:03:01.402+0000] {processor.py:830} INFO - Processing file /opt/airflow/dags/create_gold_tables_from_parquet.py for tasks to queue
[2025-04-28T02:03:01.403+0000] {logging_mixin.py:188} INFO - [2025-04-28T02:03:01.402+0000] {dagbag.py:540} INFO - Filling up the DagBag from /opt/airflow/dags/create_gold_tables_from_parquet.py
[2025-04-28T02:03:01.631+0000] {processor.py:840} INFO - DAG(s) 'create_gold_tables_from_parquet' retrieved from /opt/airflow/dags/create_gold_tables_from_parquet.py
[2025-04-28T02:03:01.643+0000] {logging_mixin.py:188} INFO - [2025-04-28T02:03:01.642+0000] {dag.py:3096} INFO - Sync 1 DAGs
[2025-04-28T02:03:01.647+0000] {logging_mixin.py:188} INFO - [2025-04-28T02:03:01.647+0000] {dag.py:3954} INFO - Setting next_dagrun for create_gold_tables_from_parquet to None, run_after=None
[2025-04-28T02:03:01.659+0000] {processor.py:183} INFO - Processing /opt/airflow/dags/create_gold_tables_from_parquet.py took 0.262 seconds
[2025-04-28T02:03:32.571+0000] {processor.py:161} INFO - Started process (PID=1038) to work on /opt/airflow/dags/create_gold_tables_from_parquet.py
[2025-04-28T02:03:32.572+0000] {processor.py:830} INFO - Processing file /opt/airflow/dags/create_gold_tables_from_parquet.py for tasks to queue
[2025-04-28T02:03:32.574+0000] {logging_mixin.py:188} INFO - [2025-04-28T02:03:32.574+0000] {dagbag.py:540} INFO - Filling up the DagBag from /opt/airflow/dags/create_gold_tables_from_parquet.py
[2025-04-28T02:03:32.800+0000] {processor.py:840} INFO - DAG(s) 'create_gold_tables_from_parquet' retrieved from /opt/airflow/dags/create_gold_tables_from_parquet.py
[2025-04-28T02:03:32.814+0000] {logging_mixin.py:188} INFO - [2025-04-28T02:03:32.814+0000] {dag.py:3096} INFO - Sync 1 DAGs
[2025-04-28T02:03:32.823+0000] {logging_mixin.py:188} INFO - [2025-04-28T02:03:32.823+0000] {dag.py:3954} INFO - Setting next_dagrun for create_gold_tables_from_parquet to None, run_after=None
[2025-04-28T02:03:32.833+0000] {processor.py:183} INFO - Processing /opt/airflow/dags/create_gold_tables_from_parquet.py took 0.268 seconds
[2025-04-28T02:04:03.709+0000] {processor.py:161} INFO - Started process (PID=1073) to work on /opt/airflow/dags/create_gold_tables_from_parquet.py
[2025-04-28T02:04:03.711+0000] {processor.py:830} INFO - Processing file /opt/airflow/dags/create_gold_tables_from_parquet.py for tasks to queue
[2025-04-28T02:04:03.713+0000] {logging_mixin.py:188} INFO - [2025-04-28T02:04:03.713+0000] {dagbag.py:540} INFO - Filling up the DagBag from /opt/airflow/dags/create_gold_tables_from_parquet.py
[2025-04-28T02:04:03.937+0000] {processor.py:840} INFO - DAG(s) 'create_gold_tables_from_parquet' retrieved from /opt/airflow/dags/create_gold_tables_from_parquet.py
[2025-04-28T02:04:03.951+0000] {logging_mixin.py:188} INFO - [2025-04-28T02:04:03.951+0000] {dag.py:3096} INFO - Sync 1 DAGs
[2025-04-28T02:04:03.956+0000] {logging_mixin.py:188} INFO - [2025-04-28T02:04:03.955+0000] {dag.py:3954} INFO - Setting next_dagrun for create_gold_tables_from_parquet to None, run_after=None
[2025-04-28T02:04:03.968+0000] {processor.py:183} INFO - Processing /opt/airflow/dags/create_gold_tables_from_parquet.py took 0.264 seconds
[2025-04-28T02:04:34.825+0000] {processor.py:161} INFO - Started process (PID=1108) to work on /opt/airflow/dags/create_gold_tables_from_parquet.py
[2025-04-28T02:04:34.826+0000] {processor.py:830} INFO - Processing file /opt/airflow/dags/create_gold_tables_from_parquet.py for tasks to queue
[2025-04-28T02:04:34.827+0000] {logging_mixin.py:188} INFO - [2025-04-28T02:04:34.827+0000] {dagbag.py:540} INFO - Filling up the DagBag from /opt/airflow/dags/create_gold_tables_from_parquet.py
[2025-04-28T02:04:35.046+0000] {processor.py:840} INFO - DAG(s) 'create_gold_tables_from_parquet' retrieved from /opt/airflow/dags/create_gold_tables_from_parquet.py
[2025-04-28T02:04:35.058+0000] {logging_mixin.py:188} INFO - [2025-04-28T02:04:35.058+0000] {dag.py:3096} INFO - Sync 1 DAGs
[2025-04-28T02:04:35.064+0000] {logging_mixin.py:188} INFO - [2025-04-28T02:04:35.064+0000] {dag.py:3954} INFO - Setting next_dagrun for create_gold_tables_from_parquet to None, run_after=None
[2025-04-28T02:04:35.076+0000] {processor.py:183} INFO - Processing /opt/airflow/dags/create_gold_tables_from_parquet.py took 0.256 seconds
[2025-04-28T02:05:05.950+0000] {processor.py:161} INFO - Started process (PID=1143) to work on /opt/airflow/dags/create_gold_tables_from_parquet.py
[2025-04-28T02:05:05.951+0000] {processor.py:830} INFO - Processing file /opt/airflow/dags/create_gold_tables_from_parquet.py for tasks to queue
[2025-04-28T02:05:05.953+0000] {logging_mixin.py:188} INFO - [2025-04-28T02:05:05.953+0000] {dagbag.py:540} INFO - Filling up the DagBag from /opt/airflow/dags/create_gold_tables_from_parquet.py
[2025-04-28T02:05:06.175+0000] {processor.py:840} INFO - DAG(s) 'create_gold_tables_from_parquet' retrieved from /opt/airflow/dags/create_gold_tables_from_parquet.py
[2025-04-28T02:05:06.190+0000] {logging_mixin.py:188} INFO - [2025-04-28T02:05:06.189+0000] {dag.py:3096} INFO - Sync 1 DAGs
[2025-04-28T02:05:06.195+0000] {logging_mixin.py:188} INFO - [2025-04-28T02:05:06.195+0000] {dag.py:3954} INFO - Setting next_dagrun for create_gold_tables_from_parquet to None, run_after=None
[2025-04-28T02:05:06.206+0000] {processor.py:183} INFO - Processing /opt/airflow/dags/create_gold_tables_from_parquet.py took 0.262 seconds
[2025-04-28T02:05:37.128+0000] {processor.py:161} INFO - Started process (PID=1178) to work on /opt/airflow/dags/create_gold_tables_from_parquet.py
[2025-04-28T02:05:37.129+0000] {processor.py:830} INFO - Processing file /opt/airflow/dags/create_gold_tables_from_parquet.py for tasks to queue
[2025-04-28T02:05:37.131+0000] {logging_mixin.py:188} INFO - [2025-04-28T02:05:37.131+0000] {dagbag.py:540} INFO - Filling up the DagBag from /opt/airflow/dags/create_gold_tables_from_parquet.py
[2025-04-28T02:05:37.352+0000] {processor.py:840} INFO - DAG(s) 'create_gold_tables_from_parquet' retrieved from /opt/airflow/dags/create_gold_tables_from_parquet.py
[2025-04-28T02:05:37.365+0000] {logging_mixin.py:188} INFO - [2025-04-28T02:05:37.365+0000] {dag.py:3096} INFO - Sync 1 DAGs
[2025-04-28T02:05:37.371+0000] {logging_mixin.py:188} INFO - [2025-04-28T02:05:37.371+0000] {dag.py:3954} INFO - Setting next_dagrun for create_gold_tables_from_parquet to None, run_after=None
[2025-04-28T02:05:37.381+0000] {processor.py:183} INFO - Processing /opt/airflow/dags/create_gold_tables_from_parquet.py took 0.259 seconds
[2025-04-28T02:06:08.289+0000] {processor.py:161} INFO - Started process (PID=1213) to work on /opt/airflow/dags/create_gold_tables_from_parquet.py
[2025-04-28T02:06:08.289+0000] {processor.py:830} INFO - Processing file /opt/airflow/dags/create_gold_tables_from_parquet.py for tasks to queue
[2025-04-28T02:06:08.291+0000] {logging_mixin.py:188} INFO - [2025-04-28T02:06:08.291+0000] {dagbag.py:540} INFO - Filling up the DagBag from /opt/airflow/dags/create_gold_tables_from_parquet.py
[2025-04-28T02:06:08.512+0000] {processor.py:840} INFO - DAG(s) 'create_gold_tables_from_parquet' retrieved from /opt/airflow/dags/create_gold_tables_from_parquet.py
[2025-04-28T02:06:08.526+0000] {logging_mixin.py:188} INFO - [2025-04-28T02:06:08.525+0000] {dag.py:3096} INFO - Sync 1 DAGs
[2025-04-28T02:06:08.532+0000] {logging_mixin.py:188} INFO - [2025-04-28T02:06:08.532+0000] {dag.py:3954} INFO - Setting next_dagrun for create_gold_tables_from_parquet to None, run_after=None
[2025-04-28T02:06:08.544+0000] {processor.py:183} INFO - Processing /opt/airflow/dags/create_gold_tables_from_parquet.py took 0.261 seconds
[2025-04-28T02:06:39.479+0000] {processor.py:161} INFO - Started process (PID=1248) to work on /opt/airflow/dags/create_gold_tables_from_parquet.py
[2025-04-28T02:06:39.480+0000] {processor.py:830} INFO - Processing file /opt/airflow/dags/create_gold_tables_from_parquet.py for tasks to queue
[2025-04-28T02:06:39.481+0000] {logging_mixin.py:188} INFO - [2025-04-28T02:06:39.481+0000] {dagbag.py:540} INFO - Filling up the DagBag from /opt/airflow/dags/create_gold_tables_from_parquet.py
[2025-04-28T02:06:39.706+0000] {processor.py:840} INFO - DAG(s) 'create_gold_tables_from_parquet' retrieved from /opt/airflow/dags/create_gold_tables_from_parquet.py
[2025-04-28T02:06:39.721+0000] {logging_mixin.py:188} INFO - [2025-04-28T02:06:39.721+0000] {dag.py:3096} INFO - Sync 1 DAGs
[2025-04-28T02:06:39.726+0000] {logging_mixin.py:188} INFO - [2025-04-28T02:06:39.726+0000] {dag.py:3954} INFO - Setting next_dagrun for create_gold_tables_from_parquet to None, run_after=None
[2025-04-28T02:06:39.736+0000] {processor.py:183} INFO - Processing /opt/airflow/dags/create_gold_tables_from_parquet.py took 0.262 seconds
[2025-04-28T02:07:10.562+0000] {processor.py:161} INFO - Started process (PID=1283) to work on /opt/airflow/dags/create_gold_tables_from_parquet.py
[2025-04-28T02:07:10.563+0000] {processor.py:830} INFO - Processing file /opt/airflow/dags/create_gold_tables_from_parquet.py for tasks to queue
[2025-04-28T02:07:10.566+0000] {logging_mixin.py:188} INFO - [2025-04-28T02:07:10.566+0000] {dagbag.py:540} INFO - Filling up the DagBag from /opt/airflow/dags/create_gold_tables_from_parquet.py
[2025-04-28T02:07:10.799+0000] {processor.py:840} INFO - DAG(s) 'create_gold_tables_from_parquet' retrieved from /opt/airflow/dags/create_gold_tables_from_parquet.py
[2025-04-28T02:07:10.815+0000] {logging_mixin.py:188} INFO - [2025-04-28T02:07:10.815+0000] {dag.py:3096} INFO - Sync 1 DAGs
[2025-04-28T02:07:10.819+0000] {logging_mixin.py:188} INFO - [2025-04-28T02:07:10.819+0000] {dag.py:3954} INFO - Setting next_dagrun for create_gold_tables_from_parquet to None, run_after=None
[2025-04-28T02:07:10.831+0000] {processor.py:183} INFO - Processing /opt/airflow/dags/create_gold_tables_from_parquet.py took 0.275 seconds
[2025-04-28T02:07:41.681+0000] {processor.py:161} INFO - Started process (PID=1318) to work on /opt/airflow/dags/create_gold_tables_from_parquet.py
[2025-04-28T02:07:41.681+0000] {processor.py:830} INFO - Processing file /opt/airflow/dags/create_gold_tables_from_parquet.py for tasks to queue
[2025-04-28T02:07:41.682+0000] {logging_mixin.py:188} INFO - [2025-04-28T02:07:41.682+0000] {dagbag.py:540} INFO - Filling up the DagBag from /opt/airflow/dags/create_gold_tables_from_parquet.py
[2025-04-28T02:07:41.902+0000] {processor.py:840} INFO - DAG(s) 'create_gold_tables_from_parquet' retrieved from /opt/airflow/dags/create_gold_tables_from_parquet.py
[2025-04-28T02:07:41.914+0000] {logging_mixin.py:188} INFO - [2025-04-28T02:07:41.914+0000] {dag.py:3096} INFO - Sync 1 DAGs
[2025-04-28T02:07:41.920+0000] {logging_mixin.py:188} INFO - [2025-04-28T02:07:41.920+0000] {dag.py:3954} INFO - Setting next_dagrun for create_gold_tables_from_parquet to None, run_after=None
[2025-04-28T02:07:41.929+0000] {processor.py:183} INFO - Processing /opt/airflow/dags/create_gold_tables_from_parquet.py took 0.254 seconds
[2025-04-28T02:08:12.805+0000] {processor.py:161} INFO - Started process (PID=1353) to work on /opt/airflow/dags/create_gold_tables_from_parquet.py
[2025-04-28T02:08:12.806+0000] {processor.py:830} INFO - Processing file /opt/airflow/dags/create_gold_tables_from_parquet.py for tasks to queue
[2025-04-28T02:08:12.807+0000] {logging_mixin.py:188} INFO - [2025-04-28T02:08:12.807+0000] {dagbag.py:540} INFO - Filling up the DagBag from /opt/airflow/dags/create_gold_tables_from_parquet.py
[2025-04-28T02:08:13.029+0000] {processor.py:840} INFO - DAG(s) 'create_gold_tables_from_parquet' retrieved from /opt/airflow/dags/create_gold_tables_from_parquet.py
[2025-04-28T02:08:13.043+0000] {logging_mixin.py:188} INFO - [2025-04-28T02:08:13.043+0000] {dag.py:3096} INFO - Sync 1 DAGs
[2025-04-28T02:08:13.048+0000] {logging_mixin.py:188} INFO - [2025-04-28T02:08:13.048+0000] {dag.py:3954} INFO - Setting next_dagrun for create_gold_tables_from_parquet to None, run_after=None
[2025-04-28T02:08:13.057+0000] {processor.py:183} INFO - Processing /opt/airflow/dags/create_gold_tables_from_parquet.py took 0.259 seconds
[2025-04-28T02:08:43.916+0000] {processor.py:161} INFO - Started process (PID=1391) to work on /opt/airflow/dags/create_gold_tables_from_parquet.py
[2025-04-28T02:08:43.917+0000] {processor.py:830} INFO - Processing file /opt/airflow/dags/create_gold_tables_from_parquet.py for tasks to queue
[2025-04-28T02:08:43.918+0000] {logging_mixin.py:188} INFO - [2025-04-28T02:08:43.918+0000] {dagbag.py:540} INFO - Filling up the DagBag from /opt/airflow/dags/create_gold_tables_from_parquet.py
[2025-04-28T02:08:44.156+0000] {processor.py:840} INFO - DAG(s) 'create_gold_tables_from_parquet' retrieved from /opt/airflow/dags/create_gold_tables_from_parquet.py
[2025-04-28T02:08:44.167+0000] {logging_mixin.py:188} INFO - [2025-04-28T02:08:44.167+0000] {dag.py:3096} INFO - Sync 1 DAGs
[2025-04-28T02:08:44.172+0000] {logging_mixin.py:188} INFO - [2025-04-28T02:08:44.172+0000] {dag.py:3954} INFO - Setting next_dagrun for create_gold_tables_from_parquet to None, run_after=None
[2025-04-28T02:08:44.181+0000] {processor.py:183} INFO - Processing /opt/airflow/dags/create_gold_tables_from_parquet.py took 0.269 seconds
[2025-04-28T02:09:14.879+0000] {processor.py:161} INFO - Started process (PID=1426) to work on /opt/airflow/dags/create_gold_tables_from_parquet.py
[2025-04-28T02:09:14.880+0000] {processor.py:830} INFO - Processing file /opt/airflow/dags/create_gold_tables_from_parquet.py for tasks to queue
[2025-04-28T02:09:14.884+0000] {logging_mixin.py:188} INFO - [2025-04-28T02:09:14.884+0000] {dagbag.py:540} INFO - Filling up the DagBag from /opt/airflow/dags/create_gold_tables_from_parquet.py
[2025-04-28T02:09:15.121+0000] {processor.py:840} INFO - DAG(s) 'create_gold_tables_from_parquet' retrieved from /opt/airflow/dags/create_gold_tables_from_parquet.py
[2025-04-28T02:09:15.135+0000] {logging_mixin.py:188} INFO - [2025-04-28T02:09:15.135+0000] {dag.py:3096} INFO - Sync 1 DAGs
[2025-04-28T02:09:15.140+0000] {logging_mixin.py:188} INFO - [2025-04-28T02:09:15.140+0000] {dag.py:3954} INFO - Setting next_dagrun for create_gold_tables_from_parquet to None, run_after=None
[2025-04-28T02:09:15.148+0000] {processor.py:183} INFO - Processing /opt/airflow/dags/create_gold_tables_from_parquet.py took 0.274 seconds
[2025-04-28T02:09:45.871+0000] {processor.py:161} INFO - Started process (PID=1461) to work on /opt/airflow/dags/create_gold_tables_from_parquet.py
[2025-04-28T02:09:45.872+0000] {processor.py:830} INFO - Processing file /opt/airflow/dags/create_gold_tables_from_parquet.py for tasks to queue
[2025-04-28T02:09:45.877+0000] {logging_mixin.py:188} INFO - [2025-04-28T02:09:45.877+0000] {dagbag.py:540} INFO - Filling up the DagBag from /opt/airflow/dags/create_gold_tables_from_parquet.py
[2025-04-28T02:09:46.109+0000] {processor.py:840} INFO - DAG(s) 'create_gold_tables_from_parquet' retrieved from /opt/airflow/dags/create_gold_tables_from_parquet.py
[2025-04-28T02:09:46.123+0000] {logging_mixin.py:188} INFO - [2025-04-28T02:09:46.123+0000] {dag.py:3096} INFO - Sync 1 DAGs
[2025-04-28T02:09:46.128+0000] {logging_mixin.py:188} INFO - [2025-04-28T02:09:46.128+0000] {dag.py:3954} INFO - Setting next_dagrun for create_gold_tables_from_parquet to None, run_after=None
[2025-04-28T02:09:46.141+0000] {processor.py:183} INFO - Processing /opt/airflow/dags/create_gold_tables_from_parquet.py took 0.275 seconds
[2025-04-28T02:10:16.990+0000] {processor.py:161} INFO - Started process (PID=1498) to work on /opt/airflow/dags/create_gold_tables_from_parquet.py
[2025-04-28T02:10:16.991+0000] {processor.py:830} INFO - Processing file /opt/airflow/dags/create_gold_tables_from_parquet.py for tasks to queue
[2025-04-28T02:10:16.993+0000] {logging_mixin.py:188} INFO - [2025-04-28T02:10:16.993+0000] {dagbag.py:540} INFO - Filling up the DagBag from /opt/airflow/dags/create_gold_tables_from_parquet.py
[2025-04-28T02:10:17.212+0000] {processor.py:840} INFO - DAG(s) 'create_gold_tables_from_parquet' retrieved from /opt/airflow/dags/create_gold_tables_from_parquet.py
[2025-04-28T02:10:17.226+0000] {logging_mixin.py:188} INFO - [2025-04-28T02:10:17.226+0000] {dag.py:3096} INFO - Sync 1 DAGs
[2025-04-28T02:10:17.231+0000] {logging_mixin.py:188} INFO - [2025-04-28T02:10:17.231+0000] {dag.py:3954} INFO - Setting next_dagrun for create_gold_tables_from_parquet to None, run_after=None
[2025-04-28T02:10:17.240+0000] {processor.py:183} INFO - Processing /opt/airflow/dags/create_gold_tables_from_parquet.py took 0.257 seconds
[2025-04-28T02:10:47.852+0000] {processor.py:161} INFO - Started process (PID=1533) to work on /opt/airflow/dags/create_gold_tables_from_parquet.py
[2025-04-28T02:10:47.853+0000] {processor.py:830} INFO - Processing file /opt/airflow/dags/create_gold_tables_from_parquet.py for tasks to queue
[2025-04-28T02:10:47.854+0000] {logging_mixin.py:188} INFO - [2025-04-28T02:10:47.854+0000] {dagbag.py:540} INFO - Filling up the DagBag from /opt/airflow/dags/create_gold_tables_from_parquet.py
[2025-04-28T02:10:48.077+0000] {processor.py:840} INFO - DAG(s) 'create_gold_tables_from_parquet' retrieved from /opt/airflow/dags/create_gold_tables_from_parquet.py
[2025-04-28T02:10:48.093+0000] {logging_mixin.py:188} INFO - [2025-04-28T02:10:48.093+0000] {dag.py:3096} INFO - Sync 1 DAGs
[2025-04-28T02:10:48.099+0000] {logging_mixin.py:188} INFO - [2025-04-28T02:10:48.099+0000] {dag.py:3954} INFO - Setting next_dagrun for create_gold_tables_from_parquet to None, run_after=None
[2025-04-28T02:10:48.108+0000] {processor.py:183} INFO - Processing /opt/airflow/dags/create_gold_tables_from_parquet.py took 0.263 seconds
[2025-04-28T02:11:18.710+0000] {processor.py:161} INFO - Started process (PID=1568) to work on /opt/airflow/dags/create_gold_tables_from_parquet.py
[2025-04-28T02:11:18.711+0000] {processor.py:830} INFO - Processing file /opt/airflow/dags/create_gold_tables_from_parquet.py for tasks to queue
[2025-04-28T02:11:18.712+0000] {logging_mixin.py:188} INFO - [2025-04-28T02:11:18.712+0000] {dagbag.py:540} INFO - Filling up the DagBag from /opt/airflow/dags/create_gold_tables_from_parquet.py
[2025-04-28T02:11:18.933+0000] {processor.py:840} INFO - DAG(s) 'create_gold_tables_from_parquet' retrieved from /opt/airflow/dags/create_gold_tables_from_parquet.py
[2025-04-28T02:11:18.946+0000] {logging_mixin.py:188} INFO - [2025-04-28T02:11:18.946+0000] {dag.py:3096} INFO - Sync 1 DAGs
[2025-04-28T02:11:18.950+0000] {logging_mixin.py:188} INFO - [2025-04-28T02:11:18.950+0000] {dag.py:3954} INFO - Setting next_dagrun for create_gold_tables_from_parquet to None, run_after=None
[2025-04-28T02:11:18.961+0000] {processor.py:183} INFO - Processing /opt/airflow/dags/create_gold_tables_from_parquet.py took 0.257 seconds
[2025-04-28T02:11:49.609+0000] {processor.py:161} INFO - Started process (PID=1603) to work on /opt/airflow/dags/create_gold_tables_from_parquet.py
[2025-04-28T02:11:49.612+0000] {processor.py:830} INFO - Processing file /opt/airflow/dags/create_gold_tables_from_parquet.py for tasks to queue
[2025-04-28T02:11:49.614+0000] {logging_mixin.py:188} INFO - [2025-04-28T02:11:49.614+0000] {dagbag.py:540} INFO - Filling up the DagBag from /opt/airflow/dags/create_gold_tables_from_parquet.py
[2025-04-28T02:11:49.834+0000] {processor.py:840} INFO - DAG(s) 'create_gold_tables_from_parquet' retrieved from /opt/airflow/dags/create_gold_tables_from_parquet.py
[2025-04-28T02:11:49.846+0000] {logging_mixin.py:188} INFO - [2025-04-28T02:11:49.846+0000] {dag.py:3096} INFO - Sync 1 DAGs
[2025-04-28T02:11:49.851+0000] {logging_mixin.py:188} INFO - [2025-04-28T02:11:49.850+0000] {dag.py:3954} INFO - Setting next_dagrun for create_gold_tables_from_parquet to None, run_after=None
[2025-04-28T02:11:49.860+0000] {processor.py:183} INFO - Processing /opt/airflow/dags/create_gold_tables_from_parquet.py took 0.254 seconds
[2025-04-28T02:12:20.470+0000] {processor.py:161} INFO - Started process (PID=1638) to work on /opt/airflow/dags/create_gold_tables_from_parquet.py
[2025-04-28T02:12:20.471+0000] {processor.py:830} INFO - Processing file /opt/airflow/dags/create_gold_tables_from_parquet.py for tasks to queue
[2025-04-28T02:12:20.472+0000] {logging_mixin.py:188} INFO - [2025-04-28T02:12:20.472+0000] {dagbag.py:540} INFO - Filling up the DagBag from /opt/airflow/dags/create_gold_tables_from_parquet.py
[2025-04-28T02:12:20.694+0000] {processor.py:840} INFO - DAG(s) 'create_gold_tables_from_parquet' retrieved from /opt/airflow/dags/create_gold_tables_from_parquet.py
[2025-04-28T02:12:20.707+0000] {logging_mixin.py:188} INFO - [2025-04-28T02:12:20.707+0000] {dag.py:3096} INFO - Sync 1 DAGs
[2025-04-28T02:12:20.713+0000] {logging_mixin.py:188} INFO - [2025-04-28T02:12:20.713+0000] {dag.py:3954} INFO - Setting next_dagrun for create_gold_tables_from_parquet to None, run_after=None
[2025-04-28T02:12:20.722+0000] {processor.py:183} INFO - Processing /opt/airflow/dags/create_gold_tables_from_parquet.py took 0.258 seconds
[2025-04-28T02:12:51.348+0000] {processor.py:161} INFO - Started process (PID=1673) to work on /opt/airflow/dags/create_gold_tables_from_parquet.py
[2025-04-28T02:12:51.348+0000] {processor.py:830} INFO - Processing file /opt/airflow/dags/create_gold_tables_from_parquet.py for tasks to queue
[2025-04-28T02:12:51.350+0000] {logging_mixin.py:188} INFO - [2025-04-28T02:12:51.350+0000] {dagbag.py:540} INFO - Filling up the DagBag from /opt/airflow/dags/create_gold_tables_from_parquet.py
[2025-04-28T02:12:51.576+0000] {processor.py:840} INFO - DAG(s) 'create_gold_tables_from_parquet' retrieved from /opt/airflow/dags/create_gold_tables_from_parquet.py
[2025-04-28T02:12:51.589+0000] {logging_mixin.py:188} INFO - [2025-04-28T02:12:51.588+0000] {dag.py:3096} INFO - Sync 1 DAGs
[2025-04-28T02:12:51.594+0000] {logging_mixin.py:188} INFO - [2025-04-28T02:12:51.594+0000] {dag.py:3954} INFO - Setting next_dagrun for create_gold_tables_from_parquet to None, run_after=None
[2025-04-28T02:12:51.604+0000] {processor.py:183} INFO - Processing /opt/airflow/dags/create_gold_tables_from_parquet.py took 0.263 seconds
[2025-04-28T02:13:22.457+0000] {processor.py:161} INFO - Started process (PID=1708) to work on /opt/airflow/dags/create_gold_tables_from_parquet.py
[2025-04-28T02:13:22.458+0000] {processor.py:830} INFO - Processing file /opt/airflow/dags/create_gold_tables_from_parquet.py for tasks to queue
[2025-04-28T02:13:22.459+0000] {logging_mixin.py:188} INFO - [2025-04-28T02:13:22.459+0000] {dagbag.py:540} INFO - Filling up the DagBag from /opt/airflow/dags/create_gold_tables_from_parquet.py
[2025-04-28T02:13:22.683+0000] {processor.py:840} INFO - DAG(s) 'create_gold_tables_from_parquet' retrieved from /opt/airflow/dags/create_gold_tables_from_parquet.py
[2025-04-28T02:13:22.695+0000] {logging_mixin.py:188} INFO - [2025-04-28T02:13:22.695+0000] {dag.py:3096} INFO - Sync 1 DAGs
[2025-04-28T02:13:22.700+0000] {logging_mixin.py:188} INFO - [2025-04-28T02:13:22.700+0000] {dag.py:3954} INFO - Setting next_dagrun for create_gold_tables_from_parquet to None, run_after=None
[2025-04-28T02:13:22.712+0000] {processor.py:183} INFO - Processing /opt/airflow/dags/create_gold_tables_from_parquet.py took 0.259 seconds
[2025-04-28T02:13:53.322+0000] {processor.py:161} INFO - Started process (PID=1743) to work on /opt/airflow/dags/create_gold_tables_from_parquet.py
[2025-04-28T02:13:53.323+0000] {processor.py:830} INFO - Processing file /opt/airflow/dags/create_gold_tables_from_parquet.py for tasks to queue
[2025-04-28T02:13:53.325+0000] {logging_mixin.py:188} INFO - [2025-04-28T02:13:53.325+0000] {dagbag.py:540} INFO - Filling up the DagBag from /opt/airflow/dags/create_gold_tables_from_parquet.py
[2025-04-28T02:13:53.547+0000] {processor.py:840} INFO - DAG(s) 'create_gold_tables_from_parquet' retrieved from /opt/airflow/dags/create_gold_tables_from_parquet.py
[2025-04-28T02:13:53.559+0000] {logging_mixin.py:188} INFO - [2025-04-28T02:13:53.559+0000] {dag.py:3096} INFO - Sync 1 DAGs
[2025-04-28T02:13:53.564+0000] {logging_mixin.py:188} INFO - [2025-04-28T02:13:53.564+0000] {dag.py:3954} INFO - Setting next_dagrun for create_gold_tables_from_parquet to None, run_after=None
[2025-04-28T02:13:53.575+0000] {processor.py:183} INFO - Processing /opt/airflow/dags/create_gold_tables_from_parquet.py took 0.259 seconds
[2025-04-28T02:14:24.159+0000] {processor.py:161} INFO - Started process (PID=1778) to work on /opt/airflow/dags/create_gold_tables_from_parquet.py
[2025-04-28T02:14:24.159+0000] {processor.py:830} INFO - Processing file /opt/airflow/dags/create_gold_tables_from_parquet.py for tasks to queue
[2025-04-28T02:14:24.160+0000] {logging_mixin.py:188} INFO - [2025-04-28T02:14:24.160+0000] {dagbag.py:540} INFO - Filling up the DagBag from /opt/airflow/dags/create_gold_tables_from_parquet.py
[2025-04-28T02:14:24.382+0000] {processor.py:840} INFO - DAG(s) 'create_gold_tables_from_parquet' retrieved from /opt/airflow/dags/create_gold_tables_from_parquet.py
[2025-04-28T02:14:24.394+0000] {logging_mixin.py:188} INFO - [2025-04-28T02:14:24.394+0000] {dag.py:3096} INFO - Sync 1 DAGs
[2025-04-28T02:14:24.399+0000] {logging_mixin.py:188} INFO - [2025-04-28T02:14:24.398+0000] {dag.py:3954} INFO - Setting next_dagrun for create_gold_tables_from_parquet to None, run_after=None
[2025-04-28T02:14:24.408+0000] {processor.py:183} INFO - Processing /opt/airflow/dags/create_gold_tables_from_parquet.py took 0.253 seconds
[2025-04-28T02:14:55.309+0000] {processor.py:161} INFO - Started process (PID=1813) to work on /opt/airflow/dags/create_gold_tables_from_parquet.py
[2025-04-28T02:14:55.311+0000] {processor.py:830} INFO - Processing file /opt/airflow/dags/create_gold_tables_from_parquet.py for tasks to queue
[2025-04-28T02:14:55.314+0000] {logging_mixin.py:188} INFO - [2025-04-28T02:14:55.313+0000] {dagbag.py:540} INFO - Filling up the DagBag from /opt/airflow/dags/create_gold_tables_from_parquet.py
[2025-04-28T02:14:55.533+0000] {processor.py:840} INFO - DAG(s) 'create_gold_tables_from_parquet' retrieved from /opt/airflow/dags/create_gold_tables_from_parquet.py
[2025-04-28T02:14:55.546+0000] {logging_mixin.py:188} INFO - [2025-04-28T02:14:55.545+0000] {dag.py:3096} INFO - Sync 1 DAGs
[2025-04-28T02:14:55.551+0000] {logging_mixin.py:188} INFO - [2025-04-28T02:14:55.550+0000] {dag.py:3954} INFO - Setting next_dagrun for create_gold_tables_from_parquet to None, run_after=None
[2025-04-28T02:14:55.561+0000] {processor.py:183} INFO - Processing /opt/airflow/dags/create_gold_tables_from_parquet.py took 0.258 seconds
[2025-04-28T02:15:26.179+0000] {processor.py:161} INFO - Started process (PID=1848) to work on /opt/airflow/dags/create_gold_tables_from_parquet.py
[2025-04-28T02:15:26.179+0000] {processor.py:830} INFO - Processing file /opt/airflow/dags/create_gold_tables_from_parquet.py for tasks to queue
[2025-04-28T02:15:26.181+0000] {logging_mixin.py:188} INFO - [2025-04-28T02:15:26.181+0000] {dagbag.py:540} INFO - Filling up the DagBag from /opt/airflow/dags/create_gold_tables_from_parquet.py
[2025-04-28T02:15:26.401+0000] {processor.py:840} INFO - DAG(s) 'create_gold_tables_from_parquet' retrieved from /opt/airflow/dags/create_gold_tables_from_parquet.py
[2025-04-28T02:15:26.414+0000] {logging_mixin.py:188} INFO - [2025-04-28T02:15:26.414+0000] {dag.py:3096} INFO - Sync 1 DAGs
[2025-04-28T02:15:26.419+0000] {logging_mixin.py:188} INFO - [2025-04-28T02:15:26.419+0000] {dag.py:3954} INFO - Setting next_dagrun for create_gold_tables_from_parquet to None, run_after=None
[2025-04-28T02:15:26.429+0000] {processor.py:183} INFO - Processing /opt/airflow/dags/create_gold_tables_from_parquet.py took 0.257 seconds
[2025-04-28T02:15:57.059+0000] {processor.py:161} INFO - Started process (PID=1883) to work on /opt/airflow/dags/create_gold_tables_from_parquet.py
[2025-04-28T02:15:57.061+0000] {processor.py:830} INFO - Processing file /opt/airflow/dags/create_gold_tables_from_parquet.py for tasks to queue
[2025-04-28T02:15:57.062+0000] {logging_mixin.py:188} INFO - [2025-04-28T02:15:57.062+0000] {dagbag.py:540} INFO - Filling up the DagBag from /opt/airflow/dags/create_gold_tables_from_parquet.py
[2025-04-28T02:15:57.281+0000] {processor.py:840} INFO - DAG(s) 'create_gold_tables_from_parquet' retrieved from /opt/airflow/dags/create_gold_tables_from_parquet.py
[2025-04-28T02:15:57.293+0000] {logging_mixin.py:188} INFO - [2025-04-28T02:15:57.293+0000] {dag.py:3096} INFO - Sync 1 DAGs
[2025-04-28T02:15:57.298+0000] {logging_mixin.py:188} INFO - [2025-04-28T02:15:57.298+0000] {dag.py:3954} INFO - Setting next_dagrun for create_gold_tables_from_parquet to None, run_after=None
[2025-04-28T02:15:57.308+0000] {processor.py:183} INFO - Processing /opt/airflow/dags/create_gold_tables_from_parquet.py took 0.255 seconds
[2025-04-28T02:16:28.135+0000] {processor.py:161} INFO - Started process (PID=1918) to work on /opt/airflow/dags/create_gold_tables_from_parquet.py
[2025-04-28T02:16:28.137+0000] {processor.py:830} INFO - Processing file /opt/airflow/dags/create_gold_tables_from_parquet.py for tasks to queue
[2025-04-28T02:16:28.139+0000] {logging_mixin.py:188} INFO - [2025-04-28T02:16:28.139+0000] {dagbag.py:540} INFO - Filling up the DagBag from /opt/airflow/dags/create_gold_tables_from_parquet.py
[2025-04-28T02:16:28.362+0000] {processor.py:840} INFO - DAG(s) 'create_gold_tables_from_parquet' retrieved from /opt/airflow/dags/create_gold_tables_from_parquet.py
[2025-04-28T02:16:28.374+0000] {logging_mixin.py:188} INFO - [2025-04-28T02:16:28.374+0000] {dag.py:3096} INFO - Sync 1 DAGs
[2025-04-28T02:16:28.381+0000] {logging_mixin.py:188} INFO - [2025-04-28T02:16:28.380+0000] {dag.py:3954} INFO - Setting next_dagrun for create_gold_tables_from_parquet to None, run_after=None
[2025-04-28T02:16:28.393+0000] {processor.py:183} INFO - Processing /opt/airflow/dags/create_gold_tables_from_parquet.py took 0.263 seconds
[2025-04-28T02:16:59.038+0000] {processor.py:161} INFO - Started process (PID=1953) to work on /opt/airflow/dags/create_gold_tables_from_parquet.py
[2025-04-28T02:16:59.039+0000] {processor.py:830} INFO - Processing file /opt/airflow/dags/create_gold_tables_from_parquet.py for tasks to queue
[2025-04-28T02:16:59.040+0000] {logging_mixin.py:188} INFO - [2025-04-28T02:16:59.039+0000] {dagbag.py:540} INFO - Filling up the DagBag from /opt/airflow/dags/create_gold_tables_from_parquet.py
[2025-04-28T02:16:59.255+0000] {processor.py:840} INFO - DAG(s) 'create_gold_tables_from_parquet' retrieved from /opt/airflow/dags/create_gold_tables_from_parquet.py
[2025-04-28T02:16:59.267+0000] {logging_mixin.py:188} INFO - [2025-04-28T02:16:59.267+0000] {dag.py:3096} INFO - Sync 1 DAGs
[2025-04-28T02:16:59.272+0000] {logging_mixin.py:188} INFO - [2025-04-28T02:16:59.272+0000] {dag.py:3954} INFO - Setting next_dagrun for create_gold_tables_from_parquet to None, run_after=None
[2025-04-28T02:16:59.282+0000] {processor.py:183} INFO - Processing /opt/airflow/dags/create_gold_tables_from_parquet.py took 0.248 seconds
[2025-04-28T02:17:29.876+0000] {processor.py:161} INFO - Started process (PID=1988) to work on /opt/airflow/dags/create_gold_tables_from_parquet.py
[2025-04-28T02:17:29.879+0000] {processor.py:830} INFO - Processing file /opt/airflow/dags/create_gold_tables_from_parquet.py for tasks to queue
[2025-04-28T02:17:29.882+0000] {logging_mixin.py:188} INFO - [2025-04-28T02:17:29.882+0000] {dagbag.py:540} INFO - Filling up the DagBag from /opt/airflow/dags/create_gold_tables_from_parquet.py
[2025-04-28T02:17:30.098+0000] {processor.py:840} INFO - DAG(s) 'create_gold_tables_from_parquet' retrieved from /opt/airflow/dags/create_gold_tables_from_parquet.py
[2025-04-28T02:17:30.111+0000] {logging_mixin.py:188} INFO - [2025-04-28T02:17:30.111+0000] {dag.py:3096} INFO - Sync 1 DAGs
[2025-04-28T02:17:30.117+0000] {logging_mixin.py:188} INFO - [2025-04-28T02:17:30.117+0000] {dag.py:3954} INFO - Setting next_dagrun for create_gold_tables_from_parquet to None, run_after=None
[2025-04-28T02:17:30.127+0000] {processor.py:183} INFO - Processing /opt/airflow/dags/create_gold_tables_from_parquet.py took 0.257 seconds
[2025-04-28T02:18:00.994+0000] {processor.py:161} INFO - Started process (PID=2023) to work on /opt/airflow/dags/create_gold_tables_from_parquet.py
[2025-04-28T02:18:00.995+0000] {processor.py:830} INFO - Processing file /opt/airflow/dags/create_gold_tables_from_parquet.py for tasks to queue
[2025-04-28T02:18:00.996+0000] {logging_mixin.py:188} INFO - [2025-04-28T02:18:00.996+0000] {dagbag.py:540} INFO - Filling up the DagBag from /opt/airflow/dags/create_gold_tables_from_parquet.py
[2025-04-28T02:18:01.218+0000] {processor.py:840} INFO - DAG(s) 'create_gold_tables_from_parquet' retrieved from /opt/airflow/dags/create_gold_tables_from_parquet.py
[2025-04-28T02:18:01.235+0000] {logging_mixin.py:188} INFO - [2025-04-28T02:18:01.235+0000] {dag.py:3096} INFO - Sync 1 DAGs
[2025-04-28T02:18:01.240+0000] {logging_mixin.py:188} INFO - [2025-04-28T02:18:01.239+0000] {dag.py:3954} INFO - Setting next_dagrun for create_gold_tables_from_parquet to None, run_after=None
[2025-04-28T02:18:01.249+0000] {processor.py:183} INFO - Processing /opt/airflow/dags/create_gold_tables_from_parquet.py took 0.260 seconds
[2025-04-28T02:18:31.860+0000] {processor.py:161} INFO - Started process (PID=2058) to work on /opt/airflow/dags/create_gold_tables_from_parquet.py
[2025-04-28T02:18:31.861+0000] {processor.py:830} INFO - Processing file /opt/airflow/dags/create_gold_tables_from_parquet.py for tasks to queue
[2025-04-28T02:18:31.862+0000] {logging_mixin.py:188} INFO - [2025-04-28T02:18:31.862+0000] {dagbag.py:540} INFO - Filling up the DagBag from /opt/airflow/dags/create_gold_tables_from_parquet.py
[2025-04-28T02:18:32.082+0000] {processor.py:840} INFO - DAG(s) 'create_gold_tables_from_parquet' retrieved from /opt/airflow/dags/create_gold_tables_from_parquet.py
[2025-04-28T02:18:32.096+0000] {logging_mixin.py:188} INFO - [2025-04-28T02:18:32.096+0000] {dag.py:3096} INFO - Sync 1 DAGs
[2025-04-28T02:18:32.104+0000] {logging_mixin.py:188} INFO - [2025-04-28T02:18:32.103+0000] {dag.py:3954} INFO - Setting next_dagrun for create_gold_tables_from_parquet to None, run_after=None
[2025-04-28T02:18:32.114+0000] {processor.py:183} INFO - Processing /opt/airflow/dags/create_gold_tables_from_parquet.py took 0.261 seconds
[2025-04-28T02:19:02.714+0000] {processor.py:161} INFO - Started process (PID=2093) to work on /opt/airflow/dags/create_gold_tables_from_parquet.py
[2025-04-28T02:19:02.715+0000] {processor.py:830} INFO - Processing file /opt/airflow/dags/create_gold_tables_from_parquet.py for tasks to queue
[2025-04-28T02:19:02.716+0000] {logging_mixin.py:188} INFO - [2025-04-28T02:19:02.716+0000] {dagbag.py:540} INFO - Filling up the DagBag from /opt/airflow/dags/create_gold_tables_from_parquet.py
[2025-04-28T02:19:02.936+0000] {processor.py:840} INFO - DAG(s) 'create_gold_tables_from_parquet' retrieved from /opt/airflow/dags/create_gold_tables_from_parquet.py
[2025-04-28T02:19:02.948+0000] {logging_mixin.py:188} INFO - [2025-04-28T02:19:02.948+0000] {dag.py:3096} INFO - Sync 1 DAGs
[2025-04-28T02:19:02.954+0000] {logging_mixin.py:188} INFO - [2025-04-28T02:19:02.954+0000] {dag.py:3954} INFO - Setting next_dagrun for create_gold_tables_from_parquet to None, run_after=None
[2025-04-28T02:19:02.963+0000] {processor.py:183} INFO - Processing /opt/airflow/dags/create_gold_tables_from_parquet.py took 0.255 seconds
[2025-04-28T02:19:33.574+0000] {processor.py:161} INFO - Started process (PID=2128) to work on /opt/airflow/dags/create_gold_tables_from_parquet.py
[2025-04-28T02:19:33.574+0000] {processor.py:830} INFO - Processing file /opt/airflow/dags/create_gold_tables_from_parquet.py for tasks to queue
[2025-04-28T02:19:33.576+0000] {logging_mixin.py:188} INFO - [2025-04-28T02:19:33.576+0000] {dagbag.py:540} INFO - Filling up the DagBag from /opt/airflow/dags/create_gold_tables_from_parquet.py
[2025-04-28T02:19:33.795+0000] {processor.py:840} INFO - DAG(s) 'create_gold_tables_from_parquet' retrieved from /opt/airflow/dags/create_gold_tables_from_parquet.py
[2025-04-28T02:19:33.807+0000] {logging_mixin.py:188} INFO - [2025-04-28T02:19:33.807+0000] {dag.py:3096} INFO - Sync 1 DAGs
[2025-04-28T02:19:33.811+0000] {logging_mixin.py:188} INFO - [2025-04-28T02:19:33.811+0000] {dag.py:3954} INFO - Setting next_dagrun for create_gold_tables_from_parquet to None, run_after=None
[2025-04-28T02:19:33.822+0000] {processor.py:183} INFO - Processing /opt/airflow/dags/create_gold_tables_from_parquet.py took 0.254 seconds
[2025-04-28T02:20:04.696+0000] {processor.py:161} INFO - Started process (PID=2163) to work on /opt/airflow/dags/create_gold_tables_from_parquet.py
[2025-04-28T02:20:04.699+0000] {processor.py:830} INFO - Processing file /opt/airflow/dags/create_gold_tables_from_parquet.py for tasks to queue
[2025-04-28T02:20:04.701+0000] {logging_mixin.py:188} INFO - [2025-04-28T02:20:04.701+0000] {dagbag.py:540} INFO - Filling up the DagBag from /opt/airflow/dags/create_gold_tables_from_parquet.py
[2025-04-28T02:20:04.918+0000] {processor.py:840} INFO - DAG(s) 'create_gold_tables_from_parquet' retrieved from /opt/airflow/dags/create_gold_tables_from_parquet.py
[2025-04-28T02:20:04.936+0000] {logging_mixin.py:188} INFO - [2025-04-28T02:20:04.936+0000] {dag.py:3096} INFO - Sync 1 DAGs
[2025-04-28T02:20:04.940+0000] {logging_mixin.py:188} INFO - [2025-04-28T02:20:04.940+0000] {dag.py:3954} INFO - Setting next_dagrun for create_gold_tables_from_parquet to None, run_after=None
[2025-04-28T02:20:04.950+0000] {processor.py:183} INFO - Processing /opt/airflow/dags/create_gold_tables_from_parquet.py took 0.260 seconds
[2025-04-28T02:20:35.581+0000] {processor.py:161} INFO - Started process (PID=2198) to work on /opt/airflow/dags/create_gold_tables_from_parquet.py
[2025-04-28T02:20:35.583+0000] {processor.py:830} INFO - Processing file /opt/airflow/dags/create_gold_tables_from_parquet.py for tasks to queue
[2025-04-28T02:20:35.584+0000] {logging_mixin.py:188} INFO - [2025-04-28T02:20:35.584+0000] {dagbag.py:540} INFO - Filling up the DagBag from /opt/airflow/dags/create_gold_tables_from_parquet.py
[2025-04-28T02:20:35.807+0000] {processor.py:840} INFO - DAG(s) 'create_gold_tables_from_parquet' retrieved from /opt/airflow/dags/create_gold_tables_from_parquet.py
[2025-04-28T02:20:35.819+0000] {logging_mixin.py:188} INFO - [2025-04-28T02:20:35.819+0000] {dag.py:3096} INFO - Sync 1 DAGs
[2025-04-28T02:20:35.826+0000] {logging_mixin.py:188} INFO - [2025-04-28T02:20:35.826+0000] {dag.py:3954} INFO - Setting next_dagrun for create_gold_tables_from_parquet to None, run_after=None
[2025-04-28T02:20:35.836+0000] {processor.py:183} INFO - Processing /opt/airflow/dags/create_gold_tables_from_parquet.py took 0.261 seconds
[2025-04-28T02:21:06.738+0000] {processor.py:161} INFO - Started process (PID=2233) to work on /opt/airflow/dags/create_gold_tables_from_parquet.py
[2025-04-28T02:21:06.739+0000] {processor.py:830} INFO - Processing file /opt/airflow/dags/create_gold_tables_from_parquet.py for tasks to queue
[2025-04-28T02:21:06.740+0000] {logging_mixin.py:188} INFO - [2025-04-28T02:21:06.740+0000] {dagbag.py:540} INFO - Filling up the DagBag from /opt/airflow/dags/create_gold_tables_from_parquet.py
[2025-04-28T02:21:06.959+0000] {processor.py:840} INFO - DAG(s) 'create_gold_tables_from_parquet' retrieved from /opt/airflow/dags/create_gold_tables_from_parquet.py
[2025-04-28T02:21:06.971+0000] {logging_mixin.py:188} INFO - [2025-04-28T02:21:06.971+0000] {dag.py:3096} INFO - Sync 1 DAGs
[2025-04-28T02:21:06.976+0000] {logging_mixin.py:188} INFO - [2025-04-28T02:21:06.976+0000] {dag.py:3954} INFO - Setting next_dagrun for create_gold_tables_from_parquet to None, run_after=None
[2025-04-28T02:21:06.987+0000] {processor.py:183} INFO - Processing /opt/airflow/dags/create_gold_tables_from_parquet.py took 0.253 seconds
[2025-04-28T02:21:37.830+0000] {processor.py:161} INFO - Started process (PID=2268) to work on /opt/airflow/dags/create_gold_tables_from_parquet.py
[2025-04-28T02:21:37.830+0000] {processor.py:830} INFO - Processing file /opt/airflow/dags/create_gold_tables_from_parquet.py for tasks to queue
[2025-04-28T02:21:37.831+0000] {logging_mixin.py:188} INFO - [2025-04-28T02:21:37.831+0000] {dagbag.py:540} INFO - Filling up the DagBag from /opt/airflow/dags/create_gold_tables_from_parquet.py
[2025-04-28T02:21:38.051+0000] {processor.py:840} INFO - DAG(s) 'create_gold_tables_from_parquet' retrieved from /opt/airflow/dags/create_gold_tables_from_parquet.py
[2025-04-28T02:21:38.063+0000] {logging_mixin.py:188} INFO - [2025-04-28T02:21:38.063+0000] {dag.py:3096} INFO - Sync 1 DAGs
[2025-04-28T02:21:38.069+0000] {logging_mixin.py:188} INFO - [2025-04-28T02:21:38.069+0000] {dag.py:3954} INFO - Setting next_dagrun for create_gold_tables_from_parquet to None, run_after=None
[2025-04-28T02:21:38.079+0000] {processor.py:183} INFO - Processing /opt/airflow/dags/create_gold_tables_from_parquet.py took 0.254 seconds
[2025-04-28T02:22:08.882+0000] {processor.py:161} INFO - Started process (PID=2303) to work on /opt/airflow/dags/create_gold_tables_from_parquet.py
[2025-04-28T02:22:08.883+0000] {processor.py:830} INFO - Processing file /opt/airflow/dags/create_gold_tables_from_parquet.py for tasks to queue
[2025-04-28T02:22:08.884+0000] {logging_mixin.py:188} INFO - [2025-04-28T02:22:08.884+0000] {dagbag.py:540} INFO - Filling up the DagBag from /opt/airflow/dags/create_gold_tables_from_parquet.py
[2025-04-28T02:22:09.102+0000] {processor.py:840} INFO - DAG(s) 'create_gold_tables_from_parquet' retrieved from /opt/airflow/dags/create_gold_tables_from_parquet.py
[2025-04-28T02:22:09.114+0000] {logging_mixin.py:188} INFO - [2025-04-28T02:22:09.113+0000] {dag.py:3096} INFO - Sync 1 DAGs
[2025-04-28T02:22:09.119+0000] {logging_mixin.py:188} INFO - [2025-04-28T02:22:09.118+0000] {dag.py:3954} INFO - Setting next_dagrun for create_gold_tables_from_parquet to None, run_after=None
[2025-04-28T02:22:09.130+0000] {processor.py:183} INFO - Processing /opt/airflow/dags/create_gold_tables_from_parquet.py took 0.254 seconds
[2025-04-28T02:22:39.733+0000] {processor.py:161} INFO - Started process (PID=2338) to work on /opt/airflow/dags/create_gold_tables_from_parquet.py
[2025-04-28T02:22:39.736+0000] {processor.py:830} INFO - Processing file /opt/airflow/dags/create_gold_tables_from_parquet.py for tasks to queue
[2025-04-28T02:22:39.737+0000] {logging_mixin.py:188} INFO - [2025-04-28T02:22:39.737+0000] {dagbag.py:540} INFO - Filling up the DagBag from /opt/airflow/dags/create_gold_tables_from_parquet.py
[2025-04-28T02:22:39.956+0000] {processor.py:840} INFO - DAG(s) 'create_gold_tables_from_parquet' retrieved from /opt/airflow/dags/create_gold_tables_from_parquet.py
[2025-04-28T02:22:39.969+0000] {logging_mixin.py:188} INFO - [2025-04-28T02:22:39.969+0000] {dag.py:3096} INFO - Sync 1 DAGs
[2025-04-28T02:22:39.974+0000] {logging_mixin.py:188} INFO - [2025-04-28T02:22:39.974+0000] {dag.py:3954} INFO - Setting next_dagrun for create_gold_tables_from_parquet to None, run_after=None
[2025-04-28T02:22:39.983+0000] {processor.py:183} INFO - Processing /opt/airflow/dags/create_gold_tables_from_parquet.py took 0.257 seconds
[2025-04-28T02:23:10.625+0000] {processor.py:161} INFO - Started process (PID=2373) to work on /opt/airflow/dags/create_gold_tables_from_parquet.py
[2025-04-28T02:23:10.626+0000] {processor.py:830} INFO - Processing file /opt/airflow/dags/create_gold_tables_from_parquet.py for tasks to queue
[2025-04-28T02:23:10.627+0000] {logging_mixin.py:188} INFO - [2025-04-28T02:23:10.627+0000] {dagbag.py:540} INFO - Filling up the DagBag from /opt/airflow/dags/create_gold_tables_from_parquet.py
[2025-04-28T02:23:10.847+0000] {processor.py:840} INFO - DAG(s) 'create_gold_tables_from_parquet' retrieved from /opt/airflow/dags/create_gold_tables_from_parquet.py
[2025-04-28T02:23:10.858+0000] {logging_mixin.py:188} INFO - [2025-04-28T02:23:10.858+0000] {dag.py:3096} INFO - Sync 1 DAGs
[2025-04-28T02:23:10.862+0000] {logging_mixin.py:188} INFO - [2025-04-28T02:23:10.862+0000] {dag.py:3954} INFO - Setting next_dagrun for create_gold_tables_from_parquet to None, run_after=None
[2025-04-28T02:23:10.874+0000] {processor.py:183} INFO - Processing /opt/airflow/dags/create_gold_tables_from_parquet.py took 0.256 seconds
[2025-04-28T02:23:41.524+0000] {processor.py:161} INFO - Started process (PID=2408) to work on /opt/airflow/dags/create_gold_tables_from_parquet.py
[2025-04-28T02:23:41.525+0000] {processor.py:830} INFO - Processing file /opt/airflow/dags/create_gold_tables_from_parquet.py for tasks to queue
[2025-04-28T02:23:41.527+0000] {logging_mixin.py:188} INFO - [2025-04-28T02:23:41.526+0000] {dagbag.py:540} INFO - Filling up the DagBag from /opt/airflow/dags/create_gold_tables_from_parquet.py
[2025-04-28T02:23:41.747+0000] {processor.py:840} INFO - DAG(s) 'create_gold_tables_from_parquet' retrieved from /opt/airflow/dags/create_gold_tables_from_parquet.py
[2025-04-28T02:23:41.760+0000] {logging_mixin.py:188} INFO - [2025-04-28T02:23:41.760+0000] {dag.py:3096} INFO - Sync 1 DAGs
[2025-04-28T02:23:41.765+0000] {logging_mixin.py:188} INFO - [2025-04-28T02:23:41.765+0000] {dag.py:3954} INFO - Setting next_dagrun for create_gold_tables_from_parquet to None, run_after=None
[2025-04-28T02:23:41.776+0000] {processor.py:183} INFO - Processing /opt/airflow/dags/create_gold_tables_from_parquet.py took 0.257 seconds
[2025-04-28T02:24:12.312+0000] {processor.py:161} INFO - Started process (PID=2443) to work on /opt/airflow/dags/create_gold_tables_from_parquet.py
[2025-04-28T02:24:12.312+0000] {processor.py:830} INFO - Processing file /opt/airflow/dags/create_gold_tables_from_parquet.py for tasks to queue
[2025-04-28T02:24:12.313+0000] {logging_mixin.py:188} INFO - [2025-04-28T02:24:12.313+0000] {dagbag.py:540} INFO - Filling up the DagBag from /opt/airflow/dags/create_gold_tables_from_parquet.py
[2025-04-28T02:24:12.557+0000] {processor.py:840} INFO - DAG(s) 'create_gold_tables_from_parquet' retrieved from /opt/airflow/dags/create_gold_tables_from_parquet.py
[2025-04-28T02:24:12.569+0000] {logging_mixin.py:188} INFO - [2025-04-28T02:24:12.569+0000] {dag.py:3096} INFO - Sync 1 DAGs
[2025-04-28T02:24:12.574+0000] {logging_mixin.py:188} INFO - [2025-04-28T02:24:12.574+0000] {dag.py:3954} INFO - Setting next_dagrun for create_gold_tables_from_parquet to None, run_after=None
[2025-04-28T02:24:12.587+0000] {processor.py:183} INFO - Processing /opt/airflow/dags/create_gold_tables_from_parquet.py took 0.278 seconds
[2025-04-28T02:24:43.461+0000] {processor.py:161} INFO - Started process (PID=2478) to work on /opt/airflow/dags/create_gold_tables_from_parquet.py
[2025-04-28T02:24:43.464+0000] {processor.py:830} INFO - Processing file /opt/airflow/dags/create_gold_tables_from_parquet.py for tasks to queue
[2025-04-28T02:24:43.466+0000] {logging_mixin.py:188} INFO - [2025-04-28T02:24:43.466+0000] {dagbag.py:540} INFO - Filling up the DagBag from /opt/airflow/dags/create_gold_tables_from_parquet.py
[2025-04-28T02:24:43.698+0000] {processor.py:840} INFO - DAG(s) 'create_gold_tables_from_parquet' retrieved from /opt/airflow/dags/create_gold_tables_from_parquet.py
[2025-04-28T02:24:43.714+0000] {logging_mixin.py:188} INFO - [2025-04-28T02:24:43.714+0000] {dag.py:3096} INFO - Sync 1 DAGs
[2025-04-28T02:24:43.719+0000] {logging_mixin.py:188} INFO - [2025-04-28T02:24:43.719+0000] {dag.py:3954} INFO - Setting next_dagrun for create_gold_tables_from_parquet to None, run_after=None
[2025-04-28T02:24:43.729+0000] {processor.py:183} INFO - Processing /opt/airflow/dags/create_gold_tables_from_parquet.py took 0.274 seconds
[2025-04-28T02:25:14.620+0000] {processor.py:161} INFO - Started process (PID=2513) to work on /opt/airflow/dags/create_gold_tables_from_parquet.py
[2025-04-28T02:25:14.621+0000] {processor.py:830} INFO - Processing file /opt/airflow/dags/create_gold_tables_from_parquet.py for tasks to queue
[2025-04-28T02:25:14.623+0000] {logging_mixin.py:188} INFO - [2025-04-28T02:25:14.623+0000] {dagbag.py:540} INFO - Filling up the DagBag from /opt/airflow/dags/create_gold_tables_from_parquet.py
[2025-04-28T02:25:14.853+0000] {processor.py:840} INFO - DAG(s) 'create_gold_tables_from_parquet' retrieved from /opt/airflow/dags/create_gold_tables_from_parquet.py
[2025-04-28T02:25:14.868+0000] {logging_mixin.py:188} INFO - [2025-04-28T02:25:14.868+0000] {dag.py:3096} INFO - Sync 1 DAGs
[2025-04-28T02:25:14.873+0000] {logging_mixin.py:188} INFO - [2025-04-28T02:25:14.873+0000] {dag.py:3954} INFO - Setting next_dagrun for create_gold_tables_from_parquet to None, run_after=None
[2025-04-28T02:25:14.882+0000] {processor.py:183} INFO - Processing /opt/airflow/dags/create_gold_tables_from_parquet.py took 0.268 seconds
[2025-04-28T02:25:45.743+0000] {processor.py:161} INFO - Started process (PID=2548) to work on /opt/airflow/dags/create_gold_tables_from_parquet.py
[2025-04-28T02:25:45.744+0000] {processor.py:830} INFO - Processing file /opt/airflow/dags/create_gold_tables_from_parquet.py for tasks to queue
[2025-04-28T02:25:45.745+0000] {logging_mixin.py:188} INFO - [2025-04-28T02:25:45.745+0000] {dagbag.py:540} INFO - Filling up the DagBag from /opt/airflow/dags/create_gold_tables_from_parquet.py
[2025-04-28T02:25:45.970+0000] {processor.py:840} INFO - DAG(s) 'create_gold_tables_from_parquet' retrieved from /opt/airflow/dags/create_gold_tables_from_parquet.py
[2025-04-28T02:25:45.984+0000] {logging_mixin.py:188} INFO - [2025-04-28T02:25:45.984+0000] {dag.py:3096} INFO - Sync 1 DAGs
[2025-04-28T02:25:45.989+0000] {logging_mixin.py:188} INFO - [2025-04-28T02:25:45.989+0000] {dag.py:3954} INFO - Setting next_dagrun for create_gold_tables_from_parquet to None, run_after=None
[2025-04-28T02:25:46.001+0000] {processor.py:183} INFO - Processing /opt/airflow/dags/create_gold_tables_from_parquet.py took 0.264 seconds
[2025-04-28T02:26:16.860+0000] {processor.py:161} INFO - Started process (PID=2583) to work on /opt/airflow/dags/create_gold_tables_from_parquet.py
[2025-04-28T02:26:16.860+0000] {processor.py:830} INFO - Processing file /opt/airflow/dags/create_gold_tables_from_parquet.py for tasks to queue
[2025-04-28T02:26:16.862+0000] {logging_mixin.py:188} INFO - [2025-04-28T02:26:16.861+0000] {dagbag.py:540} INFO - Filling up the DagBag from /opt/airflow/dags/create_gold_tables_from_parquet.py
[2025-04-28T02:26:17.086+0000] {processor.py:840} INFO - DAG(s) 'create_gold_tables_from_parquet' retrieved from /opt/airflow/dags/create_gold_tables_from_parquet.py
[2025-04-28T02:26:17.098+0000] {logging_mixin.py:188} INFO - [2025-04-28T02:26:17.098+0000] {dag.py:3096} INFO - Sync 1 DAGs
[2025-04-28T02:26:17.106+0000] {logging_mixin.py:188} INFO - [2025-04-28T02:26:17.106+0000] {dag.py:3954} INFO - Setting next_dagrun for create_gold_tables_from_parquet to None, run_after=None
[2025-04-28T02:26:17.115+0000] {processor.py:183} INFO - Processing /opt/airflow/dags/create_gold_tables_from_parquet.py took 0.260 seconds
[2025-04-28T02:26:48.036+0000] {processor.py:161} INFO - Started process (PID=2618) to work on /opt/airflow/dags/create_gold_tables_from_parquet.py
[2025-04-28T02:26:48.040+0000] {processor.py:830} INFO - Processing file /opt/airflow/dags/create_gold_tables_from_parquet.py for tasks to queue
[2025-04-28T02:26:48.042+0000] {logging_mixin.py:188} INFO - [2025-04-28T02:26:48.041+0000] {dagbag.py:540} INFO - Filling up the DagBag from /opt/airflow/dags/create_gold_tables_from_parquet.py
[2025-04-28T02:26:48.265+0000] {processor.py:840} INFO - DAG(s) 'create_gold_tables_from_parquet' retrieved from /opt/airflow/dags/create_gold_tables_from_parquet.py
[2025-04-28T02:26:48.280+0000] {logging_mixin.py:188} INFO - [2025-04-28T02:26:48.280+0000] {dag.py:3096} INFO - Sync 1 DAGs
[2025-04-28T02:26:48.284+0000] {logging_mixin.py:188} INFO - [2025-04-28T02:26:48.284+0000] {dag.py:3954} INFO - Setting next_dagrun for create_gold_tables_from_parquet to None, run_after=None
[2025-04-28T02:26:48.295+0000] {processor.py:183} INFO - Processing /opt/airflow/dags/create_gold_tables_from_parquet.py took 0.262 seconds
[2025-04-28T02:27:19.154+0000] {processor.py:161} INFO - Started process (PID=2653) to work on /opt/airflow/dags/create_gold_tables_from_parquet.py
[2025-04-28T02:27:19.155+0000] {processor.py:830} INFO - Processing file /opt/airflow/dags/create_gold_tables_from_parquet.py for tasks to queue
[2025-04-28T02:27:19.156+0000] {logging_mixin.py:188} INFO - [2025-04-28T02:27:19.156+0000] {dagbag.py:540} INFO - Filling up the DagBag from /opt/airflow/dags/create_gold_tables_from_parquet.py
[2025-04-28T02:27:19.376+0000] {processor.py:840} INFO - DAG(s) 'create_gold_tables_from_parquet' retrieved from /opt/airflow/dags/create_gold_tables_from_parquet.py
[2025-04-28T02:27:19.388+0000] {logging_mixin.py:188} INFO - [2025-04-28T02:27:19.387+0000] {dag.py:3096} INFO - Sync 1 DAGs
[2025-04-28T02:27:19.392+0000] {logging_mixin.py:188} INFO - [2025-04-28T02:27:19.392+0000] {dag.py:3954} INFO - Setting next_dagrun for create_gold_tables_from_parquet to None, run_after=None
[2025-04-28T02:27:19.401+0000] {processor.py:183} INFO - Processing /opt/airflow/dags/create_gold_tables_from_parquet.py took 0.253 seconds
[2025-04-28T02:27:50.256+0000] {processor.py:161} INFO - Started process (PID=2688) to work on /opt/airflow/dags/create_gold_tables_from_parquet.py
[2025-04-28T02:27:50.257+0000] {processor.py:830} INFO - Processing file /opt/airflow/dags/create_gold_tables_from_parquet.py for tasks to queue
[2025-04-28T02:27:50.258+0000] {logging_mixin.py:188} INFO - [2025-04-28T02:27:50.258+0000] {dagbag.py:540} INFO - Filling up the DagBag from /opt/airflow/dags/create_gold_tables_from_parquet.py
[2025-04-28T02:27:50.479+0000] {processor.py:840} INFO - DAG(s) 'create_gold_tables_from_parquet' retrieved from /opt/airflow/dags/create_gold_tables_from_parquet.py
[2025-04-28T02:27:50.493+0000] {logging_mixin.py:188} INFO - [2025-04-28T02:27:50.493+0000] {dag.py:3096} INFO - Sync 1 DAGs
[2025-04-28T02:27:50.499+0000] {logging_mixin.py:188} INFO - [2025-04-28T02:27:50.499+0000] {dag.py:3954} INFO - Setting next_dagrun for create_gold_tables_from_parquet to None, run_after=None
[2025-04-28T02:27:50.509+0000] {processor.py:183} INFO - Processing /opt/airflow/dags/create_gold_tables_from_parquet.py took 0.258 seconds
[2025-04-28T02:28:21.411+0000] {processor.py:161} INFO - Started process (PID=2723) to work on /opt/airflow/dags/create_gold_tables_from_parquet.py
[2025-04-28T02:28:21.412+0000] {processor.py:830} INFO - Processing file /opt/airflow/dags/create_gold_tables_from_parquet.py for tasks to queue
[2025-04-28T02:28:21.414+0000] {logging_mixin.py:188} INFO - [2025-04-28T02:28:21.414+0000] {dagbag.py:540} INFO - Filling up the DagBag from /opt/airflow/dags/create_gold_tables_from_parquet.py
[2025-04-28T02:28:21.638+0000] {processor.py:840} INFO - DAG(s) 'create_gold_tables_from_parquet' retrieved from /opt/airflow/dags/create_gold_tables_from_parquet.py
[2025-04-28T02:28:21.649+0000] {logging_mixin.py:188} INFO - [2025-04-28T02:28:21.649+0000] {dag.py:3096} INFO - Sync 1 DAGs
[2025-04-28T02:28:21.654+0000] {logging_mixin.py:188} INFO - [2025-04-28T02:28:21.654+0000] {dag.py:3954} INFO - Setting next_dagrun for create_gold_tables_from_parquet to None, run_after=None
[2025-04-28T02:28:21.664+0000] {processor.py:183} INFO - Processing /opt/airflow/dags/create_gold_tables_from_parquet.py took 0.259 seconds
[2025-04-28T02:28:52.549+0000] {processor.py:161} INFO - Started process (PID=2758) to work on /opt/airflow/dags/create_gold_tables_from_parquet.py
[2025-04-28T02:28:52.550+0000] {processor.py:830} INFO - Processing file /opt/airflow/dags/create_gold_tables_from_parquet.py for tasks to queue
[2025-04-28T02:28:52.552+0000] {logging_mixin.py:188} INFO - [2025-04-28T02:28:52.552+0000] {dagbag.py:540} INFO - Filling up the DagBag from /opt/airflow/dags/create_gold_tables_from_parquet.py
[2025-04-28T02:28:52.776+0000] {processor.py:840} INFO - DAG(s) 'create_gold_tables_from_parquet' retrieved from /opt/airflow/dags/create_gold_tables_from_parquet.py
[2025-04-28T02:28:52.788+0000] {logging_mixin.py:188} INFO - [2025-04-28T02:28:52.788+0000] {dag.py:3096} INFO - Sync 1 DAGs
[2025-04-28T02:28:52.793+0000] {logging_mixin.py:188} INFO - [2025-04-28T02:28:52.793+0000] {dag.py:3954} INFO - Setting next_dagrun for create_gold_tables_from_parquet to None, run_after=None
[2025-04-28T02:28:52.805+0000] {processor.py:183} INFO - Processing /opt/airflow/dags/create_gold_tables_from_parquet.py took 0.261 seconds
[2025-04-28T02:29:23.698+0000] {processor.py:161} INFO - Started process (PID=2793) to work on /opt/airflow/dags/create_gold_tables_from_parquet.py
[2025-04-28T02:29:23.699+0000] {processor.py:830} INFO - Processing file /opt/airflow/dags/create_gold_tables_from_parquet.py for tasks to queue
[2025-04-28T02:29:23.700+0000] {logging_mixin.py:188} INFO - [2025-04-28T02:29:23.700+0000] {dagbag.py:540} INFO - Filling up the DagBag from /opt/airflow/dags/create_gold_tables_from_parquet.py
[2025-04-28T02:29:23.928+0000] {processor.py:840} INFO - DAG(s) 'create_gold_tables_from_parquet' retrieved from /opt/airflow/dags/create_gold_tables_from_parquet.py
[2025-04-28T02:29:23.942+0000] {logging_mixin.py:188} INFO - [2025-04-28T02:29:23.942+0000] {dag.py:3096} INFO - Sync 1 DAGs
[2025-04-28T02:29:23.948+0000] {logging_mixin.py:188} INFO - [2025-04-28T02:29:23.948+0000] {dag.py:3954} INFO - Setting next_dagrun for create_gold_tables_from_parquet to None, run_after=None
[2025-04-28T02:29:23.960+0000] {processor.py:183} INFO - Processing /opt/airflow/dags/create_gold_tables_from_parquet.py took 0.266 seconds
[2025-04-28T02:29:54.844+0000] {processor.py:161} INFO - Started process (PID=2828) to work on /opt/airflow/dags/create_gold_tables_from_parquet.py
[2025-04-28T02:29:54.845+0000] {processor.py:830} INFO - Processing file /opt/airflow/dags/create_gold_tables_from_parquet.py for tasks to queue
[2025-04-28T02:29:54.846+0000] {logging_mixin.py:188} INFO - [2025-04-28T02:29:54.846+0000] {dagbag.py:540} INFO - Filling up the DagBag from /opt/airflow/dags/create_gold_tables_from_parquet.py
[2025-04-28T02:29:55.083+0000] {processor.py:840} INFO - DAG(s) 'create_gold_tables_from_parquet' retrieved from /opt/airflow/dags/create_gold_tables_from_parquet.py
[2025-04-28T02:29:55.096+0000] {logging_mixin.py:188} INFO - [2025-04-28T02:29:55.096+0000] {dag.py:3096} INFO - Sync 1 DAGs
[2025-04-28T02:29:55.106+0000] {logging_mixin.py:188} INFO - [2025-04-28T02:29:55.105+0000] {dag.py:3954} INFO - Setting next_dagrun for create_gold_tables_from_parquet to None, run_after=None
[2025-04-28T02:29:55.116+0000] {processor.py:183} INFO - Processing /opt/airflow/dags/create_gold_tables_from_parquet.py took 0.277 seconds
[2025-04-28T02:30:25.982+0000] {processor.py:161} INFO - Started process (PID=2863) to work on /opt/airflow/dags/create_gold_tables_from_parquet.py
[2025-04-28T02:30:25.983+0000] {processor.py:830} INFO - Processing file /opt/airflow/dags/create_gold_tables_from_parquet.py for tasks to queue
[2025-04-28T02:30:25.984+0000] {logging_mixin.py:188} INFO - [2025-04-28T02:30:25.983+0000] {dagbag.py:540} INFO - Filling up the DagBag from /opt/airflow/dags/create_gold_tables_from_parquet.py
[2025-04-28T02:30:26.219+0000] {processor.py:840} INFO - DAG(s) 'create_gold_tables_from_parquet' retrieved from /opt/airflow/dags/create_gold_tables_from_parquet.py
[2025-04-28T02:30:26.233+0000] {logging_mixin.py:188} INFO - [2025-04-28T02:30:26.232+0000] {dag.py:3096} INFO - Sync 1 DAGs
[2025-04-28T02:30:26.237+0000] {logging_mixin.py:188} INFO - [2025-04-28T02:30:26.237+0000] {dag.py:3954} INFO - Setting next_dagrun for create_gold_tables_from_parquet to None, run_after=None
[2025-04-28T02:30:26.249+0000] {processor.py:183} INFO - Processing /opt/airflow/dags/create_gold_tables_from_parquet.py took 0.271 seconds
[2025-04-28T02:30:57.179+0000] {processor.py:161} INFO - Started process (PID=2898) to work on /opt/airflow/dags/create_gold_tables_from_parquet.py
[2025-04-28T02:30:57.180+0000] {processor.py:830} INFO - Processing file /opt/airflow/dags/create_gold_tables_from_parquet.py for tasks to queue
[2025-04-28T02:30:57.181+0000] {logging_mixin.py:188} INFO - [2025-04-28T02:30:57.180+0000] {dagbag.py:540} INFO - Filling up the DagBag from /opt/airflow/dags/create_gold_tables_from_parquet.py
[2025-04-28T02:30:57.403+0000] {processor.py:840} INFO - DAG(s) 'create_gold_tables_from_parquet' retrieved from /opt/airflow/dags/create_gold_tables_from_parquet.py
[2025-04-28T02:30:57.416+0000] {logging_mixin.py:188} INFO - [2025-04-28T02:30:57.415+0000] {dag.py:3096} INFO - Sync 1 DAGs
[2025-04-28T02:30:57.422+0000] {logging_mixin.py:188} INFO - [2025-04-28T02:30:57.422+0000] {dag.py:3954} INFO - Setting next_dagrun for create_gold_tables_from_parquet to None, run_after=None
[2025-04-28T02:30:57.433+0000] {processor.py:183} INFO - Processing /opt/airflow/dags/create_gold_tables_from_parquet.py took 0.258 seconds
[2025-04-28T02:31:28.308+0000] {processor.py:161} INFO - Started process (PID=2933) to work on /opt/airflow/dags/create_gold_tables_from_parquet.py
[2025-04-28T02:31:28.308+0000] {processor.py:830} INFO - Processing file /opt/airflow/dags/create_gold_tables_from_parquet.py for tasks to queue
[2025-04-28T02:31:28.310+0000] {logging_mixin.py:188} INFO - [2025-04-28T02:31:28.309+0000] {dagbag.py:540} INFO - Filling up the DagBag from /opt/airflow/dags/create_gold_tables_from_parquet.py
[2025-04-28T02:31:28.534+0000] {processor.py:840} INFO - DAG(s) 'create_gold_tables_from_parquet' retrieved from /opt/airflow/dags/create_gold_tables_from_parquet.py
[2025-04-28T02:31:28.546+0000] {logging_mixin.py:188} INFO - [2025-04-28T02:31:28.545+0000] {dag.py:3096} INFO - Sync 1 DAGs
[2025-04-28T02:31:28.550+0000] {logging_mixin.py:188} INFO - [2025-04-28T02:31:28.550+0000] {dag.py:3954} INFO - Setting next_dagrun for create_gold_tables_from_parquet to None, run_after=None
[2025-04-28T02:31:28.563+0000] {processor.py:183} INFO - Processing /opt/airflow/dags/create_gold_tables_from_parquet.py took 0.261 seconds
[2025-04-28T02:31:59.468+0000] {processor.py:161} INFO - Started process (PID=2968) to work on /opt/airflow/dags/create_gold_tables_from_parquet.py
[2025-04-28T02:31:59.470+0000] {processor.py:830} INFO - Processing file /opt/airflow/dags/create_gold_tables_from_parquet.py for tasks to queue
[2025-04-28T02:31:59.471+0000] {logging_mixin.py:188} INFO - [2025-04-28T02:31:59.471+0000] {dagbag.py:540} INFO - Filling up the DagBag from /opt/airflow/dags/create_gold_tables_from_parquet.py
[2025-04-28T02:31:59.688+0000] {processor.py:840} INFO - DAG(s) 'create_gold_tables_from_parquet' retrieved from /opt/airflow/dags/create_gold_tables_from_parquet.py
[2025-04-28T02:31:59.699+0000] {logging_mixin.py:188} INFO - [2025-04-28T02:31:59.699+0000] {dag.py:3096} INFO - Sync 1 DAGs
[2025-04-28T02:31:59.704+0000] {logging_mixin.py:188} INFO - [2025-04-28T02:31:59.704+0000] {dag.py:3954} INFO - Setting next_dagrun for create_gold_tables_from_parquet to None, run_after=None
[2025-04-28T02:31:59.715+0000] {processor.py:183} INFO - Processing /opt/airflow/dags/create_gold_tables_from_parquet.py took 0.251 seconds
[2025-04-28T02:32:30.572+0000] {processor.py:161} INFO - Started process (PID=3003) to work on /opt/airflow/dags/create_gold_tables_from_parquet.py
[2025-04-28T02:32:30.573+0000] {processor.py:830} INFO - Processing file /opt/airflow/dags/create_gold_tables_from_parquet.py for tasks to queue
[2025-04-28T02:32:30.574+0000] {logging_mixin.py:188} INFO - [2025-04-28T02:32:30.574+0000] {dagbag.py:540} INFO - Filling up the DagBag from /opt/airflow/dags/create_gold_tables_from_parquet.py
[2025-04-28T02:32:30.797+0000] {processor.py:840} INFO - DAG(s) 'create_gold_tables_from_parquet' retrieved from /opt/airflow/dags/create_gold_tables_from_parquet.py
[2025-04-28T02:32:30.809+0000] {logging_mixin.py:188} INFO - [2025-04-28T02:32:30.809+0000] {dag.py:3096} INFO - Sync 1 DAGs
[2025-04-28T02:32:30.814+0000] {logging_mixin.py:188} INFO - [2025-04-28T02:32:30.814+0000] {dag.py:3954} INFO - Setting next_dagrun for create_gold_tables_from_parquet to None, run_after=None
[2025-04-28T02:32:30.824+0000] {processor.py:183} INFO - Processing /opt/airflow/dags/create_gold_tables_from_parquet.py took 0.256 seconds
[2025-04-28T02:33:01.718+0000] {processor.py:161} INFO - Started process (PID=3038) to work on /opt/airflow/dags/create_gold_tables_from_parquet.py
[2025-04-28T02:33:01.718+0000] {processor.py:830} INFO - Processing file /opt/airflow/dags/create_gold_tables_from_parquet.py for tasks to queue
[2025-04-28T02:33:01.720+0000] {logging_mixin.py:188} INFO - [2025-04-28T02:33:01.720+0000] {dagbag.py:540} INFO - Filling up the DagBag from /opt/airflow/dags/create_gold_tables_from_parquet.py
[2025-04-28T02:33:01.939+0000] {processor.py:840} INFO - DAG(s) 'create_gold_tables_from_parquet' retrieved from /opt/airflow/dags/create_gold_tables_from_parquet.py
[2025-04-28T02:33:01.951+0000] {logging_mixin.py:188} INFO - [2025-04-28T02:33:01.951+0000] {dag.py:3096} INFO - Sync 1 DAGs
[2025-04-28T02:33:01.958+0000] {logging_mixin.py:188} INFO - [2025-04-28T02:33:01.958+0000] {dag.py:3954} INFO - Setting next_dagrun for create_gold_tables_from_parquet to None, run_after=None
[2025-04-28T02:33:01.969+0000] {processor.py:183} INFO - Processing /opt/airflow/dags/create_gold_tables_from_parquet.py took 0.255 seconds
[2025-04-28T02:33:32.818+0000] {processor.py:161} INFO - Started process (PID=3073) to work on /opt/airflow/dags/create_gold_tables_from_parquet.py
[2025-04-28T02:33:32.818+0000] {processor.py:830} INFO - Processing file /opt/airflow/dags/create_gold_tables_from_parquet.py for tasks to queue
[2025-04-28T02:33:32.819+0000] {logging_mixin.py:188} INFO - [2025-04-28T02:33:32.819+0000] {dagbag.py:540} INFO - Filling up the DagBag from /opt/airflow/dags/create_gold_tables_from_parquet.py
[2025-04-28T02:33:33.038+0000] {processor.py:840} INFO - DAG(s) 'create_gold_tables_from_parquet' retrieved from /opt/airflow/dags/create_gold_tables_from_parquet.py
[2025-04-28T02:33:33.050+0000] {logging_mixin.py:188} INFO - [2025-04-28T02:33:33.050+0000] {dag.py:3096} INFO - Sync 1 DAGs
[2025-04-28T02:33:33.055+0000] {logging_mixin.py:188} INFO - [2025-04-28T02:33:33.055+0000] {dag.py:3954} INFO - Setting next_dagrun for create_gold_tables_from_parquet to None, run_after=None
[2025-04-28T02:33:33.065+0000] {processor.py:183} INFO - Processing /opt/airflow/dags/create_gold_tables_from_parquet.py took 0.252 seconds
[2025-04-28T02:34:03.650+0000] {processor.py:161} INFO - Started process (PID=3108) to work on /opt/airflow/dags/create_gold_tables_from_parquet.py
[2025-04-28T02:34:03.650+0000] {processor.py:830} INFO - Processing file /opt/airflow/dags/create_gold_tables_from_parquet.py for tasks to queue
[2025-04-28T02:34:03.651+0000] {logging_mixin.py:188} INFO - [2025-04-28T02:34:03.651+0000] {dagbag.py:540} INFO - Filling up the DagBag from /opt/airflow/dags/create_gold_tables_from_parquet.py
[2025-04-28T02:34:03.890+0000] {processor.py:840} INFO - DAG(s) 'create_gold_tables_from_parquet' retrieved from /opt/airflow/dags/create_gold_tables_from_parquet.py
[2025-04-28T02:34:03.905+0000] {logging_mixin.py:188} INFO - [2025-04-28T02:34:03.905+0000] {dag.py:3096} INFO - Sync 1 DAGs
[2025-04-28T02:34:03.910+0000] {logging_mixin.py:188} INFO - [2025-04-28T02:34:03.910+0000] {dag.py:3954} INFO - Setting next_dagrun for create_gold_tables_from_parquet to None, run_after=None
[2025-04-28T02:34:03.922+0000] {processor.py:183} INFO - Processing /opt/airflow/dags/create_gold_tables_from_parquet.py took 0.276 seconds
[2025-04-28T02:34:34.860+0000] {processor.py:161} INFO - Started process (PID=3143) to work on /opt/airflow/dags/create_gold_tables_from_parquet.py
[2025-04-28T02:34:34.861+0000] {processor.py:830} INFO - Processing file /opt/airflow/dags/create_gold_tables_from_parquet.py for tasks to queue
[2025-04-28T02:34:34.863+0000] {logging_mixin.py:188} INFO - [2025-04-28T02:34:34.863+0000] {dagbag.py:540} INFO - Filling up the DagBag from /opt/airflow/dags/create_gold_tables_from_parquet.py
[2025-04-28T02:34:35.100+0000] {processor.py:840} INFO - DAG(s) 'create_gold_tables_from_parquet' retrieved from /opt/airflow/dags/create_gold_tables_from_parquet.py
[2025-04-28T02:34:35.112+0000] {logging_mixin.py:188} INFO - [2025-04-28T02:34:35.112+0000] {dag.py:3096} INFO - Sync 1 DAGs
[2025-04-28T02:34:35.117+0000] {logging_mixin.py:188} INFO - [2025-04-28T02:34:35.117+0000] {dag.py:3954} INFO - Setting next_dagrun for create_gold_tables_from_parquet to None, run_after=None
[2025-04-28T02:34:35.126+0000] {processor.py:183} INFO - Processing /opt/airflow/dags/create_gold_tables_from_parquet.py took 0.272 seconds
[2025-04-28T02:35:05.998+0000] {processor.py:161} INFO - Started process (PID=3178) to work on /opt/airflow/dags/create_gold_tables_from_parquet.py
[2025-04-28T02:35:05.998+0000] {processor.py:830} INFO - Processing file /opt/airflow/dags/create_gold_tables_from_parquet.py for tasks to queue
[2025-04-28T02:35:06.000+0000] {logging_mixin.py:188} INFO - [2025-04-28T02:35:06.000+0000] {dagbag.py:540} INFO - Filling up the DagBag from /opt/airflow/dags/create_gold_tables_from_parquet.py
[2025-04-28T02:35:06.239+0000] {processor.py:840} INFO - DAG(s) 'create_gold_tables_from_parquet' retrieved from /opt/airflow/dags/create_gold_tables_from_parquet.py
[2025-04-28T02:35:06.251+0000] {logging_mixin.py:188} INFO - [2025-04-28T02:35:06.251+0000] {dag.py:3096} INFO - Sync 1 DAGs
[2025-04-28T02:35:06.256+0000] {logging_mixin.py:188} INFO - [2025-04-28T02:35:06.256+0000] {dag.py:3954} INFO - Setting next_dagrun for create_gold_tables_from_parquet to None, run_after=None
[2025-04-28T02:35:06.270+0000] {processor.py:183} INFO - Processing /opt/airflow/dags/create_gold_tables_from_parquet.py took 0.276 seconds
[2025-04-28T02:35:37.115+0000] {processor.py:161} INFO - Started process (PID=3216) to work on /opt/airflow/dags/create_gold_tables_from_parquet.py
[2025-04-28T02:35:37.115+0000] {processor.py:830} INFO - Processing file /opt/airflow/dags/create_gold_tables_from_parquet.py for tasks to queue
[2025-04-28T02:35:37.117+0000] {logging_mixin.py:188} INFO - [2025-04-28T02:35:37.116+0000] {dagbag.py:540} INFO - Filling up the DagBag from /opt/airflow/dags/create_gold_tables_from_parquet.py
[2025-04-28T02:35:37.366+0000] {processor.py:840} INFO - DAG(s) 'create_gold_tables_from_parquet' retrieved from /opt/airflow/dags/create_gold_tables_from_parquet.py
[2025-04-28T02:35:37.382+0000] {logging_mixin.py:188} INFO - [2025-04-28T02:35:37.382+0000] {dag.py:3096} INFO - Sync 1 DAGs
[2025-04-28T02:35:37.388+0000] {logging_mixin.py:188} INFO - [2025-04-28T02:35:37.388+0000] {dag.py:3954} INFO - Setting next_dagrun for create_gold_tables_from_parquet to None, run_after=None
[2025-04-28T02:35:37.399+0000] {processor.py:183} INFO - Processing /opt/airflow/dags/create_gold_tables_from_parquet.py took 0.290 seconds
[2025-04-28T02:36:08.319+0000] {processor.py:161} INFO - Started process (PID=3253) to work on /opt/airflow/dags/create_gold_tables_from_parquet.py
[2025-04-28T02:36:08.321+0000] {processor.py:830} INFO - Processing file /opt/airflow/dags/create_gold_tables_from_parquet.py for tasks to queue
[2025-04-28T02:36:08.323+0000] {logging_mixin.py:188} INFO - [2025-04-28T02:36:08.322+0000] {dagbag.py:540} INFO - Filling up the DagBag from /opt/airflow/dags/create_gold_tables_from_parquet.py
[2025-04-28T02:36:08.549+0000] {processor.py:840} INFO - DAG(s) 'create_gold_tables_from_parquet' retrieved from /opt/airflow/dags/create_gold_tables_from_parquet.py
[2025-04-28T02:36:08.561+0000] {logging_mixin.py:188} INFO - [2025-04-28T02:36:08.561+0000] {dag.py:3096} INFO - Sync 1 DAGs
[2025-04-28T02:36:08.567+0000] {logging_mixin.py:188} INFO - [2025-04-28T02:36:08.566+0000] {dag.py:3954} INFO - Setting next_dagrun for create_gold_tables_from_parquet to None, run_after=None
[2025-04-28T02:36:08.576+0000] {processor.py:183} INFO - Processing /opt/airflow/dags/create_gold_tables_from_parquet.py took 0.263 seconds
[2025-04-28T02:36:39.133+0000] {processor.py:161} INFO - Started process (PID=3288) to work on /opt/airflow/dags/create_gold_tables_from_parquet.py
[2025-04-28T02:36:39.134+0000] {processor.py:830} INFO - Processing file /opt/airflow/dags/create_gold_tables_from_parquet.py for tasks to queue
[2025-04-28T02:36:39.135+0000] {logging_mixin.py:188} INFO - [2025-04-28T02:36:39.135+0000] {dagbag.py:540} INFO - Filling up the DagBag from /opt/airflow/dags/create_gold_tables_from_parquet.py
[2025-04-28T02:36:39.358+0000] {processor.py:840} INFO - DAG(s) 'create_gold_tables_from_parquet' retrieved from /opt/airflow/dags/create_gold_tables_from_parquet.py
[2025-04-28T02:36:39.371+0000] {logging_mixin.py:188} INFO - [2025-04-28T02:36:39.371+0000] {dag.py:3096} INFO - Sync 1 DAGs
[2025-04-28T02:36:39.376+0000] {logging_mixin.py:188} INFO - [2025-04-28T02:36:39.376+0000] {dag.py:3954} INFO - Setting next_dagrun for create_gold_tables_from_parquet to None, run_after=None
[2025-04-28T02:36:39.389+0000] {processor.py:183} INFO - Processing /opt/airflow/dags/create_gold_tables_from_parquet.py took 0.259 seconds
[2025-04-28T02:37:09.984+0000] {processor.py:161} INFO - Started process (PID=3323) to work on /opt/airflow/dags/create_gold_tables_from_parquet.py
[2025-04-28T02:37:09.985+0000] {processor.py:830} INFO - Processing file /opt/airflow/dags/create_gold_tables_from_parquet.py for tasks to queue
[2025-04-28T02:37:09.986+0000] {logging_mixin.py:188} INFO - [2025-04-28T02:37:09.986+0000] {dagbag.py:540} INFO - Filling up the DagBag from /opt/airflow/dags/create_gold_tables_from_parquet.py
[2025-04-28T02:37:10.212+0000] {processor.py:840} INFO - DAG(s) 'create_gold_tables_from_parquet' retrieved from /opt/airflow/dags/create_gold_tables_from_parquet.py
[2025-04-28T02:37:10.224+0000] {logging_mixin.py:188} INFO - [2025-04-28T02:37:10.224+0000] {dag.py:3096} INFO - Sync 1 DAGs
[2025-04-28T02:37:10.229+0000] {logging_mixin.py:188} INFO - [2025-04-28T02:37:10.229+0000] {dag.py:3954} INFO - Setting next_dagrun for create_gold_tables_from_parquet to None, run_after=None
[2025-04-28T02:37:10.238+0000] {processor.py:183} INFO - Processing /opt/airflow/dags/create_gold_tables_from_parquet.py took 0.260 seconds
