[2025-04-28T00:48:24.756+0000] {processor.py:161} INFO - Started process (PID=165) to work on /opt/airflow/dags/export_tables_to_parquet.py
[2025-04-28T00:48:24.757+0000] {processor.py:830} INFO - Processing file /opt/airflow/dags/export_tables_to_parquet.py for tasks to queue
[2025-04-28T00:48:24.758+0000] {logging_mixin.py:188} INFO - [2025-04-28T00:48:24.758+0000] {dagbag.py:540} INFO - Filling up the DagBag from /opt/airflow/dags/export_tables_to_parquet.py
[2025-04-28T00:48:24.760+0000] {processor.py:842} WARNING - No viable dags retrieved from /opt/airflow/dags/export_tables_to_parquet.py
[2025-04-28T00:48:24.768+0000] {processor.py:183} INFO - Processing /opt/airflow/dags/export_tables_to_parquet.py took 0.014 seconds
[2025-04-28T00:48:55.003+0000] {processor.py:161} INFO - Started process (PID=170) to work on /opt/airflow/dags/export_tables_to_parquet.py
[2025-04-28T00:48:55.004+0000] {processor.py:830} INFO - Processing file /opt/airflow/dags/export_tables_to_parquet.py for tasks to queue
[2025-04-28T00:48:55.006+0000] {logging_mixin.py:188} INFO - [2025-04-28T00:48:55.005+0000] {dagbag.py:540} INFO - Filling up the DagBag from /opt/airflow/dags/export_tables_to_parquet.py
[2025-04-28T00:48:55.008+0000] {processor.py:842} WARNING - No viable dags retrieved from /opt/airflow/dags/export_tables_to_parquet.py
[2025-04-28T00:48:55.023+0000] {processor.py:183} INFO - Processing /opt/airflow/dags/export_tables_to_parquet.py took 0.026 seconds
[2025-04-28T00:49:25.321+0000] {processor.py:161} INFO - Started process (PID=175) to work on /opt/airflow/dags/export_tables_to_parquet.py
[2025-04-28T00:49:25.321+0000] {processor.py:830} INFO - Processing file /opt/airflow/dags/export_tables_to_parquet.py for tasks to queue
[2025-04-28T00:49:25.322+0000] {logging_mixin.py:188} INFO - [2025-04-28T00:49:25.322+0000] {dagbag.py:540} INFO - Filling up the DagBag from /opt/airflow/dags/export_tables_to_parquet.py
[2025-04-28T00:49:25.324+0000] {processor.py:842} WARNING - No viable dags retrieved from /opt/airflow/dags/export_tables_to_parquet.py
[2025-04-28T00:49:25.333+0000] {processor.py:183} INFO - Processing /opt/airflow/dags/export_tables_to_parquet.py took 0.016 seconds
[2025-04-28T00:49:55.673+0000] {processor.py:161} INFO - Started process (PID=180) to work on /opt/airflow/dags/export_tables_to_parquet.py
[2025-04-28T00:49:55.674+0000] {processor.py:830} INFO - Processing file /opt/airflow/dags/export_tables_to_parquet.py for tasks to queue
[2025-04-28T00:49:55.675+0000] {logging_mixin.py:188} INFO - [2025-04-28T00:49:55.675+0000] {dagbag.py:540} INFO - Filling up the DagBag from /opt/airflow/dags/export_tables_to_parquet.py
[2025-04-28T00:49:55.678+0000] {processor.py:842} WARNING - No viable dags retrieved from /opt/airflow/dags/export_tables_to_parquet.py
[2025-04-28T00:49:55.689+0000] {processor.py:183} INFO - Processing /opt/airflow/dags/export_tables_to_parquet.py took 0.021 seconds
[2025-04-28T00:50:25.998+0000] {processor.py:161} INFO - Started process (PID=185) to work on /opt/airflow/dags/export_tables_to_parquet.py
[2025-04-28T00:50:25.999+0000] {processor.py:830} INFO - Processing file /opt/airflow/dags/export_tables_to_parquet.py for tasks to queue
[2025-04-28T00:50:26.000+0000] {logging_mixin.py:188} INFO - [2025-04-28T00:50:26.000+0000] {dagbag.py:540} INFO - Filling up the DagBag from /opt/airflow/dags/export_tables_to_parquet.py
[2025-04-28T00:50:26.002+0000] {processor.py:842} WARNING - No viable dags retrieved from /opt/airflow/dags/export_tables_to_parquet.py
[2025-04-28T00:50:26.013+0000] {processor.py:183} INFO - Processing /opt/airflow/dags/export_tables_to_parquet.py took 0.019 seconds
[2025-04-28T00:50:56.354+0000] {processor.py:161} INFO - Started process (PID=190) to work on /opt/airflow/dags/export_tables_to_parquet.py
[2025-04-28T00:50:56.355+0000] {processor.py:830} INFO - Processing file /opt/airflow/dags/export_tables_to_parquet.py for tasks to queue
[2025-04-28T00:50:56.356+0000] {logging_mixin.py:188} INFO - [2025-04-28T00:50:56.356+0000] {dagbag.py:540} INFO - Filling up the DagBag from /opt/airflow/dags/export_tables_to_parquet.py
[2025-04-28T00:50:56.359+0000] {processor.py:842} WARNING - No viable dags retrieved from /opt/airflow/dags/export_tables_to_parquet.py
[2025-04-28T00:50:56.373+0000] {processor.py:183} INFO - Processing /opt/airflow/dags/export_tables_to_parquet.py took 0.025 seconds
[2025-04-28T00:51:26.711+0000] {processor.py:161} INFO - Started process (PID=195) to work on /opt/airflow/dags/export_tables_to_parquet.py
[2025-04-28T00:51:26.712+0000] {processor.py:830} INFO - Processing file /opt/airflow/dags/export_tables_to_parquet.py for tasks to queue
[2025-04-28T00:51:26.712+0000] {logging_mixin.py:188} INFO - [2025-04-28T00:51:26.712+0000] {dagbag.py:540} INFO - Filling up the DagBag from /opt/airflow/dags/export_tables_to_parquet.py
[2025-04-28T00:51:26.715+0000] {processor.py:842} WARNING - No viable dags retrieved from /opt/airflow/dags/export_tables_to_parquet.py
[2025-04-28T00:51:26.728+0000] {processor.py:183} INFO - Processing /opt/airflow/dags/export_tables_to_parquet.py took 0.022 seconds
[2025-04-28T00:51:57.037+0000] {processor.py:161} INFO - Started process (PID=200) to work on /opt/airflow/dags/export_tables_to_parquet.py
[2025-04-28T00:51:57.038+0000] {processor.py:830} INFO - Processing file /opt/airflow/dags/export_tables_to_parquet.py for tasks to queue
[2025-04-28T00:51:57.038+0000] {logging_mixin.py:188} INFO - [2025-04-28T00:51:57.038+0000] {dagbag.py:540} INFO - Filling up the DagBag from /opt/airflow/dags/export_tables_to_parquet.py
[2025-04-28T00:51:57.041+0000] {processor.py:842} WARNING - No viable dags retrieved from /opt/airflow/dags/export_tables_to_parquet.py
[2025-04-28T00:51:57.054+0000] {processor.py:183} INFO - Processing /opt/airflow/dags/export_tables_to_parquet.py took 0.022 seconds
[2025-04-28T00:52:27.399+0000] {processor.py:161} INFO - Started process (PID=205) to work on /opt/airflow/dags/export_tables_to_parquet.py
[2025-04-28T00:52:27.401+0000] {processor.py:830} INFO - Processing file /opt/airflow/dags/export_tables_to_parquet.py for tasks to queue
[2025-04-28T00:52:27.402+0000] {logging_mixin.py:188} INFO - [2025-04-28T00:52:27.401+0000] {dagbag.py:540} INFO - Filling up the DagBag from /opt/airflow/dags/export_tables_to_parquet.py
[2025-04-28T00:52:27.405+0000] {processor.py:842} WARNING - No viable dags retrieved from /opt/airflow/dags/export_tables_to_parquet.py
[2025-04-28T00:52:27.423+0000] {processor.py:183} INFO - Processing /opt/airflow/dags/export_tables_to_parquet.py took 0.029 seconds
[2025-04-28T00:52:57.737+0000] {processor.py:161} INFO - Started process (PID=210) to work on /opt/airflow/dags/export_tables_to_parquet.py
[2025-04-28T00:52:57.738+0000] {processor.py:830} INFO - Processing file /opt/airflow/dags/export_tables_to_parquet.py for tasks to queue
[2025-04-28T00:52:57.738+0000] {logging_mixin.py:188} INFO - [2025-04-28T00:52:57.738+0000] {dagbag.py:540} INFO - Filling up the DagBag from /opt/airflow/dags/export_tables_to_parquet.py
[2025-04-28T00:52:57.741+0000] {processor.py:842} WARNING - No viable dags retrieved from /opt/airflow/dags/export_tables_to_parquet.py
[2025-04-28T00:52:57.756+0000] {processor.py:183} INFO - Processing /opt/airflow/dags/export_tables_to_parquet.py took 0.024 seconds
[2025-04-28T00:53:28.106+0000] {processor.py:161} INFO - Started process (PID=221) to work on /opt/airflow/dags/export_tables_to_parquet.py
[2025-04-28T00:53:28.107+0000] {processor.py:830} INFO - Processing file /opt/airflow/dags/export_tables_to_parquet.py for tasks to queue
[2025-04-28T00:53:28.108+0000] {logging_mixin.py:188} INFO - [2025-04-28T00:53:28.107+0000] {dagbag.py:540} INFO - Filling up the DagBag from /opt/airflow/dags/export_tables_to_parquet.py
[2025-04-28T00:53:28.111+0000] {processor.py:842} WARNING - No viable dags retrieved from /opt/airflow/dags/export_tables_to_parquet.py
[2025-04-28T00:53:28.126+0000] {processor.py:183} INFO - Processing /opt/airflow/dags/export_tables_to_parquet.py took 0.026 seconds
[2025-04-28T00:53:58.452+0000] {processor.py:161} INFO - Started process (PID=232) to work on /opt/airflow/dags/export_tables_to_parquet.py
[2025-04-28T00:53:58.454+0000] {processor.py:830} INFO - Processing file /opt/airflow/dags/export_tables_to_parquet.py for tasks to queue
[2025-04-28T00:53:58.455+0000] {logging_mixin.py:188} INFO - [2025-04-28T00:53:58.454+0000] {dagbag.py:540} INFO - Filling up the DagBag from /opt/airflow/dags/export_tables_to_parquet.py
[2025-04-28T00:53:58.459+0000] {processor.py:842} WARNING - No viable dags retrieved from /opt/airflow/dags/export_tables_to_parquet.py
[2025-04-28T00:53:58.477+0000] {processor.py:183} INFO - Processing /opt/airflow/dags/export_tables_to_parquet.py took 0.031 seconds
[2025-04-28T00:54:28.789+0000] {processor.py:161} INFO - Started process (PID=243) to work on /opt/airflow/dags/export_tables_to_parquet.py
[2025-04-28T00:54:28.790+0000] {processor.py:830} INFO - Processing file /opt/airflow/dags/export_tables_to_parquet.py for tasks to queue
[2025-04-28T00:54:28.790+0000] {logging_mixin.py:188} INFO - [2025-04-28T00:54:28.790+0000] {dagbag.py:540} INFO - Filling up the DagBag from /opt/airflow/dags/export_tables_to_parquet.py
[2025-04-28T00:54:28.792+0000] {processor.py:842} WARNING - No viable dags retrieved from /opt/airflow/dags/export_tables_to_parquet.py
[2025-04-28T00:54:28.803+0000] {processor.py:183} INFO - Processing /opt/airflow/dags/export_tables_to_parquet.py took 0.018 seconds
[2025-04-28T00:54:59.143+0000] {processor.py:161} INFO - Started process (PID=254) to work on /opt/airflow/dags/export_tables_to_parquet.py
[2025-04-28T00:54:59.144+0000] {processor.py:830} INFO - Processing file /opt/airflow/dags/export_tables_to_parquet.py for tasks to queue
[2025-04-28T00:54:59.145+0000] {logging_mixin.py:188} INFO - [2025-04-28T00:54:59.144+0000] {dagbag.py:540} INFO - Filling up the DagBag from /opt/airflow/dags/export_tables_to_parquet.py
[2025-04-28T00:54:59.147+0000] {processor.py:842} WARNING - No viable dags retrieved from /opt/airflow/dags/export_tables_to_parquet.py
[2025-04-28T00:54:59.159+0000] {processor.py:183} INFO - Processing /opt/airflow/dags/export_tables_to_parquet.py took 0.020 seconds
[2025-04-28T00:55:29.507+0000] {processor.py:161} INFO - Started process (PID=265) to work on /opt/airflow/dags/export_tables_to_parquet.py
[2025-04-28T00:55:29.508+0000] {processor.py:830} INFO - Processing file /opt/airflow/dags/export_tables_to_parquet.py for tasks to queue
[2025-04-28T00:55:29.508+0000] {logging_mixin.py:188} INFO - [2025-04-28T00:55:29.508+0000] {dagbag.py:540} INFO - Filling up the DagBag from /opt/airflow/dags/export_tables_to_parquet.py
[2025-04-28T00:55:29.510+0000] {processor.py:842} WARNING - No viable dags retrieved from /opt/airflow/dags/export_tables_to_parquet.py
[2025-04-28T00:55:29.521+0000] {processor.py:183} INFO - Processing /opt/airflow/dags/export_tables_to_parquet.py took 0.019 seconds
[2025-04-28T00:55:59.822+0000] {processor.py:161} INFO - Started process (PID=276) to work on /opt/airflow/dags/export_tables_to_parquet.py
[2025-04-28T00:55:59.824+0000] {processor.py:830} INFO - Processing file /opt/airflow/dags/export_tables_to_parquet.py for tasks to queue
[2025-04-28T00:55:59.824+0000] {logging_mixin.py:188} INFO - [2025-04-28T00:55:59.824+0000] {dagbag.py:540} INFO - Filling up the DagBag from /opt/airflow/dags/export_tables_to_parquet.py
[2025-04-28T00:55:59.827+0000] {processor.py:842} WARNING - No viable dags retrieved from /opt/airflow/dags/export_tables_to_parquet.py
[2025-04-28T00:55:59.844+0000] {processor.py:183} INFO - Processing /opt/airflow/dags/export_tables_to_parquet.py took 0.028 seconds
[2025-04-28T00:56:30.150+0000] {processor.py:161} INFO - Started process (PID=287) to work on /opt/airflow/dags/export_tables_to_parquet.py
[2025-04-28T00:56:30.151+0000] {processor.py:830} INFO - Processing file /opt/airflow/dags/export_tables_to_parquet.py for tasks to queue
[2025-04-28T00:56:30.152+0000] {logging_mixin.py:188} INFO - [2025-04-28T00:56:30.152+0000] {dagbag.py:540} INFO - Filling up the DagBag from /opt/airflow/dags/export_tables_to_parquet.py
[2025-04-28T00:56:30.154+0000] {processor.py:842} WARNING - No viable dags retrieved from /opt/airflow/dags/export_tables_to_parquet.py
[2025-04-28T00:56:30.165+0000] {processor.py:183} INFO - Processing /opt/airflow/dags/export_tables_to_parquet.py took 0.020 seconds
[2025-04-28T00:57:00.522+0000] {processor.py:161} INFO - Started process (PID=298) to work on /opt/airflow/dags/export_tables_to_parquet.py
[2025-04-28T00:57:00.523+0000] {processor.py:830} INFO - Processing file /opt/airflow/dags/export_tables_to_parquet.py for tasks to queue
[2025-04-28T00:57:00.524+0000] {logging_mixin.py:188} INFO - [2025-04-28T00:57:00.523+0000] {dagbag.py:540} INFO - Filling up the DagBag from /opt/airflow/dags/export_tables_to_parquet.py
[2025-04-28T00:57:00.526+0000] {processor.py:842} WARNING - No viable dags retrieved from /opt/airflow/dags/export_tables_to_parquet.py
[2025-04-28T00:57:00.538+0000] {processor.py:183} INFO - Processing /opt/airflow/dags/export_tables_to_parquet.py took 0.021 seconds
[2025-04-28T00:57:30.842+0000] {processor.py:161} INFO - Started process (PID=309) to work on /opt/airflow/dags/export_tables_to_parquet.py
[2025-04-28T00:57:30.843+0000] {processor.py:830} INFO - Processing file /opt/airflow/dags/export_tables_to_parquet.py for tasks to queue
[2025-04-28T00:57:30.843+0000] {logging_mixin.py:188} INFO - [2025-04-28T00:57:30.843+0000] {dagbag.py:540} INFO - Filling up the DagBag from /opt/airflow/dags/export_tables_to_parquet.py
[2025-04-28T00:57:30.846+0000] {processor.py:842} WARNING - No viable dags retrieved from /opt/airflow/dags/export_tables_to_parquet.py
[2025-04-28T00:57:30.861+0000] {processor.py:183} INFO - Processing /opt/airflow/dags/export_tables_to_parquet.py took 0.025 seconds
[2025-04-28T00:58:01.200+0000] {processor.py:161} INFO - Started process (PID=320) to work on /opt/airflow/dags/export_tables_to_parquet.py
[2025-04-28T00:58:01.201+0000] {processor.py:830} INFO - Processing file /opt/airflow/dags/export_tables_to_parquet.py for tasks to queue
[2025-04-28T00:58:01.202+0000] {logging_mixin.py:188} INFO - [2025-04-28T00:58:01.202+0000] {dagbag.py:540} INFO - Filling up the DagBag from /opt/airflow/dags/export_tables_to_parquet.py
[2025-04-28T00:58:01.205+0000] {processor.py:842} WARNING - No viable dags retrieved from /opt/airflow/dags/export_tables_to_parquet.py
[2025-04-28T00:58:01.221+0000] {processor.py:183} INFO - Processing /opt/airflow/dags/export_tables_to_parquet.py took 0.027 seconds
[2025-04-28T00:58:31.594+0000] {processor.py:161} INFO - Started process (PID=331) to work on /opt/airflow/dags/export_tables_to_parquet.py
[2025-04-28T00:58:31.594+0000] {processor.py:830} INFO - Processing file /opt/airflow/dags/export_tables_to_parquet.py for tasks to queue
[2025-04-28T00:58:31.595+0000] {logging_mixin.py:188} INFO - [2025-04-28T00:58:31.595+0000] {dagbag.py:540} INFO - Filling up the DagBag from /opt/airflow/dags/export_tables_to_parquet.py
[2025-04-28T00:58:31.597+0000] {processor.py:842} WARNING - No viable dags retrieved from /opt/airflow/dags/export_tables_to_parquet.py
[2025-04-28T00:58:31.609+0000] {processor.py:183} INFO - Processing /opt/airflow/dags/export_tables_to_parquet.py took 0.020 seconds
[2025-04-28T00:59:01.997+0000] {processor.py:161} INFO - Started process (PID=342) to work on /opt/airflow/dags/export_tables_to_parquet.py
[2025-04-28T00:59:01.998+0000] {processor.py:830} INFO - Processing file /opt/airflow/dags/export_tables_to_parquet.py for tasks to queue
[2025-04-28T00:59:01.999+0000] {logging_mixin.py:188} INFO - [2025-04-28T00:59:01.998+0000] {dagbag.py:540} INFO - Filling up the DagBag from /opt/airflow/dags/export_tables_to_parquet.py
[2025-04-28T00:59:02.001+0000] {processor.py:842} WARNING - No viable dags retrieved from /opt/airflow/dags/export_tables_to_parquet.py
[2025-04-28T00:59:02.017+0000] {processor.py:183} INFO - Processing /opt/airflow/dags/export_tables_to_parquet.py took 0.026 seconds
[2025-04-28T00:59:32.323+0000] {processor.py:161} INFO - Started process (PID=353) to work on /opt/airflow/dags/export_tables_to_parquet.py
[2025-04-28T00:59:32.324+0000] {processor.py:830} INFO - Processing file /opt/airflow/dags/export_tables_to_parquet.py for tasks to queue
[2025-04-28T00:59:32.326+0000] {logging_mixin.py:188} INFO - [2025-04-28T00:59:32.325+0000] {dagbag.py:540} INFO - Filling up the DagBag from /opt/airflow/dags/export_tables_to_parquet.py
[2025-04-28T00:59:32.329+0000] {processor.py:842} WARNING - No viable dags retrieved from /opt/airflow/dags/export_tables_to_parquet.py
[2025-04-28T00:59:32.345+0000] {processor.py:183} INFO - Processing /opt/airflow/dags/export_tables_to_parquet.py took 0.030 seconds
[2025-04-28T01:00:02.699+0000] {processor.py:161} INFO - Started process (PID=364) to work on /opt/airflow/dags/export_tables_to_parquet.py
[2025-04-28T01:00:02.700+0000] {processor.py:830} INFO - Processing file /opt/airflow/dags/export_tables_to_parquet.py for tasks to queue
[2025-04-28T01:00:02.701+0000] {logging_mixin.py:188} INFO - [2025-04-28T01:00:02.701+0000] {dagbag.py:540} INFO - Filling up the DagBag from /opt/airflow/dags/export_tables_to_parquet.py
[2025-04-28T01:00:02.704+0000] {processor.py:842} WARNING - No viable dags retrieved from /opt/airflow/dags/export_tables_to_parquet.py
[2025-04-28T01:00:02.714+0000] {processor.py:183} INFO - Processing /opt/airflow/dags/export_tables_to_parquet.py took 0.021 seconds
[2025-04-28T01:00:33.015+0000] {processor.py:161} INFO - Started process (PID=375) to work on /opt/airflow/dags/export_tables_to_parquet.py
[2025-04-28T01:00:33.016+0000] {processor.py:830} INFO - Processing file /opt/airflow/dags/export_tables_to_parquet.py for tasks to queue
[2025-04-28T01:00:33.017+0000] {logging_mixin.py:188} INFO - [2025-04-28T01:00:33.017+0000] {dagbag.py:540} INFO - Filling up the DagBag from /opt/airflow/dags/export_tables_to_parquet.py
[2025-04-28T01:00:33.020+0000] {processor.py:842} WARNING - No viable dags retrieved from /opt/airflow/dags/export_tables_to_parquet.py
[2025-04-28T01:00:33.034+0000] {processor.py:183} INFO - Processing /opt/airflow/dags/export_tables_to_parquet.py took 0.025 seconds
[2025-04-28T01:01:03.407+0000] {processor.py:161} INFO - Started process (PID=386) to work on /opt/airflow/dags/export_tables_to_parquet.py
[2025-04-28T01:01:03.408+0000] {processor.py:830} INFO - Processing file /opt/airflow/dags/export_tables_to_parquet.py for tasks to queue
[2025-04-28T01:01:03.409+0000] {logging_mixin.py:188} INFO - [2025-04-28T01:01:03.409+0000] {dagbag.py:540} INFO - Filling up the DagBag from /opt/airflow/dags/export_tables_to_parquet.py
[2025-04-28T01:01:03.412+0000] {processor.py:842} WARNING - No viable dags retrieved from /opt/airflow/dags/export_tables_to_parquet.py
[2025-04-28T01:01:03.427+0000] {processor.py:183} INFO - Processing /opt/airflow/dags/export_tables_to_parquet.py took 0.026 seconds
[2025-04-28T01:01:33.731+0000] {processor.py:161} INFO - Started process (PID=397) to work on /opt/airflow/dags/export_tables_to_parquet.py
[2025-04-28T01:01:33.732+0000] {processor.py:830} INFO - Processing file /opt/airflow/dags/export_tables_to_parquet.py for tasks to queue
[2025-04-28T01:01:33.732+0000] {logging_mixin.py:188} INFO - [2025-04-28T01:01:33.732+0000] {dagbag.py:540} INFO - Filling up the DagBag from /opt/airflow/dags/export_tables_to_parquet.py
[2025-04-28T01:01:33.734+0000] {processor.py:842} WARNING - No viable dags retrieved from /opt/airflow/dags/export_tables_to_parquet.py
[2025-04-28T01:01:33.743+0000] {processor.py:183} INFO - Processing /opt/airflow/dags/export_tables_to_parquet.py took 0.016 seconds
[2025-04-28T01:02:04.088+0000] {processor.py:161} INFO - Started process (PID=408) to work on /opt/airflow/dags/export_tables_to_parquet.py
[2025-04-28T01:02:04.089+0000] {processor.py:830} INFO - Processing file /opt/airflow/dags/export_tables_to_parquet.py for tasks to queue
[2025-04-28T01:02:04.091+0000] {logging_mixin.py:188} INFO - [2025-04-28T01:02:04.090+0000] {dagbag.py:540} INFO - Filling up the DagBag from /opt/airflow/dags/export_tables_to_parquet.py
[2025-04-28T01:02:04.093+0000] {processor.py:842} WARNING - No viable dags retrieved from /opt/airflow/dags/export_tables_to_parquet.py
[2025-04-28T01:02:04.108+0000] {processor.py:183} INFO - Processing /opt/airflow/dags/export_tables_to_parquet.py took 0.026 seconds
[2025-04-28T01:02:34.456+0000] {processor.py:161} INFO - Started process (PID=419) to work on /opt/airflow/dags/export_tables_to_parquet.py
[2025-04-28T01:02:34.457+0000] {processor.py:830} INFO - Processing file /opt/airflow/dags/export_tables_to_parquet.py for tasks to queue
[2025-04-28T01:02:34.457+0000] {logging_mixin.py:188} INFO - [2025-04-28T01:02:34.457+0000] {dagbag.py:540} INFO - Filling up the DagBag from /opt/airflow/dags/export_tables_to_parquet.py
[2025-04-28T01:02:34.460+0000] {processor.py:842} WARNING - No viable dags retrieved from /opt/airflow/dags/export_tables_to_parquet.py
[2025-04-28T01:02:34.471+0000] {processor.py:183} INFO - Processing /opt/airflow/dags/export_tables_to_parquet.py took 0.020 seconds
[2025-04-28T01:03:04.753+0000] {processor.py:161} INFO - Started process (PID=430) to work on /opt/airflow/dags/export_tables_to_parquet.py
[2025-04-28T01:03:04.754+0000] {processor.py:830} INFO - Processing file /opt/airflow/dags/export_tables_to_parquet.py for tasks to queue
[2025-04-28T01:03:04.755+0000] {logging_mixin.py:188} INFO - [2025-04-28T01:03:04.755+0000] {dagbag.py:540} INFO - Filling up the DagBag from /opt/airflow/dags/export_tables_to_parquet.py
[2025-04-28T01:03:04.758+0000] {processor.py:842} WARNING - No viable dags retrieved from /opt/airflow/dags/export_tables_to_parquet.py
[2025-04-28T01:03:04.773+0000] {processor.py:183} INFO - Processing /opt/airflow/dags/export_tables_to_parquet.py took 0.026 seconds
[2025-04-28T01:03:35.166+0000] {processor.py:161} INFO - Started process (PID=447) to work on /opt/airflow/dags/export_tables_to_parquet.py
[2025-04-28T01:03:35.168+0000] {processor.py:830} INFO - Processing file /opt/airflow/dags/export_tables_to_parquet.py for tasks to queue
[2025-04-28T01:03:35.168+0000] {logging_mixin.py:188} INFO - [2025-04-28T01:03:35.168+0000] {dagbag.py:540} INFO - Filling up the DagBag from /opt/airflow/dags/export_tables_to_parquet.py
[2025-04-28T01:03:35.171+0000] {processor.py:842} WARNING - No viable dags retrieved from /opt/airflow/dags/export_tables_to_parquet.py
[2025-04-28T01:03:35.187+0000] {processor.py:183} INFO - Processing /opt/airflow/dags/export_tables_to_parquet.py took 0.027 seconds
[2025-04-28T01:04:05.759+0000] {processor.py:161} INFO - Started process (PID=464) to work on /opt/airflow/dags/export_tables_to_parquet.py
[2025-04-28T01:04:05.761+0000] {processor.py:830} INFO - Processing file /opt/airflow/dags/export_tables_to_parquet.py for tasks to queue
[2025-04-28T01:04:05.761+0000] {logging_mixin.py:188} INFO - [2025-04-28T01:04:05.761+0000] {dagbag.py:540} INFO - Filling up the DagBag from /opt/airflow/dags/export_tables_to_parquet.py
[2025-04-28T01:04:05.764+0000] {processor.py:842} WARNING - No viable dags retrieved from /opt/airflow/dags/export_tables_to_parquet.py
[2025-04-28T01:04:05.779+0000] {processor.py:183} INFO - Processing /opt/airflow/dags/export_tables_to_parquet.py took 0.027 seconds
[2025-04-28T01:04:36.343+0000] {processor.py:161} INFO - Started process (PID=481) to work on /opt/airflow/dags/export_tables_to_parquet.py
[2025-04-28T01:04:36.344+0000] {processor.py:830} INFO - Processing file /opt/airflow/dags/export_tables_to_parquet.py for tasks to queue
[2025-04-28T01:04:36.345+0000] {logging_mixin.py:188} INFO - [2025-04-28T01:04:36.344+0000] {dagbag.py:540} INFO - Filling up the DagBag from /opt/airflow/dags/export_tables_to_parquet.py
[2025-04-28T01:04:36.348+0000] {processor.py:842} WARNING - No viable dags retrieved from /opt/airflow/dags/export_tables_to_parquet.py
[2025-04-28T01:04:36.363+0000] {processor.py:183} INFO - Processing /opt/airflow/dags/export_tables_to_parquet.py took 0.026 seconds
[2025-04-28T01:05:06.978+0000] {processor.py:161} INFO - Started process (PID=498) to work on /opt/airflow/dags/export_tables_to_parquet.py
[2025-04-28T01:05:06.979+0000] {processor.py:830} INFO - Processing file /opt/airflow/dags/export_tables_to_parquet.py for tasks to queue
[2025-04-28T01:05:06.980+0000] {logging_mixin.py:188} INFO - [2025-04-28T01:05:06.980+0000] {dagbag.py:540} INFO - Filling up the DagBag from /opt/airflow/dags/export_tables_to_parquet.py
[2025-04-28T01:05:06.983+0000] {processor.py:842} WARNING - No viable dags retrieved from /opt/airflow/dags/export_tables_to_parquet.py
[2025-04-28T01:05:06.996+0000] {processor.py:183} INFO - Processing /opt/airflow/dags/export_tables_to_parquet.py took 0.024 seconds
[2025-04-28T01:05:37.598+0000] {processor.py:161} INFO - Started process (PID=515) to work on /opt/airflow/dags/export_tables_to_parquet.py
[2025-04-28T01:05:37.599+0000] {processor.py:830} INFO - Processing file /opt/airflow/dags/export_tables_to_parquet.py for tasks to queue
[2025-04-28T01:05:37.600+0000] {logging_mixin.py:188} INFO - [2025-04-28T01:05:37.600+0000] {dagbag.py:540} INFO - Filling up the DagBag from /opt/airflow/dags/export_tables_to_parquet.py
[2025-04-28T01:05:37.603+0000] {processor.py:842} WARNING - No viable dags retrieved from /opt/airflow/dags/export_tables_to_parquet.py
[2025-04-28T01:05:37.618+0000] {processor.py:183} INFO - Processing /opt/airflow/dags/export_tables_to_parquet.py took 0.024 seconds
[2025-04-28T01:06:08.160+0000] {processor.py:161} INFO - Started process (PID=532) to work on /opt/airflow/dags/export_tables_to_parquet.py
[2025-04-28T01:06:08.161+0000] {processor.py:830} INFO - Processing file /opt/airflow/dags/export_tables_to_parquet.py for tasks to queue
[2025-04-28T01:06:08.162+0000] {logging_mixin.py:188} INFO - [2025-04-28T01:06:08.162+0000] {dagbag.py:540} INFO - Filling up the DagBag from /opt/airflow/dags/export_tables_to_parquet.py
[2025-04-28T01:06:08.165+0000] {processor.py:842} WARNING - No viable dags retrieved from /opt/airflow/dags/export_tables_to_parquet.py
[2025-04-28T01:06:08.179+0000] {processor.py:183} INFO - Processing /opt/airflow/dags/export_tables_to_parquet.py took 0.025 seconds
[2025-04-28T01:06:38.750+0000] {processor.py:161} INFO - Started process (PID=549) to work on /opt/airflow/dags/export_tables_to_parquet.py
[2025-04-28T01:06:38.751+0000] {processor.py:830} INFO - Processing file /opt/airflow/dags/export_tables_to_parquet.py for tasks to queue
[2025-04-28T01:06:38.752+0000] {logging_mixin.py:188} INFO - [2025-04-28T01:06:38.752+0000] {dagbag.py:540} INFO - Filling up the DagBag from /opt/airflow/dags/export_tables_to_parquet.py
[2025-04-28T01:06:38.755+0000] {processor.py:842} WARNING - No viable dags retrieved from /opt/airflow/dags/export_tables_to_parquet.py
[2025-04-28T01:06:38.770+0000] {processor.py:183} INFO - Processing /opt/airflow/dags/export_tables_to_parquet.py took 0.027 seconds
[2025-04-28T01:07:09.296+0000] {processor.py:161} INFO - Started process (PID=566) to work on /opt/airflow/dags/export_tables_to_parquet.py
[2025-04-28T01:07:09.297+0000] {processor.py:830} INFO - Processing file /opt/airflow/dags/export_tables_to_parquet.py for tasks to queue
[2025-04-28T01:07:09.297+0000] {logging_mixin.py:188} INFO - [2025-04-28T01:07:09.297+0000] {dagbag.py:540} INFO - Filling up the DagBag from /opt/airflow/dags/export_tables_to_parquet.py
[2025-04-28T01:07:09.299+0000] {processor.py:842} WARNING - No viable dags retrieved from /opt/airflow/dags/export_tables_to_parquet.py
[2025-04-28T01:07:09.312+0000] {processor.py:183} INFO - Processing /opt/airflow/dags/export_tables_to_parquet.py took 0.022 seconds
[2025-04-28T01:07:39.861+0000] {processor.py:161} INFO - Started process (PID=583) to work on /opt/airflow/dags/export_tables_to_parquet.py
[2025-04-28T01:07:39.862+0000] {processor.py:830} INFO - Processing file /opt/airflow/dags/export_tables_to_parquet.py for tasks to queue
[2025-04-28T01:07:39.863+0000] {logging_mixin.py:188} INFO - [2025-04-28T01:07:39.862+0000] {dagbag.py:540} INFO - Filling up the DagBag from /opt/airflow/dags/export_tables_to_parquet.py
[2025-04-28T01:07:39.866+0000] {processor.py:842} WARNING - No viable dags retrieved from /opt/airflow/dags/export_tables_to_parquet.py
[2025-04-28T01:07:39.881+0000] {processor.py:183} INFO - Processing /opt/airflow/dags/export_tables_to_parquet.py took 0.025 seconds
[2025-04-28T01:08:10.214+0000] {processor.py:161} INFO - Started process (PID=600) to work on /opt/airflow/dags/export_tables_to_parquet.py
[2025-04-28T01:08:10.215+0000] {processor.py:830} INFO - Processing file /opt/airflow/dags/export_tables_to_parquet.py for tasks to queue
[2025-04-28T01:08:10.215+0000] {logging_mixin.py:188} INFO - [2025-04-28T01:08:10.215+0000] {dagbag.py:540} INFO - Filling up the DagBag from /opt/airflow/dags/export_tables_to_parquet.py
[2025-04-28T01:08:10.217+0000] {processor.py:842} WARNING - No viable dags retrieved from /opt/airflow/dags/export_tables_to_parquet.py
[2025-04-28T01:08:10.225+0000] {processor.py:183} INFO - Processing /opt/airflow/dags/export_tables_to_parquet.py took 0.013 seconds
[2025-04-28T01:08:40.906+0000] {processor.py:161} INFO - Started process (PID=623) to work on /opt/airflow/dags/export_tables_to_parquet.py
[2025-04-28T01:08:40.907+0000] {processor.py:830} INFO - Processing file /opt/airflow/dags/export_tables_to_parquet.py for tasks to queue
[2025-04-28T01:08:40.908+0000] {logging_mixin.py:188} INFO - [2025-04-28T01:08:40.908+0000] {dagbag.py:540} INFO - Filling up the DagBag from /opt/airflow/dags/export_tables_to_parquet.py
[2025-04-28T01:08:40.911+0000] {processor.py:842} WARNING - No viable dags retrieved from /opt/airflow/dags/export_tables_to_parquet.py
[2025-04-28T01:08:40.926+0000] {processor.py:183} INFO - Processing /opt/airflow/dags/export_tables_to_parquet.py took 0.026 seconds
[2025-04-28T01:09:11.502+0000] {processor.py:161} INFO - Started process (PID=646) to work on /opt/airflow/dags/export_tables_to_parquet.py
[2025-04-28T01:09:11.503+0000] {processor.py:830} INFO - Processing file /opt/airflow/dags/export_tables_to_parquet.py for tasks to queue
[2025-04-28T01:09:11.504+0000] {logging_mixin.py:188} INFO - [2025-04-28T01:09:11.503+0000] {dagbag.py:540} INFO - Filling up the DagBag from /opt/airflow/dags/export_tables_to_parquet.py
[2025-04-28T01:09:11.506+0000] {processor.py:842} WARNING - No viable dags retrieved from /opt/airflow/dags/export_tables_to_parquet.py
[2025-04-28T01:09:11.519+0000] {processor.py:183} INFO - Processing /opt/airflow/dags/export_tables_to_parquet.py took 0.022 seconds
[2025-04-28T01:09:42.079+0000] {processor.py:161} INFO - Started process (PID=669) to work on /opt/airflow/dags/export_tables_to_parquet.py
[2025-04-28T01:09:42.080+0000] {processor.py:830} INFO - Processing file /opt/airflow/dags/export_tables_to_parquet.py for tasks to queue
[2025-04-28T01:09:42.080+0000] {logging_mixin.py:188} INFO - [2025-04-28T01:09:42.080+0000] {dagbag.py:540} INFO - Filling up the DagBag from /opt/airflow/dags/export_tables_to_parquet.py
[2025-04-28T01:09:42.083+0000] {processor.py:842} WARNING - No viable dags retrieved from /opt/airflow/dags/export_tables_to_parquet.py
[2025-04-28T01:09:42.097+0000] {processor.py:183} INFO - Processing /opt/airflow/dags/export_tables_to_parquet.py took 0.024 seconds
[2025-04-28T01:10:12.699+0000] {processor.py:161} INFO - Started process (PID=692) to work on /opt/airflow/dags/export_tables_to_parquet.py
[2025-04-28T01:10:12.700+0000] {processor.py:830} INFO - Processing file /opt/airflow/dags/export_tables_to_parquet.py for tasks to queue
[2025-04-28T01:10:12.700+0000] {logging_mixin.py:188} INFO - [2025-04-28T01:10:12.700+0000] {dagbag.py:540} INFO - Filling up the DagBag from /opt/airflow/dags/export_tables_to_parquet.py
[2025-04-28T01:10:12.703+0000] {processor.py:842} WARNING - No viable dags retrieved from /opt/airflow/dags/export_tables_to_parquet.py
[2025-04-28T01:10:12.717+0000] {processor.py:183} INFO - Processing /opt/airflow/dags/export_tables_to_parquet.py took 0.023 seconds
[2025-04-28T01:10:43.297+0000] {processor.py:161} INFO - Started process (PID=715) to work on /opt/airflow/dags/export_tables_to_parquet.py
[2025-04-28T01:10:43.298+0000] {processor.py:830} INFO - Processing file /opt/airflow/dags/export_tables_to_parquet.py for tasks to queue
[2025-04-28T01:10:43.299+0000] {logging_mixin.py:188} INFO - [2025-04-28T01:10:43.299+0000] {dagbag.py:540} INFO - Filling up the DagBag from /opt/airflow/dags/export_tables_to_parquet.py
[2025-04-28T01:10:43.302+0000] {processor.py:842} WARNING - No viable dags retrieved from /opt/airflow/dags/export_tables_to_parquet.py
[2025-04-28T01:10:43.318+0000] {processor.py:183} INFO - Processing /opt/airflow/dags/export_tables_to_parquet.py took 0.027 seconds
[2025-04-28T01:11:13.876+0000] {processor.py:161} INFO - Started process (PID=738) to work on /opt/airflow/dags/export_tables_to_parquet.py
[2025-04-28T01:11:13.878+0000] {processor.py:830} INFO - Processing file /opt/airflow/dags/export_tables_to_parquet.py for tasks to queue
[2025-04-28T01:11:13.880+0000] {logging_mixin.py:188} INFO - [2025-04-28T01:11:13.879+0000] {dagbag.py:540} INFO - Filling up the DagBag from /opt/airflow/dags/export_tables_to_parquet.py
[2025-04-28T01:11:13.883+0000] {processor.py:842} WARNING - No viable dags retrieved from /opt/airflow/dags/export_tables_to_parquet.py
[2025-04-28T01:11:13.895+0000] {processor.py:183} INFO - Processing /opt/airflow/dags/export_tables_to_parquet.py took 0.025 seconds
[2025-04-28T01:11:44.512+0000] {processor.py:161} INFO - Started process (PID=761) to work on /opt/airflow/dags/export_tables_to_parquet.py
[2025-04-28T01:11:44.513+0000] {processor.py:830} INFO - Processing file /opt/airflow/dags/export_tables_to_parquet.py for tasks to queue
[2025-04-28T01:11:44.514+0000] {logging_mixin.py:188} INFO - [2025-04-28T01:11:44.514+0000] {dagbag.py:540} INFO - Filling up the DagBag from /opt/airflow/dags/export_tables_to_parquet.py
[2025-04-28T01:11:44.517+0000] {processor.py:842} WARNING - No viable dags retrieved from /opt/airflow/dags/export_tables_to_parquet.py
[2025-04-28T01:11:44.532+0000] {processor.py:183} INFO - Processing /opt/airflow/dags/export_tables_to_parquet.py took 0.026 seconds
[2025-04-28T01:12:15.093+0000] {processor.py:161} INFO - Started process (PID=784) to work on /opt/airflow/dags/export_tables_to_parquet.py
[2025-04-28T01:12:15.094+0000] {processor.py:830} INFO - Processing file /opt/airflow/dags/export_tables_to_parquet.py for tasks to queue
[2025-04-28T01:12:15.095+0000] {logging_mixin.py:188} INFO - [2025-04-28T01:12:15.095+0000] {dagbag.py:540} INFO - Filling up the DagBag from /opt/airflow/dags/export_tables_to_parquet.py
[2025-04-28T01:12:15.098+0000] {processor.py:842} WARNING - No viable dags retrieved from /opt/airflow/dags/export_tables_to_parquet.py
[2025-04-28T01:12:15.114+0000] {processor.py:183} INFO - Processing /opt/airflow/dags/export_tables_to_parquet.py took 0.026 seconds
[2025-04-28T01:12:45.696+0000] {processor.py:161} INFO - Started process (PID=807) to work on /opt/airflow/dags/export_tables_to_parquet.py
[2025-04-28T01:12:45.697+0000] {processor.py:830} INFO - Processing file /opt/airflow/dags/export_tables_to_parquet.py for tasks to queue
[2025-04-28T01:12:45.698+0000] {logging_mixin.py:188} INFO - [2025-04-28T01:12:45.697+0000] {dagbag.py:540} INFO - Filling up the DagBag from /opt/airflow/dags/export_tables_to_parquet.py
[2025-04-28T01:12:45.700+0000] {processor.py:842} WARNING - No viable dags retrieved from /opt/airflow/dags/export_tables_to_parquet.py
[2025-04-28T01:12:45.715+0000] {processor.py:183} INFO - Processing /opt/airflow/dags/export_tables_to_parquet.py took 0.025 seconds
[2025-04-28T01:13:16.339+0000] {processor.py:161} INFO - Started process (PID=830) to work on /opt/airflow/dags/export_tables_to_parquet.py
[2025-04-28T01:13:16.340+0000] {processor.py:830} INFO - Processing file /opt/airflow/dags/export_tables_to_parquet.py for tasks to queue
[2025-04-28T01:13:16.341+0000] {logging_mixin.py:188} INFO - [2025-04-28T01:13:16.341+0000] {dagbag.py:540} INFO - Filling up the DagBag from /opt/airflow/dags/export_tables_to_parquet.py
[2025-04-28T01:13:16.344+0000] {processor.py:842} WARNING - No viable dags retrieved from /opt/airflow/dags/export_tables_to_parquet.py
[2025-04-28T01:13:16.361+0000] {processor.py:183} INFO - Processing /opt/airflow/dags/export_tables_to_parquet.py took 0.029 seconds
[2025-04-28T01:13:41.846+0000] {processor.py:161} INFO - Started process (PID=186) to work on /opt/airflow/dags/export_tables_to_parquet.py
[2025-04-28T01:13:41.847+0000] {processor.py:830} INFO - Processing file /opt/airflow/dags/export_tables_to_parquet.py for tasks to queue
[2025-04-28T01:13:41.849+0000] {logging_mixin.py:188} INFO - [2025-04-28T01:13:41.848+0000] {dagbag.py:540} INFO - Filling up the DagBag from /opt/airflow/dags/export_tables_to_parquet.py
[2025-04-28T01:13:41.852+0000] {processor.py:842} WARNING - No viable dags retrieved from /opt/airflow/dags/export_tables_to_parquet.py
[2025-04-28T01:13:41.861+0000] {processor.py:183} INFO - Processing /opt/airflow/dags/export_tables_to_parquet.py took 0.018 seconds
[2025-04-28T01:14:12.790+0000] {processor.py:161} INFO - Started process (PID=215) to work on /opt/airflow/dags/export_tables_to_parquet.py
[2025-04-28T01:14:12.791+0000] {processor.py:830} INFO - Processing file /opt/airflow/dags/export_tables_to_parquet.py for tasks to queue
[2025-04-28T01:14:12.792+0000] {logging_mixin.py:188} INFO - [2025-04-28T01:14:12.792+0000] {dagbag.py:540} INFO - Filling up the DagBag from /opt/airflow/dags/export_tables_to_parquet.py
[2025-04-28T01:14:12.797+0000] {processor.py:842} WARNING - No viable dags retrieved from /opt/airflow/dags/export_tables_to_parquet.py
[2025-04-28T01:14:12.808+0000] {processor.py:183} INFO - Processing /opt/airflow/dags/export_tables_to_parquet.py took 0.021 seconds
[2025-04-28T01:14:43.728+0000] {processor.py:161} INFO - Started process (PID=247) to work on /opt/airflow/dags/export_tables_to_parquet.py
[2025-04-28T01:14:43.729+0000] {processor.py:830} INFO - Processing file /opt/airflow/dags/export_tables_to_parquet.py for tasks to queue
[2025-04-28T01:14:43.730+0000] {logging_mixin.py:188} INFO - [2025-04-28T01:14:43.729+0000] {dagbag.py:540} INFO - Filling up the DagBag from /opt/airflow/dags/export_tables_to_parquet.py
[2025-04-28T01:14:43.731+0000] {processor.py:842} WARNING - No viable dags retrieved from /opt/airflow/dags/export_tables_to_parquet.py
[2025-04-28T01:14:43.740+0000] {processor.py:183} INFO - Processing /opt/airflow/dags/export_tables_to_parquet.py took 0.014 seconds
[2025-04-28T01:15:14.547+0000] {processor.py:161} INFO - Started process (PID=273) to work on /opt/airflow/dags/export_tables_to_parquet.py
[2025-04-28T01:15:14.548+0000] {processor.py:830} INFO - Processing file /opt/airflow/dags/export_tables_to_parquet.py for tasks to queue
[2025-04-28T01:15:14.550+0000] {logging_mixin.py:188} INFO - [2025-04-28T01:15:14.549+0000] {dagbag.py:540} INFO - Filling up the DagBag from /opt/airflow/dags/export_tables_to_parquet.py
[2025-04-28T01:15:14.556+0000] {processor.py:842} WARNING - No viable dags retrieved from /opt/airflow/dags/export_tables_to_parquet.py
[2025-04-28T01:15:14.568+0000] {processor.py:183} INFO - Processing /opt/airflow/dags/export_tables_to_parquet.py took 0.023 seconds
[2025-04-28T01:15:45.454+0000] {processor.py:161} INFO - Started process (PID=302) to work on /opt/airflow/dags/export_tables_to_parquet.py
[2025-04-28T01:15:45.454+0000] {processor.py:830} INFO - Processing file /opt/airflow/dags/export_tables_to_parquet.py for tasks to queue
[2025-04-28T01:15:45.455+0000] {logging_mixin.py:188} INFO - [2025-04-28T01:15:45.455+0000] {dagbag.py:540} INFO - Filling up the DagBag from /opt/airflow/dags/export_tables_to_parquet.py
[2025-04-28T01:15:45.464+0000] {processor.py:842} WARNING - No viable dags retrieved from /opt/airflow/dags/export_tables_to_parquet.py
[2025-04-28T01:15:45.476+0000] {processor.py:183} INFO - Processing /opt/airflow/dags/export_tables_to_parquet.py took 0.025 seconds
[2025-04-28T01:15:54.609+0000] {processor.py:161} INFO - Started process (PID=310) to work on /opt/airflow/dags/export_tables_to_parquet.py
[2025-04-28T01:15:54.610+0000] {processor.py:830} INFO - Processing file /opt/airflow/dags/export_tables_to_parquet.py for tasks to queue
[2025-04-28T01:15:54.612+0000] {logging_mixin.py:188} INFO - [2025-04-28T01:15:54.612+0000] {dagbag.py:540} INFO - Filling up the DagBag from /opt/airflow/dags/export_tables_to_parquet.py
[2025-04-28T01:15:54.836+0000] {processor.py:840} INFO - DAG(s) 'export_postgres_tables_to_parquet' retrieved from /opt/airflow/dags/export_tables_to_parquet.py
[2025-04-28T01:15:54.878+0000] {logging_mixin.py:188} INFO - [2025-04-28T01:15:54.877+0000] {dag.py:3096} INFO - Sync 1 DAGs
[2025-04-28T01:15:54.883+0000] {logging_mixin.py:188} INFO - [2025-04-28T01:15:54.883+0000] {dag.py:3954} INFO - Setting next_dagrun for export_postgres_tables_to_parquet to None, run_after=None
[2025-04-28T01:15:54.893+0000] {processor.py:183} INFO - Processing /opt/airflow/dags/export_tables_to_parquet.py took 0.290 seconds
[2025-04-28T01:16:24.952+0000] {processor.py:161} INFO - Started process (PID=340) to work on /opt/airflow/dags/export_tables_to_parquet.py
[2025-04-28T01:16:24.953+0000] {processor.py:830} INFO - Processing file /opt/airflow/dags/export_tables_to_parquet.py for tasks to queue
[2025-04-28T01:16:24.955+0000] {logging_mixin.py:188} INFO - [2025-04-28T01:16:24.955+0000] {dagbag.py:540} INFO - Filling up the DagBag from /opt/airflow/dags/export_tables_to_parquet.py
[2025-04-28T01:16:25.175+0000] {processor.py:840} INFO - DAG(s) 'export_postgres_tables_to_parquet' retrieved from /opt/airflow/dags/export_tables_to_parquet.py
[2025-04-28T01:16:25.188+0000] {logging_mixin.py:188} INFO - [2025-04-28T01:16:25.188+0000] {dag.py:3096} INFO - Sync 1 DAGs
[2025-04-28T01:16:25.193+0000] {logging_mixin.py:188} INFO - [2025-04-28T01:16:25.193+0000] {dag.py:3954} INFO - Setting next_dagrun for export_postgres_tables_to_parquet to None, run_after=None
[2025-04-28T01:16:25.201+0000] {processor.py:183} INFO - Processing /opt/airflow/dags/export_tables_to_parquet.py took 0.256 seconds
[2025-04-28T01:16:55.317+0000] {processor.py:161} INFO - Started process (PID=440) to work on /opt/airflow/dags/export_tables_to_parquet.py
[2025-04-28T01:16:55.318+0000] {processor.py:830} INFO - Processing file /opt/airflow/dags/export_tables_to_parquet.py for tasks to queue
[2025-04-28T01:16:55.319+0000] {logging_mixin.py:188} INFO - [2025-04-28T01:16:55.319+0000] {dagbag.py:540} INFO - Filling up the DagBag from /opt/airflow/dags/export_tables_to_parquet.py
[2025-04-28T01:17:04.872+0000] {processor.py:161} INFO - Started process (PID=168) to work on /opt/airflow/dags/export_tables_to_parquet.py
[2025-04-28T01:17:04.872+0000] {processor.py:830} INFO - Processing file /opt/airflow/dags/export_tables_to_parquet.py for tasks to queue
[2025-04-28T01:17:04.873+0000] {logging_mixin.py:188} INFO - [2025-04-28T01:17:04.873+0000] {dagbag.py:540} INFO - Filling up the DagBag from /opt/airflow/dags/export_tables_to_parquet.py
[2025-04-28T01:17:05.030+0000] {processor.py:840} INFO - DAG(s) 'export_postgres_tables_to_parquet' retrieved from /opt/airflow/dags/export_tables_to_parquet.py
[2025-04-28T01:17:05.151+0000] {logging_mixin.py:188} INFO - [2025-04-28T01:17:05.151+0000] {dag.py:3096} INFO - Sync 1 DAGs
[2025-04-28T01:17:05.156+0000] {logging_mixin.py:188} INFO - [2025-04-28T01:17:05.156+0000] {dag.py:3954} INFO - Setting next_dagrun for export_postgres_tables_to_parquet to None, run_after=None
[2025-04-28T01:17:05.165+0000] {processor.py:183} INFO - Processing /opt/airflow/dags/export_tables_to_parquet.py took 0.296 seconds
[2025-04-28T01:17:36.041+0000] {processor.py:161} INFO - Started process (PID=198) to work on /opt/airflow/dags/export_tables_to_parquet.py
[2025-04-28T01:17:36.042+0000] {processor.py:830} INFO - Processing file /opt/airflow/dags/export_tables_to_parquet.py for tasks to queue
[2025-04-28T01:17:36.043+0000] {logging_mixin.py:188} INFO - [2025-04-28T01:17:36.043+0000] {dagbag.py:540} INFO - Filling up the DagBag from /opt/airflow/dags/export_tables_to_parquet.py
[2025-04-28T01:17:36.273+0000] {processor.py:840} INFO - DAG(s) 'export_postgres_tables_to_parquet' retrieved from /opt/airflow/dags/export_tables_to_parquet.py
[2025-04-28T01:17:36.320+0000] {logging_mixin.py:188} INFO - [2025-04-28T01:17:36.320+0000] {dag.py:3096} INFO - Sync 1 DAGs
[2025-04-28T01:17:36.324+0000] {logging_mixin.py:188} INFO - [2025-04-28T01:17:36.324+0000] {dag.py:3954} INFO - Setting next_dagrun for export_postgres_tables_to_parquet to None, run_after=None
[2025-04-28T01:17:36.335+0000] {processor.py:183} INFO - Processing /opt/airflow/dags/export_tables_to_parquet.py took 0.298 seconds
[2025-04-28T01:18:07.307+0000] {processor.py:161} INFO - Started process (PID=231) to work on /opt/airflow/dags/export_tables_to_parquet.py
[2025-04-28T01:18:07.308+0000] {processor.py:830} INFO - Processing file /opt/airflow/dags/export_tables_to_parquet.py for tasks to queue
[2025-04-28T01:18:07.309+0000] {logging_mixin.py:188} INFO - [2025-04-28T01:18:07.309+0000] {dagbag.py:540} INFO - Filling up the DagBag from /opt/airflow/dags/export_tables_to_parquet.py
[2025-04-28T01:18:07.534+0000] {processor.py:840} INFO - DAG(s) 'export_postgres_tables_to_parquet' retrieved from /opt/airflow/dags/export_tables_to_parquet.py
[2025-04-28T01:18:07.546+0000] {logging_mixin.py:188} INFO - [2025-04-28T01:18:07.546+0000] {dag.py:3096} INFO - Sync 1 DAGs
[2025-04-28T01:18:07.554+0000] {logging_mixin.py:188} INFO - [2025-04-28T01:18:07.554+0000] {dag.py:3954} INFO - Setting next_dagrun for export_postgres_tables_to_parquet to None, run_after=None
[2025-04-28T01:18:07.564+0000] {processor.py:183} INFO - Processing /opt/airflow/dags/export_tables_to_parquet.py took 0.261 seconds
[2025-04-28T01:18:38.136+0000] {processor.py:161} INFO - Started process (PID=261) to work on /opt/airflow/dags/export_tables_to_parquet.py
[2025-04-28T01:18:38.137+0000] {processor.py:830} INFO - Processing file /opt/airflow/dags/export_tables_to_parquet.py for tasks to queue
[2025-04-28T01:18:38.139+0000] {logging_mixin.py:188} INFO - [2025-04-28T01:18:38.139+0000] {dagbag.py:540} INFO - Filling up the DagBag from /opt/airflow/dags/export_tables_to_parquet.py
[2025-04-28T01:18:38.371+0000] {processor.py:840} INFO - DAG(s) 'export_postgres_tables_to_parquet' retrieved from /opt/airflow/dags/export_tables_to_parquet.py
[2025-04-28T01:18:38.385+0000] {logging_mixin.py:188} INFO - [2025-04-28T01:18:38.384+0000] {dag.py:3096} INFO - Sync 1 DAGs
[2025-04-28T01:18:38.391+0000] {logging_mixin.py:188} INFO - [2025-04-28T01:18:38.391+0000] {dag.py:3954} INFO - Setting next_dagrun for export_postgres_tables_to_parquet to None, run_after=None
[2025-04-28T01:18:38.401+0000] {processor.py:183} INFO - Processing /opt/airflow/dags/export_tables_to_parquet.py took 0.270 seconds
[2025-04-28T01:19:08.976+0000] {processor.py:161} INFO - Started process (PID=294) to work on /opt/airflow/dags/export_tables_to_parquet.py
[2025-04-28T01:19:08.977+0000] {processor.py:830} INFO - Processing file /opt/airflow/dags/export_tables_to_parquet.py for tasks to queue
[2025-04-28T01:19:08.979+0000] {logging_mixin.py:188} INFO - [2025-04-28T01:19:08.979+0000] {dagbag.py:540} INFO - Filling up the DagBag from /opt/airflow/dags/export_tables_to_parquet.py
[2025-04-28T01:19:09.199+0000] {processor.py:840} INFO - DAG(s) 'export_postgres_tables_to_parquet' retrieved from /opt/airflow/dags/export_tables_to_parquet.py
[2025-04-28T01:19:09.212+0000] {logging_mixin.py:188} INFO - [2025-04-28T01:19:09.212+0000] {dag.py:3096} INFO - Sync 1 DAGs
[2025-04-28T01:19:09.218+0000] {logging_mixin.py:188} INFO - [2025-04-28T01:19:09.218+0000] {dag.py:3954} INFO - Setting next_dagrun for export_postgres_tables_to_parquet to None, run_after=None
[2025-04-28T01:19:09.228+0000] {processor.py:183} INFO - Processing /opt/airflow/dags/export_tables_to_parquet.py took 0.257 seconds
[2025-04-28T01:19:39.818+0000] {processor.py:161} INFO - Started process (PID=347) to work on /opt/airflow/dags/export_tables_to_parquet.py
[2025-04-28T01:19:39.819+0000] {processor.py:830} INFO - Processing file /opt/airflow/dags/export_tables_to_parquet.py for tasks to queue
[2025-04-28T01:19:39.821+0000] {logging_mixin.py:188} INFO - [2025-04-28T01:19:39.820+0000] {dagbag.py:540} INFO - Filling up the DagBag from /opt/airflow/dags/export_tables_to_parquet.py
[2025-04-28T01:19:40.045+0000] {processor.py:840} INFO - DAG(s) 'export_postgres_tables_to_parquet' retrieved from /opt/airflow/dags/export_tables_to_parquet.py
[2025-04-28T01:19:40.060+0000] {logging_mixin.py:188} INFO - [2025-04-28T01:19:40.060+0000] {dag.py:3096} INFO - Sync 1 DAGs
[2025-04-28T01:19:40.066+0000] {logging_mixin.py:188} INFO - [2025-04-28T01:19:40.065+0000] {dag.py:3954} INFO - Setting next_dagrun for export_postgres_tables_to_parquet to None, run_after=None
[2025-04-28T01:19:40.075+0000] {processor.py:183} INFO - Processing /opt/airflow/dags/export_tables_to_parquet.py took 0.260 seconds
[2025-04-28T01:20:10.660+0000] {processor.py:161} INFO - Started process (PID=377) to work on /opt/airflow/dags/export_tables_to_parquet.py
[2025-04-28T01:20:10.661+0000] {processor.py:830} INFO - Processing file /opt/airflow/dags/export_tables_to_parquet.py for tasks to queue
[2025-04-28T01:20:10.666+0000] {logging_mixin.py:188} INFO - [2025-04-28T01:20:10.666+0000] {dagbag.py:540} INFO - Filling up the DagBag from /opt/airflow/dags/export_tables_to_parquet.py
[2025-04-28T01:20:10.886+0000] {processor.py:840} INFO - DAG(s) 'export_postgres_tables_to_parquet' retrieved from /opt/airflow/dags/export_tables_to_parquet.py
[2025-04-28T01:20:10.898+0000] {logging_mixin.py:188} INFO - [2025-04-28T01:20:10.897+0000] {dag.py:3096} INFO - Sync 1 DAGs
[2025-04-28T01:20:10.902+0000] {logging_mixin.py:188} INFO - [2025-04-28T01:20:10.902+0000] {dag.py:3954} INFO - Setting next_dagrun for export_postgres_tables_to_parquet to None, run_after=None
[2025-04-28T01:20:10.915+0000] {processor.py:183} INFO - Processing /opt/airflow/dags/export_tables_to_parquet.py took 0.258 seconds
[2025-04-28T01:20:41.535+0000] {processor.py:161} INFO - Started process (PID=434) to work on /opt/airflow/dags/export_tables_to_parquet.py
[2025-04-28T01:20:41.536+0000] {processor.py:830} INFO - Processing file /opt/airflow/dags/export_tables_to_parquet.py for tasks to queue
[2025-04-28T01:20:41.538+0000] {logging_mixin.py:188} INFO - [2025-04-28T01:20:41.538+0000] {dagbag.py:540} INFO - Filling up the DagBag from /opt/airflow/dags/export_tables_to_parquet.py
[2025-04-28T01:20:41.767+0000] {processor.py:840} INFO - DAG(s) 'export_postgres_tables_to_parquet' retrieved from /opt/airflow/dags/export_tables_to_parquet.py
[2025-04-28T01:20:41.778+0000] {logging_mixin.py:188} INFO - [2025-04-28T01:20:41.778+0000] {dag.py:3096} INFO - Sync 1 DAGs
[2025-04-28T01:20:41.783+0000] {logging_mixin.py:188} INFO - [2025-04-28T01:20:41.783+0000] {dag.py:3954} INFO - Setting next_dagrun for export_postgres_tables_to_parquet to None, run_after=None
[2025-04-28T01:20:41.794+0000] {processor.py:183} INFO - Processing /opt/airflow/dags/export_tables_to_parquet.py took 0.264 seconds
[2025-04-28T01:21:12.433+0000] {processor.py:161} INFO - Started process (PID=464) to work on /opt/airflow/dags/export_tables_to_parquet.py
[2025-04-28T01:21:12.434+0000] {processor.py:830} INFO - Processing file /opt/airflow/dags/export_tables_to_parquet.py for tasks to queue
[2025-04-28T01:21:12.436+0000] {logging_mixin.py:188} INFO - [2025-04-28T01:21:12.436+0000] {dagbag.py:540} INFO - Filling up the DagBag from /opt/airflow/dags/export_tables_to_parquet.py
[2025-04-28T01:21:12.677+0000] {processor.py:840} INFO - DAG(s) 'export_postgres_tables_to_parquet' retrieved from /opt/airflow/dags/export_tables_to_parquet.py
[2025-04-28T01:21:12.692+0000] {logging_mixin.py:188} INFO - [2025-04-28T01:21:12.691+0000] {dag.py:3096} INFO - Sync 1 DAGs
[2025-04-28T01:21:12.697+0000] {logging_mixin.py:188} INFO - [2025-04-28T01:21:12.697+0000] {dag.py:3954} INFO - Setting next_dagrun for export_postgres_tables_to_parquet to None, run_after=None
[2025-04-28T01:21:12.709+0000] {processor.py:183} INFO - Processing /opt/airflow/dags/export_tables_to_parquet.py took 0.282 seconds
[2025-04-28T01:21:43.304+0000] {processor.py:161} INFO - Started process (PID=494) to work on /opt/airflow/dags/export_tables_to_parquet.py
[2025-04-28T01:21:43.305+0000] {processor.py:830} INFO - Processing file /opt/airflow/dags/export_tables_to_parquet.py for tasks to queue
[2025-04-28T01:21:43.307+0000] {logging_mixin.py:188} INFO - [2025-04-28T01:21:43.307+0000] {dagbag.py:540} INFO - Filling up the DagBag from /opt/airflow/dags/export_tables_to_parquet.py
[2025-04-28T01:21:43.535+0000] {processor.py:840} INFO - DAG(s) 'export_postgres_tables_to_parquet' retrieved from /opt/airflow/dags/export_tables_to_parquet.py
[2025-04-28T01:21:43.551+0000] {logging_mixin.py:188} INFO - [2025-04-28T01:21:43.550+0000] {dag.py:3096} INFO - Sync 1 DAGs
[2025-04-28T01:21:43.555+0000] {logging_mixin.py:188} INFO - [2025-04-28T01:21:43.555+0000] {dag.py:3954} INFO - Setting next_dagrun for export_postgres_tables_to_parquet to None, run_after=None
[2025-04-28T01:21:43.564+0000] {processor.py:183} INFO - Processing /opt/airflow/dags/export_tables_to_parquet.py took 0.266 seconds
[2025-04-28T01:22:14.469+0000] {processor.py:161} INFO - Started process (PID=524) to work on /opt/airflow/dags/export_tables_to_parquet.py
[2025-04-28T01:22:14.470+0000] {processor.py:830} INFO - Processing file /opt/airflow/dags/export_tables_to_parquet.py for tasks to queue
[2025-04-28T01:22:14.472+0000] {logging_mixin.py:188} INFO - [2025-04-28T01:22:14.471+0000] {dagbag.py:540} INFO - Filling up the DagBag from /opt/airflow/dags/export_tables_to_parquet.py
[2025-04-28T01:22:14.700+0000] {processor.py:840} INFO - DAG(s) 'export_postgres_tables_to_parquet' retrieved from /opt/airflow/dags/export_tables_to_parquet.py
[2025-04-28T01:22:14.712+0000] {logging_mixin.py:188} INFO - [2025-04-28T01:22:14.712+0000] {dag.py:3096} INFO - Sync 1 DAGs
[2025-04-28T01:22:14.717+0000] {logging_mixin.py:188} INFO - [2025-04-28T01:22:14.717+0000] {dag.py:3954} INFO - Setting next_dagrun for export_postgres_tables_to_parquet to None, run_after=None
[2025-04-28T01:22:14.729+0000] {processor.py:183} INFO - Processing /opt/airflow/dags/export_tables_to_parquet.py took 0.265 seconds
[2025-04-28T01:22:45.340+0000] {processor.py:161} INFO - Started process (PID=554) to work on /opt/airflow/dags/export_tables_to_parquet.py
[2025-04-28T01:22:45.342+0000] {processor.py:830} INFO - Processing file /opt/airflow/dags/export_tables_to_parquet.py for tasks to queue
[2025-04-28T01:22:45.343+0000] {logging_mixin.py:188} INFO - [2025-04-28T01:22:45.343+0000] {dagbag.py:540} INFO - Filling up the DagBag from /opt/airflow/dags/export_tables_to_parquet.py
[2025-04-28T01:22:45.566+0000] {processor.py:840} INFO - DAG(s) 'export_postgres_tables_to_parquet' retrieved from /opt/airflow/dags/export_tables_to_parquet.py
[2025-04-28T01:22:45.579+0000] {logging_mixin.py:188} INFO - [2025-04-28T01:22:45.578+0000] {dag.py:3096} INFO - Sync 1 DAGs
[2025-04-28T01:22:45.583+0000] {logging_mixin.py:188} INFO - [2025-04-28T01:22:45.583+0000] {dag.py:3954} INFO - Setting next_dagrun for export_postgres_tables_to_parquet to None, run_after=None
[2025-04-28T01:22:45.594+0000] {processor.py:183} INFO - Processing /opt/airflow/dags/export_tables_to_parquet.py took 0.259 seconds
[2025-04-28T01:23:17.386+0000] {processor.py:161} INFO - Started process (PID=177) to work on /opt/airflow/dags/export_tables_to_parquet.py
[2025-04-28T01:23:17.386+0000] {processor.py:830} INFO - Processing file /opt/airflow/dags/export_tables_to_parquet.py for tasks to queue
[2025-04-28T01:23:17.387+0000] {logging_mixin.py:188} INFO - [2025-04-28T01:23:17.387+0000] {dagbag.py:540} INFO - Filling up the DagBag from /opt/airflow/dags/export_tables_to_parquet.py
[2025-04-28T01:23:17.530+0000] {processor.py:840} INFO - DAG(s) 'export_postgres_tables_to_parquet' retrieved from /opt/airflow/dags/export_tables_to_parquet.py
[2025-04-28T01:23:17.622+0000] {logging_mixin.py:188} INFO - [2025-04-28T01:23:17.622+0000] {dag.py:3096} INFO - Sync 1 DAGs
[2025-04-28T01:23:17.627+0000] {logging_mixin.py:188} INFO - [2025-04-28T01:23:17.627+0000] {dag.py:3954} INFO - Setting next_dagrun for export_postgres_tables_to_parquet to None, run_after=None
[2025-04-28T01:23:17.636+0000] {processor.py:183} INFO - Processing /opt/airflow/dags/export_tables_to_parquet.py took 0.253 seconds
[2025-04-28T01:23:48.562+0000] {processor.py:161} INFO - Started process (PID=221) to work on /opt/airflow/dags/export_tables_to_parquet.py
[2025-04-28T01:23:48.563+0000] {processor.py:830} INFO - Processing file /opt/airflow/dags/export_tables_to_parquet.py for tasks to queue
[2025-04-28T01:23:48.564+0000] {logging_mixin.py:188} INFO - [2025-04-28T01:23:48.563+0000] {dagbag.py:540} INFO - Filling up the DagBag from /opt/airflow/dags/export_tables_to_parquet.py
[2025-04-28T01:23:48.779+0000] {processor.py:840} INFO - DAG(s) 'export_postgres_tables_to_parquet' retrieved from /opt/airflow/dags/export_tables_to_parquet.py
[2025-04-28T01:23:48.790+0000] {logging_mixin.py:188} INFO - [2025-04-28T01:23:48.789+0000] {dag.py:3096} INFO - Sync 1 DAGs
[2025-04-28T01:23:48.794+0000] {logging_mixin.py:188} INFO - [2025-04-28T01:23:48.794+0000] {dag.py:3954} INFO - Setting next_dagrun for export_postgres_tables_to_parquet to None, run_after=None
[2025-04-28T01:23:48.802+0000] {processor.py:183} INFO - Processing /opt/airflow/dags/export_tables_to_parquet.py took 0.242 seconds
[2025-04-28T01:24:19.450+0000] {processor.py:161} INFO - Started process (PID=251) to work on /opt/airflow/dags/export_tables_to_parquet.py
[2025-04-28T01:24:19.451+0000] {processor.py:830} INFO - Processing file /opt/airflow/dags/export_tables_to_parquet.py for tasks to queue
[2025-04-28T01:24:19.452+0000] {logging_mixin.py:188} INFO - [2025-04-28T01:24:19.452+0000] {dagbag.py:540} INFO - Filling up the DagBag from /opt/airflow/dags/export_tables_to_parquet.py
[2025-04-28T01:24:19.678+0000] {processor.py:840} INFO - DAG(s) 'export_postgres_tables_to_parquet' retrieved from /opt/airflow/dags/export_tables_to_parquet.py
[2025-04-28T01:24:19.689+0000] {logging_mixin.py:188} INFO - [2025-04-28T01:24:19.689+0000] {dag.py:3096} INFO - Sync 1 DAGs
[2025-04-28T01:24:19.696+0000] {logging_mixin.py:188} INFO - [2025-04-28T01:24:19.696+0000] {dag.py:3954} INFO - Setting next_dagrun for export_postgres_tables_to_parquet to None, run_after=None
[2025-04-28T01:24:19.707+0000] {processor.py:183} INFO - Processing /opt/airflow/dags/export_tables_to_parquet.py took 0.260 seconds
[2025-04-28T01:24:50.317+0000] {processor.py:161} INFO - Started process (PID=281) to work on /opt/airflow/dags/export_tables_to_parquet.py
[2025-04-28T01:24:50.318+0000] {processor.py:830} INFO - Processing file /opt/airflow/dags/export_tables_to_parquet.py for tasks to queue
[2025-04-28T01:24:50.319+0000] {logging_mixin.py:188} INFO - [2025-04-28T01:24:50.319+0000] {dagbag.py:540} INFO - Filling up the DagBag from /opt/airflow/dags/export_tables_to_parquet.py
[2025-04-28T01:24:50.541+0000] {processor.py:840} INFO - DAG(s) 'export_postgres_tables_to_parquet' retrieved from /opt/airflow/dags/export_tables_to_parquet.py
[2025-04-28T01:24:50.554+0000] {logging_mixin.py:188} INFO - [2025-04-28T01:24:50.554+0000] {dag.py:3096} INFO - Sync 1 DAGs
[2025-04-28T01:24:50.561+0000] {logging_mixin.py:188} INFO - [2025-04-28T01:24:50.561+0000] {dag.py:3954} INFO - Setting next_dagrun for export_postgres_tables_to_parquet to None, run_after=None
[2025-04-28T01:24:50.573+0000] {processor.py:183} INFO - Processing /opt/airflow/dags/export_tables_to_parquet.py took 0.258 seconds
[2025-04-28T01:25:21.201+0000] {processor.py:161} INFO - Started process (PID=311) to work on /opt/airflow/dags/export_tables_to_parquet.py
[2025-04-28T01:25:21.201+0000] {processor.py:830} INFO - Processing file /opt/airflow/dags/export_tables_to_parquet.py for tasks to queue
[2025-04-28T01:25:21.202+0000] {logging_mixin.py:188} INFO - [2025-04-28T01:25:21.202+0000] {dagbag.py:540} INFO - Filling up the DagBag from /opt/airflow/dags/export_tables_to_parquet.py
[2025-04-28T01:25:21.399+0000] {processor.py:840} INFO - DAG(s) 'export_postgres_tables_to_parquet' retrieved from /opt/airflow/dags/export_tables_to_parquet.py
[2025-04-28T01:25:21.409+0000] {logging_mixin.py:188} INFO - [2025-04-28T01:25:21.409+0000] {dag.py:3096} INFO - Sync 1 DAGs
[2025-04-28T01:25:21.414+0000] {logging_mixin.py:188} INFO - [2025-04-28T01:25:21.414+0000] {dag.py:3954} INFO - Setting next_dagrun for export_postgres_tables_to_parquet to None, run_after=None
[2025-04-28T01:25:21.421+0000] {processor.py:183} INFO - Processing /opt/airflow/dags/export_tables_to_parquet.py took 0.223 seconds
[2025-04-28T01:25:52.032+0000] {processor.py:161} INFO - Started process (PID=341) to work on /opt/airflow/dags/export_tables_to_parquet.py
[2025-04-28T01:25:52.033+0000] {processor.py:830} INFO - Processing file /opt/airflow/dags/export_tables_to_parquet.py for tasks to queue
[2025-04-28T01:25:52.033+0000] {logging_mixin.py:188} INFO - [2025-04-28T01:25:52.033+0000] {dagbag.py:540} INFO - Filling up the DagBag from /opt/airflow/dags/export_tables_to_parquet.py
[2025-04-28T01:25:52.249+0000] {processor.py:840} INFO - DAG(s) 'export_postgres_tables_to_parquet' retrieved from /opt/airflow/dags/export_tables_to_parquet.py
[2025-04-28T01:25:52.264+0000] {logging_mixin.py:188} INFO - [2025-04-28T01:25:52.264+0000] {dag.py:3096} INFO - Sync 1 DAGs
[2025-04-28T01:25:52.268+0000] {logging_mixin.py:188} INFO - [2025-04-28T01:25:52.268+0000] {dag.py:3954} INFO - Setting next_dagrun for export_postgres_tables_to_parquet to None, run_after=None
[2025-04-28T01:25:52.278+0000] {processor.py:183} INFO - Processing /opt/airflow/dags/export_tables_to_parquet.py took 0.249 seconds
[2025-04-28T01:26:22.912+0000] {processor.py:161} INFO - Started process (PID=371) to work on /opt/airflow/dags/export_tables_to_parquet.py
[2025-04-28T01:26:22.913+0000] {processor.py:830} INFO - Processing file /opt/airflow/dags/export_tables_to_parquet.py for tasks to queue
[2025-04-28T01:26:22.914+0000] {logging_mixin.py:188} INFO - [2025-04-28T01:26:22.913+0000] {dagbag.py:540} INFO - Filling up the DagBag from /opt/airflow/dags/export_tables_to_parquet.py
[2025-04-28T01:26:23.112+0000] {processor.py:840} INFO - DAG(s) 'export_postgres_tables_to_parquet' retrieved from /opt/airflow/dags/export_tables_to_parquet.py
[2025-04-28T01:26:23.123+0000] {logging_mixin.py:188} INFO - [2025-04-28T01:26:23.122+0000] {dag.py:3096} INFO - Sync 1 DAGs
[2025-04-28T01:26:23.127+0000] {logging_mixin.py:188} INFO - [2025-04-28T01:26:23.127+0000] {dag.py:3954} INFO - Setting next_dagrun for export_postgres_tables_to_parquet to None, run_after=None
[2025-04-28T01:26:23.135+0000] {processor.py:183} INFO - Processing /opt/airflow/dags/export_tables_to_parquet.py took 0.225 seconds
[2025-04-28T01:26:53.774+0000] {processor.py:161} INFO - Started process (PID=401) to work on /opt/airflow/dags/export_tables_to_parquet.py
[2025-04-28T01:26:53.775+0000] {processor.py:830} INFO - Processing file /opt/airflow/dags/export_tables_to_parquet.py for tasks to queue
[2025-04-28T01:26:53.775+0000] {logging_mixin.py:188} INFO - [2025-04-28T01:26:53.775+0000] {dagbag.py:540} INFO - Filling up the DagBag from /opt/airflow/dags/export_tables_to_parquet.py
[2025-04-28T01:26:53.979+0000] {processor.py:840} INFO - DAG(s) 'export_postgres_tables_to_parquet' retrieved from /opt/airflow/dags/export_tables_to_parquet.py
[2025-04-28T01:26:53.989+0000] {logging_mixin.py:188} INFO - [2025-04-28T01:26:53.989+0000] {dag.py:3096} INFO - Sync 1 DAGs
[2025-04-28T01:26:53.993+0000] {logging_mixin.py:188} INFO - [2025-04-28T01:26:53.993+0000] {dag.py:3954} INFO - Setting next_dagrun for export_postgres_tables_to_parquet to None, run_after=None
[2025-04-28T01:26:54.001+0000] {processor.py:183} INFO - Processing /opt/airflow/dags/export_tables_to_parquet.py took 0.229 seconds
[2025-04-28T01:27:24.621+0000] {processor.py:161} INFO - Started process (PID=431) to work on /opt/airflow/dags/export_tables_to_parquet.py
[2025-04-28T01:27:24.622+0000] {processor.py:830} INFO - Processing file /opt/airflow/dags/export_tables_to_parquet.py for tasks to queue
[2025-04-28T01:27:24.622+0000] {logging_mixin.py:188} INFO - [2025-04-28T01:27:24.622+0000] {dagbag.py:540} INFO - Filling up the DagBag from /opt/airflow/dags/export_tables_to_parquet.py
[2025-04-28T01:27:24.826+0000] {processor.py:840} INFO - DAG(s) 'export_postgres_tables_to_parquet' retrieved from /opt/airflow/dags/export_tables_to_parquet.py
[2025-04-28T01:27:24.836+0000] {logging_mixin.py:188} INFO - [2025-04-28T01:27:24.836+0000] {dag.py:3096} INFO - Sync 1 DAGs
[2025-04-28T01:27:24.840+0000] {logging_mixin.py:188} INFO - [2025-04-28T01:27:24.840+0000] {dag.py:3954} INFO - Setting next_dagrun for export_postgres_tables_to_parquet to None, run_after=None
[2025-04-28T01:27:24.848+0000] {processor.py:183} INFO - Processing /opt/airflow/dags/export_tables_to_parquet.py took 0.229 seconds
[2025-04-28T01:27:55.533+0000] {processor.py:161} INFO - Started process (PID=461) to work on /opt/airflow/dags/export_tables_to_parquet.py
[2025-04-28T01:27:55.533+0000] {processor.py:830} INFO - Processing file /opt/airflow/dags/export_tables_to_parquet.py for tasks to queue
[2025-04-28T01:27:55.534+0000] {logging_mixin.py:188} INFO - [2025-04-28T01:27:55.534+0000] {dagbag.py:540} INFO - Filling up the DagBag from /opt/airflow/dags/export_tables_to_parquet.py
[2025-04-28T01:27:55.730+0000] {processor.py:840} INFO - DAG(s) 'export_postgres_tables_to_parquet' retrieved from /opt/airflow/dags/export_tables_to_parquet.py
[2025-04-28T01:27:55.740+0000] {logging_mixin.py:188} INFO - [2025-04-28T01:27:55.740+0000] {dag.py:3096} INFO - Sync 1 DAGs
[2025-04-28T01:27:55.745+0000] {logging_mixin.py:188} INFO - [2025-04-28T01:27:55.744+0000] {dag.py:3954} INFO - Setting next_dagrun for export_postgres_tables_to_parquet to None, run_after=None
[2025-04-28T01:27:55.752+0000] {processor.py:183} INFO - Processing /opt/airflow/dags/export_tables_to_parquet.py took 0.222 seconds
[2025-04-28T01:28:26.377+0000] {processor.py:161} INFO - Started process (PID=491) to work on /opt/airflow/dags/export_tables_to_parquet.py
[2025-04-28T01:28:26.377+0000] {processor.py:830} INFO - Processing file /opt/airflow/dags/export_tables_to_parquet.py for tasks to queue
[2025-04-28T01:28:26.378+0000] {logging_mixin.py:188} INFO - [2025-04-28T01:28:26.378+0000] {dagbag.py:540} INFO - Filling up the DagBag from /opt/airflow/dags/export_tables_to_parquet.py
[2025-04-28T01:28:26.601+0000] {processor.py:840} INFO - DAG(s) 'export_postgres_tables_to_parquet' retrieved from /opt/airflow/dags/export_tables_to_parquet.py
[2025-04-28T01:28:26.613+0000] {logging_mixin.py:188} INFO - [2025-04-28T01:28:26.613+0000] {dag.py:3096} INFO - Sync 1 DAGs
[2025-04-28T01:28:26.618+0000] {logging_mixin.py:188} INFO - [2025-04-28T01:28:26.618+0000] {dag.py:3954} INFO - Setting next_dagrun for export_postgres_tables_to_parquet to None, run_after=None
[2025-04-28T01:28:26.630+0000] {processor.py:183} INFO - Processing /opt/airflow/dags/export_tables_to_parquet.py took 0.256 seconds
[2025-04-28T01:28:57.231+0000] {processor.py:161} INFO - Started process (PID=521) to work on /opt/airflow/dags/export_tables_to_parquet.py
[2025-04-28T01:28:57.231+0000] {processor.py:830} INFO - Processing file /opt/airflow/dags/export_tables_to_parquet.py for tasks to queue
[2025-04-28T01:28:57.232+0000] {logging_mixin.py:188} INFO - [2025-04-28T01:28:57.232+0000] {dagbag.py:540} INFO - Filling up the DagBag from /opt/airflow/dags/export_tables_to_parquet.py
[2025-04-28T01:28:57.432+0000] {processor.py:840} INFO - DAG(s) 'export_postgres_tables_to_parquet' retrieved from /opt/airflow/dags/export_tables_to_parquet.py
[2025-04-28T01:28:57.442+0000] {logging_mixin.py:188} INFO - [2025-04-28T01:28:57.442+0000] {dag.py:3096} INFO - Sync 1 DAGs
[2025-04-28T01:28:57.446+0000] {logging_mixin.py:188} INFO - [2025-04-28T01:28:57.446+0000] {dag.py:3954} INFO - Setting next_dagrun for export_postgres_tables_to_parquet to None, run_after=None
[2025-04-28T01:28:57.454+0000] {processor.py:183} INFO - Processing /opt/airflow/dags/export_tables_to_parquet.py took 0.225 seconds
[2025-04-28T01:29:28.341+0000] {processor.py:161} INFO - Started process (PID=551) to work on /opt/airflow/dags/export_tables_to_parquet.py
[2025-04-28T01:29:28.342+0000] {processor.py:830} INFO - Processing file /opt/airflow/dags/export_tables_to_parquet.py for tasks to queue
[2025-04-28T01:29:28.342+0000] {logging_mixin.py:188} INFO - [2025-04-28T01:29:28.342+0000] {dagbag.py:540} INFO - Filling up the DagBag from /opt/airflow/dags/export_tables_to_parquet.py
[2025-04-28T01:29:28.541+0000] {processor.py:840} INFO - DAG(s) 'export_postgres_tables_to_parquet' retrieved from /opt/airflow/dags/export_tables_to_parquet.py
[2025-04-28T01:29:28.552+0000] {logging_mixin.py:188} INFO - [2025-04-28T01:29:28.551+0000] {dag.py:3096} INFO - Sync 1 DAGs
[2025-04-28T01:29:28.556+0000] {logging_mixin.py:188} INFO - [2025-04-28T01:29:28.556+0000] {dag.py:3954} INFO - Setting next_dagrun for export_postgres_tables_to_parquet to None, run_after=None
[2025-04-28T01:29:28.564+0000] {processor.py:183} INFO - Processing /opt/airflow/dags/export_tables_to_parquet.py took 0.225 seconds
[2025-04-28T01:29:59.183+0000] {processor.py:161} INFO - Started process (PID=581) to work on /opt/airflow/dags/export_tables_to_parquet.py
[2025-04-28T01:29:59.184+0000] {processor.py:830} INFO - Processing file /opt/airflow/dags/export_tables_to_parquet.py for tasks to queue
[2025-04-28T01:29:59.184+0000] {logging_mixin.py:188} INFO - [2025-04-28T01:29:59.184+0000] {dagbag.py:540} INFO - Filling up the DagBag from /opt/airflow/dags/export_tables_to_parquet.py
[2025-04-28T01:29:59.403+0000] {processor.py:840} INFO - DAG(s) 'export_postgres_tables_to_parquet' retrieved from /opt/airflow/dags/export_tables_to_parquet.py
[2025-04-28T01:29:59.415+0000] {logging_mixin.py:188} INFO - [2025-04-28T01:29:59.414+0000] {dag.py:3096} INFO - Sync 1 DAGs
[2025-04-28T01:29:59.420+0000] {logging_mixin.py:188} INFO - [2025-04-28T01:29:59.420+0000] {dag.py:3954} INFO - Setting next_dagrun for export_postgres_tables_to_parquet to None, run_after=None
[2025-04-28T01:29:59.432+0000] {processor.py:183} INFO - Processing /opt/airflow/dags/export_tables_to_parquet.py took 0.252 seconds
[2025-04-28T01:30:30.055+0000] {processor.py:161} INFO - Started process (PID=611) to work on /opt/airflow/dags/export_tables_to_parquet.py
[2025-04-28T01:30:30.056+0000] {processor.py:830} INFO - Processing file /opt/airflow/dags/export_tables_to_parquet.py for tasks to queue
[2025-04-28T01:30:30.057+0000] {logging_mixin.py:188} INFO - [2025-04-28T01:30:30.056+0000] {dagbag.py:540} INFO - Filling up the DagBag from /opt/airflow/dags/export_tables_to_parquet.py
[2025-04-28T01:30:30.253+0000] {processor.py:840} INFO - DAG(s) 'export_postgres_tables_to_parquet' retrieved from /opt/airflow/dags/export_tables_to_parquet.py
[2025-04-28T01:30:30.264+0000] {logging_mixin.py:188} INFO - [2025-04-28T01:30:30.264+0000] {dag.py:3096} INFO - Sync 1 DAGs
[2025-04-28T01:30:30.268+0000] {logging_mixin.py:188} INFO - [2025-04-28T01:30:30.268+0000] {dag.py:3954} INFO - Setting next_dagrun for export_postgres_tables_to_parquet to None, run_after=None
[2025-04-28T01:30:30.276+0000] {processor.py:183} INFO - Processing /opt/airflow/dags/export_tables_to_parquet.py took 0.223 seconds
[2025-04-28T01:31:01.193+0000] {processor.py:161} INFO - Started process (PID=641) to work on /opt/airflow/dags/export_tables_to_parquet.py
[2025-04-28T01:31:01.193+0000] {processor.py:830} INFO - Processing file /opt/airflow/dags/export_tables_to_parquet.py for tasks to queue
[2025-04-28T01:31:01.194+0000] {logging_mixin.py:188} INFO - [2025-04-28T01:31:01.194+0000] {dagbag.py:540} INFO - Filling up the DagBag from /opt/airflow/dags/export_tables_to_parquet.py
[2025-04-28T01:31:01.410+0000] {processor.py:840} INFO - DAG(s) 'export_postgres_tables_to_parquet' retrieved from /opt/airflow/dags/export_tables_to_parquet.py
[2025-04-28T01:31:01.423+0000] {logging_mixin.py:188} INFO - [2025-04-28T01:31:01.423+0000] {dag.py:3096} INFO - Sync 1 DAGs
[2025-04-28T01:31:01.429+0000] {logging_mixin.py:188} INFO - [2025-04-28T01:31:01.429+0000] {dag.py:3954} INFO - Setting next_dagrun for export_postgres_tables_to_parquet to None, run_after=None
[2025-04-28T01:31:01.438+0000] {processor.py:183} INFO - Processing /opt/airflow/dags/export_tables_to_parquet.py took 0.248 seconds
[2025-04-28T01:31:32.095+0000] {processor.py:161} INFO - Started process (PID=671) to work on /opt/airflow/dags/export_tables_to_parquet.py
[2025-04-28T01:31:32.096+0000] {processor.py:830} INFO - Processing file /opt/airflow/dags/export_tables_to_parquet.py for tasks to queue
[2025-04-28T01:31:32.096+0000] {logging_mixin.py:188} INFO - [2025-04-28T01:31:32.096+0000] {dagbag.py:540} INFO - Filling up the DagBag from /opt/airflow/dags/export_tables_to_parquet.py
[2025-04-28T01:31:32.290+0000] {processor.py:840} INFO - DAG(s) 'export_postgres_tables_to_parquet' retrieved from /opt/airflow/dags/export_tables_to_parquet.py
[2025-04-28T01:31:32.301+0000] {logging_mixin.py:188} INFO - [2025-04-28T01:31:32.301+0000] {dag.py:3096} INFO - Sync 1 DAGs
[2025-04-28T01:31:32.305+0000] {logging_mixin.py:188} INFO - [2025-04-28T01:31:32.305+0000] {dag.py:3954} INFO - Setting next_dagrun for export_postgres_tables_to_parquet to None, run_after=None
[2025-04-28T01:31:32.312+0000] {processor.py:183} INFO - Processing /opt/airflow/dags/export_tables_to_parquet.py took 0.220 seconds
[2025-04-28T01:33:28.524+0000] {processor.py:161} INFO - Started process (PID=703) to work on /opt/airflow/dags/export_tables_to_parquet.py
[2025-04-28T01:33:28.525+0000] {processor.py:830} INFO - Processing file /opt/airflow/dags/export_tables_to_parquet.py for tasks to queue
[2025-04-28T01:33:28.527+0000] {logging_mixin.py:188} INFO - [2025-04-28T01:33:28.526+0000] {dagbag.py:540} INFO - Filling up the DagBag from /opt/airflow/dags/export_tables_to_parquet.py
[2025-04-28T01:33:28.807+0000] {processor.py:840} INFO - DAG(s) 'export_postgres_tables_to_parquet' retrieved from /opt/airflow/dags/export_tables_to_parquet.py
[2025-04-28T01:33:28.818+0000] {logging_mixin.py:188} INFO - [2025-04-28T01:33:28.818+0000] {dag.py:3096} INFO - Sync 1 DAGs
[2025-04-28T01:33:28.831+0000] {logging_mixin.py:188} INFO - [2025-04-28T01:33:28.831+0000] {dag.py:3954} INFO - Setting next_dagrun for export_postgres_tables_to_parquet to None, run_after=None
[2025-04-28T01:33:28.841+0000] {processor.py:183} INFO - Processing /opt/airflow/dags/export_tables_to_parquet.py took 0.321 seconds
[2025-04-28T01:48:46.386+0000] {processor.py:161} INFO - Started process (PID=733) to work on /opt/airflow/dags/export_tables_to_parquet.py
[2025-04-28T01:48:46.386+0000] {processor.py:830} INFO - Processing file /opt/airflow/dags/export_tables_to_parquet.py for tasks to queue
[2025-04-28T01:48:46.387+0000] {logging_mixin.py:188} INFO - [2025-04-28T01:48:46.387+0000] {dagbag.py:540} INFO - Filling up the DagBag from /opt/airflow/dags/export_tables_to_parquet.py
[2025-04-28T01:48:46.596+0000] {processor.py:840} INFO - DAG(s) 'export_postgres_tables_to_parquet' retrieved from /opt/airflow/dags/export_tables_to_parquet.py
[2025-04-28T01:48:46.607+0000] {logging_mixin.py:188} INFO - [2025-04-28T01:48:46.607+0000] {dag.py:3096} INFO - Sync 1 DAGs
[2025-04-28T01:48:46.612+0000] {logging_mixin.py:188} INFO - [2025-04-28T01:48:46.611+0000] {dag.py:3954} INFO - Setting next_dagrun for export_postgres_tables_to_parquet to None, run_after=None
[2025-04-28T01:48:46.618+0000] {processor.py:183} INFO - Processing /opt/airflow/dags/export_tables_to_parquet.py took 0.235 seconds
[2025-04-28T01:49:17.334+0000] {processor.py:161} INFO - Started process (PID=763) to work on /opt/airflow/dags/export_tables_to_parquet.py
[2025-04-28T01:49:17.334+0000] {processor.py:830} INFO - Processing file /opt/airflow/dags/export_tables_to_parquet.py for tasks to queue
[2025-04-28T01:49:17.335+0000] {logging_mixin.py:188} INFO - [2025-04-28T01:49:17.335+0000] {dagbag.py:540} INFO - Filling up the DagBag from /opt/airflow/dags/export_tables_to_parquet.py
[2025-04-28T01:49:17.534+0000] {processor.py:840} INFO - DAG(s) 'export_postgres_tables_to_parquet' retrieved from /opt/airflow/dags/export_tables_to_parquet.py
[2025-04-28T01:49:17.545+0000] {logging_mixin.py:188} INFO - [2025-04-28T01:49:17.544+0000] {dag.py:3096} INFO - Sync 1 DAGs
[2025-04-28T01:49:17.549+0000] {logging_mixin.py:188} INFO - [2025-04-28T01:49:17.549+0000] {dag.py:3954} INFO - Setting next_dagrun for export_postgres_tables_to_parquet to None, run_after=None
[2025-04-28T01:49:17.556+0000] {processor.py:183} INFO - Processing /opt/airflow/dags/export_tables_to_parquet.py took 0.225 seconds
[2025-04-28T01:49:48.245+0000] {processor.py:161} INFO - Started process (PID=793) to work on /opt/airflow/dags/export_tables_to_parquet.py
[2025-04-28T01:49:48.246+0000] {processor.py:830} INFO - Processing file /opt/airflow/dags/export_tables_to_parquet.py for tasks to queue
[2025-04-28T01:49:48.247+0000] {logging_mixin.py:188} INFO - [2025-04-28T01:49:48.247+0000] {dagbag.py:540} INFO - Filling up the DagBag from /opt/airflow/dags/export_tables_to_parquet.py
[2025-04-28T01:49:48.470+0000] {processor.py:840} INFO - DAG(s) 'export_postgres_tables_to_parquet' retrieved from /opt/airflow/dags/export_tables_to_parquet.py
[2025-04-28T01:49:48.481+0000] {logging_mixin.py:188} INFO - [2025-04-28T01:49:48.481+0000] {dag.py:3096} INFO - Sync 1 DAGs
[2025-04-28T01:49:48.486+0000] {logging_mixin.py:188} INFO - [2025-04-28T01:49:48.486+0000] {dag.py:3954} INFO - Setting next_dagrun for export_postgres_tables_to_parquet to None, run_after=None
[2025-04-28T01:49:48.494+0000] {processor.py:183} INFO - Processing /opt/airflow/dags/export_tables_to_parquet.py took 0.252 seconds
[2025-04-28T01:50:19.136+0000] {processor.py:161} INFO - Started process (PID=823) to work on /opt/airflow/dags/export_tables_to_parquet.py
[2025-04-28T01:50:19.137+0000] {processor.py:830} INFO - Processing file /opt/airflow/dags/export_tables_to_parquet.py for tasks to queue
[2025-04-28T01:50:19.138+0000] {logging_mixin.py:188} INFO - [2025-04-28T01:50:19.138+0000] {dagbag.py:540} INFO - Filling up the DagBag from /opt/airflow/dags/export_tables_to_parquet.py
[2025-04-28T01:50:19.349+0000] {processor.py:840} INFO - DAG(s) 'export_postgres_tables_to_parquet' retrieved from /opt/airflow/dags/export_tables_to_parquet.py
[2025-04-28T01:50:19.360+0000] {logging_mixin.py:188} INFO - [2025-04-28T01:50:19.360+0000] {dag.py:3096} INFO - Sync 1 DAGs
[2025-04-28T01:50:19.364+0000] {logging_mixin.py:188} INFO - [2025-04-28T01:50:19.364+0000] {dag.py:3954} INFO - Setting next_dagrun for export_postgres_tables_to_parquet to None, run_after=None
[2025-04-28T01:50:19.371+0000] {processor.py:183} INFO - Processing /opt/airflow/dags/export_tables_to_parquet.py took 0.238 seconds
[2025-04-28T01:50:50.327+0000] {processor.py:161} INFO - Started process (PID=853) to work on /opt/airflow/dags/export_tables_to_parquet.py
[2025-04-28T01:50:50.327+0000] {processor.py:830} INFO - Processing file /opt/airflow/dags/export_tables_to_parquet.py for tasks to queue
[2025-04-28T01:50:50.328+0000] {logging_mixin.py:188} INFO - [2025-04-28T01:50:50.328+0000] {dagbag.py:540} INFO - Filling up the DagBag from /opt/airflow/dags/export_tables_to_parquet.py
[2025-04-28T01:50:50.532+0000] {processor.py:840} INFO - DAG(s) 'export_postgres_tables_to_parquet' retrieved from /opt/airflow/dags/export_tables_to_parquet.py
[2025-04-28T01:50:50.543+0000] {logging_mixin.py:188} INFO - [2025-04-28T01:50:50.543+0000] {dag.py:3096} INFO - Sync 1 DAGs
[2025-04-28T01:50:50.548+0000] {logging_mixin.py:188} INFO - [2025-04-28T01:50:50.548+0000] {dag.py:3954} INFO - Setting next_dagrun for export_postgres_tables_to_parquet to None, run_after=None
[2025-04-28T01:50:50.555+0000] {processor.py:183} INFO - Processing /opt/airflow/dags/export_tables_to_parquet.py took 0.232 seconds
[2025-04-28T01:51:21.147+0000] {processor.py:161} INFO - Started process (PID=883) to work on /opt/airflow/dags/export_tables_to_parquet.py
[2025-04-28T01:51:21.147+0000] {processor.py:830} INFO - Processing file /opt/airflow/dags/export_tables_to_parquet.py for tasks to queue
[2025-04-28T01:51:21.148+0000] {logging_mixin.py:188} INFO - [2025-04-28T01:51:21.148+0000] {dagbag.py:540} INFO - Filling up the DagBag from /opt/airflow/dags/export_tables_to_parquet.py
[2025-04-28T01:51:21.366+0000] {processor.py:840} INFO - DAG(s) 'export_postgres_tables_to_parquet' retrieved from /opt/airflow/dags/export_tables_to_parquet.py
[2025-04-28T01:51:21.378+0000] {logging_mixin.py:188} INFO - [2025-04-28T01:51:21.378+0000] {dag.py:3096} INFO - Sync 1 DAGs
[2025-04-28T01:51:21.383+0000] {logging_mixin.py:188} INFO - [2025-04-28T01:51:21.383+0000] {dag.py:3954} INFO - Setting next_dagrun for export_postgres_tables_to_parquet to None, run_after=None
[2025-04-28T01:51:21.394+0000] {processor.py:183} INFO - Processing /opt/airflow/dags/export_tables_to_parquet.py took 0.250 seconds
[2025-04-28T01:51:36.483+0000] {processor.py:161} INFO - Started process (PID=180) to work on /opt/airflow/dags/export_tables_to_parquet.py
[2025-04-28T01:51:36.483+0000] {processor.py:830} INFO - Processing file /opt/airflow/dags/export_tables_to_parquet.py for tasks to queue
[2025-04-28T01:51:36.484+0000] {logging_mixin.py:188} INFO - [2025-04-28T01:51:36.484+0000] {dagbag.py:540} INFO - Filling up the DagBag from /opt/airflow/dags/export_tables_to_parquet.py
[2025-04-28T01:51:36.647+0000] {processor.py:840} INFO - DAG(s) 'export_postgres_tables_to_parquet' retrieved from /opt/airflow/dags/export_tables_to_parquet.py
[2025-04-28T01:51:36.655+0000] {logging_mixin.py:188} INFO - [2025-04-28T01:51:36.655+0000] {dag.py:3096} INFO - Sync 1 DAGs
[2025-04-28T01:51:36.753+0000] {logging_mixin.py:188} INFO - [2025-04-28T01:51:36.753+0000] {dag.py:3954} INFO - Setting next_dagrun for export_postgres_tables_to_parquet to None, run_after=None
[2025-04-28T01:51:36.765+0000] {processor.py:183} INFO - Processing /opt/airflow/dags/export_tables_to_parquet.py took 0.285 seconds
[2025-04-28T01:52:07.615+0000] {processor.py:161} INFO - Started process (PID=215) to work on /opt/airflow/dags/export_tables_to_parquet.py
[2025-04-28T01:52:07.616+0000] {processor.py:830} INFO - Processing file /opt/airflow/dags/export_tables_to_parquet.py for tasks to queue
[2025-04-28T01:52:07.618+0000] {logging_mixin.py:188} INFO - [2025-04-28T01:52:07.617+0000] {dagbag.py:540} INFO - Filling up the DagBag from /opt/airflow/dags/export_tables_to_parquet.py
[2025-04-28T01:52:07.851+0000] {processor.py:840} INFO - DAG(s) 'export_postgres_tables_to_parquet' retrieved from /opt/airflow/dags/export_tables_to_parquet.py
[2025-04-28T01:52:07.900+0000] {logging_mixin.py:188} INFO - [2025-04-28T01:52:07.900+0000] {dag.py:3096} INFO - Sync 1 DAGs
[2025-04-28T01:52:07.906+0000] {logging_mixin.py:188} INFO - [2025-04-28T01:52:07.906+0000] {dag.py:3954} INFO - Setting next_dagrun for export_postgres_tables_to_parquet to None, run_after=None
[2025-04-28T01:52:07.916+0000] {processor.py:183} INFO - Processing /opt/airflow/dags/export_tables_to_parquet.py took 0.304 seconds
[2025-04-28T01:52:38.826+0000] {processor.py:161} INFO - Started process (PID=315) to work on /opt/airflow/dags/export_tables_to_parquet.py
[2025-04-28T01:52:38.827+0000] {processor.py:830} INFO - Processing file /opt/airflow/dags/export_tables_to_parquet.py for tasks to queue
[2025-04-28T01:52:38.828+0000] {logging_mixin.py:188} INFO - [2025-04-28T01:52:38.828+0000] {dagbag.py:540} INFO - Filling up the DagBag from /opt/airflow/dags/export_tables_to_parquet.py
[2025-04-28T01:52:39.087+0000] {processor.py:840} INFO - DAG(s) 'export_postgres_tables_to_parquet' retrieved from /opt/airflow/dags/export_tables_to_parquet.py
[2025-04-28T01:52:39.099+0000] {logging_mixin.py:188} INFO - [2025-04-28T01:52:39.099+0000] {dag.py:3096} INFO - Sync 1 DAGs
[2025-04-28T01:52:39.105+0000] {logging_mixin.py:188} INFO - [2025-04-28T01:52:39.104+0000] {dag.py:3954} INFO - Setting next_dagrun for export_postgres_tables_to_parquet to None, run_after=None
[2025-04-28T01:52:39.116+0000] {processor.py:183} INFO - Processing /opt/airflow/dags/export_tables_to_parquet.py took 0.293 seconds
[2025-04-28T01:53:10.019+0000] {processor.py:161} INFO - Started process (PID=350) to work on /opt/airflow/dags/export_tables_to_parquet.py
[2025-04-28T01:53:10.019+0000] {processor.py:830} INFO - Processing file /opt/airflow/dags/export_tables_to_parquet.py for tasks to queue
[2025-04-28T01:53:10.020+0000] {logging_mixin.py:188} INFO - [2025-04-28T01:53:10.020+0000] {dagbag.py:540} INFO - Filling up the DagBag from /opt/airflow/dags/export_tables_to_parquet.py
[2025-04-28T01:53:10.229+0000] {processor.py:840} INFO - DAG(s) 'export_postgres_tables_to_parquet' retrieved from /opt/airflow/dags/export_tables_to_parquet.py
[2025-04-28T01:53:10.242+0000] {logging_mixin.py:188} INFO - [2025-04-28T01:53:10.242+0000] {dag.py:3096} INFO - Sync 1 DAGs
[2025-04-28T01:53:10.247+0000] {logging_mixin.py:188} INFO - [2025-04-28T01:53:10.246+0000] {dag.py:3954} INFO - Setting next_dagrun for export_postgres_tables_to_parquet to None, run_after=None
[2025-04-28T01:53:10.255+0000] {processor.py:183} INFO - Processing /opt/airflow/dags/export_tables_to_parquet.py took 0.239 seconds
[2025-04-28T01:53:41.167+0000] {processor.py:161} INFO - Started process (PID=385) to work on /opt/airflow/dags/export_tables_to_parquet.py
[2025-04-28T01:53:41.167+0000] {processor.py:830} INFO - Processing file /opt/airflow/dags/export_tables_to_parquet.py for tasks to queue
[2025-04-28T01:53:41.168+0000] {logging_mixin.py:188} INFO - [2025-04-28T01:53:41.168+0000] {dagbag.py:540} INFO - Filling up the DagBag from /opt/airflow/dags/export_tables_to_parquet.py
[2025-04-28T01:53:41.390+0000] {processor.py:840} INFO - DAG(s) 'export_postgres_tables_to_parquet' retrieved from /opt/airflow/dags/export_tables_to_parquet.py
[2025-04-28T01:53:41.401+0000] {logging_mixin.py:188} INFO - [2025-04-28T01:53:41.401+0000] {dag.py:3096} INFO - Sync 1 DAGs
[2025-04-28T01:53:41.405+0000] {logging_mixin.py:188} INFO - [2025-04-28T01:53:41.405+0000] {dag.py:3954} INFO - Setting next_dagrun for export_postgres_tables_to_parquet to None, run_after=None
[2025-04-28T01:53:41.413+0000] {processor.py:183} INFO - Processing /opt/airflow/dags/export_tables_to_parquet.py took 0.249 seconds
[2025-04-28T01:54:12.346+0000] {processor.py:161} INFO - Started process (PID=420) to work on /opt/airflow/dags/export_tables_to_parquet.py
[2025-04-28T01:54:12.346+0000] {processor.py:830} INFO - Processing file /opt/airflow/dags/export_tables_to_parquet.py for tasks to queue
[2025-04-28T01:54:12.347+0000] {logging_mixin.py:188} INFO - [2025-04-28T01:54:12.347+0000] {dagbag.py:540} INFO - Filling up the DagBag from /opt/airflow/dags/export_tables_to_parquet.py
[2025-04-28T01:54:12.588+0000] {processor.py:840} INFO - DAG(s) 'export_postgres_tables_to_parquet' retrieved from /opt/airflow/dags/export_tables_to_parquet.py
[2025-04-28T01:54:12.602+0000] {logging_mixin.py:188} INFO - [2025-04-28T01:54:12.601+0000] {dag.py:3096} INFO - Sync 1 DAGs
[2025-04-28T01:54:12.608+0000] {logging_mixin.py:188} INFO - [2025-04-28T01:54:12.608+0000] {dag.py:3954} INFO - Setting next_dagrun for export_postgres_tables_to_parquet to None, run_after=None
[2025-04-28T01:54:12.619+0000] {processor.py:183} INFO - Processing /opt/airflow/dags/export_tables_to_parquet.py took 0.276 seconds
[2025-04-28T01:54:43.531+0000] {processor.py:161} INFO - Started process (PID=455) to work on /opt/airflow/dags/export_tables_to_parquet.py
[2025-04-28T01:54:43.531+0000] {processor.py:830} INFO - Processing file /opt/airflow/dags/export_tables_to_parquet.py for tasks to queue
[2025-04-28T01:54:43.532+0000] {logging_mixin.py:188} INFO - [2025-04-28T01:54:43.532+0000] {dagbag.py:540} INFO - Filling up the DagBag from /opt/airflow/dags/export_tables_to_parquet.py
[2025-04-28T01:54:43.738+0000] {processor.py:840} INFO - DAG(s) 'export_postgres_tables_to_parquet' retrieved from /opt/airflow/dags/export_tables_to_parquet.py
[2025-04-28T01:54:43.749+0000] {logging_mixin.py:188} INFO - [2025-04-28T01:54:43.749+0000] {dag.py:3096} INFO - Sync 1 DAGs
[2025-04-28T01:54:43.753+0000] {logging_mixin.py:188} INFO - [2025-04-28T01:54:43.753+0000] {dag.py:3954} INFO - Setting next_dagrun for export_postgres_tables_to_parquet to None, run_after=None
[2025-04-28T01:54:43.760+0000] {processor.py:183} INFO - Processing /opt/airflow/dags/export_tables_to_parquet.py took 0.232 seconds
[2025-04-28T01:55:14.724+0000] {processor.py:161} INFO - Started process (PID=490) to work on /opt/airflow/dags/export_tables_to_parquet.py
[2025-04-28T01:55:14.724+0000] {processor.py:830} INFO - Processing file /opt/airflow/dags/export_tables_to_parquet.py for tasks to queue
[2025-04-28T01:55:14.725+0000] {logging_mixin.py:188} INFO - [2025-04-28T01:55:14.725+0000] {dagbag.py:540} INFO - Filling up the DagBag from /opt/airflow/dags/export_tables_to_parquet.py
[2025-04-28T01:55:14.922+0000] {processor.py:840} INFO - DAG(s) 'export_postgres_tables_to_parquet' retrieved from /opt/airflow/dags/export_tables_to_parquet.py
[2025-04-28T01:55:14.933+0000] {logging_mixin.py:188} INFO - [2025-04-28T01:55:14.933+0000] {dag.py:3096} INFO - Sync 1 DAGs
[2025-04-28T01:55:14.937+0000] {logging_mixin.py:188} INFO - [2025-04-28T01:55:14.937+0000] {dag.py:3954} INFO - Setting next_dagrun for export_postgres_tables_to_parquet to None, run_after=None
[2025-04-28T01:55:14.944+0000] {processor.py:183} INFO - Processing /opt/airflow/dags/export_tables_to_parquet.py took 0.223 seconds
[2025-04-28T01:55:45.895+0000] {processor.py:161} INFO - Started process (PID=525) to work on /opt/airflow/dags/export_tables_to_parquet.py
[2025-04-28T01:55:45.895+0000] {processor.py:830} INFO - Processing file /opt/airflow/dags/export_tables_to_parquet.py for tasks to queue
[2025-04-28T01:55:45.896+0000] {logging_mixin.py:188} INFO - [2025-04-28T01:55:45.896+0000] {dagbag.py:540} INFO - Filling up the DagBag from /opt/airflow/dags/export_tables_to_parquet.py
[2025-04-28T01:55:46.095+0000] {processor.py:840} INFO - DAG(s) 'export_postgres_tables_to_parquet' retrieved from /opt/airflow/dags/export_tables_to_parquet.py
[2025-04-28T01:55:46.105+0000] {logging_mixin.py:188} INFO - [2025-04-28T01:55:46.105+0000] {dag.py:3096} INFO - Sync 1 DAGs
[2025-04-28T01:55:46.110+0000] {logging_mixin.py:188} INFO - [2025-04-28T01:55:46.109+0000] {dag.py:3954} INFO - Setting next_dagrun for export_postgres_tables_to_parquet to None, run_after=None
[2025-04-28T01:55:46.117+0000] {processor.py:183} INFO - Processing /opt/airflow/dags/export_tables_to_parquet.py took 0.225 seconds
[2025-04-28T01:56:17.003+0000] {processor.py:161} INFO - Started process (PID=560) to work on /opt/airflow/dags/export_tables_to_parquet.py
[2025-04-28T01:56:17.004+0000] {processor.py:830} INFO - Processing file /opt/airflow/dags/export_tables_to_parquet.py for tasks to queue
[2025-04-28T01:56:17.005+0000] {logging_mixin.py:188} INFO - [2025-04-28T01:56:17.004+0000] {dagbag.py:540} INFO - Filling up the DagBag from /opt/airflow/dags/export_tables_to_parquet.py
[2025-04-28T01:56:17.204+0000] {processor.py:840} INFO - DAG(s) 'export_postgres_tables_to_parquet' retrieved from /opt/airflow/dags/export_tables_to_parquet.py
[2025-04-28T01:56:17.215+0000] {logging_mixin.py:188} INFO - [2025-04-28T01:56:17.215+0000] {dag.py:3096} INFO - Sync 1 DAGs
[2025-04-28T01:56:17.221+0000] {logging_mixin.py:188} INFO - [2025-04-28T01:56:17.221+0000] {dag.py:3954} INFO - Setting next_dagrun for export_postgres_tables_to_parquet to None, run_after=None
[2025-04-28T01:56:17.228+0000] {processor.py:183} INFO - Processing /opt/airflow/dags/export_tables_to_parquet.py took 0.227 seconds
[2025-04-28T01:56:47.923+0000] {processor.py:161} INFO - Started process (PID=595) to work on /opt/airflow/dags/export_tables_to_parquet.py
[2025-04-28T01:56:47.924+0000] {processor.py:830} INFO - Processing file /opt/airflow/dags/export_tables_to_parquet.py for tasks to queue
[2025-04-28T01:56:47.925+0000] {logging_mixin.py:188} INFO - [2025-04-28T01:56:47.925+0000] {dagbag.py:540} INFO - Filling up the DagBag from /opt/airflow/dags/export_tables_to_parquet.py
[2025-04-28T01:56:48.173+0000] {processor.py:840} INFO - DAG(s) 'export_postgres_tables_to_parquet' retrieved from /opt/airflow/dags/export_tables_to_parquet.py
[2025-04-28T01:56:48.201+0000] {logging_mixin.py:188} INFO - [2025-04-28T01:56:48.201+0000] {dag.py:3096} INFO - Sync 1 DAGs
[2025-04-28T01:56:48.207+0000] {logging_mixin.py:188} INFO - [2025-04-28T01:56:48.207+0000] {dag.py:3954} INFO - Setting next_dagrun for export_postgres_tables_to_parquet to None, run_after=None
[2025-04-28T01:56:48.215+0000] {processor.py:183} INFO - Processing /opt/airflow/dags/export_tables_to_parquet.py took 0.295 seconds
[2025-04-28T01:57:19.159+0000] {processor.py:161} INFO - Started process (PID=630) to work on /opt/airflow/dags/export_tables_to_parquet.py
[2025-04-28T01:57:19.160+0000] {processor.py:830} INFO - Processing file /opt/airflow/dags/export_tables_to_parquet.py for tasks to queue
[2025-04-28T01:57:19.160+0000] {logging_mixin.py:188} INFO - [2025-04-28T01:57:19.160+0000] {dagbag.py:540} INFO - Filling up the DagBag from /opt/airflow/dags/export_tables_to_parquet.py
[2025-04-28T01:57:19.373+0000] {processor.py:840} INFO - DAG(s) 'export_postgres_tables_to_parquet' retrieved from /opt/airflow/dags/export_tables_to_parquet.py
[2025-04-28T01:57:19.383+0000] {logging_mixin.py:188} INFO - [2025-04-28T01:57:19.383+0000] {dag.py:3096} INFO - Sync 1 DAGs
[2025-04-28T01:57:19.388+0000] {logging_mixin.py:188} INFO - [2025-04-28T01:57:19.387+0000] {dag.py:3954} INFO - Setting next_dagrun for export_postgres_tables_to_parquet to None, run_after=None
[2025-04-28T01:57:19.395+0000] {processor.py:183} INFO - Processing /opt/airflow/dags/export_tables_to_parquet.py took 0.239 seconds
[2025-04-28T01:57:50.275+0000] {processor.py:161} INFO - Started process (PID=665) to work on /opt/airflow/dags/export_tables_to_parquet.py
[2025-04-28T01:57:50.276+0000] {processor.py:830} INFO - Processing file /opt/airflow/dags/export_tables_to_parquet.py for tasks to queue
[2025-04-28T01:57:50.276+0000] {logging_mixin.py:188} INFO - [2025-04-28T01:57:50.276+0000] {dagbag.py:540} INFO - Filling up the DagBag from /opt/airflow/dags/export_tables_to_parquet.py
[2025-04-28T01:57:50.484+0000] {processor.py:840} INFO - DAG(s) 'export_postgres_tables_to_parquet' retrieved from /opt/airflow/dags/export_tables_to_parquet.py
[2025-04-28T01:57:50.495+0000] {logging_mixin.py:188} INFO - [2025-04-28T01:57:50.494+0000] {dag.py:3096} INFO - Sync 1 DAGs
[2025-04-28T01:57:50.500+0000] {logging_mixin.py:188} INFO - [2025-04-28T01:57:50.499+0000] {dag.py:3954} INFO - Setting next_dagrun for export_postgres_tables_to_parquet to None, run_after=None
[2025-04-28T01:57:50.507+0000] {processor.py:183} INFO - Processing /opt/airflow/dags/export_tables_to_parquet.py took 0.235 seconds
[2025-04-28T01:58:21.451+0000] {processor.py:161} INFO - Started process (PID=700) to work on /opt/airflow/dags/export_tables_to_parquet.py
[2025-04-28T01:58:21.452+0000] {processor.py:830} INFO - Processing file /opt/airflow/dags/export_tables_to_parquet.py for tasks to queue
[2025-04-28T01:58:21.453+0000] {logging_mixin.py:188} INFO - [2025-04-28T01:58:21.453+0000] {dagbag.py:540} INFO - Filling up the DagBag from /opt/airflow/dags/export_tables_to_parquet.py
[2025-04-28T01:58:21.661+0000] {processor.py:840} INFO - DAG(s) 'export_postgres_tables_to_parquet' retrieved from /opt/airflow/dags/export_tables_to_parquet.py
[2025-04-28T01:58:21.672+0000] {logging_mixin.py:188} INFO - [2025-04-28T01:58:21.672+0000] {dag.py:3096} INFO - Sync 1 DAGs
[2025-04-28T01:58:21.677+0000] {logging_mixin.py:188} INFO - [2025-04-28T01:58:21.677+0000] {dag.py:3954} INFO - Setting next_dagrun for export_postgres_tables_to_parquet to None, run_after=None
[2025-04-28T01:58:21.684+0000] {processor.py:183} INFO - Processing /opt/airflow/dags/export_tables_to_parquet.py took 0.236 seconds
[2025-04-28T01:58:52.603+0000] {processor.py:161} INFO - Started process (PID=735) to work on /opt/airflow/dags/export_tables_to_parquet.py
[2025-04-28T01:58:52.603+0000] {processor.py:830} INFO - Processing file /opt/airflow/dags/export_tables_to_parquet.py for tasks to queue
[2025-04-28T01:58:52.604+0000] {logging_mixin.py:188} INFO - [2025-04-28T01:58:52.604+0000] {dagbag.py:540} INFO - Filling up the DagBag from /opt/airflow/dags/export_tables_to_parquet.py
[2025-04-28T01:58:52.802+0000] {processor.py:840} INFO - DAG(s) 'export_postgres_tables_to_parquet' retrieved from /opt/airflow/dags/export_tables_to_parquet.py
[2025-04-28T01:58:52.812+0000] {logging_mixin.py:188} INFO - [2025-04-28T01:58:52.812+0000] {dag.py:3096} INFO - Sync 1 DAGs
[2025-04-28T01:58:52.817+0000] {logging_mixin.py:188} INFO - [2025-04-28T01:58:52.816+0000] {dag.py:3954} INFO - Setting next_dagrun for export_postgres_tables_to_parquet to None, run_after=None
[2025-04-28T01:58:52.824+0000] {processor.py:183} INFO - Processing /opt/airflow/dags/export_tables_to_parquet.py took 0.224 seconds
[2025-04-28T01:59:23.718+0000] {processor.py:161} INFO - Started process (PID=770) to work on /opt/airflow/dags/export_tables_to_parquet.py
[2025-04-28T01:59:23.719+0000] {processor.py:830} INFO - Processing file /opt/airflow/dags/export_tables_to_parquet.py for tasks to queue
[2025-04-28T01:59:23.719+0000] {logging_mixin.py:188} INFO - [2025-04-28T01:59:23.719+0000] {dagbag.py:540} INFO - Filling up the DagBag from /opt/airflow/dags/export_tables_to_parquet.py
[2025-04-28T01:59:23.923+0000] {processor.py:840} INFO - DAG(s) 'export_postgres_tables_to_parquet' retrieved from /opt/airflow/dags/export_tables_to_parquet.py
[2025-04-28T01:59:23.933+0000] {logging_mixin.py:188} INFO - [2025-04-28T01:59:23.933+0000] {dag.py:3096} INFO - Sync 1 DAGs
[2025-04-28T01:59:23.937+0000] {logging_mixin.py:188} INFO - [2025-04-28T01:59:23.937+0000] {dag.py:3954} INFO - Setting next_dagrun for export_postgres_tables_to_parquet to None, run_after=None
[2025-04-28T01:59:23.944+0000] {processor.py:183} INFO - Processing /opt/airflow/dags/export_tables_to_parquet.py took 0.229 seconds
[2025-04-28T01:59:54.830+0000] {processor.py:161} INFO - Started process (PID=805) to work on /opt/airflow/dags/export_tables_to_parquet.py
[2025-04-28T01:59:54.830+0000] {processor.py:830} INFO - Processing file /opt/airflow/dags/export_tables_to_parquet.py for tasks to queue
[2025-04-28T01:59:54.831+0000] {logging_mixin.py:188} INFO - [2025-04-28T01:59:54.831+0000] {dagbag.py:540} INFO - Filling up the DagBag from /opt/airflow/dags/export_tables_to_parquet.py
[2025-04-28T01:59:55.032+0000] {processor.py:840} INFO - DAG(s) 'export_postgres_tables_to_parquet' retrieved from /opt/airflow/dags/export_tables_to_parquet.py
[2025-04-28T01:59:55.042+0000] {logging_mixin.py:188} INFO - [2025-04-28T01:59:55.042+0000] {dag.py:3096} INFO - Sync 1 DAGs
[2025-04-28T01:59:55.047+0000] {logging_mixin.py:188} INFO - [2025-04-28T01:59:55.047+0000] {dag.py:3954} INFO - Setting next_dagrun for export_postgres_tables_to_parquet to None, run_after=None
[2025-04-28T01:59:55.054+0000] {processor.py:183} INFO - Processing /opt/airflow/dags/export_tables_to_parquet.py took 0.227 seconds
[2025-04-28T02:00:25.930+0000] {processor.py:161} INFO - Started process (PID=840) to work on /opt/airflow/dags/export_tables_to_parquet.py
[2025-04-28T02:00:25.930+0000] {processor.py:830} INFO - Processing file /opt/airflow/dags/export_tables_to_parquet.py for tasks to queue
[2025-04-28T02:00:25.931+0000] {logging_mixin.py:188} INFO - [2025-04-28T02:00:25.931+0000] {dagbag.py:540} INFO - Filling up the DagBag from /opt/airflow/dags/export_tables_to_parquet.py
[2025-04-28T02:00:26.138+0000] {processor.py:840} INFO - DAG(s) 'export_postgres_tables_to_parquet' retrieved from /opt/airflow/dags/export_tables_to_parquet.py
[2025-04-28T02:00:26.149+0000] {logging_mixin.py:188} INFO - [2025-04-28T02:00:26.149+0000] {dag.py:3096} INFO - Sync 1 DAGs
[2025-04-28T02:00:26.154+0000] {logging_mixin.py:188} INFO - [2025-04-28T02:00:26.153+0000] {dag.py:3954} INFO - Setting next_dagrun for export_postgres_tables_to_parquet to None, run_after=None
[2025-04-28T02:00:26.160+0000] {processor.py:183} INFO - Processing /opt/airflow/dags/export_tables_to_parquet.py took 0.234 seconds
[2025-04-28T02:00:57.059+0000] {processor.py:161} INFO - Started process (PID=875) to work on /opt/airflow/dags/export_tables_to_parquet.py
[2025-04-28T02:00:57.059+0000] {processor.py:830} INFO - Processing file /opt/airflow/dags/export_tables_to_parquet.py for tasks to queue
[2025-04-28T02:00:57.060+0000] {logging_mixin.py:188} INFO - [2025-04-28T02:00:57.060+0000] {dagbag.py:540} INFO - Filling up the DagBag from /opt/airflow/dags/export_tables_to_parquet.py
[2025-04-28T02:00:57.263+0000] {processor.py:840} INFO - DAG(s) 'export_postgres_tables_to_parquet' retrieved from /opt/airflow/dags/export_tables_to_parquet.py
[2025-04-28T02:00:57.274+0000] {logging_mixin.py:188} INFO - [2025-04-28T02:00:57.274+0000] {dag.py:3096} INFO - Sync 1 DAGs
[2025-04-28T02:00:57.278+0000] {logging_mixin.py:188} INFO - [2025-04-28T02:00:57.278+0000] {dag.py:3954} INFO - Setting next_dagrun for export_postgres_tables_to_parquet to None, run_after=None
[2025-04-28T02:00:57.285+0000] {processor.py:183} INFO - Processing /opt/airflow/dags/export_tables_to_parquet.py took 0.229 seconds
[2025-04-28T02:01:28.222+0000] {processor.py:161} INFO - Started process (PID=910) to work on /opt/airflow/dags/export_tables_to_parquet.py
[2025-04-28T02:01:28.222+0000] {processor.py:830} INFO - Processing file /opt/airflow/dags/export_tables_to_parquet.py for tasks to queue
[2025-04-28T02:01:28.223+0000] {logging_mixin.py:188} INFO - [2025-04-28T02:01:28.223+0000] {dagbag.py:540} INFO - Filling up the DagBag from /opt/airflow/dags/export_tables_to_parquet.py
[2025-04-28T02:01:28.447+0000] {processor.py:840} INFO - DAG(s) 'export_postgres_tables_to_parquet' retrieved from /opt/airflow/dags/export_tables_to_parquet.py
[2025-04-28T02:01:28.458+0000] {logging_mixin.py:188} INFO - [2025-04-28T02:01:28.458+0000] {dag.py:3096} INFO - Sync 1 DAGs
[2025-04-28T02:01:28.464+0000] {logging_mixin.py:188} INFO - [2025-04-28T02:01:28.464+0000] {dag.py:3954} INFO - Setting next_dagrun for export_postgres_tables_to_parquet to None, run_after=None
[2025-04-28T02:01:28.475+0000] {processor.py:183} INFO - Processing /opt/airflow/dags/export_tables_to_parquet.py took 0.256 seconds
[2025-04-28T02:01:59.377+0000] {processor.py:161} INFO - Started process (PID=945) to work on /opt/airflow/dags/export_tables_to_parquet.py
[2025-04-28T02:01:59.378+0000] {processor.py:830} INFO - Processing file /opt/airflow/dags/export_tables_to_parquet.py for tasks to queue
[2025-04-28T02:01:59.379+0000] {logging_mixin.py:188} INFO - [2025-04-28T02:01:59.379+0000] {dagbag.py:540} INFO - Filling up the DagBag from /opt/airflow/dags/export_tables_to_parquet.py
[2025-04-28T02:01:59.579+0000] {processor.py:840} INFO - DAG(s) 'export_postgres_tables_to_parquet' retrieved from /opt/airflow/dags/export_tables_to_parquet.py
[2025-04-28T02:01:59.590+0000] {logging_mixin.py:188} INFO - [2025-04-28T02:01:59.590+0000] {dag.py:3096} INFO - Sync 1 DAGs
[2025-04-28T02:01:59.595+0000] {logging_mixin.py:188} INFO - [2025-04-28T02:01:59.595+0000] {dag.py:3954} INFO - Setting next_dagrun for export_postgres_tables_to_parquet to None, run_after=None
[2025-04-28T02:01:59.602+0000] {processor.py:183} INFO - Processing /opt/airflow/dags/export_tables_to_parquet.py took 0.227 seconds
[2025-04-28T02:02:30.527+0000] {processor.py:161} INFO - Started process (PID=980) to work on /opt/airflow/dags/export_tables_to_parquet.py
[2025-04-28T02:02:30.527+0000] {processor.py:830} INFO - Processing file /opt/airflow/dags/export_tables_to_parquet.py for tasks to queue
[2025-04-28T02:02:30.528+0000] {logging_mixin.py:188} INFO - [2025-04-28T02:02:30.528+0000] {dagbag.py:540} INFO - Filling up the DagBag from /opt/airflow/dags/export_tables_to_parquet.py
[2025-04-28T02:02:30.751+0000] {processor.py:840} INFO - DAG(s) 'export_postgres_tables_to_parquet' retrieved from /opt/airflow/dags/export_tables_to_parquet.py
[2025-04-28T02:02:30.764+0000] {logging_mixin.py:188} INFO - [2025-04-28T02:02:30.764+0000] {dag.py:3096} INFO - Sync 1 DAGs
[2025-04-28T02:02:30.769+0000] {logging_mixin.py:188} INFO - [2025-04-28T02:02:30.769+0000] {dag.py:3954} INFO - Setting next_dagrun for export_postgres_tables_to_parquet to None, run_after=None
[2025-04-28T02:02:30.784+0000] {processor.py:183} INFO - Processing /opt/airflow/dags/export_tables_to_parquet.py took 0.260 seconds
[2025-04-28T02:03:01.675+0000] {processor.py:161} INFO - Started process (PID=1015) to work on /opt/airflow/dags/export_tables_to_parquet.py
[2025-04-28T02:03:01.675+0000] {processor.py:830} INFO - Processing file /opt/airflow/dags/export_tables_to_parquet.py for tasks to queue
[2025-04-28T02:03:01.676+0000] {logging_mixin.py:188} INFO - [2025-04-28T02:03:01.676+0000] {dagbag.py:540} INFO - Filling up the DagBag from /opt/airflow/dags/export_tables_to_parquet.py
[2025-04-28T02:03:01.887+0000] {processor.py:840} INFO - DAG(s) 'export_postgres_tables_to_parquet' retrieved from /opt/airflow/dags/export_tables_to_parquet.py
[2025-04-28T02:03:01.898+0000] {logging_mixin.py:188} INFO - [2025-04-28T02:03:01.898+0000] {dag.py:3096} INFO - Sync 1 DAGs
[2025-04-28T02:03:01.902+0000] {logging_mixin.py:188} INFO - [2025-04-28T02:03:01.902+0000] {dag.py:3954} INFO - Setting next_dagrun for export_postgres_tables_to_parquet to None, run_after=None
[2025-04-28T02:03:01.910+0000] {processor.py:183} INFO - Processing /opt/airflow/dags/export_tables_to_parquet.py took 0.238 seconds
[2025-04-28T02:03:32.848+0000] {processor.py:161} INFO - Started process (PID=1050) to work on /opt/airflow/dags/export_tables_to_parquet.py
[2025-04-28T02:03:32.848+0000] {processor.py:830} INFO - Processing file /opt/airflow/dags/export_tables_to_parquet.py for tasks to queue
[2025-04-28T02:03:32.849+0000] {logging_mixin.py:188} INFO - [2025-04-28T02:03:32.849+0000] {dagbag.py:540} INFO - Filling up the DagBag from /opt/airflow/dags/export_tables_to_parquet.py
[2025-04-28T02:03:33.048+0000] {processor.py:840} INFO - DAG(s) 'export_postgres_tables_to_parquet' retrieved from /opt/airflow/dags/export_tables_to_parquet.py
[2025-04-28T02:03:33.058+0000] {logging_mixin.py:188} INFO - [2025-04-28T02:03:33.058+0000] {dag.py:3096} INFO - Sync 1 DAGs
[2025-04-28T02:03:33.063+0000] {logging_mixin.py:188} INFO - [2025-04-28T02:03:33.063+0000] {dag.py:3954} INFO - Setting next_dagrun for export_postgres_tables_to_parquet to None, run_after=None
[2025-04-28T02:03:33.071+0000] {processor.py:183} INFO - Processing /opt/airflow/dags/export_tables_to_parquet.py took 0.226 seconds
[2025-04-28T02:04:03.985+0000] {processor.py:161} INFO - Started process (PID=1085) to work on /opt/airflow/dags/export_tables_to_parquet.py
[2025-04-28T02:04:03.985+0000] {processor.py:830} INFO - Processing file /opt/airflow/dags/export_tables_to_parquet.py for tasks to queue
[2025-04-28T02:04:03.986+0000] {logging_mixin.py:188} INFO - [2025-04-28T02:04:03.986+0000] {dagbag.py:540} INFO - Filling up the DagBag from /opt/airflow/dags/export_tables_to_parquet.py
[2025-04-28T02:04:04.205+0000] {processor.py:840} INFO - DAG(s) 'export_postgres_tables_to_parquet' retrieved from /opt/airflow/dags/export_tables_to_parquet.py
[2025-04-28T02:04:04.220+0000] {logging_mixin.py:188} INFO - [2025-04-28T02:04:04.220+0000] {dag.py:3096} INFO - Sync 1 DAGs
[2025-04-28T02:04:04.225+0000] {logging_mixin.py:188} INFO - [2025-04-28T02:04:04.225+0000] {dag.py:3954} INFO - Setting next_dagrun for export_postgres_tables_to_parquet to None, run_after=None
[2025-04-28T02:04:04.234+0000] {processor.py:183} INFO - Processing /opt/airflow/dags/export_tables_to_parquet.py took 0.252 seconds
[2025-04-28T02:04:35.088+0000] {processor.py:161} INFO - Started process (PID=1120) to work on /opt/airflow/dags/export_tables_to_parquet.py
[2025-04-28T02:04:35.088+0000] {processor.py:830} INFO - Processing file /opt/airflow/dags/export_tables_to_parquet.py for tasks to queue
[2025-04-28T02:04:35.089+0000] {logging_mixin.py:188} INFO - [2025-04-28T02:04:35.089+0000] {dagbag.py:540} INFO - Filling up the DagBag from /opt/airflow/dags/export_tables_to_parquet.py
[2025-04-28T02:04:35.310+0000] {processor.py:840} INFO - DAG(s) 'export_postgres_tables_to_parquet' retrieved from /opt/airflow/dags/export_tables_to_parquet.py
[2025-04-28T02:04:35.322+0000] {logging_mixin.py:188} INFO - [2025-04-28T02:04:35.322+0000] {dag.py:3096} INFO - Sync 1 DAGs
[2025-04-28T02:04:35.327+0000] {logging_mixin.py:188} INFO - [2025-04-28T02:04:35.327+0000] {dag.py:3954} INFO - Setting next_dagrun for export_postgres_tables_to_parquet to None, run_after=None
[2025-04-28T02:04:35.338+0000] {processor.py:183} INFO - Processing /opt/airflow/dags/export_tables_to_parquet.py took 0.253 seconds
[2025-04-28T02:05:06.221+0000] {processor.py:161} INFO - Started process (PID=1155) to work on /opt/airflow/dags/export_tables_to_parquet.py
[2025-04-28T02:05:06.221+0000] {processor.py:830} INFO - Processing file /opt/airflow/dags/export_tables_to_parquet.py for tasks to queue
[2025-04-28T02:05:06.222+0000] {logging_mixin.py:188} INFO - [2025-04-28T02:05:06.222+0000] {dagbag.py:540} INFO - Filling up the DagBag from /opt/airflow/dags/export_tables_to_parquet.py
[2025-04-28T02:05:06.427+0000] {processor.py:840} INFO - DAG(s) 'export_postgres_tables_to_parquet' retrieved from /opt/airflow/dags/export_tables_to_parquet.py
[2025-04-28T02:05:06.438+0000] {logging_mixin.py:188} INFO - [2025-04-28T02:05:06.438+0000] {dag.py:3096} INFO - Sync 1 DAGs
[2025-04-28T02:05:06.442+0000] {logging_mixin.py:188} INFO - [2025-04-28T02:05:06.442+0000] {dag.py:3954} INFO - Setting next_dagrun for export_postgres_tables_to_parquet to None, run_after=None
[2025-04-28T02:05:06.451+0000] {processor.py:183} INFO - Processing /opt/airflow/dags/export_tables_to_parquet.py took 0.232 seconds
[2025-04-28T02:05:37.397+0000] {processor.py:161} INFO - Started process (PID=1190) to work on /opt/airflow/dags/export_tables_to_parquet.py
[2025-04-28T02:05:37.398+0000] {processor.py:830} INFO - Processing file /opt/airflow/dags/export_tables_to_parquet.py for tasks to queue
[2025-04-28T02:05:37.399+0000] {logging_mixin.py:188} INFO - [2025-04-28T02:05:37.398+0000] {dagbag.py:540} INFO - Filling up the DagBag from /opt/airflow/dags/export_tables_to_parquet.py
[2025-04-28T02:05:37.607+0000] {processor.py:840} INFO - DAG(s) 'export_postgres_tables_to_parquet' retrieved from /opt/airflow/dags/export_tables_to_parquet.py
[2025-04-28T02:05:37.617+0000] {logging_mixin.py:188} INFO - [2025-04-28T02:05:37.617+0000] {dag.py:3096} INFO - Sync 1 DAGs
[2025-04-28T02:05:37.622+0000] {logging_mixin.py:188} INFO - [2025-04-28T02:05:37.622+0000] {dag.py:3954} INFO - Setting next_dagrun for export_postgres_tables_to_parquet to None, run_after=None
[2025-04-28T02:05:37.629+0000] {processor.py:183} INFO - Processing /opt/airflow/dags/export_tables_to_parquet.py took 0.235 seconds
[2025-04-28T02:06:08.560+0000] {processor.py:161} INFO - Started process (PID=1225) to work on /opt/airflow/dags/export_tables_to_parquet.py
[2025-04-28T02:06:08.561+0000] {processor.py:830} INFO - Processing file /opt/airflow/dags/export_tables_to_parquet.py for tasks to queue
[2025-04-28T02:06:08.562+0000] {logging_mixin.py:188} INFO - [2025-04-28T02:06:08.561+0000] {dagbag.py:540} INFO - Filling up the DagBag from /opt/airflow/dags/export_tables_to_parquet.py
[2025-04-28T02:06:08.765+0000] {processor.py:840} INFO - DAG(s) 'export_postgres_tables_to_parquet' retrieved from /opt/airflow/dags/export_tables_to_parquet.py
[2025-04-28T02:06:08.776+0000] {logging_mixin.py:188} INFO - [2025-04-28T02:06:08.776+0000] {dag.py:3096} INFO - Sync 1 DAGs
[2025-04-28T02:06:08.781+0000] {logging_mixin.py:188} INFO - [2025-04-28T02:06:08.781+0000] {dag.py:3954} INFO - Setting next_dagrun for export_postgres_tables_to_parquet to None, run_after=None
[2025-04-28T02:06:08.788+0000] {processor.py:183} INFO - Processing /opt/airflow/dags/export_tables_to_parquet.py took 0.230 seconds
[2025-04-28T02:06:39.751+0000] {processor.py:161} INFO - Started process (PID=1260) to work on /opt/airflow/dags/export_tables_to_parquet.py
[2025-04-28T02:06:39.752+0000] {processor.py:830} INFO - Processing file /opt/airflow/dags/export_tables_to_parquet.py for tasks to queue
[2025-04-28T02:06:39.753+0000] {logging_mixin.py:188} INFO - [2025-04-28T02:06:39.752+0000] {dagbag.py:540} INFO - Filling up the DagBag from /opt/airflow/dags/export_tables_to_parquet.py
[2025-04-28T02:06:39.954+0000] {processor.py:840} INFO - DAG(s) 'export_postgres_tables_to_parquet' retrieved from /opt/airflow/dags/export_tables_to_parquet.py
[2025-04-28T02:06:39.964+0000] {logging_mixin.py:188} INFO - [2025-04-28T02:06:39.964+0000] {dag.py:3096} INFO - Sync 1 DAGs
[2025-04-28T02:06:39.969+0000] {logging_mixin.py:188} INFO - [2025-04-28T02:06:39.969+0000] {dag.py:3954} INFO - Setting next_dagrun for export_postgres_tables_to_parquet to None, run_after=None
[2025-04-28T02:06:39.976+0000] {processor.py:183} INFO - Processing /opt/airflow/dags/export_tables_to_parquet.py took 0.228 seconds
[2025-04-28T02:07:10.846+0000] {processor.py:161} INFO - Started process (PID=1295) to work on /opt/airflow/dags/export_tables_to_parquet.py
[2025-04-28T02:07:10.846+0000] {processor.py:830} INFO - Processing file /opt/airflow/dags/export_tables_to_parquet.py for tasks to queue
[2025-04-28T02:07:10.847+0000] {logging_mixin.py:188} INFO - [2025-04-28T02:07:10.847+0000] {dagbag.py:540} INFO - Filling up the DagBag from /opt/airflow/dags/export_tables_to_parquet.py
[2025-04-28T02:07:11.065+0000] {processor.py:840} INFO - DAG(s) 'export_postgres_tables_to_parquet' retrieved from /opt/airflow/dags/export_tables_to_parquet.py
[2025-04-28T02:07:11.077+0000] {logging_mixin.py:188} INFO - [2025-04-28T02:07:11.076+0000] {dag.py:3096} INFO - Sync 1 DAGs
[2025-04-28T02:07:11.081+0000] {logging_mixin.py:188} INFO - [2025-04-28T02:07:11.081+0000] {dag.py:3954} INFO - Setting next_dagrun for export_postgres_tables_to_parquet to None, run_after=None
[2025-04-28T02:07:11.090+0000] {processor.py:183} INFO - Processing /opt/airflow/dags/export_tables_to_parquet.py took 0.246 seconds
[2025-04-28T02:07:41.944+0000] {processor.py:161} INFO - Started process (PID=1330) to work on /opt/airflow/dags/export_tables_to_parquet.py
[2025-04-28T02:07:41.945+0000] {processor.py:830} INFO - Processing file /opt/airflow/dags/export_tables_to_parquet.py for tasks to queue
[2025-04-28T02:07:41.945+0000] {logging_mixin.py:188} INFO - [2025-04-28T02:07:41.945+0000] {dagbag.py:540} INFO - Filling up the DagBag from /opt/airflow/dags/export_tables_to_parquet.py
[2025-04-28T02:07:42.140+0000] {processor.py:840} INFO - DAG(s) 'export_postgres_tables_to_parquet' retrieved from /opt/airflow/dags/export_tables_to_parquet.py
[2025-04-28T02:07:42.151+0000] {logging_mixin.py:188} INFO - [2025-04-28T02:07:42.151+0000] {dag.py:3096} INFO - Sync 1 DAGs
[2025-04-28T02:07:42.155+0000] {logging_mixin.py:188} INFO - [2025-04-28T02:07:42.155+0000] {dag.py:3954} INFO - Setting next_dagrun for export_postgres_tables_to_parquet to None, run_after=None
[2025-04-28T02:07:42.163+0000] {processor.py:183} INFO - Processing /opt/airflow/dags/export_tables_to_parquet.py took 0.221 seconds
[2025-04-28T02:08:13.073+0000] {processor.py:161} INFO - Started process (PID=1365) to work on /opt/airflow/dags/export_tables_to_parquet.py
[2025-04-28T02:08:13.074+0000] {processor.py:830} INFO - Processing file /opt/airflow/dags/export_tables_to_parquet.py for tasks to queue
[2025-04-28T02:08:13.075+0000] {logging_mixin.py:188} INFO - [2025-04-28T02:08:13.074+0000] {dagbag.py:540} INFO - Filling up the DagBag from /opt/airflow/dags/export_tables_to_parquet.py
[2025-04-28T02:08:13.293+0000] {processor.py:840} INFO - DAG(s) 'export_postgres_tables_to_parquet' retrieved from /opt/airflow/dags/export_tables_to_parquet.py
[2025-04-28T02:08:13.304+0000] {logging_mixin.py:188} INFO - [2025-04-28T02:08:13.304+0000] {dag.py:3096} INFO - Sync 1 DAGs
[2025-04-28T02:08:13.309+0000] {logging_mixin.py:188} INFO - [2025-04-28T02:08:13.309+0000] {dag.py:3954} INFO - Setting next_dagrun for export_postgres_tables_to_parquet to None, run_after=None
[2025-04-28T02:08:13.320+0000] {processor.py:183} INFO - Processing /opt/airflow/dags/export_tables_to_parquet.py took 0.249 seconds
[2025-04-28T02:08:44.203+0000] {processor.py:161} INFO - Started process (PID=1403) to work on /opt/airflow/dags/export_tables_to_parquet.py
[2025-04-28T02:08:44.204+0000] {processor.py:830} INFO - Processing file /opt/airflow/dags/export_tables_to_parquet.py for tasks to queue
[2025-04-28T02:08:44.205+0000] {logging_mixin.py:188} INFO - [2025-04-28T02:08:44.205+0000] {dagbag.py:540} INFO - Filling up the DagBag from /opt/airflow/dags/export_tables_to_parquet.py
[2025-04-28T02:08:44.433+0000] {processor.py:840} INFO - DAG(s) 'export_postgres_tables_to_parquet' retrieved from /opt/airflow/dags/export_tables_to_parquet.py
[2025-04-28T02:08:44.447+0000] {logging_mixin.py:188} INFO - [2025-04-28T02:08:44.447+0000] {dag.py:3096} INFO - Sync 1 DAGs
[2025-04-28T02:08:44.452+0000] {logging_mixin.py:188} INFO - [2025-04-28T02:08:44.452+0000] {dag.py:3954} INFO - Setting next_dagrun for export_postgres_tables_to_parquet to None, run_after=None
[2025-04-28T02:08:44.460+0000] {processor.py:183} INFO - Processing /opt/airflow/dags/export_tables_to_parquet.py took 0.259 seconds
[2025-04-28T02:09:15.165+0000] {processor.py:161} INFO - Started process (PID=1438) to work on /opt/airflow/dags/export_tables_to_parquet.py
[2025-04-28T02:09:15.165+0000] {processor.py:830} INFO - Processing file /opt/airflow/dags/export_tables_to_parquet.py for tasks to queue
[2025-04-28T02:09:15.166+0000] {logging_mixin.py:188} INFO - [2025-04-28T02:09:15.166+0000] {dagbag.py:540} INFO - Filling up the DagBag from /opt/airflow/dags/export_tables_to_parquet.py
[2025-04-28T02:09:15.396+0000] {processor.py:840} INFO - DAG(s) 'export_postgres_tables_to_parquet' retrieved from /opt/airflow/dags/export_tables_to_parquet.py
[2025-04-28T02:09:15.408+0000] {logging_mixin.py:188} INFO - [2025-04-28T02:09:15.408+0000] {dag.py:3096} INFO - Sync 1 DAGs
[2025-04-28T02:09:15.414+0000] {logging_mixin.py:188} INFO - [2025-04-28T02:09:15.414+0000] {dag.py:3954} INFO - Setting next_dagrun for export_postgres_tables_to_parquet to None, run_after=None
[2025-04-28T02:09:15.422+0000] {processor.py:183} INFO - Processing /opt/airflow/dags/export_tables_to_parquet.py took 0.260 seconds
[2025-04-28T02:09:46.164+0000] {processor.py:161} INFO - Started process (PID=1473) to work on /opt/airflow/dags/export_tables_to_parquet.py
[2025-04-28T02:09:46.168+0000] {processor.py:830} INFO - Processing file /opt/airflow/dags/export_tables_to_parquet.py for tasks to queue
[2025-04-28T02:09:46.169+0000] {logging_mixin.py:188} INFO - [2025-04-28T02:09:46.169+0000] {dagbag.py:540} INFO - Filling up the DagBag from /opt/airflow/dags/export_tables_to_parquet.py
[2025-04-28T02:09:46.400+0000] {processor.py:840} INFO - DAG(s) 'export_postgres_tables_to_parquet' retrieved from /opt/airflow/dags/export_tables_to_parquet.py
[2025-04-28T02:09:46.411+0000] {logging_mixin.py:188} INFO - [2025-04-28T02:09:46.411+0000] {dag.py:3096} INFO - Sync 1 DAGs
[2025-04-28T02:09:46.417+0000] {logging_mixin.py:188} INFO - [2025-04-28T02:09:46.417+0000] {dag.py:3954} INFO - Setting next_dagrun for export_postgres_tables_to_parquet to None, run_after=None
[2025-04-28T02:09:46.426+0000] {processor.py:183} INFO - Processing /opt/airflow/dags/export_tables_to_parquet.py took 0.264 seconds
[2025-04-28T02:10:17.256+0000] {processor.py:161} INFO - Started process (PID=1510) to work on /opt/airflow/dags/export_tables_to_parquet.py
[2025-04-28T02:10:17.256+0000] {processor.py:830} INFO - Processing file /opt/airflow/dags/export_tables_to_parquet.py for tasks to queue
[2025-04-28T02:10:17.257+0000] {logging_mixin.py:188} INFO - [2025-04-28T02:10:17.257+0000] {dagbag.py:540} INFO - Filling up the DagBag from /opt/airflow/dags/export_tables_to_parquet.py
[2025-04-28T02:10:17.451+0000] {processor.py:840} INFO - DAG(s) 'export_postgres_tables_to_parquet' retrieved from /opt/airflow/dags/export_tables_to_parquet.py
[2025-04-28T02:10:17.461+0000] {logging_mixin.py:188} INFO - [2025-04-28T02:10:17.461+0000] {dag.py:3096} INFO - Sync 1 DAGs
[2025-04-28T02:10:17.466+0000] {logging_mixin.py:188} INFO - [2025-04-28T02:10:17.466+0000] {dag.py:3954} INFO - Setting next_dagrun for export_postgres_tables_to_parquet to None, run_after=None
[2025-04-28T02:10:17.473+0000] {processor.py:183} INFO - Processing /opt/airflow/dags/export_tables_to_parquet.py took 0.220 seconds
[2025-04-28T02:10:48.122+0000] {processor.py:161} INFO - Started process (PID=1545) to work on /opt/airflow/dags/export_tables_to_parquet.py
[2025-04-28T02:10:48.123+0000] {processor.py:830} INFO - Processing file /opt/airflow/dags/export_tables_to_parquet.py for tasks to queue
[2025-04-28T02:10:48.123+0000] {logging_mixin.py:188} INFO - [2025-04-28T02:10:48.123+0000] {dagbag.py:540} INFO - Filling up the DagBag from /opt/airflow/dags/export_tables_to_parquet.py
[2025-04-28T02:10:48.317+0000] {processor.py:840} INFO - DAG(s) 'export_postgres_tables_to_parquet' retrieved from /opt/airflow/dags/export_tables_to_parquet.py
[2025-04-28T02:10:48.327+0000] {logging_mixin.py:188} INFO - [2025-04-28T02:10:48.327+0000] {dag.py:3096} INFO - Sync 1 DAGs
[2025-04-28T02:10:48.332+0000] {logging_mixin.py:188} INFO - [2025-04-28T02:10:48.332+0000] {dag.py:3954} INFO - Setting next_dagrun for export_postgres_tables_to_parquet to None, run_after=None
[2025-04-28T02:10:48.340+0000] {processor.py:183} INFO - Processing /opt/airflow/dags/export_tables_to_parquet.py took 0.220 seconds
[2025-04-28T02:11:18.978+0000] {processor.py:161} INFO - Started process (PID=1580) to work on /opt/airflow/dags/export_tables_to_parquet.py
[2025-04-28T02:11:18.978+0000] {processor.py:830} INFO - Processing file /opt/airflow/dags/export_tables_to_parquet.py for tasks to queue
[2025-04-28T02:11:18.979+0000] {logging_mixin.py:188} INFO - [2025-04-28T02:11:18.979+0000] {dagbag.py:540} INFO - Filling up the DagBag from /opt/airflow/dags/export_tables_to_parquet.py
[2025-04-28T02:11:19.177+0000] {processor.py:840} INFO - DAG(s) 'export_postgres_tables_to_parquet' retrieved from /opt/airflow/dags/export_tables_to_parquet.py
[2025-04-28T02:11:19.188+0000] {logging_mixin.py:188} INFO - [2025-04-28T02:11:19.188+0000] {dag.py:3096} INFO - Sync 1 DAGs
[2025-04-28T02:11:19.192+0000] {logging_mixin.py:188} INFO - [2025-04-28T02:11:19.192+0000] {dag.py:3954} INFO - Setting next_dagrun for export_postgres_tables_to_parquet to None, run_after=None
[2025-04-28T02:11:19.199+0000] {processor.py:183} INFO - Processing /opt/airflow/dags/export_tables_to_parquet.py took 0.224 seconds
[2025-04-28T02:11:49.876+0000] {processor.py:161} INFO - Started process (PID=1615) to work on /opt/airflow/dags/export_tables_to_parquet.py
[2025-04-28T02:11:49.876+0000] {processor.py:830} INFO - Processing file /opt/airflow/dags/export_tables_to_parquet.py for tasks to queue
[2025-04-28T02:11:49.877+0000] {logging_mixin.py:188} INFO - [2025-04-28T02:11:49.877+0000] {dagbag.py:540} INFO - Filling up the DagBag from /opt/airflow/dags/export_tables_to_parquet.py
[2025-04-28T02:11:50.078+0000] {processor.py:840} INFO - DAG(s) 'export_postgres_tables_to_parquet' retrieved from /opt/airflow/dags/export_tables_to_parquet.py
[2025-04-28T02:11:50.088+0000] {logging_mixin.py:188} INFO - [2025-04-28T02:11:50.088+0000] {dag.py:3096} INFO - Sync 1 DAGs
[2025-04-28T02:11:50.092+0000] {logging_mixin.py:188} INFO - [2025-04-28T02:11:50.092+0000] {dag.py:3954} INFO - Setting next_dagrun for export_postgres_tables_to_parquet to None, run_after=None
[2025-04-28T02:11:50.099+0000] {processor.py:183} INFO - Processing /opt/airflow/dags/export_tables_to_parquet.py took 0.226 seconds
[2025-04-28T02:12:20.738+0000] {processor.py:161} INFO - Started process (PID=1650) to work on /opt/airflow/dags/export_tables_to_parquet.py
[2025-04-28T02:12:20.738+0000] {processor.py:830} INFO - Processing file /opt/airflow/dags/export_tables_to_parquet.py for tasks to queue
[2025-04-28T02:12:20.739+0000] {logging_mixin.py:188} INFO - [2025-04-28T02:12:20.739+0000] {dagbag.py:540} INFO - Filling up the DagBag from /opt/airflow/dags/export_tables_to_parquet.py
[2025-04-28T02:12:20.935+0000] {processor.py:840} INFO - DAG(s) 'export_postgres_tables_to_parquet' retrieved from /opt/airflow/dags/export_tables_to_parquet.py
[2025-04-28T02:12:20.945+0000] {logging_mixin.py:188} INFO - [2025-04-28T02:12:20.945+0000] {dag.py:3096} INFO - Sync 1 DAGs
[2025-04-28T02:12:20.950+0000] {logging_mixin.py:188} INFO - [2025-04-28T02:12:20.949+0000] {dag.py:3954} INFO - Setting next_dagrun for export_postgres_tables_to_parquet to None, run_after=None
[2025-04-28T02:12:20.957+0000] {processor.py:183} INFO - Processing /opt/airflow/dags/export_tables_to_parquet.py took 0.223 seconds
[2025-04-28T02:12:51.620+0000] {processor.py:161} INFO - Started process (PID=1685) to work on /opt/airflow/dags/export_tables_to_parquet.py
[2025-04-28T02:12:51.620+0000] {processor.py:830} INFO - Processing file /opt/airflow/dags/export_tables_to_parquet.py for tasks to queue
[2025-04-28T02:12:51.621+0000] {logging_mixin.py:188} INFO - [2025-04-28T02:12:51.621+0000] {dagbag.py:540} INFO - Filling up the DagBag from /opt/airflow/dags/export_tables_to_parquet.py
[2025-04-28T02:12:51.821+0000] {processor.py:840} INFO - DAG(s) 'export_postgres_tables_to_parquet' retrieved from /opt/airflow/dags/export_tables_to_parquet.py
[2025-04-28T02:12:51.831+0000] {logging_mixin.py:188} INFO - [2025-04-28T02:12:51.831+0000] {dag.py:3096} INFO - Sync 1 DAGs
[2025-04-28T02:12:51.836+0000] {logging_mixin.py:188} INFO - [2025-04-28T02:12:51.836+0000] {dag.py:3954} INFO - Setting next_dagrun for export_postgres_tables_to_parquet to None, run_after=None
[2025-04-28T02:12:51.843+0000] {processor.py:183} INFO - Processing /opt/airflow/dags/export_tables_to_parquet.py took 0.226 seconds
[2025-04-28T02:13:22.728+0000] {processor.py:161} INFO - Started process (PID=1720) to work on /opt/airflow/dags/export_tables_to_parquet.py
[2025-04-28T02:13:22.729+0000] {processor.py:830} INFO - Processing file /opt/airflow/dags/export_tables_to_parquet.py for tasks to queue
[2025-04-28T02:13:22.729+0000] {logging_mixin.py:188} INFO - [2025-04-28T02:13:22.729+0000] {dagbag.py:540} INFO - Filling up the DagBag from /opt/airflow/dags/export_tables_to_parquet.py
[2025-04-28T02:13:22.924+0000] {processor.py:840} INFO - DAG(s) 'export_postgres_tables_to_parquet' retrieved from /opt/airflow/dags/export_tables_to_parquet.py
[2025-04-28T02:13:22.935+0000] {logging_mixin.py:188} INFO - [2025-04-28T02:13:22.935+0000] {dag.py:3096} INFO - Sync 1 DAGs
[2025-04-28T02:13:22.939+0000] {logging_mixin.py:188} INFO - [2025-04-28T02:13:22.939+0000] {dag.py:3954} INFO - Setting next_dagrun for export_postgres_tables_to_parquet to None, run_after=None
[2025-04-28T02:13:22.946+0000] {processor.py:183} INFO - Processing /opt/airflow/dags/export_tables_to_parquet.py took 0.221 seconds
[2025-04-28T02:13:53.591+0000] {processor.py:161} INFO - Started process (PID=1755) to work on /opt/airflow/dags/export_tables_to_parquet.py
[2025-04-28T02:13:53.591+0000] {processor.py:830} INFO - Processing file /opt/airflow/dags/export_tables_to_parquet.py for tasks to queue
[2025-04-28T02:13:53.592+0000] {logging_mixin.py:188} INFO - [2025-04-28T02:13:53.592+0000] {dagbag.py:540} INFO - Filling up the DagBag from /opt/airflow/dags/export_tables_to_parquet.py
[2025-04-28T02:13:53.788+0000] {processor.py:840} INFO - DAG(s) 'export_postgres_tables_to_parquet' retrieved from /opt/airflow/dags/export_tables_to_parquet.py
[2025-04-28T02:13:53.798+0000] {logging_mixin.py:188} INFO - [2025-04-28T02:13:53.798+0000] {dag.py:3096} INFO - Sync 1 DAGs
[2025-04-28T02:13:53.803+0000] {logging_mixin.py:188} INFO - [2025-04-28T02:13:53.803+0000] {dag.py:3954} INFO - Setting next_dagrun for export_postgres_tables_to_parquet to None, run_after=None
[2025-04-28T02:13:53.810+0000] {processor.py:183} INFO - Processing /opt/airflow/dags/export_tables_to_parquet.py took 0.222 seconds
[2025-04-28T02:14:24.425+0000] {processor.py:161} INFO - Started process (PID=1790) to work on /opt/airflow/dags/export_tables_to_parquet.py
[2025-04-28T02:14:24.425+0000] {processor.py:830} INFO - Processing file /opt/airflow/dags/export_tables_to_parquet.py for tasks to queue
[2025-04-28T02:14:24.426+0000] {logging_mixin.py:188} INFO - [2025-04-28T02:14:24.426+0000] {dagbag.py:540} INFO - Filling up the DagBag from /opt/airflow/dags/export_tables_to_parquet.py
[2025-04-28T02:14:24.632+0000] {processor.py:840} INFO - DAG(s) 'export_postgres_tables_to_parquet' retrieved from /opt/airflow/dags/export_tables_to_parquet.py
[2025-04-28T02:14:24.642+0000] {logging_mixin.py:188} INFO - [2025-04-28T02:14:24.642+0000] {dag.py:3096} INFO - Sync 1 DAGs
[2025-04-28T02:14:24.647+0000] {logging_mixin.py:188} INFO - [2025-04-28T02:14:24.647+0000] {dag.py:3954} INFO - Setting next_dagrun for export_postgres_tables_to_parquet to None, run_after=None
[2025-04-28T02:14:24.654+0000] {processor.py:183} INFO - Processing /opt/airflow/dags/export_tables_to_parquet.py took 0.232 seconds
[2025-04-28T02:14:55.583+0000] {processor.py:161} INFO - Started process (PID=1825) to work on /opt/airflow/dags/export_tables_to_parquet.py
[2025-04-28T02:14:55.584+0000] {processor.py:830} INFO - Processing file /opt/airflow/dags/export_tables_to_parquet.py for tasks to queue
[2025-04-28T02:14:55.585+0000] {logging_mixin.py:188} INFO - [2025-04-28T02:14:55.585+0000] {dagbag.py:540} INFO - Filling up the DagBag from /opt/airflow/dags/export_tables_to_parquet.py
[2025-04-28T02:14:55.785+0000] {processor.py:840} INFO - DAG(s) 'export_postgres_tables_to_parquet' retrieved from /opt/airflow/dags/export_tables_to_parquet.py
[2025-04-28T02:14:55.796+0000] {logging_mixin.py:188} INFO - [2025-04-28T02:14:55.796+0000] {dag.py:3096} INFO - Sync 1 DAGs
[2025-04-28T02:14:55.800+0000] {logging_mixin.py:188} INFO - [2025-04-28T02:14:55.800+0000] {dag.py:3954} INFO - Setting next_dagrun for export_postgres_tables_to_parquet to None, run_after=None
[2025-04-28T02:14:55.808+0000] {processor.py:183} INFO - Processing /opt/airflow/dags/export_tables_to_parquet.py took 0.227 seconds
[2025-04-28T02:15:26.446+0000] {processor.py:161} INFO - Started process (PID=1860) to work on /opt/airflow/dags/export_tables_to_parquet.py
[2025-04-28T02:15:26.446+0000] {processor.py:830} INFO - Processing file /opt/airflow/dags/export_tables_to_parquet.py for tasks to queue
[2025-04-28T02:15:26.447+0000] {logging_mixin.py:188} INFO - [2025-04-28T02:15:26.447+0000] {dagbag.py:540} INFO - Filling up the DagBag from /opt/airflow/dags/export_tables_to_parquet.py
[2025-04-28T02:15:26.665+0000] {processor.py:840} INFO - DAG(s) 'export_postgres_tables_to_parquet' retrieved from /opt/airflow/dags/export_tables_to_parquet.py
[2025-04-28T02:15:26.677+0000] {logging_mixin.py:188} INFO - [2025-04-28T02:15:26.677+0000] {dag.py:3096} INFO - Sync 1 DAGs
[2025-04-28T02:15:26.681+0000] {logging_mixin.py:188} INFO - [2025-04-28T02:15:26.681+0000] {dag.py:3954} INFO - Setting next_dagrun for export_postgres_tables_to_parquet to None, run_after=None
[2025-04-28T02:15:26.691+0000] {processor.py:183} INFO - Processing /opt/airflow/dags/export_tables_to_parquet.py took 0.249 seconds
[2025-04-28T02:15:57.324+0000] {processor.py:161} INFO - Started process (PID=1895) to work on /opt/airflow/dags/export_tables_to_parquet.py
[2025-04-28T02:15:57.325+0000] {processor.py:830} INFO - Processing file /opt/airflow/dags/export_tables_to_parquet.py for tasks to queue
[2025-04-28T02:15:57.326+0000] {logging_mixin.py:188} INFO - [2025-04-28T02:15:57.325+0000] {dagbag.py:540} INFO - Filling up the DagBag from /opt/airflow/dags/export_tables_to_parquet.py
[2025-04-28T02:15:57.524+0000] {processor.py:840} INFO - DAG(s) 'export_postgres_tables_to_parquet' retrieved from /opt/airflow/dags/export_tables_to_parquet.py
[2025-04-28T02:15:57.535+0000] {logging_mixin.py:188} INFO - [2025-04-28T02:15:57.534+0000] {dag.py:3096} INFO - Sync 1 DAGs
[2025-04-28T02:15:57.539+0000] {logging_mixin.py:188} INFO - [2025-04-28T02:15:57.539+0000] {dag.py:3954} INFO - Setting next_dagrun for export_postgres_tables_to_parquet to None, run_after=None
[2025-04-28T02:15:57.546+0000] {processor.py:183} INFO - Processing /opt/airflow/dags/export_tables_to_parquet.py took 0.224 seconds
[2025-04-28T02:16:28.405+0000] {processor.py:161} INFO - Started process (PID=1930) to work on /opt/airflow/dags/export_tables_to_parquet.py
[2025-04-28T02:16:28.406+0000] {processor.py:830} INFO - Processing file /opt/airflow/dags/export_tables_to_parquet.py for tasks to queue
[2025-04-28T02:16:28.406+0000] {logging_mixin.py:188} INFO - [2025-04-28T02:16:28.406+0000] {dagbag.py:540} INFO - Filling up the DagBag from /opt/airflow/dags/export_tables_to_parquet.py
[2025-04-28T02:16:28.624+0000] {processor.py:840} INFO - DAG(s) 'export_postgres_tables_to_parquet' retrieved from /opt/airflow/dags/export_tables_to_parquet.py
[2025-04-28T02:16:28.636+0000] {logging_mixin.py:188} INFO - [2025-04-28T02:16:28.636+0000] {dag.py:3096} INFO - Sync 1 DAGs
[2025-04-28T02:16:28.641+0000] {logging_mixin.py:188} INFO - [2025-04-28T02:16:28.641+0000] {dag.py:3954} INFO - Setting next_dagrun for export_postgres_tables_to_parquet to None, run_after=None
[2025-04-28T02:16:28.655+0000] {processor.py:183} INFO - Processing /opt/airflow/dags/export_tables_to_parquet.py took 0.253 seconds
[2025-04-28T02:16:59.298+0000] {processor.py:161} INFO - Started process (PID=1965) to work on /opt/airflow/dags/export_tables_to_parquet.py
[2025-04-28T02:16:59.298+0000] {processor.py:830} INFO - Processing file /opt/airflow/dags/export_tables_to_parquet.py for tasks to queue
[2025-04-28T02:16:59.299+0000] {logging_mixin.py:188} INFO - [2025-04-28T02:16:59.299+0000] {dagbag.py:540} INFO - Filling up the DagBag from /opt/airflow/dags/export_tables_to_parquet.py
[2025-04-28T02:16:59.492+0000] {processor.py:840} INFO - DAG(s) 'export_postgres_tables_to_parquet' retrieved from /opt/airflow/dags/export_tables_to_parquet.py
[2025-04-28T02:16:59.503+0000] {logging_mixin.py:188} INFO - [2025-04-28T02:16:59.503+0000] {dag.py:3096} INFO - Sync 1 DAGs
[2025-04-28T02:16:59.507+0000] {logging_mixin.py:188} INFO - [2025-04-28T02:16:59.507+0000] {dag.py:3954} INFO - Setting next_dagrun for export_postgres_tables_to_parquet to None, run_after=None
[2025-04-28T02:16:59.515+0000] {processor.py:183} INFO - Processing /opt/airflow/dags/export_tables_to_parquet.py took 0.220 seconds
[2025-04-28T02:17:30.141+0000] {processor.py:161} INFO - Started process (PID=2000) to work on /opt/airflow/dags/export_tables_to_parquet.py
[2025-04-28T02:17:30.141+0000] {processor.py:830} INFO - Processing file /opt/airflow/dags/export_tables_to_parquet.py for tasks to queue
[2025-04-28T02:17:30.142+0000] {logging_mixin.py:188} INFO - [2025-04-28T02:17:30.142+0000] {dagbag.py:540} INFO - Filling up the DagBag from /opt/airflow/dags/export_tables_to_parquet.py
[2025-04-28T02:17:30.337+0000] {processor.py:840} INFO - DAG(s) 'export_postgres_tables_to_parquet' retrieved from /opt/airflow/dags/export_tables_to_parquet.py
[2025-04-28T02:17:30.347+0000] {logging_mixin.py:188} INFO - [2025-04-28T02:17:30.347+0000] {dag.py:3096} INFO - Sync 1 DAGs
[2025-04-28T02:17:30.351+0000] {logging_mixin.py:188} INFO - [2025-04-28T02:17:30.351+0000] {dag.py:3954} INFO - Setting next_dagrun for export_postgres_tables_to_parquet to None, run_after=None
[2025-04-28T02:17:30.358+0000] {processor.py:183} INFO - Processing /opt/airflow/dags/export_tables_to_parquet.py took 0.220 seconds
[2025-04-28T02:18:01.266+0000] {processor.py:161} INFO - Started process (PID=2035) to work on /opt/airflow/dags/export_tables_to_parquet.py
[2025-04-28T02:18:01.267+0000] {processor.py:830} INFO - Processing file /opt/airflow/dags/export_tables_to_parquet.py for tasks to queue
[2025-04-28T02:18:01.268+0000] {logging_mixin.py:188} INFO - [2025-04-28T02:18:01.267+0000] {dagbag.py:540} INFO - Filling up the DagBag from /opt/airflow/dags/export_tables_to_parquet.py
[2025-04-28T02:18:01.482+0000] {processor.py:840} INFO - DAG(s) 'export_postgres_tables_to_parquet' retrieved from /opt/airflow/dags/export_tables_to_parquet.py
[2025-04-28T02:18:01.494+0000] {logging_mixin.py:188} INFO - [2025-04-28T02:18:01.494+0000] {dag.py:3096} INFO - Sync 1 DAGs
[2025-04-28T02:18:01.498+0000] {logging_mixin.py:188} INFO - [2025-04-28T02:18:01.498+0000] {dag.py:3954} INFO - Setting next_dagrun for export_postgres_tables_to_parquet to None, run_after=None
[2025-04-28T02:18:01.509+0000] {processor.py:183} INFO - Processing /opt/airflow/dags/export_tables_to_parquet.py took 0.245 seconds
[2025-04-28T02:18:32.129+0000] {processor.py:161} INFO - Started process (PID=2070) to work on /opt/airflow/dags/export_tables_to_parquet.py
[2025-04-28T02:18:32.130+0000] {processor.py:830} INFO - Processing file /opt/airflow/dags/export_tables_to_parquet.py for tasks to queue
[2025-04-28T02:18:32.130+0000] {logging_mixin.py:188} INFO - [2025-04-28T02:18:32.130+0000] {dagbag.py:540} INFO - Filling up the DagBag from /opt/airflow/dags/export_tables_to_parquet.py
[2025-04-28T02:18:32.327+0000] {processor.py:840} INFO - DAG(s) 'export_postgres_tables_to_parquet' retrieved from /opt/airflow/dags/export_tables_to_parquet.py
[2025-04-28T02:18:32.337+0000] {logging_mixin.py:188} INFO - [2025-04-28T02:18:32.337+0000] {dag.py:3096} INFO - Sync 1 DAGs
[2025-04-28T02:18:32.342+0000] {logging_mixin.py:188} INFO - [2025-04-28T02:18:32.342+0000] {dag.py:3954} INFO - Setting next_dagrun for export_postgres_tables_to_parquet to None, run_after=None
[2025-04-28T02:18:32.349+0000] {processor.py:183} INFO - Processing /opt/airflow/dags/export_tables_to_parquet.py took 0.223 seconds
[2025-04-28T02:19:02.979+0000] {processor.py:161} INFO - Started process (PID=2105) to work on /opt/airflow/dags/export_tables_to_parquet.py
[2025-04-28T02:19:02.980+0000] {processor.py:830} INFO - Processing file /opt/airflow/dags/export_tables_to_parquet.py for tasks to queue
[2025-04-28T02:19:02.981+0000] {logging_mixin.py:188} INFO - [2025-04-28T02:19:02.980+0000] {dagbag.py:540} INFO - Filling up the DagBag from /opt/airflow/dags/export_tables_to_parquet.py
[2025-04-28T02:19:03.199+0000] {processor.py:840} INFO - DAG(s) 'export_postgres_tables_to_parquet' retrieved from /opt/airflow/dags/export_tables_to_parquet.py
[2025-04-28T02:19:03.212+0000] {logging_mixin.py:188} INFO - [2025-04-28T02:19:03.212+0000] {dag.py:3096} INFO - Sync 1 DAGs
[2025-04-28T02:19:03.216+0000] {logging_mixin.py:188} INFO - [2025-04-28T02:19:03.216+0000] {dag.py:3954} INFO - Setting next_dagrun for export_postgres_tables_to_parquet to None, run_after=None
[2025-04-28T02:19:03.228+0000] {processor.py:183} INFO - Processing /opt/airflow/dags/export_tables_to_parquet.py took 0.252 seconds
[2025-04-28T02:19:33.838+0000] {processor.py:161} INFO - Started process (PID=2140) to work on /opt/airflow/dags/export_tables_to_parquet.py
[2025-04-28T02:19:33.838+0000] {processor.py:830} INFO - Processing file /opt/airflow/dags/export_tables_to_parquet.py for tasks to queue
[2025-04-28T02:19:33.839+0000] {logging_mixin.py:188} INFO - [2025-04-28T02:19:33.839+0000] {dagbag.py:540} INFO - Filling up the DagBag from /opt/airflow/dags/export_tables_to_parquet.py
[2025-04-28T02:19:34.032+0000] {processor.py:840} INFO - DAG(s) 'export_postgres_tables_to_parquet' retrieved from /opt/airflow/dags/export_tables_to_parquet.py
[2025-04-28T02:19:34.043+0000] {logging_mixin.py:188} INFO - [2025-04-28T02:19:34.043+0000] {dag.py:3096} INFO - Sync 1 DAGs
[2025-04-28T02:19:34.047+0000] {logging_mixin.py:188} INFO - [2025-04-28T02:19:34.047+0000] {dag.py:3954} INFO - Setting next_dagrun for export_postgres_tables_to_parquet to None, run_after=None
[2025-04-28T02:19:34.055+0000] {processor.py:183} INFO - Processing /opt/airflow/dags/export_tables_to_parquet.py took 0.220 seconds
[2025-04-28T02:20:04.966+0000] {processor.py:161} INFO - Started process (PID=2175) to work on /opt/airflow/dags/export_tables_to_parquet.py
[2025-04-28T02:20:04.967+0000] {processor.py:830} INFO - Processing file /opt/airflow/dags/export_tables_to_parquet.py for tasks to queue
[2025-04-28T02:20:04.968+0000] {logging_mixin.py:188} INFO - [2025-04-28T02:20:04.968+0000] {dagbag.py:540} INFO - Filling up the DagBag from /opt/airflow/dags/export_tables_to_parquet.py
[2025-04-28T02:20:05.163+0000] {processor.py:840} INFO - DAG(s) 'export_postgres_tables_to_parquet' retrieved from /opt/airflow/dags/export_tables_to_parquet.py
[2025-04-28T02:20:05.173+0000] {logging_mixin.py:188} INFO - [2025-04-28T02:20:05.173+0000] {dag.py:3096} INFO - Sync 1 DAGs
[2025-04-28T02:20:05.177+0000] {logging_mixin.py:188} INFO - [2025-04-28T02:20:05.177+0000] {dag.py:3954} INFO - Setting next_dagrun for export_postgres_tables_to_parquet to None, run_after=None
[2025-04-28T02:20:05.185+0000] {processor.py:183} INFO - Processing /opt/airflow/dags/export_tables_to_parquet.py took 0.221 seconds
[2025-04-28T02:20:35.852+0000] {processor.py:161} INFO - Started process (PID=2210) to work on /opt/airflow/dags/export_tables_to_parquet.py
[2025-04-28T02:20:35.852+0000] {processor.py:830} INFO - Processing file /opt/airflow/dags/export_tables_to_parquet.py for tasks to queue
[2025-04-28T02:20:35.853+0000] {logging_mixin.py:188} INFO - [2025-04-28T02:20:35.853+0000] {dagbag.py:540} INFO - Filling up the DagBag from /opt/airflow/dags/export_tables_to_parquet.py
[2025-04-28T02:20:36.051+0000] {processor.py:840} INFO - DAG(s) 'export_postgres_tables_to_parquet' retrieved from /opt/airflow/dags/export_tables_to_parquet.py
[2025-04-28T02:20:36.062+0000] {logging_mixin.py:188} INFO - [2025-04-28T02:20:36.061+0000] {dag.py:3096} INFO - Sync 1 DAGs
[2025-04-28T02:20:36.066+0000] {logging_mixin.py:188} INFO - [2025-04-28T02:20:36.066+0000] {dag.py:3954} INFO - Setting next_dagrun for export_postgres_tables_to_parquet to None, run_after=None
[2025-04-28T02:20:36.074+0000] {processor.py:183} INFO - Processing /opt/airflow/dags/export_tables_to_parquet.py took 0.225 seconds
[2025-04-28T02:21:07.003+0000] {processor.py:161} INFO - Started process (PID=2245) to work on /opt/airflow/dags/export_tables_to_parquet.py
[2025-04-28T02:21:07.004+0000] {processor.py:830} INFO - Processing file /opt/airflow/dags/export_tables_to_parquet.py for tasks to queue
[2025-04-28T02:21:07.005+0000] {logging_mixin.py:188} INFO - [2025-04-28T02:21:07.004+0000] {dagbag.py:540} INFO - Filling up the DagBag from /opt/airflow/dags/export_tables_to_parquet.py
[2025-04-28T02:21:07.198+0000] {processor.py:840} INFO - DAG(s) 'export_postgres_tables_to_parquet' retrieved from /opt/airflow/dags/export_tables_to_parquet.py
[2025-04-28T02:21:07.208+0000] {logging_mixin.py:188} INFO - [2025-04-28T02:21:07.208+0000] {dag.py:3096} INFO - Sync 1 DAGs
[2025-04-28T02:21:07.213+0000] {logging_mixin.py:188} INFO - [2025-04-28T02:21:07.213+0000] {dag.py:3954} INFO - Setting next_dagrun for export_postgres_tables_to_parquet to None, run_after=None
[2025-04-28T02:21:07.219+0000] {processor.py:183} INFO - Processing /opt/airflow/dags/export_tables_to_parquet.py took 0.219 seconds
[2025-04-28T02:21:38.095+0000] {processor.py:161} INFO - Started process (PID=2280) to work on /opt/airflow/dags/export_tables_to_parquet.py
[2025-04-28T02:21:38.096+0000] {processor.py:830} INFO - Processing file /opt/airflow/dags/export_tables_to_parquet.py for tasks to queue
[2025-04-28T02:21:38.096+0000] {logging_mixin.py:188} INFO - [2025-04-28T02:21:38.096+0000] {dagbag.py:540} INFO - Filling up the DagBag from /opt/airflow/dags/export_tables_to_parquet.py
[2025-04-28T02:21:38.299+0000] {processor.py:840} INFO - DAG(s) 'export_postgres_tables_to_parquet' retrieved from /opt/airflow/dags/export_tables_to_parquet.py
[2025-04-28T02:21:38.310+0000] {logging_mixin.py:188} INFO - [2025-04-28T02:21:38.310+0000] {dag.py:3096} INFO - Sync 1 DAGs
[2025-04-28T02:21:38.315+0000] {logging_mixin.py:188} INFO - [2025-04-28T02:21:38.315+0000] {dag.py:3954} INFO - Setting next_dagrun for export_postgres_tables_to_parquet to None, run_after=None
[2025-04-28T02:21:38.323+0000] {processor.py:183} INFO - Processing /opt/airflow/dags/export_tables_to_parquet.py took 0.230 seconds
[2025-04-28T02:22:09.146+0000] {processor.py:161} INFO - Started process (PID=2315) to work on /opt/airflow/dags/export_tables_to_parquet.py
[2025-04-28T02:22:09.147+0000] {processor.py:830} INFO - Processing file /opt/airflow/dags/export_tables_to_parquet.py for tasks to queue
[2025-04-28T02:22:09.148+0000] {logging_mixin.py:188} INFO - [2025-04-28T02:22:09.147+0000] {dagbag.py:540} INFO - Filling up the DagBag from /opt/airflow/dags/export_tables_to_parquet.py
[2025-04-28T02:22:09.344+0000] {processor.py:840} INFO - DAG(s) 'export_postgres_tables_to_parquet' retrieved from /opt/airflow/dags/export_tables_to_parquet.py
[2025-04-28T02:22:09.355+0000] {logging_mixin.py:188} INFO - [2025-04-28T02:22:09.355+0000] {dag.py:3096} INFO - Sync 1 DAGs
[2025-04-28T02:22:09.361+0000] {logging_mixin.py:188} INFO - [2025-04-28T02:22:09.361+0000] {dag.py:3954} INFO - Setting next_dagrun for export_postgres_tables_to_parquet to None, run_after=None
[2025-04-28T02:22:09.369+0000] {processor.py:183} INFO - Processing /opt/airflow/dags/export_tables_to_parquet.py took 0.226 seconds
[2025-04-28T02:22:39.999+0000] {processor.py:161} INFO - Started process (PID=2350) to work on /opt/airflow/dags/export_tables_to_parquet.py
[2025-04-28T02:22:40.000+0000] {processor.py:830} INFO - Processing file /opt/airflow/dags/export_tables_to_parquet.py for tasks to queue
[2025-04-28T02:22:40.001+0000] {logging_mixin.py:188} INFO - [2025-04-28T02:22:40.001+0000] {dagbag.py:540} INFO - Filling up the DagBag from /opt/airflow/dags/export_tables_to_parquet.py
[2025-04-28T02:22:40.197+0000] {processor.py:840} INFO - DAG(s) 'export_postgres_tables_to_parquet' retrieved from /opt/airflow/dags/export_tables_to_parquet.py
[2025-04-28T02:22:40.208+0000] {logging_mixin.py:188} INFO - [2025-04-28T02:22:40.208+0000] {dag.py:3096} INFO - Sync 1 DAGs
[2025-04-28T02:22:40.212+0000] {logging_mixin.py:188} INFO - [2025-04-28T02:22:40.212+0000] {dag.py:3954} INFO - Setting next_dagrun for export_postgres_tables_to_parquet to None, run_after=None
[2025-04-28T02:22:40.220+0000] {processor.py:183} INFO - Processing /opt/airflow/dags/export_tables_to_parquet.py took 0.223 seconds
[2025-04-28T02:23:10.891+0000] {processor.py:161} INFO - Started process (PID=2385) to work on /opt/airflow/dags/export_tables_to_parquet.py
[2025-04-28T02:23:10.892+0000] {processor.py:830} INFO - Processing file /opt/airflow/dags/export_tables_to_parquet.py for tasks to queue
[2025-04-28T02:23:10.893+0000] {logging_mixin.py:188} INFO - [2025-04-28T02:23:10.892+0000] {dagbag.py:540} INFO - Filling up the DagBag from /opt/airflow/dags/export_tables_to_parquet.py
[2025-04-28T02:23:11.108+0000] {processor.py:840} INFO - DAG(s) 'export_postgres_tables_to_parquet' retrieved from /opt/airflow/dags/export_tables_to_parquet.py
[2025-04-28T02:23:11.122+0000] {logging_mixin.py:188} INFO - [2025-04-28T02:23:11.121+0000] {dag.py:3096} INFO - Sync 1 DAGs
[2025-04-28T02:23:11.128+0000] {logging_mixin.py:188} INFO - [2025-04-28T02:23:11.128+0000] {dag.py:3954} INFO - Setting next_dagrun for export_postgres_tables_to_parquet to None, run_after=None
[2025-04-28T02:23:11.138+0000] {processor.py:183} INFO - Processing /opt/airflow/dags/export_tables_to_parquet.py took 0.250 seconds
[2025-04-28T02:23:41.789+0000] {processor.py:161} INFO - Started process (PID=2420) to work on /opt/airflow/dags/export_tables_to_parquet.py
[2025-04-28T02:23:41.790+0000] {processor.py:830} INFO - Processing file /opt/airflow/dags/export_tables_to_parquet.py for tasks to queue
[2025-04-28T02:23:41.791+0000] {logging_mixin.py:188} INFO - [2025-04-28T02:23:41.791+0000] {dagbag.py:540} INFO - Filling up the DagBag from /opt/airflow/dags/export_tables_to_parquet.py
[2025-04-28T02:23:41.996+0000] {processor.py:840} INFO - DAG(s) 'export_postgres_tables_to_parquet' retrieved from /opt/airflow/dags/export_tables_to_parquet.py
[2025-04-28T02:23:42.007+0000] {logging_mixin.py:188} INFO - [2025-04-28T02:23:42.006+0000] {dag.py:3096} INFO - Sync 1 DAGs
[2025-04-28T02:23:42.011+0000] {logging_mixin.py:188} INFO - [2025-04-28T02:23:42.011+0000] {dag.py:3954} INFO - Setting next_dagrun for export_postgres_tables_to_parquet to None, run_after=None
[2025-04-28T02:23:42.018+0000] {processor.py:183} INFO - Processing /opt/airflow/dags/export_tables_to_parquet.py took 0.232 seconds
[2025-04-28T02:24:12.606+0000] {processor.py:161} INFO - Started process (PID=2455) to work on /opt/airflow/dags/export_tables_to_parquet.py
[2025-04-28T02:24:12.607+0000] {processor.py:830} INFO - Processing file /opt/airflow/dags/export_tables_to_parquet.py for tasks to queue
[2025-04-28T02:24:12.608+0000] {logging_mixin.py:188} INFO - [2025-04-28T02:24:12.607+0000] {dagbag.py:540} INFO - Filling up the DagBag from /opt/airflow/dags/export_tables_to_parquet.py
[2025-04-28T02:24:12.844+0000] {processor.py:840} INFO - DAG(s) 'export_postgres_tables_to_parquet' retrieved from /opt/airflow/dags/export_tables_to_parquet.py
[2025-04-28T02:24:12.858+0000] {logging_mixin.py:188} INFO - [2025-04-28T02:24:12.858+0000] {dag.py:3096} INFO - Sync 1 DAGs
[2025-04-28T02:24:12.867+0000] {logging_mixin.py:188} INFO - [2025-04-28T02:24:12.867+0000] {dag.py:3954} INFO - Setting next_dagrun for export_postgres_tables_to_parquet to None, run_after=None
[2025-04-28T02:24:12.880+0000] {processor.py:183} INFO - Processing /opt/airflow/dags/export_tables_to_parquet.py took 0.277 seconds
[2025-04-28T02:24:43.743+0000] {processor.py:161} INFO - Started process (PID=2490) to work on /opt/airflow/dags/export_tables_to_parquet.py
[2025-04-28T02:24:43.744+0000] {processor.py:830} INFO - Processing file /opt/airflow/dags/export_tables_to_parquet.py for tasks to queue
[2025-04-28T02:24:43.744+0000] {logging_mixin.py:188} INFO - [2025-04-28T02:24:43.744+0000] {dagbag.py:540} INFO - Filling up the DagBag from /opt/airflow/dags/export_tables_to_parquet.py
[2025-04-28T02:24:43.944+0000] {processor.py:840} INFO - DAG(s) 'export_postgres_tables_to_parquet' retrieved from /opt/airflow/dags/export_tables_to_parquet.py
[2025-04-28T02:24:43.956+0000] {logging_mixin.py:188} INFO - [2025-04-28T02:24:43.956+0000] {dag.py:3096} INFO - Sync 1 DAGs
[2025-04-28T02:24:43.961+0000] {logging_mixin.py:188} INFO - [2025-04-28T02:24:43.961+0000] {dag.py:3954} INFO - Setting next_dagrun for export_postgres_tables_to_parquet to None, run_after=None
[2025-04-28T02:24:43.968+0000] {processor.py:183} INFO - Processing /opt/airflow/dags/export_tables_to_parquet.py took 0.228 seconds
[2025-04-28T02:25:14.899+0000] {processor.py:161} INFO - Started process (PID=2525) to work on /opt/airflow/dags/export_tables_to_parquet.py
[2025-04-28T02:25:14.900+0000] {processor.py:830} INFO - Processing file /opt/airflow/dags/export_tables_to_parquet.py for tasks to queue
[2025-04-28T02:25:14.901+0000] {logging_mixin.py:188} INFO - [2025-04-28T02:25:14.901+0000] {dagbag.py:540} INFO - Filling up the DagBag from /opt/airflow/dags/export_tables_to_parquet.py
[2025-04-28T02:25:15.118+0000] {processor.py:840} INFO - DAG(s) 'export_postgres_tables_to_parquet' retrieved from /opt/airflow/dags/export_tables_to_parquet.py
[2025-04-28T02:25:15.132+0000] {logging_mixin.py:188} INFO - [2025-04-28T02:25:15.132+0000] {dag.py:3096} INFO - Sync 1 DAGs
[2025-04-28T02:25:15.138+0000] {logging_mixin.py:188} INFO - [2025-04-28T02:25:15.138+0000] {dag.py:3954} INFO - Setting next_dagrun for export_postgres_tables_to_parquet to None, run_after=None
[2025-04-28T02:25:15.148+0000] {processor.py:183} INFO - Processing /opt/airflow/dags/export_tables_to_parquet.py took 0.251 seconds
[2025-04-28T02:25:46.016+0000] {processor.py:161} INFO - Started process (PID=2560) to work on /opt/airflow/dags/export_tables_to_parquet.py
[2025-04-28T02:25:46.016+0000] {processor.py:830} INFO - Processing file /opt/airflow/dags/export_tables_to_parquet.py for tasks to queue
[2025-04-28T02:25:46.017+0000] {logging_mixin.py:188} INFO - [2025-04-28T02:25:46.017+0000] {dagbag.py:540} INFO - Filling up the DagBag from /opt/airflow/dags/export_tables_to_parquet.py
[2025-04-28T02:25:46.213+0000] {processor.py:840} INFO - DAG(s) 'export_postgres_tables_to_parquet' retrieved from /opt/airflow/dags/export_tables_to_parquet.py
[2025-04-28T02:25:46.224+0000] {logging_mixin.py:188} INFO - [2025-04-28T02:25:46.224+0000] {dag.py:3096} INFO - Sync 1 DAGs
[2025-04-28T02:25:46.228+0000] {logging_mixin.py:188} INFO - [2025-04-28T02:25:46.228+0000] {dag.py:3954} INFO - Setting next_dagrun for export_postgres_tables_to_parquet to None, run_after=None
[2025-04-28T02:25:46.235+0000] {processor.py:183} INFO - Processing /opt/airflow/dags/export_tables_to_parquet.py took 0.222 seconds
[2025-04-28T02:26:17.127+0000] {processor.py:161} INFO - Started process (PID=2595) to work on /opt/airflow/dags/export_tables_to_parquet.py
[2025-04-28T02:26:17.128+0000] {processor.py:830} INFO - Processing file /opt/airflow/dags/export_tables_to_parquet.py for tasks to queue
[2025-04-28T02:26:17.128+0000] {logging_mixin.py:188} INFO - [2025-04-28T02:26:17.128+0000] {dagbag.py:540} INFO - Filling up the DagBag from /opt/airflow/dags/export_tables_to_parquet.py
[2025-04-28T02:26:17.351+0000] {processor.py:840} INFO - DAG(s) 'export_postgres_tables_to_parquet' retrieved from /opt/airflow/dags/export_tables_to_parquet.py
[2025-04-28T02:26:17.363+0000] {logging_mixin.py:188} INFO - [2025-04-28T02:26:17.363+0000] {dag.py:3096} INFO - Sync 1 DAGs
[2025-04-28T02:26:17.369+0000] {logging_mixin.py:188} INFO - [2025-04-28T02:26:17.368+0000] {dag.py:3954} INFO - Setting next_dagrun for export_postgres_tables_to_parquet to None, run_after=None
[2025-04-28T02:26:17.376+0000] {processor.py:183} INFO - Processing /opt/airflow/dags/export_tables_to_parquet.py took 0.251 seconds
[2025-04-28T02:26:48.311+0000] {processor.py:161} INFO - Started process (PID=2630) to work on /opt/airflow/dags/export_tables_to_parquet.py
[2025-04-28T02:26:48.312+0000] {processor.py:830} INFO - Processing file /opt/airflow/dags/export_tables_to_parquet.py for tasks to queue
[2025-04-28T02:26:48.313+0000] {logging_mixin.py:188} INFO - [2025-04-28T02:26:48.313+0000] {dagbag.py:540} INFO - Filling up the DagBag from /opt/airflow/dags/export_tables_to_parquet.py
[2025-04-28T02:26:48.528+0000] {processor.py:840} INFO - DAG(s) 'export_postgres_tables_to_parquet' retrieved from /opt/airflow/dags/export_tables_to_parquet.py
[2025-04-28T02:26:48.541+0000] {logging_mixin.py:188} INFO - [2025-04-28T02:26:48.541+0000] {dag.py:3096} INFO - Sync 1 DAGs
[2025-04-28T02:26:48.547+0000] {logging_mixin.py:188} INFO - [2025-04-28T02:26:48.547+0000] {dag.py:3954} INFO - Setting next_dagrun for export_postgres_tables_to_parquet to None, run_after=None
[2025-04-28T02:26:48.557+0000] {processor.py:183} INFO - Processing /opt/airflow/dags/export_tables_to_parquet.py took 0.248 seconds
[2025-04-28T02:27:19.417+0000] {processor.py:161} INFO - Started process (PID=2665) to work on /opt/airflow/dags/export_tables_to_parquet.py
[2025-04-28T02:27:19.418+0000] {processor.py:830} INFO - Processing file /opt/airflow/dags/export_tables_to_parquet.py for tasks to queue
[2025-04-28T02:27:19.418+0000] {logging_mixin.py:188} INFO - [2025-04-28T02:27:19.418+0000] {dagbag.py:540} INFO - Filling up the DagBag from /opt/airflow/dags/export_tables_to_parquet.py
[2025-04-28T02:27:19.613+0000] {processor.py:840} INFO - DAG(s) 'export_postgres_tables_to_parquet' retrieved from /opt/airflow/dags/export_tables_to_parquet.py
[2025-04-28T02:27:19.624+0000] {logging_mixin.py:188} INFO - [2025-04-28T02:27:19.624+0000] {dag.py:3096} INFO - Sync 1 DAGs
[2025-04-28T02:27:19.628+0000] {logging_mixin.py:188} INFO - [2025-04-28T02:27:19.628+0000] {dag.py:3954} INFO - Setting next_dagrun for export_postgres_tables_to_parquet to None, run_after=None
[2025-04-28T02:27:19.636+0000] {processor.py:183} INFO - Processing /opt/airflow/dags/export_tables_to_parquet.py took 0.221 seconds
[2025-04-28T02:27:50.522+0000] {processor.py:161} INFO - Started process (PID=2700) to work on /opt/airflow/dags/export_tables_to_parquet.py
[2025-04-28T02:27:50.522+0000] {processor.py:830} INFO - Processing file /opt/airflow/dags/export_tables_to_parquet.py for tasks to queue
[2025-04-28T02:27:50.523+0000] {logging_mixin.py:188} INFO - [2025-04-28T02:27:50.523+0000] {dagbag.py:540} INFO - Filling up the DagBag from /opt/airflow/dags/export_tables_to_parquet.py
[2025-04-28T02:27:50.716+0000] {processor.py:840} INFO - DAG(s) 'export_postgres_tables_to_parquet' retrieved from /opt/airflow/dags/export_tables_to_parquet.py
[2025-04-28T02:27:50.726+0000] {logging_mixin.py:188} INFO - [2025-04-28T02:27:50.726+0000] {dag.py:3096} INFO - Sync 1 DAGs
[2025-04-28T02:27:50.731+0000] {logging_mixin.py:188} INFO - [2025-04-28T02:27:50.731+0000] {dag.py:3954} INFO - Setting next_dagrun for export_postgres_tables_to_parquet to None, run_after=None
[2025-04-28T02:27:50.739+0000] {processor.py:183} INFO - Processing /opt/airflow/dags/export_tables_to_parquet.py took 0.219 seconds
[2025-04-28T02:28:21.680+0000] {processor.py:161} INFO - Started process (PID=2735) to work on /opt/airflow/dags/export_tables_to_parquet.py
[2025-04-28T02:28:21.680+0000] {processor.py:830} INFO - Processing file /opt/airflow/dags/export_tables_to_parquet.py for tasks to queue
[2025-04-28T02:28:21.681+0000] {logging_mixin.py:188} INFO - [2025-04-28T02:28:21.681+0000] {dagbag.py:540} INFO - Filling up the DagBag from /opt/airflow/dags/export_tables_to_parquet.py
[2025-04-28T02:28:21.872+0000] {processor.py:840} INFO - DAG(s) 'export_postgres_tables_to_parquet' retrieved from /opt/airflow/dags/export_tables_to_parquet.py
[2025-04-28T02:28:21.883+0000] {logging_mixin.py:188} INFO - [2025-04-28T02:28:21.883+0000] {dag.py:3096} INFO - Sync 1 DAGs
[2025-04-28T02:28:21.887+0000] {logging_mixin.py:188} INFO - [2025-04-28T02:28:21.887+0000] {dag.py:3954} INFO - Setting next_dagrun for export_postgres_tables_to_parquet to None, run_after=None
[2025-04-28T02:28:21.895+0000] {processor.py:183} INFO - Processing /opt/airflow/dags/export_tables_to_parquet.py took 0.217 seconds
[2025-04-28T02:28:52.821+0000] {processor.py:161} INFO - Started process (PID=2770) to work on /opt/airflow/dags/export_tables_to_parquet.py
[2025-04-28T02:28:52.821+0000] {processor.py:830} INFO - Processing file /opt/airflow/dags/export_tables_to_parquet.py for tasks to queue
[2025-04-28T02:28:52.822+0000] {logging_mixin.py:188} INFO - [2025-04-28T02:28:52.822+0000] {dagbag.py:540} INFO - Filling up the DagBag from /opt/airflow/dags/export_tables_to_parquet.py
[2025-04-28T02:28:53.023+0000] {processor.py:840} INFO - DAG(s) 'export_postgres_tables_to_parquet' retrieved from /opt/airflow/dags/export_tables_to_parquet.py
[2025-04-28T02:28:53.033+0000] {logging_mixin.py:188} INFO - [2025-04-28T02:28:53.033+0000] {dag.py:3096} INFO - Sync 1 DAGs
[2025-04-28T02:28:53.038+0000] {logging_mixin.py:188} INFO - [2025-04-28T02:28:53.038+0000] {dag.py:3954} INFO - Setting next_dagrun for export_postgres_tables_to_parquet to None, run_after=None
[2025-04-28T02:28:53.045+0000] {processor.py:183} INFO - Processing /opt/airflow/dags/export_tables_to_parquet.py took 0.227 seconds
[2025-04-28T02:29:23.975+0000] {processor.py:161} INFO - Started process (PID=2805) to work on /opt/airflow/dags/export_tables_to_parquet.py
[2025-04-28T02:29:23.975+0000] {processor.py:830} INFO - Processing file /opt/airflow/dags/export_tables_to_parquet.py for tasks to queue
[2025-04-28T02:29:23.976+0000] {logging_mixin.py:188} INFO - [2025-04-28T02:29:23.976+0000] {dagbag.py:540} INFO - Filling up the DagBag from /opt/airflow/dags/export_tables_to_parquet.py
[2025-04-28T02:29:24.178+0000] {processor.py:840} INFO - DAG(s) 'export_postgres_tables_to_parquet' retrieved from /opt/airflow/dags/export_tables_to_parquet.py
[2025-04-28T02:29:24.188+0000] {logging_mixin.py:188} INFO - [2025-04-28T02:29:24.188+0000] {dag.py:3096} INFO - Sync 1 DAGs
[2025-04-28T02:29:24.193+0000] {logging_mixin.py:188} INFO - [2025-04-28T02:29:24.193+0000] {dag.py:3954} INFO - Setting next_dagrun for export_postgres_tables_to_parquet to None, run_after=None
[2025-04-28T02:29:24.200+0000] {processor.py:183} INFO - Processing /opt/airflow/dags/export_tables_to_parquet.py took 0.228 seconds
[2025-04-28T02:29:55.130+0000] {processor.py:161} INFO - Started process (PID=2840) to work on /opt/airflow/dags/export_tables_to_parquet.py
[2025-04-28T02:29:55.130+0000] {processor.py:830} INFO - Processing file /opt/airflow/dags/export_tables_to_parquet.py for tasks to queue
[2025-04-28T02:29:55.131+0000] {logging_mixin.py:188} INFO - [2025-04-28T02:29:55.131+0000] {dagbag.py:540} INFO - Filling up the DagBag from /opt/airflow/dags/export_tables_to_parquet.py
[2025-04-28T02:29:55.350+0000] {processor.py:840} INFO - DAG(s) 'export_postgres_tables_to_parquet' retrieved from /opt/airflow/dags/export_tables_to_parquet.py
[2025-04-28T02:29:55.361+0000] {logging_mixin.py:188} INFO - [2025-04-28T02:29:55.361+0000] {dag.py:3096} INFO - Sync 1 DAGs
[2025-04-28T02:29:55.366+0000] {logging_mixin.py:188} INFO - [2025-04-28T02:29:55.366+0000] {dag.py:3954} INFO - Setting next_dagrun for export_postgres_tables_to_parquet to None, run_after=None
[2025-04-28T02:29:55.374+0000] {processor.py:183} INFO - Processing /opt/airflow/dags/export_tables_to_parquet.py took 0.247 seconds
[2025-04-28T02:30:26.267+0000] {processor.py:161} INFO - Started process (PID=2875) to work on /opt/airflow/dags/export_tables_to_parquet.py
[2025-04-28T02:30:26.267+0000] {processor.py:830} INFO - Processing file /opt/airflow/dags/export_tables_to_parquet.py for tasks to queue
[2025-04-28T02:30:26.268+0000] {logging_mixin.py:188} INFO - [2025-04-28T02:30:26.268+0000] {dagbag.py:540} INFO - Filling up the DagBag from /opt/airflow/dags/export_tables_to_parquet.py
[2025-04-28T02:30:26.495+0000] {processor.py:840} INFO - DAG(s) 'export_postgres_tables_to_parquet' retrieved from /opt/airflow/dags/export_tables_to_parquet.py
[2025-04-28T02:30:26.506+0000] {logging_mixin.py:188} INFO - [2025-04-28T02:30:26.506+0000] {dag.py:3096} INFO - Sync 1 DAGs
[2025-04-28T02:30:26.511+0000] {logging_mixin.py:188} INFO - [2025-04-28T02:30:26.511+0000] {dag.py:3954} INFO - Setting next_dagrun for export_postgres_tables_to_parquet to None, run_after=None
[2025-04-28T02:30:26.519+0000] {processor.py:183} INFO - Processing /opt/airflow/dags/export_tables_to_parquet.py took 0.256 seconds
[2025-04-28T02:30:57.448+0000] {processor.py:161} INFO - Started process (PID=2910) to work on /opt/airflow/dags/export_tables_to_parquet.py
[2025-04-28T02:30:57.448+0000] {processor.py:830} INFO - Processing file /opt/airflow/dags/export_tables_to_parquet.py for tasks to queue
[2025-04-28T02:30:57.449+0000] {logging_mixin.py:188} INFO - [2025-04-28T02:30:57.449+0000] {dagbag.py:540} INFO - Filling up the DagBag from /opt/airflow/dags/export_tables_to_parquet.py
[2025-04-28T02:30:57.648+0000] {processor.py:840} INFO - DAG(s) 'export_postgres_tables_to_parquet' retrieved from /opt/airflow/dags/export_tables_to_parquet.py
[2025-04-28T02:30:57.658+0000] {logging_mixin.py:188} INFO - [2025-04-28T02:30:57.658+0000] {dag.py:3096} INFO - Sync 1 DAGs
[2025-04-28T02:30:57.662+0000] {logging_mixin.py:188} INFO - [2025-04-28T02:30:57.662+0000] {dag.py:3954} INFO - Setting next_dagrun for export_postgres_tables_to_parquet to None, run_after=None
[2025-04-28T02:30:57.670+0000] {processor.py:183} INFO - Processing /opt/airflow/dags/export_tables_to_parquet.py took 0.225 seconds
[2025-04-28T02:31:28.580+0000] {processor.py:161} INFO - Started process (PID=2945) to work on /opt/airflow/dags/export_tables_to_parquet.py
[2025-04-28T02:31:28.580+0000] {processor.py:830} INFO - Processing file /opt/airflow/dags/export_tables_to_parquet.py for tasks to queue
[2025-04-28T02:31:28.581+0000] {logging_mixin.py:188} INFO - [2025-04-28T02:31:28.581+0000] {dagbag.py:540} INFO - Filling up the DagBag from /opt/airflow/dags/export_tables_to_parquet.py
[2025-04-28T02:31:28.779+0000] {processor.py:840} INFO - DAG(s) 'export_postgres_tables_to_parquet' retrieved from /opt/airflow/dags/export_tables_to_parquet.py
[2025-04-28T02:31:28.790+0000] {logging_mixin.py:188} INFO - [2025-04-28T02:31:28.789+0000] {dag.py:3096} INFO - Sync 1 DAGs
[2025-04-28T02:31:28.794+0000] {logging_mixin.py:188} INFO - [2025-04-28T02:31:28.794+0000] {dag.py:3954} INFO - Setting next_dagrun for export_postgres_tables_to_parquet to None, run_after=None
[2025-04-28T02:31:28.802+0000] {processor.py:183} INFO - Processing /opt/airflow/dags/export_tables_to_parquet.py took 0.225 seconds
[2025-04-28T02:31:59.732+0000] {processor.py:161} INFO - Started process (PID=2980) to work on /opt/airflow/dags/export_tables_to_parquet.py
[2025-04-28T02:31:59.732+0000] {processor.py:830} INFO - Processing file /opt/airflow/dags/export_tables_to_parquet.py for tasks to queue
[2025-04-28T02:31:59.733+0000] {logging_mixin.py:188} INFO - [2025-04-28T02:31:59.733+0000] {dagbag.py:540} INFO - Filling up the DagBag from /opt/airflow/dags/export_tables_to_parquet.py
[2025-04-28T02:31:59.929+0000] {processor.py:840} INFO - DAG(s) 'export_postgres_tables_to_parquet' retrieved from /opt/airflow/dags/export_tables_to_parquet.py
[2025-04-28T02:31:59.940+0000] {logging_mixin.py:188} INFO - [2025-04-28T02:31:59.940+0000] {dag.py:3096} INFO - Sync 1 DAGs
[2025-04-28T02:31:59.945+0000] {logging_mixin.py:188} INFO - [2025-04-28T02:31:59.944+0000] {dag.py:3954} INFO - Setting next_dagrun for export_postgres_tables_to_parquet to None, run_after=None
[2025-04-28T02:31:59.953+0000] {processor.py:183} INFO - Processing /opt/airflow/dags/export_tables_to_parquet.py took 0.224 seconds
[2025-04-28T02:32:30.841+0000] {processor.py:161} INFO - Started process (PID=3015) to work on /opt/airflow/dags/export_tables_to_parquet.py
[2025-04-28T02:32:30.841+0000] {processor.py:830} INFO - Processing file /opt/airflow/dags/export_tables_to_parquet.py for tasks to queue
[2025-04-28T02:32:30.842+0000] {logging_mixin.py:188} INFO - [2025-04-28T02:32:30.842+0000] {dagbag.py:540} INFO - Filling up the DagBag from /opt/airflow/dags/export_tables_to_parquet.py
[2025-04-28T02:32:31.060+0000] {processor.py:840} INFO - DAG(s) 'export_postgres_tables_to_parquet' retrieved from /opt/airflow/dags/export_tables_to_parquet.py
[2025-04-28T02:32:31.071+0000] {logging_mixin.py:188} INFO - [2025-04-28T02:32:31.071+0000] {dag.py:3096} INFO - Sync 1 DAGs
[2025-04-28T02:32:31.076+0000] {logging_mixin.py:188} INFO - [2025-04-28T02:32:31.076+0000] {dag.py:3954} INFO - Setting next_dagrun for export_postgres_tables_to_parquet to None, run_after=None
[2025-04-28T02:32:31.084+0000] {processor.py:183} INFO - Processing /opt/airflow/dags/export_tables_to_parquet.py took 0.246 seconds
[2025-04-28T02:33:01.986+0000] {processor.py:161} INFO - Started process (PID=3050) to work on /opt/airflow/dags/export_tables_to_parquet.py
[2025-04-28T02:33:01.986+0000] {processor.py:830} INFO - Processing file /opt/airflow/dags/export_tables_to_parquet.py for tasks to queue
[2025-04-28T02:33:01.987+0000] {logging_mixin.py:188} INFO - [2025-04-28T02:33:01.987+0000] {dagbag.py:540} INFO - Filling up the DagBag from /opt/airflow/dags/export_tables_to_parquet.py
[2025-04-28T02:33:02.187+0000] {processor.py:840} INFO - DAG(s) 'export_postgres_tables_to_parquet' retrieved from /opt/airflow/dags/export_tables_to_parquet.py
[2025-04-28T02:33:02.198+0000] {logging_mixin.py:188} INFO - [2025-04-28T02:33:02.198+0000] {dag.py:3096} INFO - Sync 1 DAGs
[2025-04-28T02:33:02.202+0000] {logging_mixin.py:188} INFO - [2025-04-28T02:33:02.202+0000] {dag.py:3954} INFO - Setting next_dagrun for export_postgres_tables_to_parquet to None, run_after=None
[2025-04-28T02:33:02.209+0000] {processor.py:183} INFO - Processing /opt/airflow/dags/export_tables_to_parquet.py took 0.226 seconds
[2025-04-28T02:33:33.081+0000] {processor.py:161} INFO - Started process (PID=3085) to work on /opt/airflow/dags/export_tables_to_parquet.py
[2025-04-28T02:33:33.082+0000] {processor.py:830} INFO - Processing file /opt/airflow/dags/export_tables_to_parquet.py for tasks to queue
[2025-04-28T02:33:33.082+0000] {logging_mixin.py:188} INFO - [2025-04-28T02:33:33.082+0000] {dagbag.py:540} INFO - Filling up the DagBag from /opt/airflow/dags/export_tables_to_parquet.py
[2025-04-28T02:33:33.283+0000] {processor.py:840} INFO - DAG(s) 'export_postgres_tables_to_parquet' retrieved from /opt/airflow/dags/export_tables_to_parquet.py
[2025-04-28T02:33:33.294+0000] {logging_mixin.py:188} INFO - [2025-04-28T02:33:33.294+0000] {dag.py:3096} INFO - Sync 1 DAGs
[2025-04-28T02:33:33.299+0000] {logging_mixin.py:188} INFO - [2025-04-28T02:33:33.299+0000] {dag.py:3954} INFO - Setting next_dagrun for export_postgres_tables_to_parquet to None, run_after=None
[2025-04-28T02:33:33.305+0000] {processor.py:183} INFO - Processing /opt/airflow/dags/export_tables_to_parquet.py took 0.227 seconds
[2025-04-28T02:34:03.941+0000] {processor.py:161} INFO - Started process (PID=3120) to work on /opt/airflow/dags/export_tables_to_parquet.py
[2025-04-28T02:34:03.942+0000] {processor.py:830} INFO - Processing file /opt/airflow/dags/export_tables_to_parquet.py for tasks to queue
[2025-04-28T02:34:03.943+0000] {logging_mixin.py:188} INFO - [2025-04-28T02:34:03.942+0000] {dagbag.py:540} INFO - Filling up the DagBag from /opt/airflow/dags/export_tables_to_parquet.py
[2025-04-28T02:34:04.165+0000] {processor.py:840} INFO - DAG(s) 'export_postgres_tables_to_parquet' retrieved from /opt/airflow/dags/export_tables_to_parquet.py
[2025-04-28T02:34:04.178+0000] {logging_mixin.py:188} INFO - [2025-04-28T02:34:04.178+0000] {dag.py:3096} INFO - Sync 1 DAGs
[2025-04-28T02:34:04.183+0000] {logging_mixin.py:188} INFO - [2025-04-28T02:34:04.183+0000] {dag.py:3954} INFO - Setting next_dagrun for export_postgres_tables_to_parquet to None, run_after=None
[2025-04-28T02:34:04.192+0000] {processor.py:183} INFO - Processing /opt/airflow/dags/export_tables_to_parquet.py took 0.254 seconds
[2025-04-28T02:34:35.144+0000] {processor.py:161} INFO - Started process (PID=3155) to work on /opt/airflow/dags/export_tables_to_parquet.py
[2025-04-28T02:34:35.145+0000] {processor.py:830} INFO - Processing file /opt/airflow/dags/export_tables_to_parquet.py for tasks to queue
[2025-04-28T02:34:35.145+0000] {logging_mixin.py:188} INFO - [2025-04-28T02:34:35.145+0000] {dagbag.py:540} INFO - Filling up the DagBag from /opt/airflow/dags/export_tables_to_parquet.py
[2025-04-28T02:34:35.367+0000] {processor.py:840} INFO - DAG(s) 'export_postgres_tables_to_parquet' retrieved from /opt/airflow/dags/export_tables_to_parquet.py
[2025-04-28T02:34:35.378+0000] {logging_mixin.py:188} INFO - [2025-04-28T02:34:35.378+0000] {dag.py:3096} INFO - Sync 1 DAGs
[2025-04-28T02:34:35.383+0000] {logging_mixin.py:188} INFO - [2025-04-28T02:34:35.383+0000] {dag.py:3954} INFO - Setting next_dagrun for export_postgres_tables_to_parquet to None, run_after=None
[2025-04-28T02:34:35.393+0000] {processor.py:183} INFO - Processing /opt/airflow/dags/export_tables_to_parquet.py took 0.252 seconds
[2025-04-28T02:35:06.287+0000] {processor.py:161} INFO - Started process (PID=3190) to work on /opt/airflow/dags/export_tables_to_parquet.py
[2025-04-28T02:35:06.288+0000] {processor.py:830} INFO - Processing file /opt/airflow/dags/export_tables_to_parquet.py for tasks to queue
[2025-04-28T02:35:06.289+0000] {logging_mixin.py:188} INFO - [2025-04-28T02:35:06.289+0000] {dagbag.py:540} INFO - Filling up the DagBag from /opt/airflow/dags/export_tables_to_parquet.py
[2025-04-28T02:35:06.521+0000] {processor.py:840} INFO - DAG(s) 'export_postgres_tables_to_parquet' retrieved from /opt/airflow/dags/export_tables_to_parquet.py
[2025-04-28T02:35:06.533+0000] {logging_mixin.py:188} INFO - [2025-04-28T02:35:06.533+0000] {dag.py:3096} INFO - Sync 1 DAGs
[2025-04-28T02:35:06.538+0000] {logging_mixin.py:188} INFO - [2025-04-28T02:35:06.538+0000] {dag.py:3954} INFO - Setting next_dagrun for export_postgres_tables_to_parquet to None, run_after=None
[2025-04-28T02:35:06.548+0000] {processor.py:183} INFO - Processing /opt/airflow/dags/export_tables_to_parquet.py took 0.263 seconds
[2025-04-28T02:35:37.421+0000] {processor.py:161} INFO - Started process (PID=3228) to work on /opt/airflow/dags/export_tables_to_parquet.py
[2025-04-28T02:35:37.421+0000] {processor.py:830} INFO - Processing file /opt/airflow/dags/export_tables_to_parquet.py for tasks to queue
[2025-04-28T02:35:37.422+0000] {logging_mixin.py:188} INFO - [2025-04-28T02:35:37.422+0000] {dagbag.py:540} INFO - Filling up the DagBag from /opt/airflow/dags/export_tables_to_parquet.py
[2025-04-28T02:35:37.666+0000] {processor.py:840} INFO - DAG(s) 'export_postgres_tables_to_parquet' retrieved from /opt/airflow/dags/export_tables_to_parquet.py
[2025-04-28T02:35:37.678+0000] {logging_mixin.py:188} INFO - [2025-04-28T02:35:37.678+0000] {dag.py:3096} INFO - Sync 1 DAGs
[2025-04-28T02:35:37.684+0000] {logging_mixin.py:188} INFO - [2025-04-28T02:35:37.683+0000] {dag.py:3954} INFO - Setting next_dagrun for export_postgres_tables_to_parquet to None, run_after=None
[2025-04-28T02:35:37.693+0000] {processor.py:183} INFO - Processing /opt/airflow/dags/export_tables_to_parquet.py took 0.276 seconds
[2025-04-28T02:36:08.589+0000] {processor.py:161} INFO - Started process (PID=3265) to work on /opt/airflow/dags/export_tables_to_parquet.py
[2025-04-28T02:36:08.590+0000] {processor.py:830} INFO - Processing file /opt/airflow/dags/export_tables_to_parquet.py for tasks to queue
[2025-04-28T02:36:08.591+0000] {logging_mixin.py:188} INFO - [2025-04-28T02:36:08.590+0000] {dagbag.py:540} INFO - Filling up the DagBag from /opt/airflow/dags/export_tables_to_parquet.py
[2025-04-28T02:36:08.793+0000] {processor.py:840} INFO - DAG(s) 'export_postgres_tables_to_parquet' retrieved from /opt/airflow/dags/export_tables_to_parquet.py
[2025-04-28T02:36:08.804+0000] {logging_mixin.py:188} INFO - [2025-04-28T02:36:08.803+0000] {dag.py:3096} INFO - Sync 1 DAGs
[2025-04-28T02:36:08.809+0000] {logging_mixin.py:188} INFO - [2025-04-28T02:36:08.808+0000] {dag.py:3954} INFO - Setting next_dagrun for export_postgres_tables_to_parquet to None, run_after=None
[2025-04-28T02:36:08.816+0000] {processor.py:183} INFO - Processing /opt/airflow/dags/export_tables_to_parquet.py took 0.229 seconds
[2025-04-28T02:36:39.407+0000] {processor.py:161} INFO - Started process (PID=3300) to work on /opt/airflow/dags/export_tables_to_parquet.py
[2025-04-28T02:36:39.407+0000] {processor.py:830} INFO - Processing file /opt/airflow/dags/export_tables_to_parquet.py for tasks to queue
[2025-04-28T02:36:39.408+0000] {logging_mixin.py:188} INFO - [2025-04-28T02:36:39.408+0000] {dagbag.py:540} INFO - Filling up the DagBag from /opt/airflow/dags/export_tables_to_parquet.py
[2025-04-28T02:36:39.613+0000] {processor.py:840} INFO - DAG(s) 'export_postgres_tables_to_parquet' retrieved from /opt/airflow/dags/export_tables_to_parquet.py
[2025-04-28T02:36:39.623+0000] {logging_mixin.py:188} INFO - [2025-04-28T02:36:39.623+0000] {dag.py:3096} INFO - Sync 1 DAGs
[2025-04-28T02:36:39.628+0000] {logging_mixin.py:188} INFO - [2025-04-28T02:36:39.627+0000] {dag.py:3954} INFO - Setting next_dagrun for export_postgres_tables_to_parquet to None, run_after=None
[2025-04-28T02:36:39.635+0000] {processor.py:183} INFO - Processing /opt/airflow/dags/export_tables_to_parquet.py took 0.232 seconds
[2025-04-28T02:37:10.255+0000] {processor.py:161} INFO - Started process (PID=3335) to work on /opt/airflow/dags/export_tables_to_parquet.py
[2025-04-28T02:37:10.256+0000] {processor.py:830} INFO - Processing file /opt/airflow/dags/export_tables_to_parquet.py for tasks to queue
[2025-04-28T02:37:10.257+0000] {logging_mixin.py:188} INFO - [2025-04-28T02:37:10.257+0000] {dagbag.py:540} INFO - Filling up the DagBag from /opt/airflow/dags/export_tables_to_parquet.py
[2025-04-28T02:37:10.475+0000] {processor.py:840} INFO - DAG(s) 'export_postgres_tables_to_parquet' retrieved from /opt/airflow/dags/export_tables_to_parquet.py
[2025-04-28T02:37:10.486+0000] {logging_mixin.py:188} INFO - [2025-04-28T02:37:10.486+0000] {dag.py:3096} INFO - Sync 1 DAGs
[2025-04-28T02:37:10.491+0000] {logging_mixin.py:188} INFO - [2025-04-28T02:37:10.491+0000] {dag.py:3954} INFO - Setting next_dagrun for export_postgres_tables_to_parquet to None, run_after=None
[2025-04-28T02:37:10.498+0000] {processor.py:183} INFO - Processing /opt/airflow/dags/export_tables_to_parquet.py took 0.246 seconds
