[2025-04-28T00:53:25.052+0000] {processor.py:161} INFO - Started process (PID=215) to work on /opt/airflow/dags/move_landing_to_bronze_partitioned.py
[2025-04-28T00:53:25.053+0000] {processor.py:830} INFO - Processing file /opt/airflow/dags/move_landing_to_bronze_partitioned.py for tasks to queue
[2025-04-28T00:53:25.054+0000] {logging_mixin.py:188} INFO - [2025-04-28T00:53:25.054+0000] {dagbag.py:540} INFO - Filling up the DagBag from /opt/airflow/dags/move_landing_to_bronze_partitioned.py
[2025-04-28T00:53:25.317+0000] {processor.py:840} INFO - DAG(s) 'move_landing_to_bronze_partitioned' retrieved from /opt/airflow/dags/move_landing_to_bronze_partitioned.py
[2025-04-28T00:53:25.370+0000] {logging_mixin.py:188} INFO - [2025-04-28T00:53:25.370+0000] {override.py:1829} INFO - Created Permission View: can edit on DAG:move_landing_to_bronze_partitioned
[2025-04-28T00:53:25.374+0000] {logging_mixin.py:188} INFO - [2025-04-28T00:53:25.374+0000] {override.py:1829} INFO - Created Permission View: can read on DAG:move_landing_to_bronze_partitioned
[2025-04-28T00:53:25.376+0000] {logging_mixin.py:188} INFO - [2025-04-28T00:53:25.376+0000] {override.py:1829} INFO - Created Permission View: can delete on DAG:move_landing_to_bronze_partitioned
[2025-04-28T00:53:25.377+0000] {logging_mixin.py:188} INFO - [2025-04-28T00:53:25.377+0000] {dag.py:3096} INFO - Sync 1 DAGs
[2025-04-28T00:53:25.381+0000] {logging_mixin.py:188} INFO - [2025-04-28T00:53:25.381+0000] {dag.py:3118} INFO - Creating ORM DAG for move_landing_to_bronze_partitioned
[2025-04-28T00:53:25.381+0000] {logging_mixin.py:188} INFO - [2025-04-28T00:53:25.381+0000] {dag.py:3954} INFO - Setting next_dagrun for move_landing_to_bronze_partitioned to None, run_after=None
[2025-04-28T00:53:25.387+0000] {processor.py:183} INFO - Processing /opt/airflow/dags/move_landing_to_bronze_partitioned.py took 0.339 seconds
[2025-04-28T00:53:55.417+0000] {processor.py:161} INFO - Started process (PID=226) to work on /opt/airflow/dags/move_landing_to_bronze_partitioned.py
[2025-04-28T00:53:55.418+0000] {processor.py:830} INFO - Processing file /opt/airflow/dags/move_landing_to_bronze_partitioned.py for tasks to queue
[2025-04-28T00:53:55.419+0000] {logging_mixin.py:188} INFO - [2025-04-28T00:53:55.419+0000] {dagbag.py:540} INFO - Filling up the DagBag from /opt/airflow/dags/move_landing_to_bronze_partitioned.py
[2025-04-28T00:53:55.645+0000] {processor.py:840} INFO - DAG(s) 'move_landing_to_bronze_partitioned' retrieved from /opt/airflow/dags/move_landing_to_bronze_partitioned.py
[2025-04-28T00:53:55.656+0000] {logging_mixin.py:188} INFO - [2025-04-28T00:53:55.656+0000] {dag.py:3096} INFO - Sync 1 DAGs
[2025-04-28T00:53:55.660+0000] {logging_mixin.py:188} INFO - [2025-04-28T00:53:55.660+0000] {dag.py:3954} INFO - Setting next_dagrun for move_landing_to_bronze_partitioned to None, run_after=None
[2025-04-28T00:53:55.668+0000] {processor.py:183} INFO - Processing /opt/airflow/dags/move_landing_to_bronze_partitioned.py took 0.258 seconds
[2025-04-28T00:54:25.751+0000] {processor.py:161} INFO - Started process (PID=237) to work on /opt/airflow/dags/move_landing_to_bronze_partitioned.py
[2025-04-28T00:54:25.752+0000] {processor.py:830} INFO - Processing file /opt/airflow/dags/move_landing_to_bronze_partitioned.py for tasks to queue
[2025-04-28T00:54:25.753+0000] {logging_mixin.py:188} INFO - [2025-04-28T00:54:25.753+0000] {dagbag.py:540} INFO - Filling up the DagBag from /opt/airflow/dags/move_landing_to_bronze_partitioned.py
[2025-04-28T00:54:25.965+0000] {processor.py:840} INFO - DAG(s) 'move_landing_to_bronze_partitioned' retrieved from /opt/airflow/dags/move_landing_to_bronze_partitioned.py
[2025-04-28T00:54:25.975+0000] {logging_mixin.py:188} INFO - [2025-04-28T00:54:25.975+0000] {dag.py:3096} INFO - Sync 1 DAGs
[2025-04-28T00:54:25.979+0000] {logging_mixin.py:188} INFO - [2025-04-28T00:54:25.979+0000] {dag.py:3954} INFO - Setting next_dagrun for move_landing_to_bronze_partitioned to None, run_after=None
[2025-04-28T00:54:25.987+0000] {processor.py:183} INFO - Processing /opt/airflow/dags/move_landing_to_bronze_partitioned.py took 0.241 seconds
[2025-04-28T00:54:56.109+0000] {processor.py:161} INFO - Started process (PID=248) to work on /opt/airflow/dags/move_landing_to_bronze_partitioned.py
[2025-04-28T00:54:56.110+0000] {processor.py:830} INFO - Processing file /opt/airflow/dags/move_landing_to_bronze_partitioned.py for tasks to queue
[2025-04-28T00:54:56.111+0000] {logging_mixin.py:188} INFO - [2025-04-28T00:54:56.111+0000] {dagbag.py:540} INFO - Filling up the DagBag from /opt/airflow/dags/move_landing_to_bronze_partitioned.py
[2025-04-28T00:54:56.328+0000] {processor.py:840} INFO - DAG(s) 'move_landing_to_bronze_partitioned' retrieved from /opt/airflow/dags/move_landing_to_bronze_partitioned.py
[2025-04-28T00:54:56.339+0000] {logging_mixin.py:188} INFO - [2025-04-28T00:54:56.339+0000] {dag.py:3096} INFO - Sync 1 DAGs
[2025-04-28T00:54:56.344+0000] {logging_mixin.py:188} INFO - [2025-04-28T00:54:56.344+0000] {dag.py:3954} INFO - Setting next_dagrun for move_landing_to_bronze_partitioned to None, run_after=None
[2025-04-28T00:54:56.352+0000] {processor.py:183} INFO - Processing /opt/airflow/dags/move_landing_to_bronze_partitioned.py took 0.248 seconds
[2025-04-28T00:55:26.470+0000] {processor.py:161} INFO - Started process (PID=259) to work on /opt/airflow/dags/move_landing_to_bronze_partitioned.py
[2025-04-28T00:55:26.471+0000] {processor.py:830} INFO - Processing file /opt/airflow/dags/move_landing_to_bronze_partitioned.py for tasks to queue
[2025-04-28T00:55:26.472+0000] {logging_mixin.py:188} INFO - [2025-04-28T00:55:26.472+0000] {dagbag.py:540} INFO - Filling up the DagBag from /opt/airflow/dags/move_landing_to_bronze_partitioned.py
[2025-04-28T00:55:26.678+0000] {processor.py:840} INFO - DAG(s) 'move_landing_to_bronze_partitioned' retrieved from /opt/airflow/dags/move_landing_to_bronze_partitioned.py
[2025-04-28T00:55:26.688+0000] {logging_mixin.py:188} INFO - [2025-04-28T00:55:26.688+0000] {dag.py:3096} INFO - Sync 1 DAGs
[2025-04-28T00:55:26.692+0000] {logging_mixin.py:188} INFO - [2025-04-28T00:55:26.692+0000] {dag.py:3954} INFO - Setting next_dagrun for move_landing_to_bronze_partitioned to None, run_after=None
[2025-04-28T00:55:26.700+0000] {processor.py:183} INFO - Processing /opt/airflow/dags/move_landing_to_bronze_partitioned.py took 0.235 seconds
[2025-04-28T00:55:56.775+0000] {processor.py:161} INFO - Started process (PID=270) to work on /opt/airflow/dags/move_landing_to_bronze_partitioned.py
[2025-04-28T00:55:56.776+0000] {processor.py:830} INFO - Processing file /opt/airflow/dags/move_landing_to_bronze_partitioned.py for tasks to queue
[2025-04-28T00:55:56.777+0000] {logging_mixin.py:188} INFO - [2025-04-28T00:55:56.777+0000] {dagbag.py:540} INFO - Filling up the DagBag from /opt/airflow/dags/move_landing_to_bronze_partitioned.py
[2025-04-28T00:55:56.985+0000] {processor.py:840} INFO - DAG(s) 'move_landing_to_bronze_partitioned' retrieved from /opt/airflow/dags/move_landing_to_bronze_partitioned.py
[2025-04-28T00:55:56.995+0000] {logging_mixin.py:188} INFO - [2025-04-28T00:55:56.995+0000] {dag.py:3096} INFO - Sync 1 DAGs
[2025-04-28T00:55:56.999+0000] {logging_mixin.py:188} INFO - [2025-04-28T00:55:56.999+0000] {dag.py:3954} INFO - Setting next_dagrun for move_landing_to_bronze_partitioned to None, run_after=None
[2025-04-28T00:55:57.007+0000] {processor.py:183} INFO - Processing /opt/airflow/dags/move_landing_to_bronze_partitioned.py took 0.237 seconds
[2025-04-28T00:56:27.117+0000] {processor.py:161} INFO - Started process (PID=281) to work on /opt/airflow/dags/move_landing_to_bronze_partitioned.py
[2025-04-28T00:56:27.118+0000] {processor.py:830} INFO - Processing file /opt/airflow/dags/move_landing_to_bronze_partitioned.py for tasks to queue
[2025-04-28T00:56:27.119+0000] {logging_mixin.py:188} INFO - [2025-04-28T00:56:27.118+0000] {dagbag.py:540} INFO - Filling up the DagBag from /opt/airflow/dags/move_landing_to_bronze_partitioned.py
[2025-04-28T00:56:27.345+0000] {processor.py:840} INFO - DAG(s) 'move_landing_to_bronze_partitioned' retrieved from /opt/airflow/dags/move_landing_to_bronze_partitioned.py
[2025-04-28T00:56:27.355+0000] {logging_mixin.py:188} INFO - [2025-04-28T00:56:27.355+0000] {dag.py:3096} INFO - Sync 1 DAGs
[2025-04-28T00:56:27.360+0000] {logging_mixin.py:188} INFO - [2025-04-28T00:56:27.360+0000] {dag.py:3954} INFO - Setting next_dagrun for move_landing_to_bronze_partitioned to None, run_after=None
[2025-04-28T00:56:27.368+0000] {processor.py:183} INFO - Processing /opt/airflow/dags/move_landing_to_bronze_partitioned.py took 0.258 seconds
[2025-04-28T00:56:57.474+0000] {processor.py:161} INFO - Started process (PID=292) to work on /opt/airflow/dags/move_landing_to_bronze_partitioned.py
[2025-04-28T00:56:57.475+0000] {processor.py:830} INFO - Processing file /opt/airflow/dags/move_landing_to_bronze_partitioned.py for tasks to queue
[2025-04-28T00:56:57.476+0000] {logging_mixin.py:188} INFO - [2025-04-28T00:56:57.475+0000] {dagbag.py:540} INFO - Filling up the DagBag from /opt/airflow/dags/move_landing_to_bronze_partitioned.py
[2025-04-28T00:56:57.688+0000] {processor.py:840} INFO - DAG(s) 'move_landing_to_bronze_partitioned' retrieved from /opt/airflow/dags/move_landing_to_bronze_partitioned.py
[2025-04-28T00:56:57.698+0000] {logging_mixin.py:188} INFO - [2025-04-28T00:56:57.698+0000] {dag.py:3096} INFO - Sync 1 DAGs
[2025-04-28T00:56:57.702+0000] {logging_mixin.py:188} INFO - [2025-04-28T00:56:57.702+0000] {dag.py:3954} INFO - Setting next_dagrun for move_landing_to_bronze_partitioned to None, run_after=None
[2025-04-28T00:56:57.711+0000] {processor.py:183} INFO - Processing /opt/airflow/dags/move_landing_to_bronze_partitioned.py took 0.242 seconds
[2025-04-28T00:57:27.793+0000] {processor.py:161} INFO - Started process (PID=303) to work on /opt/airflow/dags/move_landing_to_bronze_partitioned.py
[2025-04-28T00:57:27.793+0000] {processor.py:830} INFO - Processing file /opt/airflow/dags/move_landing_to_bronze_partitioned.py for tasks to queue
[2025-04-28T00:57:27.794+0000] {logging_mixin.py:188} INFO - [2025-04-28T00:57:27.794+0000] {dagbag.py:540} INFO - Filling up the DagBag from /opt/airflow/dags/move_landing_to_bronze_partitioned.py
[2025-04-28T00:57:28.005+0000] {processor.py:840} INFO - DAG(s) 'move_landing_to_bronze_partitioned' retrieved from /opt/airflow/dags/move_landing_to_bronze_partitioned.py
[2025-04-28T00:57:28.044+0000] {logging_mixin.py:188} INFO - [2025-04-28T00:57:28.043+0000] {dag.py:3096} INFO - Sync 1 DAGs
[2025-04-28T00:57:28.047+0000] {logging_mixin.py:188} INFO - [2025-04-28T00:57:28.047+0000] {dag.py:3954} INFO - Setting next_dagrun for move_landing_to_bronze_partitioned to None, run_after=None
[2025-04-28T00:57:28.059+0000] {processor.py:183} INFO - Processing /opt/airflow/dags/move_landing_to_bronze_partitioned.py took 0.271 seconds
[2025-04-28T00:57:58.151+0000] {processor.py:161} INFO - Started process (PID=314) to work on /opt/airflow/dags/move_landing_to_bronze_partitioned.py
[2025-04-28T00:57:58.152+0000] {processor.py:830} INFO - Processing file /opt/airflow/dags/move_landing_to_bronze_partitioned.py for tasks to queue
[2025-04-28T00:57:58.153+0000] {logging_mixin.py:188} INFO - [2025-04-28T00:57:58.153+0000] {dagbag.py:540} INFO - Filling up the DagBag from /opt/airflow/dags/move_landing_to_bronze_partitioned.py
[2025-04-28T00:57:58.360+0000] {processor.py:840} INFO - DAG(s) 'move_landing_to_bronze_partitioned' retrieved from /opt/airflow/dags/move_landing_to_bronze_partitioned.py
[2025-04-28T00:57:58.370+0000] {logging_mixin.py:188} INFO - [2025-04-28T00:57:58.370+0000] {dag.py:3096} INFO - Sync 1 DAGs
[2025-04-28T00:57:58.375+0000] {logging_mixin.py:188} INFO - [2025-04-28T00:57:58.375+0000] {dag.py:3954} INFO - Setting next_dagrun for move_landing_to_bronze_partitioned to None, run_after=None
[2025-04-28T00:57:58.383+0000] {processor.py:183} INFO - Processing /opt/airflow/dags/move_landing_to_bronze_partitioned.py took 0.237 seconds
[2025-04-28T00:58:28.547+0000] {processor.py:161} INFO - Started process (PID=325) to work on /opt/airflow/dags/move_landing_to_bronze_partitioned.py
[2025-04-28T00:58:28.548+0000] {processor.py:830} INFO - Processing file /opt/airflow/dags/move_landing_to_bronze_partitioned.py for tasks to queue
[2025-04-28T00:58:28.549+0000] {logging_mixin.py:188} INFO - [2025-04-28T00:58:28.549+0000] {dagbag.py:540} INFO - Filling up the DagBag from /opt/airflow/dags/move_landing_to_bronze_partitioned.py
[2025-04-28T00:58:28.761+0000] {processor.py:840} INFO - DAG(s) 'move_landing_to_bronze_partitioned' retrieved from /opt/airflow/dags/move_landing_to_bronze_partitioned.py
[2025-04-28T00:58:28.771+0000] {logging_mixin.py:188} INFO - [2025-04-28T00:58:28.771+0000] {dag.py:3096} INFO - Sync 1 DAGs
[2025-04-28T00:58:28.775+0000] {logging_mixin.py:188} INFO - [2025-04-28T00:58:28.775+0000] {dag.py:3954} INFO - Setting next_dagrun for move_landing_to_bronze_partitioned to None, run_after=None
[2025-04-28T00:58:28.784+0000] {processor.py:183} INFO - Processing /opt/airflow/dags/move_landing_to_bronze_partitioned.py took 0.243 seconds
[2025-04-28T00:58:58.952+0000] {processor.py:161} INFO - Started process (PID=336) to work on /opt/airflow/dags/move_landing_to_bronze_partitioned.py
[2025-04-28T00:58:58.953+0000] {processor.py:830} INFO - Processing file /opt/airflow/dags/move_landing_to_bronze_partitioned.py for tasks to queue
[2025-04-28T00:58:58.953+0000] {logging_mixin.py:188} INFO - [2025-04-28T00:58:58.953+0000] {dagbag.py:540} INFO - Filling up the DagBag from /opt/airflow/dags/move_landing_to_bronze_partitioned.py
[2025-04-28T00:58:59.158+0000] {processor.py:840} INFO - DAG(s) 'move_landing_to_bronze_partitioned' retrieved from /opt/airflow/dags/move_landing_to_bronze_partitioned.py
[2025-04-28T00:58:59.169+0000] {logging_mixin.py:188} INFO - [2025-04-28T00:58:59.169+0000] {dag.py:3096} INFO - Sync 1 DAGs
[2025-04-28T00:58:59.174+0000] {logging_mixin.py:188} INFO - [2025-04-28T00:58:59.174+0000] {dag.py:3954} INFO - Setting next_dagrun for move_landing_to_bronze_partitioned to None, run_after=None
[2025-04-28T00:58:59.183+0000] {processor.py:183} INFO - Processing /opt/airflow/dags/move_landing_to_bronze_partitioned.py took 0.237 seconds
[2025-04-28T00:59:29.274+0000] {processor.py:161} INFO - Started process (PID=347) to work on /opt/airflow/dags/move_landing_to_bronze_partitioned.py
[2025-04-28T00:59:29.275+0000] {processor.py:830} INFO - Processing file /opt/airflow/dags/move_landing_to_bronze_partitioned.py for tasks to queue
[2025-04-28T00:59:29.276+0000] {logging_mixin.py:188} INFO - [2025-04-28T00:59:29.276+0000] {dagbag.py:540} INFO - Filling up the DagBag from /opt/airflow/dags/move_landing_to_bronze_partitioned.py
[2025-04-28T00:59:29.487+0000] {processor.py:840} INFO - DAG(s) 'move_landing_to_bronze_partitioned' retrieved from /opt/airflow/dags/move_landing_to_bronze_partitioned.py
[2025-04-28T00:59:29.497+0000] {logging_mixin.py:188} INFO - [2025-04-28T00:59:29.497+0000] {dag.py:3096} INFO - Sync 1 DAGs
[2025-04-28T00:59:29.502+0000] {logging_mixin.py:188} INFO - [2025-04-28T00:59:29.502+0000] {dag.py:3954} INFO - Setting next_dagrun for move_landing_to_bronze_partitioned to None, run_after=None
[2025-04-28T00:59:29.509+0000] {processor.py:183} INFO - Processing /opt/airflow/dags/move_landing_to_bronze_partitioned.py took 0.241 seconds
[2025-04-28T00:59:59.663+0000] {processor.py:161} INFO - Started process (PID=358) to work on /opt/airflow/dags/move_landing_to_bronze_partitioned.py
[2025-04-28T00:59:59.664+0000] {processor.py:830} INFO - Processing file /opt/airflow/dags/move_landing_to_bronze_partitioned.py for tasks to queue
[2025-04-28T00:59:59.664+0000] {logging_mixin.py:188} INFO - [2025-04-28T00:59:59.664+0000] {dagbag.py:540} INFO - Filling up the DagBag from /opt/airflow/dags/move_landing_to_bronze_partitioned.py
[2025-04-28T00:59:59.872+0000] {processor.py:840} INFO - DAG(s) 'move_landing_to_bronze_partitioned' retrieved from /opt/airflow/dags/move_landing_to_bronze_partitioned.py
[2025-04-28T00:59:59.883+0000] {logging_mixin.py:188} INFO - [2025-04-28T00:59:59.883+0000] {dag.py:3096} INFO - Sync 1 DAGs
[2025-04-28T00:59:59.887+0000] {logging_mixin.py:188} INFO - [2025-04-28T00:59:59.887+0000] {dag.py:3954} INFO - Setting next_dagrun for move_landing_to_bronze_partitioned to None, run_after=None
[2025-04-28T00:59:59.895+0000] {processor.py:183} INFO - Processing /opt/airflow/dags/move_landing_to_bronze_partitioned.py took 0.238 seconds
[2025-04-28T01:00:29.972+0000] {processor.py:161} INFO - Started process (PID=369) to work on /opt/airflow/dags/move_landing_to_bronze_partitioned.py
[2025-04-28T01:00:29.973+0000] {processor.py:830} INFO - Processing file /opt/airflow/dags/move_landing_to_bronze_partitioned.py for tasks to queue
[2025-04-28T01:00:29.974+0000] {logging_mixin.py:188} INFO - [2025-04-28T01:00:29.973+0000] {dagbag.py:540} INFO - Filling up the DagBag from /opt/airflow/dags/move_landing_to_bronze_partitioned.py
[2025-04-28T01:00:30.192+0000] {processor.py:840} INFO - DAG(s) 'move_landing_to_bronze_partitioned' retrieved from /opt/airflow/dags/move_landing_to_bronze_partitioned.py
[2025-04-28T01:00:30.203+0000] {logging_mixin.py:188} INFO - [2025-04-28T01:00:30.202+0000] {dag.py:3096} INFO - Sync 1 DAGs
[2025-04-28T01:00:30.207+0000] {logging_mixin.py:188} INFO - [2025-04-28T01:00:30.207+0000] {dag.py:3954} INFO - Setting next_dagrun for move_landing_to_bronze_partitioned to None, run_after=None
[2025-04-28T01:00:30.215+0000] {processor.py:183} INFO - Processing /opt/airflow/dags/move_landing_to_bronze_partitioned.py took 0.248 seconds
[2025-04-28T01:01:00.353+0000] {processor.py:161} INFO - Started process (PID=380) to work on /opt/airflow/dags/move_landing_to_bronze_partitioned.py
[2025-04-28T01:01:00.354+0000] {processor.py:830} INFO - Processing file /opt/airflow/dags/move_landing_to_bronze_partitioned.py for tasks to queue
[2025-04-28T01:01:00.355+0000] {logging_mixin.py:188} INFO - [2025-04-28T01:01:00.354+0000] {dagbag.py:540} INFO - Filling up the DagBag from /opt/airflow/dags/move_landing_to_bronze_partitioned.py
[2025-04-28T01:01:00.559+0000] {processor.py:840} INFO - DAG(s) 'move_landing_to_bronze_partitioned' retrieved from /opt/airflow/dags/move_landing_to_bronze_partitioned.py
[2025-04-28T01:01:00.569+0000] {logging_mixin.py:188} INFO - [2025-04-28T01:01:00.568+0000] {dag.py:3096} INFO - Sync 1 DAGs
[2025-04-28T01:01:00.573+0000] {logging_mixin.py:188} INFO - [2025-04-28T01:01:00.573+0000] {dag.py:3954} INFO - Setting next_dagrun for move_landing_to_bronze_partitioned to None, run_after=None
[2025-04-28T01:01:00.580+0000] {processor.py:183} INFO - Processing /opt/airflow/dags/move_landing_to_bronze_partitioned.py took 0.233 seconds
[2025-04-28T01:01:30.694+0000] {processor.py:161} INFO - Started process (PID=391) to work on /opt/airflow/dags/move_landing_to_bronze_partitioned.py
[2025-04-28T01:01:30.694+0000] {processor.py:830} INFO - Processing file /opt/airflow/dags/move_landing_to_bronze_partitioned.py for tasks to queue
[2025-04-28T01:01:30.695+0000] {logging_mixin.py:188} INFO - [2025-04-28T01:01:30.695+0000] {dagbag.py:540} INFO - Filling up the DagBag from /opt/airflow/dags/move_landing_to_bronze_partitioned.py
[2025-04-28T01:01:30.924+0000] {processor.py:840} INFO - DAG(s) 'move_landing_to_bronze_partitioned' retrieved from /opt/airflow/dags/move_landing_to_bronze_partitioned.py
[2025-04-28T01:01:30.936+0000] {logging_mixin.py:188} INFO - [2025-04-28T01:01:30.935+0000] {dag.py:3096} INFO - Sync 1 DAGs
[2025-04-28T01:01:30.940+0000] {logging_mixin.py:188} INFO - [2025-04-28T01:01:30.940+0000] {dag.py:3954} INFO - Setting next_dagrun for move_landing_to_bronze_partitioned to None, run_after=None
[2025-04-28T01:01:30.948+0000] {processor.py:183} INFO - Processing /opt/airflow/dags/move_landing_to_bronze_partitioned.py took 0.259 seconds
[2025-04-28T01:02:01.042+0000] {processor.py:161} INFO - Started process (PID=402) to work on /opt/airflow/dags/move_landing_to_bronze_partitioned.py
[2025-04-28T01:02:01.043+0000] {processor.py:830} INFO - Processing file /opt/airflow/dags/move_landing_to_bronze_partitioned.py for tasks to queue
[2025-04-28T01:02:01.043+0000] {logging_mixin.py:188} INFO - [2025-04-28T01:02:01.043+0000] {dagbag.py:540} INFO - Filling up the DagBag from /opt/airflow/dags/move_landing_to_bronze_partitioned.py
[2025-04-28T01:02:01.285+0000] {processor.py:840} INFO - DAG(s) 'move_landing_to_bronze_partitioned' retrieved from /opt/airflow/dags/move_landing_to_bronze_partitioned.py
[2025-04-28T01:02:01.298+0000] {logging_mixin.py:188} INFO - [2025-04-28T01:02:01.298+0000] {dag.py:3096} INFO - Sync 1 DAGs
[2025-04-28T01:02:01.305+0000] {logging_mixin.py:188} INFO - [2025-04-28T01:02:01.305+0000] {dag.py:3954} INFO - Setting next_dagrun for move_landing_to_bronze_partitioned to None, run_after=None
[2025-04-28T01:02:01.317+0000] {processor.py:183} INFO - Processing /opt/airflow/dags/move_landing_to_bronze_partitioned.py took 0.278 seconds
[2025-04-28T01:02:31.405+0000] {processor.py:161} INFO - Started process (PID=413) to work on /opt/airflow/dags/move_landing_to_bronze_partitioned.py
[2025-04-28T01:02:31.406+0000] {processor.py:830} INFO - Processing file /opt/airflow/dags/move_landing_to_bronze_partitioned.py for tasks to queue
[2025-04-28T01:02:31.407+0000] {logging_mixin.py:188} INFO - [2025-04-28T01:02:31.406+0000] {dagbag.py:540} INFO - Filling up the DagBag from /opt/airflow/dags/move_landing_to_bronze_partitioned.py
[2025-04-28T01:02:31.645+0000] {processor.py:840} INFO - DAG(s) 'move_landing_to_bronze_partitioned' retrieved from /opt/airflow/dags/move_landing_to_bronze_partitioned.py
[2025-04-28T01:02:31.657+0000] {logging_mixin.py:188} INFO - [2025-04-28T01:02:31.656+0000] {dag.py:3096} INFO - Sync 1 DAGs
[2025-04-28T01:02:31.662+0000] {logging_mixin.py:188} INFO - [2025-04-28T01:02:31.662+0000] {dag.py:3954} INFO - Setting next_dagrun for move_landing_to_bronze_partitioned to None, run_after=None
[2025-04-28T01:02:31.669+0000] {processor.py:183} INFO - Processing /opt/airflow/dags/move_landing_to_bronze_partitioned.py took 0.270 seconds
[2025-04-28T01:03:01.708+0000] {processor.py:161} INFO - Started process (PID=424) to work on /opt/airflow/dags/move_landing_to_bronze_partitioned.py
[2025-04-28T01:03:01.709+0000] {processor.py:830} INFO - Processing file /opt/airflow/dags/move_landing_to_bronze_partitioned.py for tasks to queue
[2025-04-28T01:03:01.709+0000] {logging_mixin.py:188} INFO - [2025-04-28T01:03:01.709+0000] {dagbag.py:540} INFO - Filling up the DagBag from /opt/airflow/dags/move_landing_to_bronze_partitioned.py
[2025-04-28T01:03:01.938+0000] {processor.py:840} INFO - DAG(s) 'move_landing_to_bronze_partitioned' retrieved from /opt/airflow/dags/move_landing_to_bronze_partitioned.py
[2025-04-28T01:03:01.952+0000] {logging_mixin.py:188} INFO - [2025-04-28T01:03:01.952+0000] {dag.py:3096} INFO - Sync 1 DAGs
[2025-04-28T01:03:01.958+0000] {logging_mixin.py:188} INFO - [2025-04-28T01:03:01.958+0000] {dag.py:3954} INFO - Setting next_dagrun for move_landing_to_bronze_partitioned to None, run_after=None
[2025-04-28T01:03:01.967+0000] {processor.py:183} INFO - Processing /opt/airflow/dags/move_landing_to_bronze_partitioned.py took 0.262 seconds
[2025-04-28T01:03:32.116+0000] {processor.py:161} INFO - Started process (PID=441) to work on /opt/airflow/dags/move_landing_to_bronze_partitioned.py
[2025-04-28T01:03:32.117+0000] {processor.py:830} INFO - Processing file /opt/airflow/dags/move_landing_to_bronze_partitioned.py for tasks to queue
[2025-04-28T01:03:32.118+0000] {logging_mixin.py:188} INFO - [2025-04-28T01:03:32.118+0000] {dagbag.py:540} INFO - Filling up the DagBag from /opt/airflow/dags/move_landing_to_bronze_partitioned.py
[2025-04-28T01:03:32.367+0000] {processor.py:840} INFO - DAG(s) 'move_landing_to_bronze_partitioned' retrieved from /opt/airflow/dags/move_landing_to_bronze_partitioned.py
[2025-04-28T01:03:32.378+0000] {logging_mixin.py:188} INFO - [2025-04-28T01:03:32.377+0000] {dag.py:3096} INFO - Sync 1 DAGs
[2025-04-28T01:03:32.382+0000] {logging_mixin.py:188} INFO - [2025-04-28T01:03:32.382+0000] {dag.py:3954} INFO - Setting next_dagrun for move_landing_to_bronze_partitioned to None, run_after=None
[2025-04-28T01:03:32.389+0000] {processor.py:183} INFO - Processing /opt/airflow/dags/move_landing_to_bronze_partitioned.py took 0.280 seconds
[2025-04-28T01:04:02.503+0000] {processor.py:161} INFO - Started process (PID=458) to work on /opt/airflow/dags/move_landing_to_bronze_partitioned.py
[2025-04-28T01:04:02.505+0000] {processor.py:830} INFO - Processing file /opt/airflow/dags/move_landing_to_bronze_partitioned.py for tasks to queue
[2025-04-28T01:04:02.505+0000] {logging_mixin.py:188} INFO - [2025-04-28T01:04:02.505+0000] {dagbag.py:540} INFO - Filling up the DagBag from /opt/airflow/dags/move_landing_to_bronze_partitioned.py
[2025-04-28T01:04:02.716+0000] {processor.py:840} INFO - DAG(s) 'move_landing_to_bronze_partitioned' retrieved from /opt/airflow/dags/move_landing_to_bronze_partitioned.py
[2025-04-28T01:04:02.726+0000] {logging_mixin.py:188} INFO - [2025-04-28T01:04:02.726+0000] {dag.py:3096} INFO - Sync 1 DAGs
[2025-04-28T01:04:02.730+0000] {logging_mixin.py:188} INFO - [2025-04-28T01:04:02.730+0000] {dag.py:3954} INFO - Setting next_dagrun for move_landing_to_bronze_partitioned to None, run_after=None
[2025-04-28T01:04:02.737+0000] {processor.py:183} INFO - Processing /opt/airflow/dags/move_landing_to_bronze_partitioned.py took 0.240 seconds
[2025-04-28T01:04:33.073+0000] {processor.py:161} INFO - Started process (PID=475) to work on /opt/airflow/dags/move_landing_to_bronze_partitioned.py
[2025-04-28T01:04:33.074+0000] {processor.py:830} INFO - Processing file /opt/airflow/dags/move_landing_to_bronze_partitioned.py for tasks to queue
[2025-04-28T01:04:33.075+0000] {logging_mixin.py:188} INFO - [2025-04-28T01:04:33.075+0000] {dagbag.py:540} INFO - Filling up the DagBag from /opt/airflow/dags/move_landing_to_bronze_partitioned.py
[2025-04-28T01:04:33.286+0000] {processor.py:840} INFO - DAG(s) 'move_landing_to_bronze_partitioned' retrieved from /opt/airflow/dags/move_landing_to_bronze_partitioned.py
[2025-04-28T01:04:33.296+0000] {logging_mixin.py:188} INFO - [2025-04-28T01:04:33.296+0000] {dag.py:3096} INFO - Sync 1 DAGs
[2025-04-28T01:04:33.301+0000] {logging_mixin.py:188} INFO - [2025-04-28T01:04:33.301+0000] {dag.py:3954} INFO - Setting next_dagrun for move_landing_to_bronze_partitioned to None, run_after=None
[2025-04-28T01:04:33.308+0000] {processor.py:183} INFO - Processing /opt/airflow/dags/move_landing_to_bronze_partitioned.py took 0.241 seconds
[2025-04-28T01:05:03.713+0000] {processor.py:161} INFO - Started process (PID=492) to work on /opt/airflow/dags/move_landing_to_bronze_partitioned.py
[2025-04-28T01:05:03.714+0000] {processor.py:830} INFO - Processing file /opt/airflow/dags/move_landing_to_bronze_partitioned.py for tasks to queue
[2025-04-28T01:05:03.715+0000] {logging_mixin.py:188} INFO - [2025-04-28T01:05:03.714+0000] {dagbag.py:540} INFO - Filling up the DagBag from /opt/airflow/dags/move_landing_to_bronze_partitioned.py
[2025-04-28T01:05:03.937+0000] {processor.py:840} INFO - DAG(s) 'move_landing_to_bronze_partitioned' retrieved from /opt/airflow/dags/move_landing_to_bronze_partitioned.py
[2025-04-28T01:05:03.947+0000] {logging_mixin.py:188} INFO - [2025-04-28T01:05:03.947+0000] {dag.py:3096} INFO - Sync 1 DAGs
[2025-04-28T01:05:03.952+0000] {logging_mixin.py:188} INFO - [2025-04-28T01:05:03.951+0000] {dag.py:3954} INFO - Setting next_dagrun for move_landing_to_bronze_partitioned to None, run_after=None
[2025-04-28T01:05:03.959+0000] {processor.py:183} INFO - Processing /opt/airflow/dags/move_landing_to_bronze_partitioned.py took 0.252 seconds
[2025-04-28T01:05:34.337+0000] {processor.py:161} INFO - Started process (PID=509) to work on /opt/airflow/dags/move_landing_to_bronze_partitioned.py
[2025-04-28T01:05:34.338+0000] {processor.py:830} INFO - Processing file /opt/airflow/dags/move_landing_to_bronze_partitioned.py for tasks to queue
[2025-04-28T01:05:34.338+0000] {logging_mixin.py:188} INFO - [2025-04-28T01:05:34.338+0000] {dagbag.py:540} INFO - Filling up the DagBag from /opt/airflow/dags/move_landing_to_bronze_partitioned.py
[2025-04-28T01:05:34.544+0000] {processor.py:840} INFO - DAG(s) 'move_landing_to_bronze_partitioned' retrieved from /opt/airflow/dags/move_landing_to_bronze_partitioned.py
[2025-04-28T01:05:34.555+0000] {logging_mixin.py:188} INFO - [2025-04-28T01:05:34.555+0000] {dag.py:3096} INFO - Sync 1 DAGs
[2025-04-28T01:05:34.560+0000] {logging_mixin.py:188} INFO - [2025-04-28T01:05:34.560+0000] {dag.py:3954} INFO - Setting next_dagrun for move_landing_to_bronze_partitioned to None, run_after=None
[2025-04-28T01:05:34.568+0000] {processor.py:183} INFO - Processing /opt/airflow/dags/move_landing_to_bronze_partitioned.py took 0.237 seconds
[2025-04-28T01:06:04.897+0000] {processor.py:161} INFO - Started process (PID=526) to work on /opt/airflow/dags/move_landing_to_bronze_partitioned.py
[2025-04-28T01:06:04.898+0000] {processor.py:830} INFO - Processing file /opt/airflow/dags/move_landing_to_bronze_partitioned.py for tasks to queue
[2025-04-28T01:06:04.899+0000] {logging_mixin.py:188} INFO - [2025-04-28T01:06:04.898+0000] {dagbag.py:540} INFO - Filling up the DagBag from /opt/airflow/dags/move_landing_to_bronze_partitioned.py
[2025-04-28T01:06:05.118+0000] {processor.py:840} INFO - DAG(s) 'move_landing_to_bronze_partitioned' retrieved from /opt/airflow/dags/move_landing_to_bronze_partitioned.py
[2025-04-28T01:06:05.131+0000] {logging_mixin.py:188} INFO - [2025-04-28T01:06:05.131+0000] {dag.py:3096} INFO - Sync 1 DAGs
[2025-04-28T01:06:05.135+0000] {logging_mixin.py:188} INFO - [2025-04-28T01:06:05.135+0000] {dag.py:3954} INFO - Setting next_dagrun for move_landing_to_bronze_partitioned to None, run_after=None
[2025-04-28T01:06:05.143+0000] {processor.py:183} INFO - Processing /opt/airflow/dags/move_landing_to_bronze_partitioned.py took 0.253 seconds
[2025-04-28T01:06:35.480+0000] {processor.py:161} INFO - Started process (PID=543) to work on /opt/airflow/dags/move_landing_to_bronze_partitioned.py
[2025-04-28T01:06:35.481+0000] {processor.py:830} INFO - Processing file /opt/airflow/dags/move_landing_to_bronze_partitioned.py for tasks to queue
[2025-04-28T01:06:35.481+0000] {logging_mixin.py:188} INFO - [2025-04-28T01:06:35.481+0000] {dagbag.py:540} INFO - Filling up the DagBag from /opt/airflow/dags/move_landing_to_bronze_partitioned.py
[2025-04-28T01:06:35.697+0000] {processor.py:840} INFO - DAG(s) 'move_landing_to_bronze_partitioned' retrieved from /opt/airflow/dags/move_landing_to_bronze_partitioned.py
[2025-04-28T01:06:35.708+0000] {logging_mixin.py:188} INFO - [2025-04-28T01:06:35.708+0000] {dag.py:3096} INFO - Sync 1 DAGs
[2025-04-28T01:06:35.712+0000] {logging_mixin.py:188} INFO - [2025-04-28T01:06:35.712+0000] {dag.py:3954} INFO - Setting next_dagrun for move_landing_to_bronze_partitioned to None, run_after=None
[2025-04-28T01:06:35.719+0000] {processor.py:183} INFO - Processing /opt/airflow/dags/move_landing_to_bronze_partitioned.py took 0.243 seconds
[2025-04-28T01:07:06.059+0000] {processor.py:161} INFO - Started process (PID=560) to work on /opt/airflow/dags/move_landing_to_bronze_partitioned.py
[2025-04-28T01:07:06.061+0000] {processor.py:830} INFO - Processing file /opt/airflow/dags/move_landing_to_bronze_partitioned.py for tasks to queue
[2025-04-28T01:07:06.062+0000] {logging_mixin.py:188} INFO - [2025-04-28T01:07:06.061+0000] {dagbag.py:540} INFO - Filling up the DagBag from /opt/airflow/dags/move_landing_to_bronze_partitioned.py
[2025-04-28T01:07:06.289+0000] {processor.py:840} INFO - DAG(s) 'move_landing_to_bronze_partitioned' retrieved from /opt/airflow/dags/move_landing_to_bronze_partitioned.py
[2025-04-28T01:07:06.301+0000] {logging_mixin.py:188} INFO - [2025-04-28T01:07:06.301+0000] {dag.py:3096} INFO - Sync 1 DAGs
[2025-04-28T01:07:06.305+0000] {logging_mixin.py:188} INFO - [2025-04-28T01:07:06.305+0000] {dag.py:3954} INFO - Setting next_dagrun for move_landing_to_bronze_partitioned to None, run_after=None
[2025-04-28T01:07:06.313+0000] {processor.py:183} INFO - Processing /opt/airflow/dags/move_landing_to_bronze_partitioned.py took 0.260 seconds
[2025-04-28T01:07:36.573+0000] {processor.py:161} INFO - Started process (PID=577) to work on /opt/airflow/dags/move_landing_to_bronze_partitioned.py
[2025-04-28T01:07:36.574+0000] {processor.py:830} INFO - Processing file /opt/airflow/dags/move_landing_to_bronze_partitioned.py for tasks to queue
[2025-04-28T01:07:36.574+0000] {logging_mixin.py:188} INFO - [2025-04-28T01:07:36.574+0000] {dagbag.py:540} INFO - Filling up the DagBag from /opt/airflow/dags/move_landing_to_bronze_partitioned.py
[2025-04-28T01:07:36.783+0000] {processor.py:840} INFO - DAG(s) 'move_landing_to_bronze_partitioned' retrieved from /opt/airflow/dags/move_landing_to_bronze_partitioned.py
[2025-04-28T01:07:36.794+0000] {logging_mixin.py:188} INFO - [2025-04-28T01:07:36.793+0000] {dag.py:3096} INFO - Sync 1 DAGs
[2025-04-28T01:07:36.798+0000] {logging_mixin.py:188} INFO - [2025-04-28T01:07:36.798+0000] {dag.py:3954} INFO - Setting next_dagrun for move_landing_to_bronze_partitioned to None, run_after=None
[2025-04-28T01:07:36.806+0000] {processor.py:183} INFO - Processing /opt/airflow/dags/move_landing_to_bronze_partitioned.py took 0.237 seconds
[2025-04-28T01:08:07.177+0000] {processor.py:161} INFO - Started process (PID=594) to work on /opt/airflow/dags/move_landing_to_bronze_partitioned.py
[2025-04-28T01:08:07.178+0000] {processor.py:830} INFO - Processing file /opt/airflow/dags/move_landing_to_bronze_partitioned.py for tasks to queue
[2025-04-28T01:08:07.179+0000] {logging_mixin.py:188} INFO - [2025-04-28T01:08:07.178+0000] {dagbag.py:540} INFO - Filling up the DagBag from /opt/airflow/dags/move_landing_to_bronze_partitioned.py
[2025-04-28T01:08:07.399+0000] {processor.py:840} INFO - DAG(s) 'move_landing_to_bronze_partitioned' retrieved from /opt/airflow/dags/move_landing_to_bronze_partitioned.py
[2025-04-28T01:08:07.411+0000] {logging_mixin.py:188} INFO - [2025-04-28T01:08:07.410+0000] {dag.py:3096} INFO - Sync 1 DAGs
[2025-04-28T01:08:07.416+0000] {logging_mixin.py:188} INFO - [2025-04-28T01:08:07.416+0000] {dag.py:3954} INFO - Setting next_dagrun for move_landing_to_bronze_partitioned to None, run_after=None
[2025-04-28T01:08:07.424+0000] {processor.py:183} INFO - Processing /opt/airflow/dags/move_landing_to_bronze_partitioned.py took 0.249 seconds
[2025-04-28T01:08:37.850+0000] {processor.py:161} INFO - Started process (PID=617) to work on /opt/airflow/dags/move_landing_to_bronze_partitioned.py
[2025-04-28T01:08:37.851+0000] {processor.py:830} INFO - Processing file /opt/airflow/dags/move_landing_to_bronze_partitioned.py for tasks to queue
[2025-04-28T01:08:37.852+0000] {logging_mixin.py:188} INFO - [2025-04-28T01:08:37.852+0000] {dagbag.py:540} INFO - Filling up the DagBag from /opt/airflow/dags/move_landing_to_bronze_partitioned.py
[2025-04-28T01:08:38.059+0000] {processor.py:840} INFO - DAG(s) 'move_landing_to_bronze_partitioned' retrieved from /opt/airflow/dags/move_landing_to_bronze_partitioned.py
[2025-04-28T01:08:38.070+0000] {logging_mixin.py:188} INFO - [2025-04-28T01:08:38.070+0000] {dag.py:3096} INFO - Sync 1 DAGs
[2025-04-28T01:08:38.074+0000] {logging_mixin.py:188} INFO - [2025-04-28T01:08:38.074+0000] {dag.py:3954} INFO - Setting next_dagrun for move_landing_to_bronze_partitioned to None, run_after=None
[2025-04-28T01:08:38.081+0000] {processor.py:183} INFO - Processing /opt/airflow/dags/move_landing_to_bronze_partitioned.py took 0.236 seconds
[2025-04-28T01:09:08.470+0000] {processor.py:161} INFO - Started process (PID=640) to work on /opt/airflow/dags/move_landing_to_bronze_partitioned.py
[2025-04-28T01:09:08.471+0000] {processor.py:830} INFO - Processing file /opt/airflow/dags/move_landing_to_bronze_partitioned.py for tasks to queue
[2025-04-28T01:09:08.472+0000] {logging_mixin.py:188} INFO - [2025-04-28T01:09:08.471+0000] {dagbag.py:540} INFO - Filling up the DagBag from /opt/airflow/dags/move_landing_to_bronze_partitioned.py
[2025-04-28T01:09:08.679+0000] {processor.py:840} INFO - DAG(s) 'move_landing_to_bronze_partitioned' retrieved from /opt/airflow/dags/move_landing_to_bronze_partitioned.py
[2025-04-28T01:09:08.689+0000] {logging_mixin.py:188} INFO - [2025-04-28T01:09:08.689+0000] {dag.py:3096} INFO - Sync 1 DAGs
[2025-04-28T01:09:08.693+0000] {logging_mixin.py:188} INFO - [2025-04-28T01:09:08.693+0000] {dag.py:3954} INFO - Setting next_dagrun for move_landing_to_bronze_partitioned to None, run_after=None
[2025-04-28T01:09:08.700+0000] {processor.py:183} INFO - Processing /opt/airflow/dags/move_landing_to_bronze_partitioned.py took 0.235 seconds
[2025-04-28T01:09:39.021+0000] {processor.py:161} INFO - Started process (PID=663) to work on /opt/airflow/dags/move_landing_to_bronze_partitioned.py
[2025-04-28T01:09:39.022+0000] {processor.py:830} INFO - Processing file /opt/airflow/dags/move_landing_to_bronze_partitioned.py for tasks to queue
[2025-04-28T01:09:39.023+0000] {logging_mixin.py:188} INFO - [2025-04-28T01:09:39.022+0000] {dagbag.py:540} INFO - Filling up the DagBag from /opt/airflow/dags/move_landing_to_bronze_partitioned.py
[2025-04-28T01:09:39.229+0000] {processor.py:840} INFO - DAG(s) 'move_landing_to_bronze_partitioned' retrieved from /opt/airflow/dags/move_landing_to_bronze_partitioned.py
[2025-04-28T01:09:39.239+0000] {logging_mixin.py:188} INFO - [2025-04-28T01:09:39.239+0000] {dag.py:3096} INFO - Sync 1 DAGs
[2025-04-28T01:09:39.243+0000] {logging_mixin.py:188} INFO - [2025-04-28T01:09:39.243+0000] {dag.py:3954} INFO - Setting next_dagrun for move_landing_to_bronze_partitioned to None, run_after=None
[2025-04-28T01:09:39.251+0000] {processor.py:183} INFO - Processing /opt/airflow/dags/move_landing_to_bronze_partitioned.py took 0.235 seconds
[2025-04-28T01:10:09.625+0000] {processor.py:161} INFO - Started process (PID=686) to work on /opt/airflow/dags/move_landing_to_bronze_partitioned.py
[2025-04-28T01:10:09.626+0000] {processor.py:830} INFO - Processing file /opt/airflow/dags/move_landing_to_bronze_partitioned.py for tasks to queue
[2025-04-28T01:10:09.626+0000] {logging_mixin.py:188} INFO - [2025-04-28T01:10:09.626+0000] {dagbag.py:540} INFO - Filling up the DagBag from /opt/airflow/dags/move_landing_to_bronze_partitioned.py
[2025-04-28T01:10:09.853+0000] {processor.py:840} INFO - DAG(s) 'move_landing_to_bronze_partitioned' retrieved from /opt/airflow/dags/move_landing_to_bronze_partitioned.py
[2025-04-28T01:10:09.864+0000] {logging_mixin.py:188} INFO - [2025-04-28T01:10:09.863+0000] {dag.py:3096} INFO - Sync 1 DAGs
[2025-04-28T01:10:09.868+0000] {logging_mixin.py:188} INFO - [2025-04-28T01:10:09.868+0000] {dag.py:3954} INFO - Setting next_dagrun for move_landing_to_bronze_partitioned to None, run_after=None
[2025-04-28T01:10:09.876+0000] {processor.py:183} INFO - Processing /opt/airflow/dags/move_landing_to_bronze_partitioned.py took 0.254 seconds
[2025-04-28T01:10:40.250+0000] {processor.py:161} INFO - Started process (PID=709) to work on /opt/airflow/dags/move_landing_to_bronze_partitioned.py
[2025-04-28T01:10:40.251+0000] {processor.py:830} INFO - Processing file /opt/airflow/dags/move_landing_to_bronze_partitioned.py for tasks to queue
[2025-04-28T01:10:40.252+0000] {logging_mixin.py:188} INFO - [2025-04-28T01:10:40.252+0000] {dagbag.py:540} INFO - Filling up the DagBag from /opt/airflow/dags/move_landing_to_bronze_partitioned.py
[2025-04-28T01:10:40.470+0000] {processor.py:840} INFO - DAG(s) 'move_landing_to_bronze_partitioned' retrieved from /opt/airflow/dags/move_landing_to_bronze_partitioned.py
[2025-04-28T01:10:40.481+0000] {logging_mixin.py:188} INFO - [2025-04-28T01:10:40.481+0000] {dag.py:3096} INFO - Sync 1 DAGs
[2025-04-28T01:10:40.485+0000] {logging_mixin.py:188} INFO - [2025-04-28T01:10:40.485+0000] {dag.py:3954} INFO - Setting next_dagrun for move_landing_to_bronze_partitioned to None, run_after=None
[2025-04-28T01:10:40.492+0000] {processor.py:183} INFO - Processing /opt/airflow/dags/move_landing_to_bronze_partitioned.py took 0.248 seconds
[2025-04-28T01:11:10.824+0000] {processor.py:161} INFO - Started process (PID=732) to work on /opt/airflow/dags/move_landing_to_bronze_partitioned.py
[2025-04-28T01:11:10.825+0000] {processor.py:830} INFO - Processing file /opt/airflow/dags/move_landing_to_bronze_partitioned.py for tasks to queue
[2025-04-28T01:11:10.826+0000] {logging_mixin.py:188} INFO - [2025-04-28T01:11:10.826+0000] {dagbag.py:540} INFO - Filling up the DagBag from /opt/airflow/dags/move_landing_to_bronze_partitioned.py
[2025-04-28T01:11:11.049+0000] {processor.py:840} INFO - DAG(s) 'move_landing_to_bronze_partitioned' retrieved from /opt/airflow/dags/move_landing_to_bronze_partitioned.py
[2025-04-28T01:11:11.059+0000] {logging_mixin.py:188} INFO - [2025-04-28T01:11:11.059+0000] {dag.py:3096} INFO - Sync 1 DAGs
[2025-04-28T01:11:11.063+0000] {logging_mixin.py:188} INFO - [2025-04-28T01:11:11.063+0000] {dag.py:3954} INFO - Setting next_dagrun for move_landing_to_bronze_partitioned to None, run_after=None
[2025-04-28T01:11:11.070+0000] {processor.py:183} INFO - Processing /opt/airflow/dags/move_landing_to_bronze_partitioned.py took 0.252 seconds
[2025-04-28T01:11:41.443+0000] {processor.py:161} INFO - Started process (PID=755) to work on /opt/airflow/dags/move_landing_to_bronze_partitioned.py
[2025-04-28T01:11:41.444+0000] {processor.py:830} INFO - Processing file /opt/airflow/dags/move_landing_to_bronze_partitioned.py for tasks to queue
[2025-04-28T01:11:41.444+0000] {logging_mixin.py:188} INFO - [2025-04-28T01:11:41.444+0000] {dagbag.py:540} INFO - Filling up the DagBag from /opt/airflow/dags/move_landing_to_bronze_partitioned.py
[2025-04-28T01:11:41.638+0000] {processor.py:840} INFO - DAG(s) 'move_landing_to_bronze_partitioned' retrieved from /opt/airflow/dags/move_landing_to_bronze_partitioned.py
[2025-04-28T01:11:41.649+0000] {logging_mixin.py:188} INFO - [2025-04-28T01:11:41.649+0000] {dag.py:3096} INFO - Sync 1 DAGs
[2025-04-28T01:11:41.653+0000] {logging_mixin.py:188} INFO - [2025-04-28T01:11:41.653+0000] {dag.py:3954} INFO - Setting next_dagrun for move_landing_to_bronze_partitioned to None, run_after=None
[2025-04-28T01:11:41.660+0000] {processor.py:183} INFO - Processing /opt/airflow/dags/move_landing_to_bronze_partitioned.py took 0.220 seconds
[2025-04-28T01:12:12.053+0000] {processor.py:161} INFO - Started process (PID=778) to work on /opt/airflow/dags/move_landing_to_bronze_partitioned.py
[2025-04-28T01:12:12.054+0000] {processor.py:830} INFO - Processing file /opt/airflow/dags/move_landing_to_bronze_partitioned.py for tasks to queue
[2025-04-28T01:12:12.055+0000] {logging_mixin.py:188} INFO - [2025-04-28T01:12:12.055+0000] {dagbag.py:540} INFO - Filling up the DagBag from /opt/airflow/dags/move_landing_to_bronze_partitioned.py
[2025-04-28T01:12:12.279+0000] {processor.py:840} INFO - DAG(s) 'move_landing_to_bronze_partitioned' retrieved from /opt/airflow/dags/move_landing_to_bronze_partitioned.py
[2025-04-28T01:12:12.289+0000] {logging_mixin.py:188} INFO - [2025-04-28T01:12:12.289+0000] {dag.py:3096} INFO - Sync 1 DAGs
[2025-04-28T01:12:12.294+0000] {logging_mixin.py:188} INFO - [2025-04-28T01:12:12.294+0000] {dag.py:3954} INFO - Setting next_dagrun for move_landing_to_bronze_partitioned to None, run_after=None
[2025-04-28T01:12:12.302+0000] {processor.py:183} INFO - Processing /opt/airflow/dags/move_landing_to_bronze_partitioned.py took 0.256 seconds
[2025-04-28T01:12:42.659+0000] {processor.py:161} INFO - Started process (PID=801) to work on /opt/airflow/dags/move_landing_to_bronze_partitioned.py
[2025-04-28T01:12:42.660+0000] {processor.py:830} INFO - Processing file /opt/airflow/dags/move_landing_to_bronze_partitioned.py for tasks to queue
[2025-04-28T01:12:42.661+0000] {logging_mixin.py:188} INFO - [2025-04-28T01:12:42.661+0000] {dagbag.py:540} INFO - Filling up the DagBag from /opt/airflow/dags/move_landing_to_bronze_partitioned.py
[2025-04-28T01:12:42.888+0000] {processor.py:840} INFO - DAG(s) 'move_landing_to_bronze_partitioned' retrieved from /opt/airflow/dags/move_landing_to_bronze_partitioned.py
[2025-04-28T01:12:42.899+0000] {logging_mixin.py:188} INFO - [2025-04-28T01:12:42.899+0000] {dag.py:3096} INFO - Sync 1 DAGs
[2025-04-28T01:12:42.904+0000] {logging_mixin.py:188} INFO - [2025-04-28T01:12:42.903+0000] {dag.py:3954} INFO - Setting next_dagrun for move_landing_to_bronze_partitioned to None, run_after=None
[2025-04-28T01:12:42.911+0000] {processor.py:183} INFO - Processing /opt/airflow/dags/move_landing_to_bronze_partitioned.py took 0.257 seconds
[2025-04-28T01:13:13.253+0000] {processor.py:161} INFO - Started process (PID=824) to work on /opt/airflow/dags/move_landing_to_bronze_partitioned.py
[2025-04-28T01:13:13.254+0000] {processor.py:830} INFO - Processing file /opt/airflow/dags/move_landing_to_bronze_partitioned.py for tasks to queue
[2025-04-28T01:13:13.255+0000] {logging_mixin.py:188} INFO - [2025-04-28T01:13:13.254+0000] {dagbag.py:540} INFO - Filling up the DagBag from /opt/airflow/dags/move_landing_to_bronze_partitioned.py
[2025-04-28T01:13:13.473+0000] {processor.py:840} INFO - DAG(s) 'move_landing_to_bronze_partitioned' retrieved from /opt/airflow/dags/move_landing_to_bronze_partitioned.py
[2025-04-28T01:13:13.483+0000] {logging_mixin.py:188} INFO - [2025-04-28T01:13:13.483+0000] {dag.py:3096} INFO - Sync 1 DAGs
[2025-04-28T01:13:13.488+0000] {logging_mixin.py:188} INFO - [2025-04-28T01:13:13.488+0000] {dag.py:3954} INFO - Setting next_dagrun for move_landing_to_bronze_partitioned to None, run_after=None
[2025-04-28T01:13:13.494+0000] {processor.py:183} INFO - Processing /opt/airflow/dags/move_landing_to_bronze_partitioned.py took 0.244 seconds
[2025-04-28T01:13:25.454+0000] {processor.py:161} INFO - Started process (PID=835) to work on /opt/airflow/dags/move_landing_to_bronze_partitioned.py
[2025-04-28T01:13:25.456+0000] {processor.py:830} INFO - Processing file /opt/airflow/dags/move_landing_to_bronze_partitioned.py for tasks to queue
[2025-04-28T01:13:25.457+0000] {logging_mixin.py:188} INFO - [2025-04-28T01:13:25.456+0000] {dagbag.py:540} INFO - Filling up the DagBag from /opt/airflow/dags/move_landing_to_bronze_partitioned.py
[2025-04-28T01:13:25.689+0000] {processor.py:840} INFO - DAG(s) 'move_landing_to_bronze_partitioned' retrieved from /opt/airflow/dags/move_landing_to_bronze_partitioned.py
[2025-04-28T01:13:25.701+0000] {logging_mixin.py:188} INFO - [2025-04-28T01:13:25.701+0000] {dag.py:3096} INFO - Sync 1 DAGs
[2025-04-28T01:13:25.706+0000] {logging_mixin.py:188} INFO - [2025-04-28T01:13:25.706+0000] {dag.py:3954} INFO - Setting next_dagrun for move_landing_to_bronze_partitioned to None, run_after=None
[2025-04-28T01:13:25.716+0000] {processor.py:183} INFO - Processing /opt/airflow/dags/move_landing_to_bronze_partitioned.py took 0.268 seconds
[2025-04-28T01:13:41.277+0000] {processor.py:161} INFO - Started process (PID=165) to work on /opt/airflow/dags/move_landing_to_bronze_partitioned.py
[2025-04-28T01:13:41.278+0000] {processor.py:830} INFO - Processing file /opt/airflow/dags/move_landing_to_bronze_partitioned.py for tasks to queue
[2025-04-28T01:13:41.280+0000] {logging_mixin.py:188} INFO - [2025-04-28T01:13:41.279+0000] {dagbag.py:540} INFO - Filling up the DagBag from /opt/airflow/dags/move_landing_to_bronze_partitioned.py
[2025-04-28T01:13:41.439+0000] {processor.py:840} INFO - DAG(s) 'move_landing_to_bronze_partitioned' retrieved from /opt/airflow/dags/move_landing_to_bronze_partitioned.py
[2025-04-28T01:13:41.545+0000] {logging_mixin.py:188} INFO - [2025-04-28T01:13:41.545+0000] {dag.py:3096} INFO - Sync 1 DAGs
[2025-04-28T01:13:41.551+0000] {logging_mixin.py:188} INFO - [2025-04-28T01:13:41.551+0000] {dag.py:3954} INFO - Setting next_dagrun for move_landing_to_bronze_partitioned to None, run_after=None
[2025-04-28T01:13:41.562+0000] {processor.py:183} INFO - Processing /opt/airflow/dags/move_landing_to_bronze_partitioned.py took 0.287 seconds
[2025-04-28T01:14:12.176+0000] {processor.py:161} INFO - Started process (PID=194) to work on /opt/airflow/dags/move_landing_to_bronze_partitioned.py
[2025-04-28T01:14:12.177+0000] {processor.py:830} INFO - Processing file /opt/airflow/dags/move_landing_to_bronze_partitioned.py for tasks to queue
[2025-04-28T01:14:12.179+0000] {logging_mixin.py:188} INFO - [2025-04-28T01:14:12.179+0000] {dagbag.py:540} INFO - Filling up the DagBag from /opt/airflow/dags/move_landing_to_bronze_partitioned.py
[2025-04-28T01:14:12.429+0000] {processor.py:840} INFO - DAG(s) 'move_landing_to_bronze_partitioned' retrieved from /opt/airflow/dags/move_landing_to_bronze_partitioned.py
[2025-04-28T01:14:12.479+0000] {logging_mixin.py:188} INFO - [2025-04-28T01:14:12.478+0000] {dag.py:3096} INFO - Sync 1 DAGs
[2025-04-28T01:14:12.482+0000] {logging_mixin.py:188} INFO - [2025-04-28T01:14:12.482+0000] {dag.py:3954} INFO - Setting next_dagrun for move_landing_to_bronze_partitioned to None, run_after=None
[2025-04-28T01:14:12.495+0000] {processor.py:183} INFO - Processing /opt/airflow/dags/move_landing_to_bronze_partitioned.py took 0.325 seconds
[2025-04-28T01:14:43.192+0000] {processor.py:161} INFO - Started process (PID=223) to work on /opt/airflow/dags/move_landing_to_bronze_partitioned.py
[2025-04-28T01:14:43.193+0000] {processor.py:830} INFO - Processing file /opt/airflow/dags/move_landing_to_bronze_partitioned.py for tasks to queue
[2025-04-28T01:14:43.194+0000] {logging_mixin.py:188} INFO - [2025-04-28T01:14:43.194+0000] {dagbag.py:540} INFO - Filling up the DagBag from /opt/airflow/dags/move_landing_to_bronze_partitioned.py
[2025-04-28T01:14:43.418+0000] {processor.py:840} INFO - DAG(s) 'move_landing_to_bronze_partitioned' retrieved from /opt/airflow/dags/move_landing_to_bronze_partitioned.py
[2025-04-28T01:14:43.430+0000] {logging_mixin.py:188} INFO - [2025-04-28T01:14:43.429+0000] {dag.py:3096} INFO - Sync 1 DAGs
[2025-04-28T01:14:43.435+0000] {logging_mixin.py:188} INFO - [2025-04-28T01:14:43.435+0000] {dag.py:3954} INFO - Setting next_dagrun for move_landing_to_bronze_partitioned to None, run_after=None
[2025-04-28T01:14:43.449+0000] {processor.py:183} INFO - Processing /opt/airflow/dags/move_landing_to_bronze_partitioned.py took 0.264 seconds
[2025-04-28T01:15:14.013+0000] {processor.py:161} INFO - Started process (PID=252) to work on /opt/airflow/dags/move_landing_to_bronze_partitioned.py
[2025-04-28T01:15:14.017+0000] {processor.py:830} INFO - Processing file /opt/airflow/dags/move_landing_to_bronze_partitioned.py for tasks to queue
[2025-04-28T01:15:14.018+0000] {logging_mixin.py:188} INFO - [2025-04-28T01:15:14.018+0000] {dagbag.py:540} INFO - Filling up the DagBag from /opt/airflow/dags/move_landing_to_bronze_partitioned.py
[2025-04-28T01:15:14.248+0000] {processor.py:840} INFO - DAG(s) 'move_landing_to_bronze_partitioned' retrieved from /opt/airflow/dags/move_landing_to_bronze_partitioned.py
[2025-04-28T01:15:14.261+0000] {logging_mixin.py:188} INFO - [2025-04-28T01:15:14.260+0000] {dag.py:3096} INFO - Sync 1 DAGs
[2025-04-28T01:15:14.265+0000] {logging_mixin.py:188} INFO - [2025-04-28T01:15:14.265+0000] {dag.py:3954} INFO - Setting next_dagrun for move_landing_to_bronze_partitioned to None, run_after=None
[2025-04-28T01:15:14.278+0000] {processor.py:183} INFO - Processing /opt/airflow/dags/move_landing_to_bronze_partitioned.py took 0.269 seconds
[2025-04-28T01:15:44.928+0000] {processor.py:161} INFO - Started process (PID=281) to work on /opt/airflow/dags/move_landing_to_bronze_partitioned.py
[2025-04-28T01:15:44.929+0000] {processor.py:830} INFO - Processing file /opt/airflow/dags/move_landing_to_bronze_partitioned.py for tasks to queue
[2025-04-28T01:15:44.931+0000] {logging_mixin.py:188} INFO - [2025-04-28T01:15:44.931+0000] {dagbag.py:540} INFO - Filling up the DagBag from /opt/airflow/dags/move_landing_to_bronze_partitioned.py
[2025-04-28T01:15:45.154+0000] {processor.py:840} INFO - DAG(s) 'move_landing_to_bronze_partitioned' retrieved from /opt/airflow/dags/move_landing_to_bronze_partitioned.py
[2025-04-28T01:15:45.165+0000] {logging_mixin.py:188} INFO - [2025-04-28T01:15:45.165+0000] {dag.py:3096} INFO - Sync 1 DAGs
[2025-04-28T01:15:45.171+0000] {logging_mixin.py:188} INFO - [2025-04-28T01:15:45.171+0000] {dag.py:3954} INFO - Setting next_dagrun for move_landing_to_bronze_partitioned to None, run_after=None
[2025-04-28T01:15:45.180+0000] {processor.py:183} INFO - Processing /opt/airflow/dags/move_landing_to_bronze_partitioned.py took 0.258 seconds
[2025-04-28T01:16:15.328+0000] {processor.py:161} INFO - Started process (PID=322) to work on /opt/airflow/dags/move_landing_to_bronze_partitioned.py
[2025-04-28T01:16:15.329+0000] {processor.py:830} INFO - Processing file /opt/airflow/dags/move_landing_to_bronze_partitioned.py for tasks to queue
[2025-04-28T01:16:15.331+0000] {logging_mixin.py:188} INFO - [2025-04-28T01:16:15.331+0000] {dagbag.py:540} INFO - Filling up the DagBag from /opt/airflow/dags/move_landing_to_bronze_partitioned.py
[2025-04-28T01:16:15.559+0000] {processor.py:840} INFO - DAG(s) 'move_landing_to_bronze_partitioned' retrieved from /opt/airflow/dags/move_landing_to_bronze_partitioned.py
[2025-04-28T01:16:15.571+0000] {logging_mixin.py:188} INFO - [2025-04-28T01:16:15.571+0000] {dag.py:3096} INFO - Sync 1 DAGs
[2025-04-28T01:16:15.576+0000] {logging_mixin.py:188} INFO - [2025-04-28T01:16:15.576+0000] {dag.py:3954} INFO - Setting next_dagrun for move_landing_to_bronze_partitioned to None, run_after=None
[2025-04-28T01:16:15.587+0000] {processor.py:183} INFO - Processing /opt/airflow/dags/move_landing_to_bronze_partitioned.py took 0.266 seconds
[2025-04-28T01:16:45.713+0000] {processor.py:161} INFO - Started process (PID=358) to work on /opt/airflow/dags/move_landing_to_bronze_partitioned.py
[2025-04-28T01:16:45.714+0000] {processor.py:830} INFO - Processing file /opt/airflow/dags/move_landing_to_bronze_partitioned.py for tasks to queue
[2025-04-28T01:16:45.716+0000] {logging_mixin.py:188} INFO - [2025-04-28T01:16:45.716+0000] {dagbag.py:540} INFO - Filling up the DagBag from /opt/airflow/dags/move_landing_to_bronze_partitioned.py
[2025-04-28T01:16:45.951+0000] {processor.py:840} INFO - DAG(s) 'move_landing_to_bronze_partitioned' retrieved from /opt/airflow/dags/move_landing_to_bronze_partitioned.py
[2025-04-28T01:16:45.966+0000] {logging_mixin.py:188} INFO - [2025-04-28T01:16:45.966+0000] {dag.py:3096} INFO - Sync 1 DAGs
[2025-04-28T01:16:45.972+0000] {logging_mixin.py:188} INFO - [2025-04-28T01:16:45.972+0000] {dag.py:3954} INFO - Setting next_dagrun for move_landing_to_bronze_partitioned to None, run_after=None
[2025-04-28T01:16:45.983+0000] {processor.py:183} INFO - Processing /opt/airflow/dags/move_landing_to_bronze_partitioned.py took 0.276 seconds
[2025-04-28T01:17:05.181+0000] {processor.py:161} INFO - Started process (PID=177) to work on /opt/airflow/dags/move_landing_to_bronze_partitioned.py
[2025-04-28T01:17:05.182+0000] {processor.py:830} INFO - Processing file /opt/airflow/dags/move_landing_to_bronze_partitioned.py for tasks to queue
[2025-04-28T01:17:05.183+0000] {logging_mixin.py:188} INFO - [2025-04-28T01:17:05.183+0000] {dagbag.py:540} INFO - Filling up the DagBag from /opt/airflow/dags/move_landing_to_bronze_partitioned.py
[2025-04-28T01:17:05.335+0000] {processor.py:840} INFO - DAG(s) 'move_landing_to_bronze_partitioned' retrieved from /opt/airflow/dags/move_landing_to_bronze_partitioned.py
[2025-04-28T01:17:05.417+0000] {logging_mixin.py:188} INFO - [2025-04-28T01:17:05.417+0000] {dag.py:3096} INFO - Sync 1 DAGs
[2025-04-28T01:17:05.421+0000] {logging_mixin.py:188} INFO - [2025-04-28T01:17:05.421+0000] {dag.py:3954} INFO - Setting next_dagrun for move_landing_to_bronze_partitioned to None, run_after=None
[2025-04-28T01:17:05.430+0000] {processor.py:183} INFO - Processing /opt/airflow/dags/move_landing_to_bronze_partitioned.py took 0.252 seconds
[2025-04-28T01:17:36.352+0000] {processor.py:161} INFO - Started process (PID=207) to work on /opt/airflow/dags/move_landing_to_bronze_partitioned.py
[2025-04-28T01:17:36.352+0000] {processor.py:830} INFO - Processing file /opt/airflow/dags/move_landing_to_bronze_partitioned.py for tasks to queue
[2025-04-28T01:17:36.354+0000] {logging_mixin.py:188} INFO - [2025-04-28T01:17:36.353+0000] {dagbag.py:540} INFO - Filling up the DagBag from /opt/airflow/dags/move_landing_to_bronze_partitioned.py
[2025-04-28T01:17:36.567+0000] {processor.py:840} INFO - DAG(s) 'move_landing_to_bronze_partitioned' retrieved from /opt/airflow/dags/move_landing_to_bronze_partitioned.py
[2025-04-28T01:17:36.609+0000] {logging_mixin.py:188} INFO - [2025-04-28T01:17:36.609+0000] {dag.py:3096} INFO - Sync 1 DAGs
[2025-04-28T01:17:36.613+0000] {logging_mixin.py:188} INFO - [2025-04-28T01:17:36.613+0000] {dag.py:3954} INFO - Setting next_dagrun for move_landing_to_bronze_partitioned to None, run_after=None
[2025-04-28T01:17:36.622+0000] {processor.py:183} INFO - Processing /opt/airflow/dags/move_landing_to_bronze_partitioned.py took 0.273 seconds
[2025-04-28T01:18:07.577+0000] {processor.py:161} INFO - Started process (PID=240) to work on /opt/airflow/dags/move_landing_to_bronze_partitioned.py
[2025-04-28T01:18:07.578+0000] {processor.py:830} INFO - Processing file /opt/airflow/dags/move_landing_to_bronze_partitioned.py for tasks to queue
[2025-04-28T01:18:07.578+0000] {logging_mixin.py:188} INFO - [2025-04-28T01:18:07.578+0000] {dagbag.py:540} INFO - Filling up the DagBag from /opt/airflow/dags/move_landing_to_bronze_partitioned.py
[2025-04-28T01:18:07.771+0000] {processor.py:840} INFO - DAG(s) 'move_landing_to_bronze_partitioned' retrieved from /opt/airflow/dags/move_landing_to_bronze_partitioned.py
[2025-04-28T01:18:07.782+0000] {logging_mixin.py:188} INFO - [2025-04-28T01:18:07.782+0000] {dag.py:3096} INFO - Sync 1 DAGs
[2025-04-28T01:18:07.787+0000] {logging_mixin.py:188} INFO - [2025-04-28T01:18:07.786+0000] {dag.py:3954} INFO - Setting next_dagrun for move_landing_to_bronze_partitioned to None, run_after=None
[2025-04-28T01:18:07.794+0000] {processor.py:183} INFO - Processing /opt/airflow/dags/move_landing_to_bronze_partitioned.py took 0.219 seconds
[2025-04-28T01:18:38.418+0000] {processor.py:161} INFO - Started process (PID=270) to work on /opt/airflow/dags/move_landing_to_bronze_partitioned.py
[2025-04-28T01:18:38.418+0000] {processor.py:830} INFO - Processing file /opt/airflow/dags/move_landing_to_bronze_partitioned.py for tasks to queue
[2025-04-28T01:18:38.419+0000] {logging_mixin.py:188} INFO - [2025-04-28T01:18:38.419+0000] {dagbag.py:540} INFO - Filling up the DagBag from /opt/airflow/dags/move_landing_to_bronze_partitioned.py
[2025-04-28T01:18:38.634+0000] {processor.py:840} INFO - DAG(s) 'move_landing_to_bronze_partitioned' retrieved from /opt/airflow/dags/move_landing_to_bronze_partitioned.py
[2025-04-28T01:18:38.645+0000] {logging_mixin.py:188} INFO - [2025-04-28T01:18:38.645+0000] {dag.py:3096} INFO - Sync 1 DAGs
[2025-04-28T01:18:38.649+0000] {logging_mixin.py:188} INFO - [2025-04-28T01:18:38.649+0000] {dag.py:3954} INFO - Setting next_dagrun for move_landing_to_bronze_partitioned to None, run_after=None
[2025-04-28T01:18:38.660+0000] {processor.py:183} INFO - Processing /opt/airflow/dags/move_landing_to_bronze_partitioned.py took 0.245 seconds
[2025-04-28T01:19:09.245+0000] {processor.py:161} INFO - Started process (PID=303) to work on /opt/airflow/dags/move_landing_to_bronze_partitioned.py
[2025-04-28T01:19:09.245+0000] {processor.py:830} INFO - Processing file /opt/airflow/dags/move_landing_to_bronze_partitioned.py for tasks to queue
[2025-04-28T01:19:09.246+0000] {logging_mixin.py:188} INFO - [2025-04-28T01:19:09.246+0000] {dagbag.py:540} INFO - Filling up the DagBag from /opt/airflow/dags/move_landing_to_bronze_partitioned.py
[2025-04-28T01:19:09.464+0000] {processor.py:840} INFO - DAG(s) 'move_landing_to_bronze_partitioned' retrieved from /opt/airflow/dags/move_landing_to_bronze_partitioned.py
[2025-04-28T01:19:09.478+0000] {logging_mixin.py:188} INFO - [2025-04-28T01:19:09.478+0000] {dag.py:3096} INFO - Sync 1 DAGs
[2025-04-28T01:19:09.484+0000] {logging_mixin.py:188} INFO - [2025-04-28T01:19:09.484+0000] {dag.py:3954} INFO - Setting next_dagrun for move_landing_to_bronze_partitioned to None, run_after=None
[2025-04-28T01:19:09.497+0000] {processor.py:183} INFO - Processing /opt/airflow/dags/move_landing_to_bronze_partitioned.py took 0.256 seconds
[2025-04-28T01:19:40.089+0000] {processor.py:161} INFO - Started process (PID=356) to work on /opt/airflow/dags/move_landing_to_bronze_partitioned.py
[2025-04-28T01:19:40.090+0000] {processor.py:830} INFO - Processing file /opt/airflow/dags/move_landing_to_bronze_partitioned.py for tasks to queue
[2025-04-28T01:19:40.091+0000] {logging_mixin.py:188} INFO - [2025-04-28T01:19:40.090+0000] {dagbag.py:540} INFO - Filling up the DagBag from /opt/airflow/dags/move_landing_to_bronze_partitioned.py
[2025-04-28T01:19:40.284+0000] {processor.py:840} INFO - DAG(s) 'move_landing_to_bronze_partitioned' retrieved from /opt/airflow/dags/move_landing_to_bronze_partitioned.py
[2025-04-28T01:19:40.295+0000] {logging_mixin.py:188} INFO - [2025-04-28T01:19:40.295+0000] {dag.py:3096} INFO - Sync 1 DAGs
[2025-04-28T01:19:40.300+0000] {logging_mixin.py:188} INFO - [2025-04-28T01:19:40.300+0000] {dag.py:3954} INFO - Setting next_dagrun for move_landing_to_bronze_partitioned to None, run_after=None
[2025-04-28T01:19:40.307+0000] {processor.py:183} INFO - Processing /opt/airflow/dags/move_landing_to_bronze_partitioned.py took 0.220 seconds
[2025-04-28T01:20:10.930+0000] {processor.py:161} INFO - Started process (PID=386) to work on /opt/airflow/dags/move_landing_to_bronze_partitioned.py
[2025-04-28T01:20:10.931+0000] {processor.py:830} INFO - Processing file /opt/airflow/dags/move_landing_to_bronze_partitioned.py for tasks to queue
[2025-04-28T01:20:10.932+0000] {logging_mixin.py:188} INFO - [2025-04-28T01:20:10.932+0000] {dagbag.py:540} INFO - Filling up the DagBag from /opt/airflow/dags/move_landing_to_bronze_partitioned.py
[2025-04-28T01:20:11.140+0000] {processor.py:840} INFO - DAG(s) 'move_landing_to_bronze_partitioned' retrieved from /opt/airflow/dags/move_landing_to_bronze_partitioned.py
[2025-04-28T01:20:11.150+0000] {logging_mixin.py:188} INFO - [2025-04-28T01:20:11.150+0000] {dag.py:3096} INFO - Sync 1 DAGs
[2025-04-28T01:20:11.155+0000] {logging_mixin.py:188} INFO - [2025-04-28T01:20:11.154+0000] {dag.py:3954} INFO - Setting next_dagrun for move_landing_to_bronze_partitioned to None, run_after=None
[2025-04-28T01:20:11.161+0000] {processor.py:183} INFO - Processing /opt/airflow/dags/move_landing_to_bronze_partitioned.py took 0.234 seconds
[2025-04-28T01:20:41.811+0000] {processor.py:161} INFO - Started process (PID=443) to work on /opt/airflow/dags/move_landing_to_bronze_partitioned.py
[2025-04-28T01:20:41.812+0000] {processor.py:830} INFO - Processing file /opt/airflow/dags/move_landing_to_bronze_partitioned.py for tasks to queue
[2025-04-28T01:20:41.812+0000] {logging_mixin.py:188} INFO - [2025-04-28T01:20:41.812+0000] {dagbag.py:540} INFO - Filling up the DagBag from /opt/airflow/dags/move_landing_to_bronze_partitioned.py
[2025-04-28T01:20:42.016+0000] {processor.py:840} INFO - DAG(s) 'move_landing_to_bronze_partitioned' retrieved from /opt/airflow/dags/move_landing_to_bronze_partitioned.py
[2025-04-28T01:20:42.026+0000] {logging_mixin.py:188} INFO - [2025-04-28T01:20:42.026+0000] {dag.py:3096} INFO - Sync 1 DAGs
[2025-04-28T01:20:42.031+0000] {logging_mixin.py:188} INFO - [2025-04-28T01:20:42.030+0000] {dag.py:3954} INFO - Setting next_dagrun for move_landing_to_bronze_partitioned to None, run_after=None
[2025-04-28T01:20:42.038+0000] {processor.py:183} INFO - Processing /opt/airflow/dags/move_landing_to_bronze_partitioned.py took 0.230 seconds
[2025-04-28T01:21:12.724+0000] {processor.py:161} INFO - Started process (PID=473) to work on /opt/airflow/dags/move_landing_to_bronze_partitioned.py
[2025-04-28T01:21:12.724+0000] {processor.py:830} INFO - Processing file /opt/airflow/dags/move_landing_to_bronze_partitioned.py for tasks to queue
[2025-04-28T01:21:12.725+0000] {logging_mixin.py:188} INFO - [2025-04-28T01:21:12.725+0000] {dagbag.py:540} INFO - Filling up the DagBag from /opt/airflow/dags/move_landing_to_bronze_partitioned.py
[2025-04-28T01:21:12.945+0000] {processor.py:840} INFO - DAG(s) 'move_landing_to_bronze_partitioned' retrieved from /opt/airflow/dags/move_landing_to_bronze_partitioned.py
[2025-04-28T01:21:12.957+0000] {logging_mixin.py:188} INFO - [2025-04-28T01:21:12.957+0000] {dag.py:3096} INFO - Sync 1 DAGs
[2025-04-28T01:21:12.963+0000] {logging_mixin.py:188} INFO - [2025-04-28T01:21:12.963+0000] {dag.py:3954} INFO - Setting next_dagrun for move_landing_to_bronze_partitioned to None, run_after=None
[2025-04-28T01:21:12.971+0000] {processor.py:183} INFO - Processing /opt/airflow/dags/move_landing_to_bronze_partitioned.py took 0.250 seconds
[2025-04-28T01:21:43.579+0000] {processor.py:161} INFO - Started process (PID=503) to work on /opt/airflow/dags/move_landing_to_bronze_partitioned.py
[2025-04-28T01:21:43.580+0000] {processor.py:830} INFO - Processing file /opt/airflow/dags/move_landing_to_bronze_partitioned.py for tasks to queue
[2025-04-28T01:21:43.581+0000] {logging_mixin.py:188} INFO - [2025-04-28T01:21:43.581+0000] {dagbag.py:540} INFO - Filling up the DagBag from /opt/airflow/dags/move_landing_to_bronze_partitioned.py
[2025-04-28T01:21:43.787+0000] {processor.py:840} INFO - DAG(s) 'move_landing_to_bronze_partitioned' retrieved from /opt/airflow/dags/move_landing_to_bronze_partitioned.py
[2025-04-28T01:21:43.798+0000] {logging_mixin.py:188} INFO - [2025-04-28T01:21:43.798+0000] {dag.py:3096} INFO - Sync 1 DAGs
[2025-04-28T01:21:43.802+0000] {logging_mixin.py:188} INFO - [2025-04-28T01:21:43.802+0000] {dag.py:3954} INFO - Setting next_dagrun for move_landing_to_bronze_partitioned to None, run_after=None
[2025-04-28T01:21:43.810+0000] {processor.py:183} INFO - Processing /opt/airflow/dags/move_landing_to_bronze_partitioned.py took 0.233 seconds
[2025-04-28T01:22:14.749+0000] {processor.py:161} INFO - Started process (PID=533) to work on /opt/airflow/dags/move_landing_to_bronze_partitioned.py
[2025-04-28T01:22:14.750+0000] {processor.py:830} INFO - Processing file /opt/airflow/dags/move_landing_to_bronze_partitioned.py for tasks to queue
[2025-04-28T01:22:14.751+0000] {logging_mixin.py:188} INFO - [2025-04-28T01:22:14.750+0000] {dagbag.py:540} INFO - Filling up the DagBag from /opt/airflow/dags/move_landing_to_bronze_partitioned.py
[2025-04-28T01:22:14.950+0000] {processor.py:840} INFO - DAG(s) 'move_landing_to_bronze_partitioned' retrieved from /opt/airflow/dags/move_landing_to_bronze_partitioned.py
[2025-04-28T01:22:14.961+0000] {logging_mixin.py:188} INFO - [2025-04-28T01:22:14.960+0000] {dag.py:3096} INFO - Sync 1 DAGs
[2025-04-28T01:22:14.965+0000] {logging_mixin.py:188} INFO - [2025-04-28T01:22:14.965+0000] {dag.py:3954} INFO - Setting next_dagrun for move_landing_to_bronze_partitioned to None, run_after=None
[2025-04-28T01:22:14.973+0000] {processor.py:183} INFO - Processing /opt/airflow/dags/move_landing_to_bronze_partitioned.py took 0.227 seconds
[2025-04-28T01:22:45.612+0000] {processor.py:161} INFO - Started process (PID=563) to work on /opt/airflow/dags/move_landing_to_bronze_partitioned.py
[2025-04-28T01:22:45.612+0000] {processor.py:830} INFO - Processing file /opt/airflow/dags/move_landing_to_bronze_partitioned.py for tasks to queue
[2025-04-28T01:22:45.613+0000] {logging_mixin.py:188} INFO - [2025-04-28T01:22:45.613+0000] {dagbag.py:540} INFO - Filling up the DagBag from /opt/airflow/dags/move_landing_to_bronze_partitioned.py
[2025-04-28T01:22:45.833+0000] {processor.py:840} INFO - DAG(s) 'move_landing_to_bronze_partitioned' retrieved from /opt/airflow/dags/move_landing_to_bronze_partitioned.py
[2025-04-28T01:22:45.848+0000] {logging_mixin.py:188} INFO - [2025-04-28T01:22:45.848+0000] {dag.py:3096} INFO - Sync 1 DAGs
[2025-04-28T01:22:45.854+0000] {logging_mixin.py:188} INFO - [2025-04-28T01:22:45.853+0000] {dag.py:3954} INFO - Setting next_dagrun for move_landing_to_bronze_partitioned to None, run_after=None
[2025-04-28T01:22:45.864+0000] {processor.py:183} INFO - Processing /opt/airflow/dags/move_landing_to_bronze_partitioned.py took 0.255 seconds
[2025-04-28T01:23:17.654+0000] {processor.py:161} INFO - Started process (PID=183) to work on /opt/airflow/dags/move_landing_to_bronze_partitioned.py
[2025-04-28T01:23:17.656+0000] {processor.py:830} INFO - Processing file /opt/airflow/dags/move_landing_to_bronze_partitioned.py for tasks to queue
[2025-04-28T01:23:17.658+0000] {logging_mixin.py:188} INFO - [2025-04-28T01:23:17.657+0000] {dagbag.py:540} INFO - Filling up the DagBag from /opt/airflow/dags/move_landing_to_bronze_partitioned.py
[2025-04-28T01:23:17.881+0000] {processor.py:840} INFO - DAG(s) 'move_landing_to_bronze_partitioned' retrieved from /opt/airflow/dags/move_landing_to_bronze_partitioned.py
[2025-04-28T01:23:17.894+0000] {logging_mixin.py:188} INFO - [2025-04-28T01:23:17.894+0000] {dag.py:3096} INFO - Sync 1 DAGs
[2025-04-28T01:23:17.901+0000] {logging_mixin.py:188} INFO - [2025-04-28T01:23:17.900+0000] {dag.py:3954} INFO - Setting next_dagrun for move_landing_to_bronze_partitioned to None, run_after=None
[2025-04-28T01:23:17.918+0000] {processor.py:183} INFO - Processing /opt/airflow/dags/move_landing_to_bronze_partitioned.py took 0.267 seconds
[2025-04-28T01:23:48.819+0000] {processor.py:161} INFO - Started process (PID=227) to work on /opt/airflow/dags/move_landing_to_bronze_partitioned.py
[2025-04-28T01:23:48.820+0000] {processor.py:830} INFO - Processing file /opt/airflow/dags/move_landing_to_bronze_partitioned.py for tasks to queue
[2025-04-28T01:23:48.821+0000] {logging_mixin.py:188} INFO - [2025-04-28T01:23:48.821+0000] {dagbag.py:540} INFO - Filling up the DagBag from /opt/airflow/dags/move_landing_to_bronze_partitioned.py
[2025-04-28T01:23:49.048+0000] {processor.py:840} INFO - DAG(s) 'move_landing_to_bronze_partitioned' retrieved from /opt/airflow/dags/move_landing_to_bronze_partitioned.py
[2025-04-28T01:23:49.060+0000] {logging_mixin.py:188} INFO - [2025-04-28T01:23:49.060+0000] {dag.py:3096} INFO - Sync 1 DAGs
[2025-04-28T01:23:49.065+0000] {logging_mixin.py:188} INFO - [2025-04-28T01:23:49.065+0000] {dag.py:3954} INFO - Setting next_dagrun for move_landing_to_bronze_partitioned to None, run_after=None
[2025-04-28T01:23:49.076+0000] {processor.py:183} INFO - Processing /opt/airflow/dags/move_landing_to_bronze_partitioned.py took 0.260 seconds
[2025-04-28T01:24:19.456+0000] {processor.py:161} INFO - Started process (PID=254) to work on /opt/airflow/dags/move_landing_to_bronze_partitioned.py
[2025-04-28T01:24:19.457+0000] {processor.py:830} INFO - Processing file /opt/airflow/dags/move_landing_to_bronze_partitioned.py for tasks to queue
[2025-04-28T01:24:19.458+0000] {logging_mixin.py:188} INFO - [2025-04-28T01:24:19.458+0000] {dagbag.py:540} INFO - Filling up the DagBag from /opt/airflow/dags/move_landing_to_bronze_partitioned.py
[2025-04-28T01:24:19.685+0000] {processor.py:840} INFO - DAG(s) 'move_landing_to_bronze_partitioned' retrieved from /opt/airflow/dags/move_landing_to_bronze_partitioned.py
[2025-04-28T01:24:19.702+0000] {logging_mixin.py:188} INFO - [2025-04-28T01:24:19.702+0000] {dag.py:3096} INFO - Sync 1 DAGs
[2025-04-28T01:24:19.707+0000] {logging_mixin.py:188} INFO - [2025-04-28T01:24:19.707+0000] {dag.py:3954} INFO - Setting next_dagrun for move_landing_to_bronze_partitioned to None, run_after=None
[2025-04-28T01:24:19.716+0000] {processor.py:183} INFO - Processing /opt/airflow/dags/move_landing_to_bronze_partitioned.py took 0.263 seconds
[2025-04-28T01:24:50.319+0000] {processor.py:161} INFO - Started process (PID=284) to work on /opt/airflow/dags/move_landing_to_bronze_partitioned.py
[2025-04-28T01:24:50.319+0000] {processor.py:830} INFO - Processing file /opt/airflow/dags/move_landing_to_bronze_partitioned.py for tasks to queue
[2025-04-28T01:24:50.320+0000] {logging_mixin.py:188} INFO - [2025-04-28T01:24:50.320+0000] {dagbag.py:540} INFO - Filling up the DagBag from /opt/airflow/dags/move_landing_to_bronze_partitioned.py
[2025-04-28T01:24:50.542+0000] {processor.py:840} INFO - DAG(s) 'move_landing_to_bronze_partitioned' retrieved from /opt/airflow/dags/move_landing_to_bronze_partitioned.py
[2025-04-28T01:24:50.554+0000] {logging_mixin.py:188} INFO - [2025-04-28T01:24:50.553+0000] {dag.py:3096} INFO - Sync 1 DAGs
[2025-04-28T01:24:50.558+0000] {logging_mixin.py:188} INFO - [2025-04-28T01:24:50.558+0000] {dag.py:3954} INFO - Setting next_dagrun for move_landing_to_bronze_partitioned to None, run_after=None
[2025-04-28T01:24:50.569+0000] {processor.py:183} INFO - Processing /opt/airflow/dags/move_landing_to_bronze_partitioned.py took 0.253 seconds
[2025-04-28T01:25:21.438+0000] {processor.py:161} INFO - Started process (PID=317) to work on /opt/airflow/dags/move_landing_to_bronze_partitioned.py
[2025-04-28T01:25:21.438+0000] {processor.py:830} INFO - Processing file /opt/airflow/dags/move_landing_to_bronze_partitioned.py for tasks to queue
[2025-04-28T01:25:21.439+0000] {logging_mixin.py:188} INFO - [2025-04-28T01:25:21.439+0000] {dagbag.py:540} INFO - Filling up the DagBag from /opt/airflow/dags/move_landing_to_bronze_partitioned.py
[2025-04-28T01:25:21.657+0000] {processor.py:840} INFO - DAG(s) 'move_landing_to_bronze_partitioned' retrieved from /opt/airflow/dags/move_landing_to_bronze_partitioned.py
[2025-04-28T01:25:21.670+0000] {logging_mixin.py:188} INFO - [2025-04-28T01:25:21.670+0000] {dag.py:3096} INFO - Sync 1 DAGs
[2025-04-28T01:25:21.676+0000] {logging_mixin.py:188} INFO - [2025-04-28T01:25:21.676+0000] {dag.py:3954} INFO - Setting next_dagrun for move_landing_to_bronze_partitioned to None, run_after=None
[2025-04-28T01:25:21.685+0000] {processor.py:183} INFO - Processing /opt/airflow/dags/move_landing_to_bronze_partitioned.py took 0.250 seconds
[2025-04-28T01:25:52.033+0000] {processor.py:161} INFO - Started process (PID=344) to work on /opt/airflow/dags/move_landing_to_bronze_partitioned.py
[2025-04-28T01:25:52.034+0000] {processor.py:830} INFO - Processing file /opt/airflow/dags/move_landing_to_bronze_partitioned.py for tasks to queue
[2025-04-28T01:25:52.035+0000] {logging_mixin.py:188} INFO - [2025-04-28T01:25:52.035+0000] {dagbag.py:540} INFO - Filling up the DagBag from /opt/airflow/dags/move_landing_to_bronze_partitioned.py
[2025-04-28T01:25:52.249+0000] {processor.py:840} INFO - DAG(s) 'move_landing_to_bronze_partitioned' retrieved from /opt/airflow/dags/move_landing_to_bronze_partitioned.py
[2025-04-28T01:25:52.262+0000] {logging_mixin.py:188} INFO - [2025-04-28T01:25:52.262+0000] {dag.py:3096} INFO - Sync 1 DAGs
[2025-04-28T01:25:52.267+0000] {logging_mixin.py:188} INFO - [2025-04-28T01:25:52.267+0000] {dag.py:3954} INFO - Setting next_dagrun for move_landing_to_bronze_partitioned to None, run_after=None
[2025-04-28T01:25:52.278+0000] {processor.py:183} INFO - Processing /opt/airflow/dags/move_landing_to_bronze_partitioned.py took 0.248 seconds
[2025-04-28T01:26:23.151+0000] {processor.py:161} INFO - Started process (PID=377) to work on /opt/airflow/dags/move_landing_to_bronze_partitioned.py
[2025-04-28T01:26:23.152+0000] {processor.py:830} INFO - Processing file /opt/airflow/dags/move_landing_to_bronze_partitioned.py for tasks to queue
[2025-04-28T01:26:23.153+0000] {logging_mixin.py:188} INFO - [2025-04-28T01:26:23.153+0000] {dagbag.py:540} INFO - Filling up the DagBag from /opt/airflow/dags/move_landing_to_bronze_partitioned.py
[2025-04-28T01:26:23.373+0000] {processor.py:840} INFO - DAG(s) 'move_landing_to_bronze_partitioned' retrieved from /opt/airflow/dags/move_landing_to_bronze_partitioned.py
[2025-04-28T01:26:23.386+0000] {logging_mixin.py:188} INFO - [2025-04-28T01:26:23.385+0000] {dag.py:3096} INFO - Sync 1 DAGs
[2025-04-28T01:26:23.391+0000] {logging_mixin.py:188} INFO - [2025-04-28T01:26:23.391+0000] {dag.py:3954} INFO - Setting next_dagrun for move_landing_to_bronze_partitioned to None, run_after=None
[2025-04-28T01:26:23.401+0000] {processor.py:183} INFO - Processing /opt/airflow/dags/move_landing_to_bronze_partitioned.py took 0.253 seconds
[2025-04-28T01:26:54.018+0000] {processor.py:161} INFO - Started process (PID=407) to work on /opt/airflow/dags/move_landing_to_bronze_partitioned.py
[2025-04-28T01:26:54.019+0000] {processor.py:830} INFO - Processing file /opt/airflow/dags/move_landing_to_bronze_partitioned.py for tasks to queue
[2025-04-28T01:26:54.020+0000] {logging_mixin.py:188} INFO - [2025-04-28T01:26:54.020+0000] {dagbag.py:540} INFO - Filling up the DagBag from /opt/airflow/dags/move_landing_to_bronze_partitioned.py
[2025-04-28T01:26:54.235+0000] {processor.py:840} INFO - DAG(s) 'move_landing_to_bronze_partitioned' retrieved from /opt/airflow/dags/move_landing_to_bronze_partitioned.py
[2025-04-28T01:26:54.249+0000] {logging_mixin.py:188} INFO - [2025-04-28T01:26:54.248+0000] {dag.py:3096} INFO - Sync 1 DAGs
[2025-04-28T01:26:54.254+0000] {logging_mixin.py:188} INFO - [2025-04-28T01:26:54.254+0000] {dag.py:3954} INFO - Setting next_dagrun for move_landing_to_bronze_partitioned to None, run_after=None
[2025-04-28T01:26:54.265+0000] {processor.py:183} INFO - Processing /opt/airflow/dags/move_landing_to_bronze_partitioned.py took 0.250 seconds
[2025-04-28T01:27:24.865+0000] {processor.py:161} INFO - Started process (PID=437) to work on /opt/airflow/dags/move_landing_to_bronze_partitioned.py
[2025-04-28T01:27:24.866+0000] {processor.py:830} INFO - Processing file /opt/airflow/dags/move_landing_to_bronze_partitioned.py for tasks to queue
[2025-04-28T01:27:24.867+0000] {logging_mixin.py:188} INFO - [2025-04-28T01:27:24.866+0000] {dagbag.py:540} INFO - Filling up the DagBag from /opt/airflow/dags/move_landing_to_bronze_partitioned.py
[2025-04-28T01:27:25.081+0000] {processor.py:840} INFO - DAG(s) 'move_landing_to_bronze_partitioned' retrieved from /opt/airflow/dags/move_landing_to_bronze_partitioned.py
[2025-04-28T01:27:25.093+0000] {logging_mixin.py:188} INFO - [2025-04-28T01:27:25.093+0000] {dag.py:3096} INFO - Sync 1 DAGs
[2025-04-28T01:27:25.099+0000] {logging_mixin.py:188} INFO - [2025-04-28T01:27:25.099+0000] {dag.py:3954} INFO - Setting next_dagrun for move_landing_to_bronze_partitioned to None, run_after=None
[2025-04-28T01:27:25.110+0000] {processor.py:183} INFO - Processing /opt/airflow/dags/move_landing_to_bronze_partitioned.py took 0.248 seconds
[2025-04-28T01:27:55.769+0000] {processor.py:161} INFO - Started process (PID=467) to work on /opt/airflow/dags/move_landing_to_bronze_partitioned.py
[2025-04-28T01:27:55.770+0000] {processor.py:830} INFO - Processing file /opt/airflow/dags/move_landing_to_bronze_partitioned.py for tasks to queue
[2025-04-28T01:27:55.771+0000] {logging_mixin.py:188} INFO - [2025-04-28T01:27:55.770+0000] {dagbag.py:540} INFO - Filling up the DagBag from /opt/airflow/dags/move_landing_to_bronze_partitioned.py
[2025-04-28T01:27:55.988+0000] {processor.py:840} INFO - DAG(s) 'move_landing_to_bronze_partitioned' retrieved from /opt/airflow/dags/move_landing_to_bronze_partitioned.py
[2025-04-28T01:27:55.999+0000] {logging_mixin.py:188} INFO - [2025-04-28T01:27:55.999+0000] {dag.py:3096} INFO - Sync 1 DAGs
[2025-04-28T01:27:56.003+0000] {logging_mixin.py:188} INFO - [2025-04-28T01:27:56.003+0000] {dag.py:3954} INFO - Setting next_dagrun for move_landing_to_bronze_partitioned to None, run_after=None
[2025-04-28T01:27:56.018+0000] {processor.py:183} INFO - Processing /opt/airflow/dags/move_landing_to_bronze_partitioned.py took 0.252 seconds
[2025-04-28T01:28:26.382+0000] {processor.py:161} INFO - Started process (PID=494) to work on /opt/airflow/dags/move_landing_to_bronze_partitioned.py
[2025-04-28T01:28:26.384+0000] {processor.py:830} INFO - Processing file /opt/airflow/dags/move_landing_to_bronze_partitioned.py for tasks to queue
[2025-04-28T01:28:26.385+0000] {logging_mixin.py:188} INFO - [2025-04-28T01:28:26.385+0000] {dagbag.py:540} INFO - Filling up the DagBag from /opt/airflow/dags/move_landing_to_bronze_partitioned.py
[2025-04-28T01:28:26.607+0000] {processor.py:840} INFO - DAG(s) 'move_landing_to_bronze_partitioned' retrieved from /opt/airflow/dags/move_landing_to_bronze_partitioned.py
[2025-04-28T01:28:26.621+0000] {logging_mixin.py:188} INFO - [2025-04-28T01:28:26.621+0000] {dag.py:3096} INFO - Sync 1 DAGs
[2025-04-28T01:28:26.625+0000] {logging_mixin.py:188} INFO - [2025-04-28T01:28:26.625+0000] {dag.py:3954} INFO - Setting next_dagrun for move_landing_to_bronze_partitioned to None, run_after=None
[2025-04-28T01:28:26.635+0000] {processor.py:183} INFO - Processing /opt/airflow/dags/move_landing_to_bronze_partitioned.py took 0.255 seconds
[2025-04-28T01:28:57.471+0000] {processor.py:161} INFO - Started process (PID=527) to work on /opt/airflow/dags/move_landing_to_bronze_partitioned.py
[2025-04-28T01:28:57.472+0000] {processor.py:830} INFO - Processing file /opt/airflow/dags/move_landing_to_bronze_partitioned.py for tasks to queue
[2025-04-28T01:28:57.473+0000] {logging_mixin.py:188} INFO - [2025-04-28T01:28:57.473+0000] {dagbag.py:540} INFO - Filling up the DagBag from /opt/airflow/dags/move_landing_to_bronze_partitioned.py
[2025-04-28T01:28:57.690+0000] {processor.py:840} INFO - DAG(s) 'move_landing_to_bronze_partitioned' retrieved from /opt/airflow/dags/move_landing_to_bronze_partitioned.py
[2025-04-28T01:28:57.702+0000] {logging_mixin.py:188} INFO - [2025-04-28T01:28:57.701+0000] {dag.py:3096} INFO - Sync 1 DAGs
[2025-04-28T01:28:57.706+0000] {logging_mixin.py:188} INFO - [2025-04-28T01:28:57.706+0000] {dag.py:3954} INFO - Setting next_dagrun for move_landing_to_bronze_partitioned to None, run_after=None
[2025-04-28T01:28:57.720+0000] {processor.py:183} INFO - Processing /opt/airflow/dags/move_landing_to_bronze_partitioned.py took 0.252 seconds
[2025-04-28T01:29:28.580+0000] {processor.py:161} INFO - Started process (PID=557) to work on /opt/airflow/dags/move_landing_to_bronze_partitioned.py
[2025-04-28T01:29:28.581+0000] {processor.py:830} INFO - Processing file /opt/airflow/dags/move_landing_to_bronze_partitioned.py for tasks to queue
[2025-04-28T01:29:28.582+0000] {logging_mixin.py:188} INFO - [2025-04-28T01:29:28.582+0000] {dagbag.py:540} INFO - Filling up the DagBag from /opt/airflow/dags/move_landing_to_bronze_partitioned.py
[2025-04-28T01:29:28.800+0000] {processor.py:840} INFO - DAG(s) 'move_landing_to_bronze_partitioned' retrieved from /opt/airflow/dags/move_landing_to_bronze_partitioned.py
[2025-04-28T01:29:28.811+0000] {logging_mixin.py:188} INFO - [2025-04-28T01:29:28.811+0000] {dag.py:3096} INFO - Sync 1 DAGs
[2025-04-28T01:29:28.816+0000] {logging_mixin.py:188} INFO - [2025-04-28T01:29:28.816+0000] {dag.py:3954} INFO - Setting next_dagrun for move_landing_to_bronze_partitioned to None, run_after=None
[2025-04-28T01:29:28.828+0000] {processor.py:183} INFO - Processing /opt/airflow/dags/move_landing_to_bronze_partitioned.py took 0.250 seconds
[2025-04-28T01:29:59.188+0000] {processor.py:161} INFO - Started process (PID=584) to work on /opt/airflow/dags/move_landing_to_bronze_partitioned.py
[2025-04-28T01:29:59.189+0000] {processor.py:830} INFO - Processing file /opt/airflow/dags/move_landing_to_bronze_partitioned.py for tasks to queue
[2025-04-28T01:29:59.190+0000] {logging_mixin.py:188} INFO - [2025-04-28T01:29:59.190+0000] {dagbag.py:540} INFO - Filling up the DagBag from /opt/airflow/dags/move_landing_to_bronze_partitioned.py
[2025-04-28T01:29:59.409+0000] {processor.py:840} INFO - DAG(s) 'move_landing_to_bronze_partitioned' retrieved from /opt/airflow/dags/move_landing_to_bronze_partitioned.py
[2025-04-28T01:29:59.424+0000] {logging_mixin.py:188} INFO - [2025-04-28T01:29:59.424+0000] {dag.py:3096} INFO - Sync 1 DAGs
[2025-04-28T01:29:59.430+0000] {logging_mixin.py:188} INFO - [2025-04-28T01:29:59.430+0000] {dag.py:3954} INFO - Setting next_dagrun for move_landing_to_bronze_partitioned to None, run_after=None
[2025-04-28T01:29:59.438+0000] {processor.py:183} INFO - Processing /opt/airflow/dags/move_landing_to_bronze_partitioned.py took 0.252 seconds
[2025-04-28T01:30:30.293+0000] {processor.py:161} INFO - Started process (PID=617) to work on /opt/airflow/dags/move_landing_to_bronze_partitioned.py
[2025-04-28T01:30:30.294+0000] {processor.py:830} INFO - Processing file /opt/airflow/dags/move_landing_to_bronze_partitioned.py for tasks to queue
[2025-04-28T01:30:30.294+0000] {logging_mixin.py:188} INFO - [2025-04-28T01:30:30.294+0000] {dagbag.py:540} INFO - Filling up the DagBag from /opt/airflow/dags/move_landing_to_bronze_partitioned.py
[2025-04-28T01:30:30.510+0000] {processor.py:840} INFO - DAG(s) 'move_landing_to_bronze_partitioned' retrieved from /opt/airflow/dags/move_landing_to_bronze_partitioned.py
[2025-04-28T01:30:30.523+0000] {logging_mixin.py:188} INFO - [2025-04-28T01:30:30.522+0000] {dag.py:3096} INFO - Sync 1 DAGs
[2025-04-28T01:30:30.527+0000] {logging_mixin.py:188} INFO - [2025-04-28T01:30:30.527+0000] {dag.py:3954} INFO - Setting next_dagrun for move_landing_to_bronze_partitioned to None, run_after=None
[2025-04-28T01:30:30.539+0000] {processor.py:183} INFO - Processing /opt/airflow/dags/move_landing_to_bronze_partitioned.py took 0.249 seconds
[2025-04-28T01:31:01.194+0000] {processor.py:161} INFO - Started process (PID=644) to work on /opt/airflow/dags/move_landing_to_bronze_partitioned.py
[2025-04-28T01:31:01.195+0000] {processor.py:830} INFO - Processing file /opt/airflow/dags/move_landing_to_bronze_partitioned.py for tasks to queue
[2025-04-28T01:31:01.196+0000] {logging_mixin.py:188} INFO - [2025-04-28T01:31:01.196+0000] {dagbag.py:540} INFO - Filling up the DagBag from /opt/airflow/dags/move_landing_to_bronze_partitioned.py
[2025-04-28T01:31:01.411+0000] {processor.py:840} INFO - DAG(s) 'move_landing_to_bronze_partitioned' retrieved from /opt/airflow/dags/move_landing_to_bronze_partitioned.py
[2025-04-28T01:31:01.422+0000] {logging_mixin.py:188} INFO - [2025-04-28T01:31:01.422+0000] {dag.py:3096} INFO - Sync 1 DAGs
[2025-04-28T01:31:01.426+0000] {logging_mixin.py:188} INFO - [2025-04-28T01:31:01.426+0000] {dag.py:3954} INFO - Setting next_dagrun for move_landing_to_bronze_partitioned to None, run_after=None
[2025-04-28T01:31:01.437+0000] {processor.py:183} INFO - Processing /opt/airflow/dags/move_landing_to_bronze_partitioned.py took 0.246 seconds
[2025-04-28T01:31:32.329+0000] {processor.py:161} INFO - Started process (PID=677) to work on /opt/airflow/dags/move_landing_to_bronze_partitioned.py
[2025-04-28T01:31:32.329+0000] {processor.py:830} INFO - Processing file /opt/airflow/dags/move_landing_to_bronze_partitioned.py for tasks to queue
[2025-04-28T01:31:32.330+0000] {logging_mixin.py:188} INFO - [2025-04-28T01:31:32.330+0000] {dagbag.py:540} INFO - Filling up the DagBag from /opt/airflow/dags/move_landing_to_bronze_partitioned.py
[2025-04-28T01:31:32.551+0000] {processor.py:840} INFO - DAG(s) 'move_landing_to_bronze_partitioned' retrieved from /opt/airflow/dags/move_landing_to_bronze_partitioned.py
[2025-04-28T01:31:32.566+0000] {logging_mixin.py:188} INFO - [2025-04-28T01:31:32.566+0000] {dag.py:3096} INFO - Sync 1 DAGs
[2025-04-28T01:31:32.571+0000] {logging_mixin.py:188} INFO - [2025-04-28T01:31:32.571+0000] {dag.py:3954} INFO - Setting next_dagrun for move_landing_to_bronze_partitioned to None, run_after=None
[2025-04-28T01:31:32.581+0000] {processor.py:183} INFO - Processing /opt/airflow/dags/move_landing_to_bronze_partitioned.py took 0.255 seconds
[2025-04-28T01:33:28.858+0000] {processor.py:161} INFO - Started process (PID=709) to work on /opt/airflow/dags/move_landing_to_bronze_partitioned.py
[2025-04-28T01:33:28.859+0000] {processor.py:830} INFO - Processing file /opt/airflow/dags/move_landing_to_bronze_partitioned.py for tasks to queue
[2025-04-28T01:33:28.860+0000] {logging_mixin.py:188} INFO - [2025-04-28T01:33:28.859+0000] {dagbag.py:540} INFO - Filling up the DagBag from /opt/airflow/dags/move_landing_to_bronze_partitioned.py
[2025-04-28T01:33:29.083+0000] {processor.py:840} INFO - DAG(s) 'move_landing_to_bronze_partitioned' retrieved from /opt/airflow/dags/move_landing_to_bronze_partitioned.py
[2025-04-28T01:33:29.095+0000] {logging_mixin.py:188} INFO - [2025-04-28T01:33:29.095+0000] {dag.py:3096} INFO - Sync 1 DAGs
[2025-04-28T01:33:29.100+0000] {logging_mixin.py:188} INFO - [2025-04-28T01:33:29.100+0000] {dag.py:3954} INFO - Setting next_dagrun for move_landing_to_bronze_partitioned to None, run_after=None
[2025-04-28T01:33:29.112+0000] {processor.py:183} INFO - Processing /opt/airflow/dags/move_landing_to_bronze_partitioned.py took 0.256 seconds
[2025-04-28T01:48:46.637+0000] {processor.py:161} INFO - Started process (PID=739) to work on /opt/airflow/dags/move_landing_to_bronze_partitioned.py
[2025-04-28T01:48:46.637+0000] {processor.py:830} INFO - Processing file /opt/airflow/dags/move_landing_to_bronze_partitioned.py for tasks to queue
[2025-04-28T01:48:46.638+0000] {logging_mixin.py:188} INFO - [2025-04-28T01:48:46.638+0000] {dagbag.py:540} INFO - Filling up the DagBag from /opt/airflow/dags/move_landing_to_bronze_partitioned.py
[2025-04-28T01:48:46.862+0000] {processor.py:840} INFO - DAG(s) 'move_landing_to_bronze_partitioned' retrieved from /opt/airflow/dags/move_landing_to_bronze_partitioned.py
[2025-04-28T01:48:46.876+0000] {logging_mixin.py:188} INFO - [2025-04-28T01:48:46.876+0000] {dag.py:3096} INFO - Sync 1 DAGs
[2025-04-28T01:48:46.881+0000] {logging_mixin.py:188} INFO - [2025-04-28T01:48:46.881+0000] {dag.py:3954} INFO - Setting next_dagrun for move_landing_to_bronze_partitioned to None, run_after=None
[2025-04-28T01:48:46.895+0000] {processor.py:183} INFO - Processing /opt/airflow/dags/move_landing_to_bronze_partitioned.py took 0.261 seconds
[2025-04-28T01:49:17.574+0000] {processor.py:161} INFO - Started process (PID=769) to work on /opt/airflow/dags/move_landing_to_bronze_partitioned.py
[2025-04-28T01:49:17.575+0000] {processor.py:830} INFO - Processing file /opt/airflow/dags/move_landing_to_bronze_partitioned.py for tasks to queue
[2025-04-28T01:49:17.575+0000] {logging_mixin.py:188} INFO - [2025-04-28T01:49:17.575+0000] {dagbag.py:540} INFO - Filling up the DagBag from /opt/airflow/dags/move_landing_to_bronze_partitioned.py
[2025-04-28T01:49:17.797+0000] {processor.py:840} INFO - DAG(s) 'move_landing_to_bronze_partitioned' retrieved from /opt/airflow/dags/move_landing_to_bronze_partitioned.py
[2025-04-28T01:49:17.811+0000] {logging_mixin.py:188} INFO - [2025-04-28T01:49:17.811+0000] {dag.py:3096} INFO - Sync 1 DAGs
[2025-04-28T01:49:17.817+0000] {logging_mixin.py:188} INFO - [2025-04-28T01:49:17.817+0000] {dag.py:3954} INFO - Setting next_dagrun for move_landing_to_bronze_partitioned to None, run_after=None
[2025-04-28T01:49:17.826+0000] {processor.py:183} INFO - Processing /opt/airflow/dags/move_landing_to_bronze_partitioned.py took 0.255 seconds
[2025-04-28T01:49:48.513+0000] {processor.py:161} INFO - Started process (PID=799) to work on /opt/airflow/dags/move_landing_to_bronze_partitioned.py
[2025-04-28T01:49:48.513+0000] {processor.py:830} INFO - Processing file /opt/airflow/dags/move_landing_to_bronze_partitioned.py for tasks to queue
[2025-04-28T01:49:48.514+0000] {logging_mixin.py:188} INFO - [2025-04-28T01:49:48.514+0000] {dagbag.py:540} INFO - Filling up the DagBag from /opt/airflow/dags/move_landing_to_bronze_partitioned.py
[2025-04-28T01:49:48.747+0000] {processor.py:840} INFO - DAG(s) 'move_landing_to_bronze_partitioned' retrieved from /opt/airflow/dags/move_landing_to_bronze_partitioned.py
[2025-04-28T01:49:48.759+0000] {logging_mixin.py:188} INFO - [2025-04-28T01:49:48.759+0000] {dag.py:3096} INFO - Sync 1 DAGs
[2025-04-28T01:49:48.764+0000] {logging_mixin.py:188} INFO - [2025-04-28T01:49:48.764+0000] {dag.py:3954} INFO - Setting next_dagrun for move_landing_to_bronze_partitioned to None, run_after=None
[2025-04-28T01:49:48.776+0000] {processor.py:183} INFO - Processing /opt/airflow/dags/move_landing_to_bronze_partitioned.py took 0.267 seconds
[2025-04-28T01:50:19.390+0000] {processor.py:161} INFO - Started process (PID=829) to work on /opt/airflow/dags/move_landing_to_bronze_partitioned.py
[2025-04-28T01:50:19.390+0000] {processor.py:830} INFO - Processing file /opt/airflow/dags/move_landing_to_bronze_partitioned.py for tasks to queue
[2025-04-28T01:50:19.391+0000] {logging_mixin.py:188} INFO - [2025-04-28T01:50:19.391+0000] {dagbag.py:540} INFO - Filling up the DagBag from /opt/airflow/dags/move_landing_to_bronze_partitioned.py
[2025-04-28T01:50:19.617+0000] {processor.py:840} INFO - DAG(s) 'move_landing_to_bronze_partitioned' retrieved from /opt/airflow/dags/move_landing_to_bronze_partitioned.py
[2025-04-28T01:50:19.629+0000] {logging_mixin.py:188} INFO - [2025-04-28T01:50:19.629+0000] {dag.py:3096} INFO - Sync 1 DAGs
[2025-04-28T01:50:19.634+0000] {logging_mixin.py:188} INFO - [2025-04-28T01:50:19.633+0000] {dag.py:3954} INFO - Setting next_dagrun for move_landing_to_bronze_partitioned to None, run_after=None
[2025-04-28T01:50:19.643+0000] {processor.py:183} INFO - Processing /opt/airflow/dags/move_landing_to_bronze_partitioned.py took 0.257 seconds
[2025-04-28T01:50:50.573+0000] {processor.py:161} INFO - Started process (PID=859) to work on /opt/airflow/dags/move_landing_to_bronze_partitioned.py
[2025-04-28T01:50:50.574+0000] {processor.py:830} INFO - Processing file /opt/airflow/dags/move_landing_to_bronze_partitioned.py for tasks to queue
[2025-04-28T01:50:50.575+0000] {logging_mixin.py:188} INFO - [2025-04-28T01:50:50.574+0000] {dagbag.py:540} INFO - Filling up the DagBag from /opt/airflow/dags/move_landing_to_bronze_partitioned.py
[2025-04-28T01:50:50.796+0000] {processor.py:840} INFO - DAG(s) 'move_landing_to_bronze_partitioned' retrieved from /opt/airflow/dags/move_landing_to_bronze_partitioned.py
[2025-04-28T01:50:50.808+0000] {logging_mixin.py:188} INFO - [2025-04-28T01:50:50.808+0000] {dag.py:3096} INFO - Sync 1 DAGs
[2025-04-28T01:50:50.813+0000] {logging_mixin.py:188} INFO - [2025-04-28T01:50:50.813+0000] {dag.py:3954} INFO - Setting next_dagrun for move_landing_to_bronze_partitioned to None, run_after=None
[2025-04-28T01:50:50.825+0000] {processor.py:183} INFO - Processing /opt/airflow/dags/move_landing_to_bronze_partitioned.py took 0.255 seconds
[2025-04-28T01:51:21.152+0000] {processor.py:161} INFO - Started process (PID=886) to work on /opt/airflow/dags/move_landing_to_bronze_partitioned.py
[2025-04-28T01:51:21.153+0000] {processor.py:830} INFO - Processing file /opt/airflow/dags/move_landing_to_bronze_partitioned.py for tasks to queue
[2025-04-28T01:51:21.155+0000] {logging_mixin.py:188} INFO - [2025-04-28T01:51:21.155+0000] {dagbag.py:540} INFO - Filling up the DagBag from /opt/airflow/dags/move_landing_to_bronze_partitioned.py
[2025-04-28T01:51:21.372+0000] {processor.py:840} INFO - DAG(s) 'move_landing_to_bronze_partitioned' retrieved from /opt/airflow/dags/move_landing_to_bronze_partitioned.py
[2025-04-28T01:51:21.385+0000] {logging_mixin.py:188} INFO - [2025-04-28T01:51:21.385+0000] {dag.py:3096} INFO - Sync 1 DAGs
[2025-04-28T01:51:21.390+0000] {logging_mixin.py:188} INFO - [2025-04-28T01:51:21.390+0000] {dag.py:3954} INFO - Setting next_dagrun for move_landing_to_bronze_partitioned to None, run_after=None
[2025-04-28T01:51:21.399+0000] {processor.py:183} INFO - Processing /opt/airflow/dags/move_landing_to_bronze_partitioned.py took 0.249 seconds
[2025-04-28T01:51:36.750+0000] {processor.py:161} INFO - Started process (PID=186) to work on /opt/airflow/dags/move_landing_to_bronze_partitioned.py
[2025-04-28T01:51:36.750+0000] {processor.py:830} INFO - Processing file /opt/airflow/dags/move_landing_to_bronze_partitioned.py for tasks to queue
[2025-04-28T01:51:36.751+0000] {logging_mixin.py:188} INFO - [2025-04-28T01:51:36.751+0000] {dagbag.py:540} INFO - Filling up the DagBag from /opt/airflow/dags/move_landing_to_bronze_partitioned.py
[2025-04-28T01:51:36.905+0000] {processor.py:840} INFO - DAG(s) 'move_landing_to_bronze_partitioned' retrieved from /opt/airflow/dags/move_landing_to_bronze_partitioned.py
[2025-04-28T01:51:37.001+0000] {logging_mixin.py:188} INFO - [2025-04-28T01:51:37.000+0000] {dag.py:3096} INFO - Sync 1 DAGs
[2025-04-28T01:51:37.006+0000] {logging_mixin.py:188} INFO - [2025-04-28T01:51:37.006+0000] {dag.py:3954} INFO - Setting next_dagrun for move_landing_to_bronze_partitioned to None, run_after=None
[2025-04-28T01:51:37.018+0000] {processor.py:183} INFO - Processing /opt/airflow/dags/move_landing_to_bronze_partitioned.py took 0.272 seconds
[2025-04-28T01:52:07.706+0000] {processor.py:161} INFO - Started process (PID=221) to work on /opt/airflow/dags/move_landing_to_bronze_partitioned.py
[2025-04-28T01:52:07.707+0000] {processor.py:830} INFO - Processing file /opt/airflow/dags/move_landing_to_bronze_partitioned.py for tasks to queue
[2025-04-28T01:52:07.707+0000] {logging_mixin.py:188} INFO - [2025-04-28T01:52:07.707+0000] {dagbag.py:540} INFO - Filling up the DagBag from /opt/airflow/dags/move_landing_to_bronze_partitioned.py
[2025-04-28T01:52:07.943+0000] {processor.py:840} INFO - DAG(s) 'move_landing_to_bronze_partitioned' retrieved from /opt/airflow/dags/move_landing_to_bronze_partitioned.py
[2025-04-28T01:52:07.988+0000] {logging_mixin.py:188} INFO - [2025-04-28T01:52:07.988+0000] {dag.py:3096} INFO - Sync 1 DAGs
[2025-04-28T01:52:07.992+0000] {logging_mixin.py:188} INFO - [2025-04-28T01:52:07.992+0000] {dag.py:3954} INFO - Setting next_dagrun for move_landing_to_bronze_partitioned to None, run_after=None
[2025-04-28T01:52:08.000+0000] {processor.py:183} INFO - Processing /opt/airflow/dags/move_landing_to_bronze_partitioned.py took 0.296 seconds
[2025-04-28T01:52:38.828+0000] {processor.py:161} INFO - Started process (PID=318) to work on /opt/airflow/dags/move_landing_to_bronze_partitioned.py
[2025-04-28T01:52:38.829+0000] {processor.py:830} INFO - Processing file /opt/airflow/dags/move_landing_to_bronze_partitioned.py for tasks to queue
[2025-04-28T01:52:38.830+0000] {logging_mixin.py:188} INFO - [2025-04-28T01:52:38.829+0000] {dagbag.py:540} INFO - Filling up the DagBag from /opt/airflow/dags/move_landing_to_bronze_partitioned.py
[2025-04-28T01:52:39.087+0000] {processor.py:840} INFO - DAG(s) 'move_landing_to_bronze_partitioned' retrieved from /opt/airflow/dags/move_landing_to_bronze_partitioned.py
[2025-04-28T01:52:39.099+0000] {logging_mixin.py:188} INFO - [2025-04-28T01:52:39.099+0000] {dag.py:3096} INFO - Sync 1 DAGs
[2025-04-28T01:52:39.105+0000] {logging_mixin.py:188} INFO - [2025-04-28T01:52:39.105+0000] {dag.py:3954} INFO - Setting next_dagrun for move_landing_to_bronze_partitioned to None, run_after=None
[2025-04-28T01:52:39.116+0000] {processor.py:183} INFO - Processing /opt/airflow/dags/move_landing_to_bronze_partitioned.py took 0.292 seconds
[2025-04-28T01:53:10.273+0000] {processor.py:161} INFO - Started process (PID=356) to work on /opt/airflow/dags/move_landing_to_bronze_partitioned.py
[2025-04-28T01:53:10.274+0000] {processor.py:830} INFO - Processing file /opt/airflow/dags/move_landing_to_bronze_partitioned.py for tasks to queue
[2025-04-28T01:53:10.275+0000] {logging_mixin.py:188} INFO - [2025-04-28T01:53:10.275+0000] {dagbag.py:540} INFO - Filling up the DagBag from /opt/airflow/dags/move_landing_to_bronze_partitioned.py
[2025-04-28T01:53:10.507+0000] {processor.py:840} INFO - DAG(s) 'move_landing_to_bronze_partitioned' retrieved from /opt/airflow/dags/move_landing_to_bronze_partitioned.py
[2025-04-28T01:53:10.520+0000] {logging_mixin.py:188} INFO - [2025-04-28T01:53:10.520+0000] {dag.py:3096} INFO - Sync 1 DAGs
[2025-04-28T01:53:10.525+0000] {logging_mixin.py:188} INFO - [2025-04-28T01:53:10.525+0000] {dag.py:3954} INFO - Setting next_dagrun for move_landing_to_bronze_partitioned to None, run_after=None
[2025-04-28T01:53:10.537+0000] {processor.py:183} INFO - Processing /opt/airflow/dags/move_landing_to_bronze_partitioned.py took 0.267 seconds
[2025-04-28T01:53:41.431+0000] {processor.py:161} INFO - Started process (PID=391) to work on /opt/airflow/dags/move_landing_to_bronze_partitioned.py
[2025-04-28T01:53:41.431+0000] {processor.py:830} INFO - Processing file /opt/airflow/dags/move_landing_to_bronze_partitioned.py for tasks to queue
[2025-04-28T01:53:41.432+0000] {logging_mixin.py:188} INFO - [2025-04-28T01:53:41.432+0000] {dagbag.py:540} INFO - Filling up the DagBag from /opt/airflow/dags/move_landing_to_bronze_partitioned.py
[2025-04-28T01:53:41.687+0000] {processor.py:840} INFO - DAG(s) 'move_landing_to_bronze_partitioned' retrieved from /opt/airflow/dags/move_landing_to_bronze_partitioned.py
[2025-04-28T01:53:41.699+0000] {logging_mixin.py:188} INFO - [2025-04-28T01:53:41.699+0000] {dag.py:3096} INFO - Sync 1 DAGs
[2025-04-28T01:53:41.705+0000] {logging_mixin.py:188} INFO - [2025-04-28T01:53:41.704+0000] {dag.py:3954} INFO - Setting next_dagrun for move_landing_to_bronze_partitioned to None, run_after=None
[2025-04-28T01:53:41.716+0000] {processor.py:183} INFO - Processing /opt/airflow/dags/move_landing_to_bronze_partitioned.py took 0.289 seconds
[2025-04-28T01:54:12.351+0000] {processor.py:161} INFO - Started process (PID=423) to work on /opt/airflow/dags/move_landing_to_bronze_partitioned.py
[2025-04-28T01:54:12.356+0000] {processor.py:830} INFO - Processing file /opt/airflow/dags/move_landing_to_bronze_partitioned.py for tasks to queue
[2025-04-28T01:54:12.357+0000] {logging_mixin.py:188} INFO - [2025-04-28T01:54:12.357+0000] {dagbag.py:540} INFO - Filling up the DagBag from /opt/airflow/dags/move_landing_to_bronze_partitioned.py
[2025-04-28T01:54:12.587+0000] {processor.py:840} INFO - DAG(s) 'move_landing_to_bronze_partitioned' retrieved from /opt/airflow/dags/move_landing_to_bronze_partitioned.py
[2025-04-28T01:54:12.600+0000] {logging_mixin.py:188} INFO - [2025-04-28T01:54:12.600+0000] {dag.py:3096} INFO - Sync 1 DAGs
[2025-04-28T01:54:12.607+0000] {logging_mixin.py:188} INFO - [2025-04-28T01:54:12.606+0000] {dag.py:3954} INFO - Setting next_dagrun for move_landing_to_bronze_partitioned to None, run_after=None
[2025-04-28T01:54:12.619+0000] {processor.py:183} INFO - Processing /opt/airflow/dags/move_landing_to_bronze_partitioned.py took 0.271 seconds
[2025-04-28T01:54:43.777+0000] {processor.py:161} INFO - Started process (PID=461) to work on /opt/airflow/dags/move_landing_to_bronze_partitioned.py
[2025-04-28T01:54:43.777+0000] {processor.py:830} INFO - Processing file /opt/airflow/dags/move_landing_to_bronze_partitioned.py for tasks to queue
[2025-04-28T01:54:43.778+0000] {logging_mixin.py:188} INFO - [2025-04-28T01:54:43.778+0000] {dagbag.py:540} INFO - Filling up the DagBag from /opt/airflow/dags/move_landing_to_bronze_partitioned.py
[2025-04-28T01:54:44.001+0000] {processor.py:840} INFO - DAG(s) 'move_landing_to_bronze_partitioned' retrieved from /opt/airflow/dags/move_landing_to_bronze_partitioned.py
[2025-04-28T01:54:44.018+0000] {logging_mixin.py:188} INFO - [2025-04-28T01:54:44.018+0000] {dag.py:3096} INFO - Sync 1 DAGs
[2025-04-28T01:54:44.024+0000] {logging_mixin.py:188} INFO - [2025-04-28T01:54:44.024+0000] {dag.py:3954} INFO - Setting next_dagrun for move_landing_to_bronze_partitioned to None, run_after=None
[2025-04-28T01:54:44.035+0000] {processor.py:183} INFO - Processing /opt/airflow/dags/move_landing_to_bronze_partitioned.py took 0.261 seconds
[2025-04-28T01:55:14.961+0000] {processor.py:161} INFO - Started process (PID=496) to work on /opt/airflow/dags/move_landing_to_bronze_partitioned.py
[2025-04-28T01:55:14.961+0000] {processor.py:830} INFO - Processing file /opt/airflow/dags/move_landing_to_bronze_partitioned.py for tasks to queue
[2025-04-28T01:55:14.962+0000] {logging_mixin.py:188} INFO - [2025-04-28T01:55:14.962+0000] {dagbag.py:540} INFO - Filling up the DagBag from /opt/airflow/dags/move_landing_to_bronze_partitioned.py
[2025-04-28T01:55:15.187+0000] {processor.py:840} INFO - DAG(s) 'move_landing_to_bronze_partitioned' retrieved from /opt/airflow/dags/move_landing_to_bronze_partitioned.py
[2025-04-28T01:55:15.201+0000] {logging_mixin.py:188} INFO - [2025-04-28T01:55:15.201+0000] {dag.py:3096} INFO - Sync 1 DAGs
[2025-04-28T01:55:15.208+0000] {logging_mixin.py:188} INFO - [2025-04-28T01:55:15.208+0000] {dag.py:3954} INFO - Setting next_dagrun for move_landing_to_bronze_partitioned to None, run_after=None
[2025-04-28T01:55:15.219+0000] {processor.py:183} INFO - Processing /opt/airflow/dags/move_landing_to_bronze_partitioned.py took 0.261 seconds
[2025-04-28T01:55:46.134+0000] {processor.py:161} INFO - Started process (PID=531) to work on /opt/airflow/dags/move_landing_to_bronze_partitioned.py
[2025-04-28T01:55:46.134+0000] {processor.py:830} INFO - Processing file /opt/airflow/dags/move_landing_to_bronze_partitioned.py for tasks to queue
[2025-04-28T01:55:46.135+0000] {logging_mixin.py:188} INFO - [2025-04-28T01:55:46.135+0000] {dagbag.py:540} INFO - Filling up the DagBag from /opt/airflow/dags/move_landing_to_bronze_partitioned.py
[2025-04-28T01:55:46.353+0000] {processor.py:840} INFO - DAG(s) 'move_landing_to_bronze_partitioned' retrieved from /opt/airflow/dags/move_landing_to_bronze_partitioned.py
[2025-04-28T01:55:46.364+0000] {logging_mixin.py:188} INFO - [2025-04-28T01:55:46.364+0000] {dag.py:3096} INFO - Sync 1 DAGs
[2025-04-28T01:55:46.370+0000] {logging_mixin.py:188} INFO - [2025-04-28T01:55:46.370+0000] {dag.py:3954} INFO - Setting next_dagrun for move_landing_to_bronze_partitioned to None, run_after=None
[2025-04-28T01:55:46.381+0000] {processor.py:183} INFO - Processing /opt/airflow/dags/move_landing_to_bronze_partitioned.py took 0.249 seconds
[2025-04-28T01:56:17.245+0000] {processor.py:161} INFO - Started process (PID=566) to work on /opt/airflow/dags/move_landing_to_bronze_partitioned.py
[2025-04-28T01:56:17.246+0000] {processor.py:830} INFO - Processing file /opt/airflow/dags/move_landing_to_bronze_partitioned.py for tasks to queue
[2025-04-28T01:56:17.247+0000] {logging_mixin.py:188} INFO - [2025-04-28T01:56:17.247+0000] {dagbag.py:540} INFO - Filling up the DagBag from /opt/airflow/dags/move_landing_to_bronze_partitioned.py
[2025-04-28T01:56:17.463+0000] {processor.py:840} INFO - DAG(s) 'move_landing_to_bronze_partitioned' retrieved from /opt/airflow/dags/move_landing_to_bronze_partitioned.py
[2025-04-28T01:56:17.475+0000] {logging_mixin.py:188} INFO - [2025-04-28T01:56:17.475+0000] {dag.py:3096} INFO - Sync 1 DAGs
[2025-04-28T01:56:17.481+0000] {logging_mixin.py:188} INFO - [2025-04-28T01:56:17.481+0000] {dag.py:3954} INFO - Setting next_dagrun for move_landing_to_bronze_partitioned to None, run_after=None
[2025-04-28T01:56:17.491+0000] {processor.py:183} INFO - Processing /opt/airflow/dags/move_landing_to_bronze_partitioned.py took 0.249 seconds
[2025-04-28T01:56:48.235+0000] {processor.py:161} INFO - Started process (PID=601) to work on /opt/airflow/dags/move_landing_to_bronze_partitioned.py
[2025-04-28T01:56:48.236+0000] {processor.py:830} INFO - Processing file /opt/airflow/dags/move_landing_to_bronze_partitioned.py for tasks to queue
[2025-04-28T01:56:48.237+0000] {logging_mixin.py:188} INFO - [2025-04-28T01:56:48.237+0000] {dagbag.py:540} INFO - Filling up the DagBag from /opt/airflow/dags/move_landing_to_bronze_partitioned.py
[2025-04-28T01:56:48.472+0000] {processor.py:840} INFO - DAG(s) 'move_landing_to_bronze_partitioned' retrieved from /opt/airflow/dags/move_landing_to_bronze_partitioned.py
[2025-04-28T01:56:48.485+0000] {logging_mixin.py:188} INFO - [2025-04-28T01:56:48.485+0000] {dag.py:3096} INFO - Sync 1 DAGs
[2025-04-28T01:56:48.490+0000] {logging_mixin.py:188} INFO - [2025-04-28T01:56:48.490+0000] {dag.py:3954} INFO - Setting next_dagrun for move_landing_to_bronze_partitioned to None, run_after=None
[2025-04-28T01:56:48.500+0000] {processor.py:183} INFO - Processing /opt/airflow/dags/move_landing_to_bronze_partitioned.py took 0.268 seconds
[2025-04-28T01:57:19.412+0000] {processor.py:161} INFO - Started process (PID=636) to work on /opt/airflow/dags/move_landing_to_bronze_partitioned.py
[2025-04-28T01:57:19.413+0000] {processor.py:830} INFO - Processing file /opt/airflow/dags/move_landing_to_bronze_partitioned.py for tasks to queue
[2025-04-28T01:57:19.414+0000] {logging_mixin.py:188} INFO - [2025-04-28T01:57:19.413+0000] {dagbag.py:540} INFO - Filling up the DagBag from /opt/airflow/dags/move_landing_to_bronze_partitioned.py
[2025-04-28T01:57:19.636+0000] {processor.py:840} INFO - DAG(s) 'move_landing_to_bronze_partitioned' retrieved from /opt/airflow/dags/move_landing_to_bronze_partitioned.py
[2025-04-28T01:57:19.649+0000] {logging_mixin.py:188} INFO - [2025-04-28T01:57:19.649+0000] {dag.py:3096} INFO - Sync 1 DAGs
[2025-04-28T01:57:19.654+0000] {logging_mixin.py:188} INFO - [2025-04-28T01:57:19.654+0000] {dag.py:3954} INFO - Setting next_dagrun for move_landing_to_bronze_partitioned to None, run_after=None
[2025-04-28T01:57:19.664+0000] {processor.py:183} INFO - Processing /opt/airflow/dags/move_landing_to_bronze_partitioned.py took 0.255 seconds
[2025-04-28T01:57:50.524+0000] {processor.py:161} INFO - Started process (PID=671) to work on /opt/airflow/dags/move_landing_to_bronze_partitioned.py
[2025-04-28T01:57:50.525+0000] {processor.py:830} INFO - Processing file /opt/airflow/dags/move_landing_to_bronze_partitioned.py for tasks to queue
[2025-04-28T01:57:50.526+0000] {logging_mixin.py:188} INFO - [2025-04-28T01:57:50.526+0000] {dagbag.py:540} INFO - Filling up the DagBag from /opt/airflow/dags/move_landing_to_bronze_partitioned.py
[2025-04-28T01:57:50.747+0000] {processor.py:840} INFO - DAG(s) 'move_landing_to_bronze_partitioned' retrieved from /opt/airflow/dags/move_landing_to_bronze_partitioned.py
[2025-04-28T01:57:50.758+0000] {logging_mixin.py:188} INFO - [2025-04-28T01:57:50.758+0000] {dag.py:3096} INFO - Sync 1 DAGs
[2025-04-28T01:57:50.763+0000] {logging_mixin.py:188} INFO - [2025-04-28T01:57:50.763+0000] {dag.py:3954} INFO - Setting next_dagrun for move_landing_to_bronze_partitioned to None, run_after=None
[2025-04-28T01:57:50.775+0000] {processor.py:183} INFO - Processing /opt/airflow/dags/move_landing_to_bronze_partitioned.py took 0.253 seconds
[2025-04-28T01:58:21.704+0000] {processor.py:161} INFO - Started process (PID=706) to work on /opt/airflow/dags/move_landing_to_bronze_partitioned.py
[2025-04-28T01:58:21.704+0000] {processor.py:830} INFO - Processing file /opt/airflow/dags/move_landing_to_bronze_partitioned.py for tasks to queue
[2025-04-28T01:58:21.705+0000] {logging_mixin.py:188} INFO - [2025-04-28T01:58:21.705+0000] {dagbag.py:540} INFO - Filling up the DagBag from /opt/airflow/dags/move_landing_to_bronze_partitioned.py
[2025-04-28T01:58:21.925+0000] {processor.py:840} INFO - DAG(s) 'move_landing_to_bronze_partitioned' retrieved from /opt/airflow/dags/move_landing_to_bronze_partitioned.py
[2025-04-28T01:58:21.938+0000] {logging_mixin.py:188} INFO - [2025-04-28T01:58:21.938+0000] {dag.py:3096} INFO - Sync 1 DAGs
[2025-04-28T01:58:21.945+0000] {logging_mixin.py:188} INFO - [2025-04-28T01:58:21.945+0000] {dag.py:3954} INFO - Setting next_dagrun for move_landing_to_bronze_partitioned to None, run_after=None
[2025-04-28T01:58:21.954+0000] {processor.py:183} INFO - Processing /opt/airflow/dags/move_landing_to_bronze_partitioned.py took 0.253 seconds
[2025-04-28T01:58:52.841+0000] {processor.py:161} INFO - Started process (PID=741) to work on /opt/airflow/dags/move_landing_to_bronze_partitioned.py
[2025-04-28T01:58:52.841+0000] {processor.py:830} INFO - Processing file /opt/airflow/dags/move_landing_to_bronze_partitioned.py for tasks to queue
[2025-04-28T01:58:52.842+0000] {logging_mixin.py:188} INFO - [2025-04-28T01:58:52.842+0000] {dagbag.py:540} INFO - Filling up the DagBag from /opt/airflow/dags/move_landing_to_bronze_partitioned.py
[2025-04-28T01:58:53.058+0000] {processor.py:840} INFO - DAG(s) 'move_landing_to_bronze_partitioned' retrieved from /opt/airflow/dags/move_landing_to_bronze_partitioned.py
[2025-04-28T01:58:53.070+0000] {logging_mixin.py:188} INFO - [2025-04-28T01:58:53.069+0000] {dag.py:3096} INFO - Sync 1 DAGs
[2025-04-28T01:58:53.074+0000] {logging_mixin.py:188} INFO - [2025-04-28T01:58:53.074+0000] {dag.py:3954} INFO - Setting next_dagrun for move_landing_to_bronze_partitioned to None, run_after=None
[2025-04-28T01:58:53.086+0000] {processor.py:183} INFO - Processing /opt/airflow/dags/move_landing_to_bronze_partitioned.py took 0.248 seconds
[2025-04-28T01:59:23.961+0000] {processor.py:161} INFO - Started process (PID=776) to work on /opt/airflow/dags/move_landing_to_bronze_partitioned.py
[2025-04-28T01:59:23.962+0000] {processor.py:830} INFO - Processing file /opt/airflow/dags/move_landing_to_bronze_partitioned.py for tasks to queue
[2025-04-28T01:59:23.963+0000] {logging_mixin.py:188} INFO - [2025-04-28T01:59:23.962+0000] {dagbag.py:540} INFO - Filling up the DagBag from /opt/airflow/dags/move_landing_to_bronze_partitioned.py
[2025-04-28T01:59:24.178+0000] {processor.py:840} INFO - DAG(s) 'move_landing_to_bronze_partitioned' retrieved from /opt/airflow/dags/move_landing_to_bronze_partitioned.py
[2025-04-28T01:59:24.195+0000] {logging_mixin.py:188} INFO - [2025-04-28T01:59:24.195+0000] {dag.py:3096} INFO - Sync 1 DAGs
[2025-04-28T01:59:24.201+0000] {logging_mixin.py:188} INFO - [2025-04-28T01:59:24.201+0000] {dag.py:3954} INFO - Setting next_dagrun for move_landing_to_bronze_partitioned to None, run_after=None
[2025-04-28T01:59:24.211+0000] {processor.py:183} INFO - Processing /opt/airflow/dags/move_landing_to_bronze_partitioned.py took 0.253 seconds
[2025-04-28T01:59:55.071+0000] {processor.py:161} INFO - Started process (PID=811) to work on /opt/airflow/dags/move_landing_to_bronze_partitioned.py
[2025-04-28T01:59:55.071+0000] {processor.py:830} INFO - Processing file /opt/airflow/dags/move_landing_to_bronze_partitioned.py for tasks to queue
[2025-04-28T01:59:55.072+0000] {logging_mixin.py:188} INFO - [2025-04-28T01:59:55.072+0000] {dagbag.py:540} INFO - Filling up the DagBag from /opt/airflow/dags/move_landing_to_bronze_partitioned.py
[2025-04-28T01:59:55.297+0000] {processor.py:840} INFO - DAG(s) 'move_landing_to_bronze_partitioned' retrieved from /opt/airflow/dags/move_landing_to_bronze_partitioned.py
[2025-04-28T01:59:55.309+0000] {logging_mixin.py:188} INFO - [2025-04-28T01:59:55.308+0000] {dag.py:3096} INFO - Sync 1 DAGs
[2025-04-28T01:59:55.314+0000] {logging_mixin.py:188} INFO - [2025-04-28T01:59:55.314+0000] {dag.py:3954} INFO - Setting next_dagrun for move_landing_to_bronze_partitioned to None, run_after=None
[2025-04-28T01:59:55.326+0000] {processor.py:183} INFO - Processing /opt/airflow/dags/move_landing_to_bronze_partitioned.py took 0.258 seconds
[2025-04-28T02:00:26.178+0000] {processor.py:161} INFO - Started process (PID=846) to work on /opt/airflow/dags/move_landing_to_bronze_partitioned.py
[2025-04-28T02:00:26.179+0000] {processor.py:830} INFO - Processing file /opt/airflow/dags/move_landing_to_bronze_partitioned.py for tasks to queue
[2025-04-28T02:00:26.180+0000] {logging_mixin.py:188} INFO - [2025-04-28T02:00:26.180+0000] {dagbag.py:540} INFO - Filling up the DagBag from /opt/airflow/dags/move_landing_to_bronze_partitioned.py
[2025-04-28T02:00:26.403+0000] {processor.py:840} INFO - DAG(s) 'move_landing_to_bronze_partitioned' retrieved from /opt/airflow/dags/move_landing_to_bronze_partitioned.py
[2025-04-28T02:00:26.417+0000] {logging_mixin.py:188} INFO - [2025-04-28T02:00:26.417+0000] {dag.py:3096} INFO - Sync 1 DAGs
[2025-04-28T02:00:26.422+0000] {logging_mixin.py:188} INFO - [2025-04-28T02:00:26.422+0000] {dag.py:3954} INFO - Setting next_dagrun for move_landing_to_bronze_partitioned to None, run_after=None
[2025-04-28T02:00:26.435+0000] {processor.py:183} INFO - Processing /opt/airflow/dags/move_landing_to_bronze_partitioned.py took 0.260 seconds
[2025-04-28T02:00:57.303+0000] {processor.py:161} INFO - Started process (PID=881) to work on /opt/airflow/dags/move_landing_to_bronze_partitioned.py
[2025-04-28T02:00:57.303+0000] {processor.py:830} INFO - Processing file /opt/airflow/dags/move_landing_to_bronze_partitioned.py for tasks to queue
[2025-04-28T02:00:57.305+0000] {logging_mixin.py:188} INFO - [2025-04-28T02:00:57.304+0000] {dagbag.py:540} INFO - Filling up the DagBag from /opt/airflow/dags/move_landing_to_bronze_partitioned.py
[2025-04-28T02:00:57.528+0000] {processor.py:840} INFO - DAG(s) 'move_landing_to_bronze_partitioned' retrieved from /opt/airflow/dags/move_landing_to_bronze_partitioned.py
[2025-04-28T02:00:57.541+0000] {logging_mixin.py:188} INFO - [2025-04-28T02:00:57.541+0000] {dag.py:3096} INFO - Sync 1 DAGs
[2025-04-28T02:00:57.546+0000] {logging_mixin.py:188} INFO - [2025-04-28T02:00:57.546+0000] {dag.py:3954} INFO - Setting next_dagrun for move_landing_to_bronze_partitioned to None, run_after=None
[2025-04-28T02:00:57.560+0000] {processor.py:183} INFO - Processing /opt/airflow/dags/move_landing_to_bronze_partitioned.py took 0.260 seconds
[2025-04-28T02:01:28.223+0000] {processor.py:161} INFO - Started process (PID=913) to work on /opt/airflow/dags/move_landing_to_bronze_partitioned.py
[2025-04-28T02:01:28.224+0000] {processor.py:830} INFO - Processing file /opt/airflow/dags/move_landing_to_bronze_partitioned.py for tasks to queue
[2025-04-28T02:01:28.226+0000] {logging_mixin.py:188} INFO - [2025-04-28T02:01:28.226+0000] {dagbag.py:540} INFO - Filling up the DagBag from /opt/airflow/dags/move_landing_to_bronze_partitioned.py
[2025-04-28T02:01:28.446+0000] {processor.py:840} INFO - DAG(s) 'move_landing_to_bronze_partitioned' retrieved from /opt/airflow/dags/move_landing_to_bronze_partitioned.py
[2025-04-28T02:01:28.461+0000] {logging_mixin.py:188} INFO - [2025-04-28T02:01:28.461+0000] {dag.py:3096} INFO - Sync 1 DAGs
[2025-04-28T02:01:28.465+0000] {logging_mixin.py:188} INFO - [2025-04-28T02:01:28.465+0000] {dag.py:3954} INFO - Setting next_dagrun for move_landing_to_bronze_partitioned to None, run_after=None
[2025-04-28T02:01:28.478+0000] {processor.py:183} INFO - Processing /opt/airflow/dags/move_landing_to_bronze_partitioned.py took 0.257 seconds
[2025-04-28T02:01:59.619+0000] {processor.py:161} INFO - Started process (PID=951) to work on /opt/airflow/dags/move_landing_to_bronze_partitioned.py
[2025-04-28T02:01:59.620+0000] {processor.py:830} INFO - Processing file /opt/airflow/dags/move_landing_to_bronze_partitioned.py for tasks to queue
[2025-04-28T02:01:59.621+0000] {logging_mixin.py:188} INFO - [2025-04-28T02:01:59.621+0000] {dagbag.py:540} INFO - Filling up the DagBag from /opt/airflow/dags/move_landing_to_bronze_partitioned.py
[2025-04-28T02:01:59.841+0000] {processor.py:840} INFO - DAG(s) 'move_landing_to_bronze_partitioned' retrieved from /opt/airflow/dags/move_landing_to_bronze_partitioned.py
[2025-04-28T02:01:59.855+0000] {logging_mixin.py:188} INFO - [2025-04-28T02:01:59.855+0000] {dag.py:3096} INFO - Sync 1 DAGs
[2025-04-28T02:01:59.861+0000] {logging_mixin.py:188} INFO - [2025-04-28T02:01:59.861+0000] {dag.py:3954} INFO - Setting next_dagrun for move_landing_to_bronze_partitioned to None, run_after=None
[2025-04-28T02:01:59.872+0000] {processor.py:183} INFO - Processing /opt/airflow/dags/move_landing_to_bronze_partitioned.py took 0.256 seconds
[2025-04-28T02:02:30.532+0000] {processor.py:161} INFO - Started process (PID=983) to work on /opt/airflow/dags/move_landing_to_bronze_partitioned.py
[2025-04-28T02:02:30.535+0000] {processor.py:830} INFO - Processing file /opt/airflow/dags/move_landing_to_bronze_partitioned.py for tasks to queue
[2025-04-28T02:02:30.536+0000] {logging_mixin.py:188} INFO - [2025-04-28T02:02:30.536+0000] {dagbag.py:540} INFO - Filling up the DagBag from /opt/airflow/dags/move_landing_to_bronze_partitioned.py
[2025-04-28T02:02:30.762+0000] {processor.py:840} INFO - DAG(s) 'move_landing_to_bronze_partitioned' retrieved from /opt/airflow/dags/move_landing_to_bronze_partitioned.py
[2025-04-28T02:02:30.777+0000] {logging_mixin.py:188} INFO - [2025-04-28T02:02:30.777+0000] {dag.py:3096} INFO - Sync 1 DAGs
[2025-04-28T02:02:30.782+0000] {logging_mixin.py:188} INFO - [2025-04-28T02:02:30.782+0000] {dag.py:3954} INFO - Setting next_dagrun for move_landing_to_bronze_partitioned to None, run_after=None
[2025-04-28T02:02:30.790+0000] {processor.py:183} INFO - Processing /opt/airflow/dags/move_landing_to_bronze_partitioned.py took 0.261 seconds
[2025-04-28T02:03:01.927+0000] {processor.py:161} INFO - Started process (PID=1021) to work on /opt/airflow/dags/move_landing_to_bronze_partitioned.py
[2025-04-28T02:03:01.928+0000] {processor.py:830} INFO - Processing file /opt/airflow/dags/move_landing_to_bronze_partitioned.py for tasks to queue
[2025-04-28T02:03:01.929+0000] {logging_mixin.py:188} INFO - [2025-04-28T02:03:01.929+0000] {dagbag.py:540} INFO - Filling up the DagBag from /opt/airflow/dags/move_landing_to_bronze_partitioned.py
[2025-04-28T02:03:02.152+0000] {processor.py:840} INFO - DAG(s) 'move_landing_to_bronze_partitioned' retrieved from /opt/airflow/dags/move_landing_to_bronze_partitioned.py
[2025-04-28T02:03:02.171+0000] {logging_mixin.py:188} INFO - [2025-04-28T02:03:02.171+0000] {dag.py:3096} INFO - Sync 1 DAGs
[2025-04-28T02:03:02.176+0000] {logging_mixin.py:188} INFO - [2025-04-28T02:03:02.176+0000] {dag.py:3954} INFO - Setting next_dagrun for move_landing_to_bronze_partitioned to None, run_after=None
[2025-04-28T02:03:02.187+0000] {processor.py:183} INFO - Processing /opt/airflow/dags/move_landing_to_bronze_partitioned.py took 0.262 seconds
[2025-04-28T02:03:33.089+0000] {processor.py:161} INFO - Started process (PID=1056) to work on /opt/airflow/dags/move_landing_to_bronze_partitioned.py
[2025-04-28T02:03:33.091+0000] {processor.py:830} INFO - Processing file /opt/airflow/dags/move_landing_to_bronze_partitioned.py for tasks to queue
[2025-04-28T02:03:33.093+0000] {logging_mixin.py:188} INFO - [2025-04-28T02:03:33.093+0000] {dagbag.py:540} INFO - Filling up the DagBag from /opt/airflow/dags/move_landing_to_bronze_partitioned.py
[2025-04-28T02:03:33.311+0000] {processor.py:840} INFO - DAG(s) 'move_landing_to_bronze_partitioned' retrieved from /opt/airflow/dags/move_landing_to_bronze_partitioned.py
[2025-04-28T02:03:33.326+0000] {logging_mixin.py:188} INFO - [2025-04-28T02:03:33.326+0000] {dag.py:3096} INFO - Sync 1 DAGs
[2025-04-28T02:03:33.332+0000] {logging_mixin.py:188} INFO - [2025-04-28T02:03:33.332+0000] {dag.py:3954} INFO - Setting next_dagrun for move_landing_to_bronze_partitioned to None, run_after=None
[2025-04-28T02:03:33.343+0000] {processor.py:183} INFO - Processing /opt/airflow/dags/move_landing_to_bronze_partitioned.py took 0.257 seconds
[2025-04-28T02:04:03.986+0000] {processor.py:161} INFO - Started process (PID=1088) to work on /opt/airflow/dags/move_landing_to_bronze_partitioned.py
[2025-04-28T02:04:03.987+0000] {processor.py:830} INFO - Processing file /opt/airflow/dags/move_landing_to_bronze_partitioned.py for tasks to queue
[2025-04-28T02:04:03.987+0000] {logging_mixin.py:188} INFO - [2025-04-28T02:04:03.987+0000] {dagbag.py:540} INFO - Filling up the DagBag from /opt/airflow/dags/move_landing_to_bronze_partitioned.py
[2025-04-28T02:04:04.205+0000] {processor.py:840} INFO - DAG(s) 'move_landing_to_bronze_partitioned' retrieved from /opt/airflow/dags/move_landing_to_bronze_partitioned.py
[2025-04-28T02:04:04.222+0000] {logging_mixin.py:188} INFO - [2025-04-28T02:04:04.222+0000] {dag.py:3096} INFO - Sync 1 DAGs
[2025-04-28T02:04:04.227+0000] {logging_mixin.py:188} INFO - [2025-04-28T02:04:04.227+0000] {dag.py:3954} INFO - Setting next_dagrun for move_landing_to_bronze_partitioned to None, run_after=None
[2025-04-28T02:04:04.239+0000] {processor.py:183} INFO - Processing /opt/airflow/dags/move_landing_to_bronze_partitioned.py took 0.255 seconds
[2025-04-28T02:04:35.093+0000] {processor.py:161} INFO - Started process (PID=1123) to work on /opt/airflow/dags/move_landing_to_bronze_partitioned.py
[2025-04-28T02:04:35.094+0000] {processor.py:830} INFO - Processing file /opt/airflow/dags/move_landing_to_bronze_partitioned.py for tasks to queue
[2025-04-28T02:04:35.095+0000] {logging_mixin.py:188} INFO - [2025-04-28T02:04:35.095+0000] {dagbag.py:540} INFO - Filling up the DagBag from /opt/airflow/dags/move_landing_to_bronze_partitioned.py
[2025-04-28T02:04:35.317+0000] {processor.py:840} INFO - DAG(s) 'move_landing_to_bronze_partitioned' retrieved from /opt/airflow/dags/move_landing_to_bronze_partitioned.py
[2025-04-28T02:04:35.330+0000] {logging_mixin.py:188} INFO - [2025-04-28T02:04:35.329+0000] {dag.py:3096} INFO - Sync 1 DAGs
[2025-04-28T02:04:35.335+0000] {logging_mixin.py:188} INFO - [2025-04-28T02:04:35.335+0000] {dag.py:3954} INFO - Setting next_dagrun for move_landing_to_bronze_partitioned to None, run_after=None
[2025-04-28T02:04:35.345+0000] {processor.py:183} INFO - Processing /opt/airflow/dags/move_landing_to_bronze_partitioned.py took 0.254 seconds
[2025-04-28T02:05:06.469+0000] {processor.py:161} INFO - Started process (PID=1161) to work on /opt/airflow/dags/move_landing_to_bronze_partitioned.py
[2025-04-28T02:05:06.469+0000] {processor.py:830} INFO - Processing file /opt/airflow/dags/move_landing_to_bronze_partitioned.py for tasks to queue
[2025-04-28T02:05:06.470+0000] {logging_mixin.py:188} INFO - [2025-04-28T02:05:06.470+0000] {dagbag.py:540} INFO - Filling up the DagBag from /opt/airflow/dags/move_landing_to_bronze_partitioned.py
[2025-04-28T02:05:06.689+0000] {processor.py:840} INFO - DAG(s) 'move_landing_to_bronze_partitioned' retrieved from /opt/airflow/dags/move_landing_to_bronze_partitioned.py
[2025-04-28T02:05:06.703+0000] {logging_mixin.py:188} INFO - [2025-04-28T02:05:06.703+0000] {dag.py:3096} INFO - Sync 1 DAGs
[2025-04-28T02:05:06.709+0000] {logging_mixin.py:188} INFO - [2025-04-28T02:05:06.709+0000] {dag.py:3954} INFO - Setting next_dagrun for move_landing_to_bronze_partitioned to None, run_after=None
[2025-04-28T02:05:06.718+0000] {processor.py:183} INFO - Processing /opt/airflow/dags/move_landing_to_bronze_partitioned.py took 0.253 seconds
[2025-04-28T02:05:37.646+0000] {processor.py:161} INFO - Started process (PID=1196) to work on /opt/airflow/dags/move_landing_to_bronze_partitioned.py
[2025-04-28T02:05:37.647+0000] {processor.py:830} INFO - Processing file /opt/airflow/dags/move_landing_to_bronze_partitioned.py for tasks to queue
[2025-04-28T02:05:37.648+0000] {logging_mixin.py:188} INFO - [2025-04-28T02:05:37.648+0000] {dagbag.py:540} INFO - Filling up the DagBag from /opt/airflow/dags/move_landing_to_bronze_partitioned.py
[2025-04-28T02:05:37.868+0000] {processor.py:840} INFO - DAG(s) 'move_landing_to_bronze_partitioned' retrieved from /opt/airflow/dags/move_landing_to_bronze_partitioned.py
[2025-04-28T02:05:37.881+0000] {logging_mixin.py:188} INFO - [2025-04-28T02:05:37.881+0000] {dag.py:3096} INFO - Sync 1 DAGs
[2025-04-28T02:05:37.889+0000] {logging_mixin.py:188} INFO - [2025-04-28T02:05:37.889+0000] {dag.py:3954} INFO - Setting next_dagrun for move_landing_to_bronze_partitioned to None, run_after=None
[2025-04-28T02:05:37.898+0000] {processor.py:183} INFO - Processing /opt/airflow/dags/move_landing_to_bronze_partitioned.py took 0.255 seconds
[2025-04-28T02:06:08.806+0000] {processor.py:161} INFO - Started process (PID=1231) to work on /opt/airflow/dags/move_landing_to_bronze_partitioned.py
[2025-04-28T02:06:08.806+0000] {processor.py:830} INFO - Processing file /opt/airflow/dags/move_landing_to_bronze_partitioned.py for tasks to queue
[2025-04-28T02:06:08.808+0000] {logging_mixin.py:188} INFO - [2025-04-28T02:06:08.807+0000] {dagbag.py:540} INFO - Filling up the DagBag from /opt/airflow/dags/move_landing_to_bronze_partitioned.py
[2025-04-28T02:06:09.029+0000] {processor.py:840} INFO - DAG(s) 'move_landing_to_bronze_partitioned' retrieved from /opt/airflow/dags/move_landing_to_bronze_partitioned.py
[2025-04-28T02:06:09.046+0000] {logging_mixin.py:188} INFO - [2025-04-28T02:06:09.046+0000] {dag.py:3096} INFO - Sync 1 DAGs
[2025-04-28T02:06:09.052+0000] {logging_mixin.py:188} INFO - [2025-04-28T02:06:09.052+0000] {dag.py:3954} INFO - Setting next_dagrun for move_landing_to_bronze_partitioned to None, run_after=None
[2025-04-28T02:06:09.062+0000] {processor.py:183} INFO - Processing /opt/airflow/dags/move_landing_to_bronze_partitioned.py took 0.259 seconds
[2025-04-28T02:06:39.993+0000] {processor.py:161} INFO - Started process (PID=1266) to work on /opt/airflow/dags/move_landing_to_bronze_partitioned.py
[2025-04-28T02:06:39.994+0000] {processor.py:830} INFO - Processing file /opt/airflow/dags/move_landing_to_bronze_partitioned.py for tasks to queue
[2025-04-28T02:06:39.995+0000] {logging_mixin.py:188} INFO - [2025-04-28T02:06:39.995+0000] {dagbag.py:540} INFO - Filling up the DagBag from /opt/airflow/dags/move_landing_to_bronze_partitioned.py
[2025-04-28T02:06:40.215+0000] {processor.py:840} INFO - DAG(s) 'move_landing_to_bronze_partitioned' retrieved from /opt/airflow/dags/move_landing_to_bronze_partitioned.py
[2025-04-28T02:06:40.230+0000] {logging_mixin.py:188} INFO - [2025-04-28T02:06:40.230+0000] {dag.py:3096} INFO - Sync 1 DAGs
[2025-04-28T02:06:40.235+0000] {logging_mixin.py:188} INFO - [2025-04-28T02:06:40.235+0000] {dag.py:3954} INFO - Setting next_dagrun for move_landing_to_bronze_partitioned to None, run_after=None
[2025-04-28T02:06:40.247+0000] {processor.py:183} INFO - Processing /opt/airflow/dags/move_landing_to_bronze_partitioned.py took 0.257 seconds
[2025-04-28T02:07:11.107+0000] {processor.py:161} INFO - Started process (PID=1301) to work on /opt/airflow/dags/move_landing_to_bronze_partitioned.py
[2025-04-28T02:07:11.108+0000] {processor.py:830} INFO - Processing file /opt/airflow/dags/move_landing_to_bronze_partitioned.py for tasks to queue
[2025-04-28T02:07:11.109+0000] {logging_mixin.py:188} INFO - [2025-04-28T02:07:11.109+0000] {dagbag.py:540} INFO - Filling up the DagBag from /opt/airflow/dags/move_landing_to_bronze_partitioned.py
[2025-04-28T02:07:11.327+0000] {processor.py:840} INFO - DAG(s) 'move_landing_to_bronze_partitioned' retrieved from /opt/airflow/dags/move_landing_to_bronze_partitioned.py
[2025-04-28T02:07:11.341+0000] {logging_mixin.py:188} INFO - [2025-04-28T02:07:11.340+0000] {dag.py:3096} INFO - Sync 1 DAGs
[2025-04-28T02:07:11.346+0000] {logging_mixin.py:188} INFO - [2025-04-28T02:07:11.346+0000] {dag.py:3954} INFO - Setting next_dagrun for move_landing_to_bronze_partitioned to None, run_after=None
[2025-04-28T02:07:11.357+0000] {processor.py:183} INFO - Processing /opt/airflow/dags/move_landing_to_bronze_partitioned.py took 0.253 seconds
[2025-04-28T02:07:42.179+0000] {processor.py:161} INFO - Started process (PID=1336) to work on /opt/airflow/dags/move_landing_to_bronze_partitioned.py
[2025-04-28T02:07:42.180+0000] {processor.py:830} INFO - Processing file /opt/airflow/dags/move_landing_to_bronze_partitioned.py for tasks to queue
[2025-04-28T02:07:42.181+0000] {logging_mixin.py:188} INFO - [2025-04-28T02:07:42.181+0000] {dagbag.py:540} INFO - Filling up the DagBag from /opt/airflow/dags/move_landing_to_bronze_partitioned.py
[2025-04-28T02:07:42.401+0000] {processor.py:840} INFO - DAG(s) 'move_landing_to_bronze_partitioned' retrieved from /opt/airflow/dags/move_landing_to_bronze_partitioned.py
[2025-04-28T02:07:42.414+0000] {logging_mixin.py:188} INFO - [2025-04-28T02:07:42.414+0000] {dag.py:3096} INFO - Sync 1 DAGs
[2025-04-28T02:07:42.419+0000] {logging_mixin.py:188} INFO - [2025-04-28T02:07:42.419+0000] {dag.py:3954} INFO - Setting next_dagrun for move_landing_to_bronze_partitioned to None, run_after=None
[2025-04-28T02:07:42.433+0000] {processor.py:183} INFO - Processing /opt/airflow/dags/move_landing_to_bronze_partitioned.py took 0.256 seconds
[2025-04-28T02:08:13.075+0000] {processor.py:161} INFO - Started process (PID=1368) to work on /opt/airflow/dags/move_landing_to_bronze_partitioned.py
[2025-04-28T02:08:13.075+0000] {processor.py:830} INFO - Processing file /opt/airflow/dags/move_landing_to_bronze_partitioned.py for tasks to queue
[2025-04-28T02:08:13.076+0000] {logging_mixin.py:188} INFO - [2025-04-28T02:08:13.076+0000] {dagbag.py:540} INFO - Filling up the DagBag from /opt/airflow/dags/move_landing_to_bronze_partitioned.py
[2025-04-28T02:08:13.293+0000] {processor.py:840} INFO - DAG(s) 'move_landing_to_bronze_partitioned' retrieved from /opt/airflow/dags/move_landing_to_bronze_partitioned.py
[2025-04-28T02:08:13.307+0000] {logging_mixin.py:188} INFO - [2025-04-28T02:08:13.307+0000] {dag.py:3096} INFO - Sync 1 DAGs
[2025-04-28T02:08:13.312+0000] {logging_mixin.py:188} INFO - [2025-04-28T02:08:13.312+0000] {dag.py:3954} INFO - Setting next_dagrun for move_landing_to_bronze_partitioned to None, run_after=None
[2025-04-28T02:08:13.322+0000] {processor.py:183} INFO - Processing /opt/airflow/dags/move_landing_to_bronze_partitioned.py took 0.249 seconds
[2025-04-28T02:08:44.249+0000] {processor.py:161} INFO - Started process (PID=1409) to work on /opt/airflow/dags/move_landing_to_bronze_partitioned.py
[2025-04-28T02:08:44.249+0000] {processor.py:830} INFO - Processing file /opt/airflow/dags/move_landing_to_bronze_partitioned.py for tasks to queue
[2025-04-28T02:08:44.250+0000] {logging_mixin.py:188} INFO - [2025-04-28T02:08:44.250+0000] {dagbag.py:540} INFO - Filling up the DagBag from /opt/airflow/dags/move_landing_to_bronze_partitioned.py
[2025-04-28T02:08:44.476+0000] {processor.py:840} INFO - DAG(s) 'move_landing_to_bronze_partitioned' retrieved from /opt/airflow/dags/move_landing_to_bronze_partitioned.py
[2025-04-28T02:08:44.488+0000] {logging_mixin.py:188} INFO - [2025-04-28T02:08:44.487+0000] {dag.py:3096} INFO - Sync 1 DAGs
[2025-04-28T02:08:44.493+0000] {logging_mixin.py:188} INFO - [2025-04-28T02:08:44.493+0000] {dag.py:3954} INFO - Setting next_dagrun for move_landing_to_bronze_partitioned to None, run_after=None
[2025-04-28T02:08:44.504+0000] {processor.py:183} INFO - Processing /opt/airflow/dags/move_landing_to_bronze_partitioned.py took 0.258 seconds
[2025-04-28T02:09:15.223+0000] {processor.py:161} INFO - Started process (PID=1444) to work on /opt/airflow/dags/move_landing_to_bronze_partitioned.py
[2025-04-28T02:09:15.224+0000] {processor.py:830} INFO - Processing file /opt/airflow/dags/move_landing_to_bronze_partitioned.py for tasks to queue
[2025-04-28T02:09:15.224+0000] {logging_mixin.py:188} INFO - [2025-04-28T02:09:15.224+0000] {dagbag.py:540} INFO - Filling up the DagBag from /opt/airflow/dags/move_landing_to_bronze_partitioned.py
[2025-04-28T02:09:15.455+0000] {processor.py:840} INFO - DAG(s) 'move_landing_to_bronze_partitioned' retrieved from /opt/airflow/dags/move_landing_to_bronze_partitioned.py
[2025-04-28T02:09:15.472+0000] {logging_mixin.py:188} INFO - [2025-04-28T02:09:15.472+0000] {dag.py:3096} INFO - Sync 1 DAGs
[2025-04-28T02:09:15.478+0000] {logging_mixin.py:188} INFO - [2025-04-28T02:09:15.478+0000] {dag.py:3954} INFO - Setting next_dagrun for move_landing_to_bronze_partitioned to None, run_after=None
[2025-04-28T02:09:15.491+0000] {processor.py:183} INFO - Processing /opt/airflow/dags/move_landing_to_bronze_partitioned.py took 0.271 seconds
[2025-04-28T02:09:46.205+0000] {processor.py:161} INFO - Started process (PID=1479) to work on /opt/airflow/dags/move_landing_to_bronze_partitioned.py
[2025-04-28T02:09:46.205+0000] {processor.py:830} INFO - Processing file /opt/airflow/dags/move_landing_to_bronze_partitioned.py for tasks to queue
[2025-04-28T02:09:46.206+0000] {logging_mixin.py:188} INFO - [2025-04-28T02:09:46.206+0000] {dagbag.py:540} INFO - Filling up the DagBag from /opt/airflow/dags/move_landing_to_bronze_partitioned.py
[2025-04-28T02:09:46.428+0000] {processor.py:840} INFO - DAG(s) 'move_landing_to_bronze_partitioned' retrieved from /opt/airflow/dags/move_landing_to_bronze_partitioned.py
[2025-04-28T02:09:46.441+0000] {logging_mixin.py:188} INFO - [2025-04-28T02:09:46.441+0000] {dag.py:3096} INFO - Sync 1 DAGs
[2025-04-28T02:09:46.447+0000] {logging_mixin.py:188} INFO - [2025-04-28T02:09:46.447+0000] {dag.py:3954} INFO - Setting next_dagrun for move_landing_to_bronze_partitioned to None, run_after=None
[2025-04-28T02:09:46.465+0000] {processor.py:183} INFO - Processing /opt/airflow/dags/move_landing_to_bronze_partitioned.py took 0.262 seconds
[2025-04-28T02:10:17.489+0000] {processor.py:161} INFO - Started process (PID=1516) to work on /opt/airflow/dags/move_landing_to_bronze_partitioned.py
[2025-04-28T02:10:17.490+0000] {processor.py:830} INFO - Processing file /opt/airflow/dags/move_landing_to_bronze_partitioned.py for tasks to queue
[2025-04-28T02:10:17.491+0000] {logging_mixin.py:188} INFO - [2025-04-28T02:10:17.491+0000] {dagbag.py:540} INFO - Filling up the DagBag from /opt/airflow/dags/move_landing_to_bronze_partitioned.py
[2025-04-28T02:10:17.706+0000] {processor.py:840} INFO - DAG(s) 'move_landing_to_bronze_partitioned' retrieved from /opt/airflow/dags/move_landing_to_bronze_partitioned.py
[2025-04-28T02:10:17.722+0000] {logging_mixin.py:188} INFO - [2025-04-28T02:10:17.722+0000] {dag.py:3096} INFO - Sync 1 DAGs
[2025-04-28T02:10:17.728+0000] {logging_mixin.py:188} INFO - [2025-04-28T02:10:17.728+0000] {dag.py:3954} INFO - Setting next_dagrun for move_landing_to_bronze_partitioned to None, run_after=None
[2025-04-28T02:10:17.738+0000] {processor.py:183} INFO - Processing /opt/airflow/dags/move_landing_to_bronze_partitioned.py took 0.251 seconds
[2025-04-28T02:10:48.356+0000] {processor.py:161} INFO - Started process (PID=1551) to work on /opt/airflow/dags/move_landing_to_bronze_partitioned.py
[2025-04-28T02:10:48.357+0000] {processor.py:830} INFO - Processing file /opt/airflow/dags/move_landing_to_bronze_partitioned.py for tasks to queue
[2025-04-28T02:10:48.358+0000] {logging_mixin.py:188} INFO - [2025-04-28T02:10:48.358+0000] {dagbag.py:540} INFO - Filling up the DagBag from /opt/airflow/dags/move_landing_to_bronze_partitioned.py
[2025-04-28T02:10:48.576+0000] {processor.py:840} INFO - DAG(s) 'move_landing_to_bronze_partitioned' retrieved from /opt/airflow/dags/move_landing_to_bronze_partitioned.py
[2025-04-28T02:10:48.587+0000] {logging_mixin.py:188} INFO - [2025-04-28T02:10:48.586+0000] {dag.py:3096} INFO - Sync 1 DAGs
[2025-04-28T02:10:48.592+0000] {logging_mixin.py:188} INFO - [2025-04-28T02:10:48.592+0000] {dag.py:3954} INFO - Setting next_dagrun for move_landing_to_bronze_partitioned to None, run_after=None
[2025-04-28T02:10:48.602+0000] {processor.py:183} INFO - Processing /opt/airflow/dags/move_landing_to_bronze_partitioned.py took 0.248 seconds
[2025-04-28T02:11:19.216+0000] {processor.py:161} INFO - Started process (PID=1586) to work on /opt/airflow/dags/move_landing_to_bronze_partitioned.py
[2025-04-28T02:11:19.217+0000] {processor.py:830} INFO - Processing file /opt/airflow/dags/move_landing_to_bronze_partitioned.py for tasks to queue
[2025-04-28T02:11:19.218+0000] {logging_mixin.py:188} INFO - [2025-04-28T02:11:19.218+0000] {dagbag.py:540} INFO - Filling up the DagBag from /opt/airflow/dags/move_landing_to_bronze_partitioned.py
[2025-04-28T02:11:19.435+0000] {processor.py:840} INFO - DAG(s) 'move_landing_to_bronze_partitioned' retrieved from /opt/airflow/dags/move_landing_to_bronze_partitioned.py
[2025-04-28T02:11:19.446+0000] {logging_mixin.py:188} INFO - [2025-04-28T02:11:19.446+0000] {dag.py:3096} INFO - Sync 1 DAGs
[2025-04-28T02:11:19.451+0000] {logging_mixin.py:188} INFO - [2025-04-28T02:11:19.450+0000] {dag.py:3954} INFO - Setting next_dagrun for move_landing_to_bronze_partitioned to None, run_after=None
[2025-04-28T02:11:19.462+0000] {processor.py:183} INFO - Processing /opt/airflow/dags/move_landing_to_bronze_partitioned.py took 0.249 seconds
[2025-04-28T02:11:50.116+0000] {processor.py:161} INFO - Started process (PID=1621) to work on /opt/airflow/dags/move_landing_to_bronze_partitioned.py
[2025-04-28T02:11:50.116+0000] {processor.py:830} INFO - Processing file /opt/airflow/dags/move_landing_to_bronze_partitioned.py for tasks to queue
[2025-04-28T02:11:50.117+0000] {logging_mixin.py:188} INFO - [2025-04-28T02:11:50.117+0000] {dagbag.py:540} INFO - Filling up the DagBag from /opt/airflow/dags/move_landing_to_bronze_partitioned.py
[2025-04-28T02:11:50.331+0000] {processor.py:840} INFO - DAG(s) 'move_landing_to_bronze_partitioned' retrieved from /opt/airflow/dags/move_landing_to_bronze_partitioned.py
[2025-04-28T02:11:50.342+0000] {logging_mixin.py:188} INFO - [2025-04-28T02:11:50.342+0000] {dag.py:3096} INFO - Sync 1 DAGs
[2025-04-28T02:11:50.347+0000] {logging_mixin.py:188} INFO - [2025-04-28T02:11:50.347+0000] {dag.py:3954} INFO - Setting next_dagrun for move_landing_to_bronze_partitioned to None, run_after=None
[2025-04-28T02:11:50.361+0000] {processor.py:183} INFO - Processing /opt/airflow/dags/move_landing_to_bronze_partitioned.py took 0.248 seconds
[2025-04-28T02:12:20.975+0000] {processor.py:161} INFO - Started process (PID=1656) to work on /opt/airflow/dags/move_landing_to_bronze_partitioned.py
[2025-04-28T02:12:20.976+0000] {processor.py:830} INFO - Processing file /opt/airflow/dags/move_landing_to_bronze_partitioned.py for tasks to queue
[2025-04-28T02:12:20.976+0000] {logging_mixin.py:188} INFO - [2025-04-28T02:12:20.976+0000] {dagbag.py:540} INFO - Filling up the DagBag from /opt/airflow/dags/move_landing_to_bronze_partitioned.py
[2025-04-28T02:12:21.190+0000] {processor.py:840} INFO - DAG(s) 'move_landing_to_bronze_partitioned' retrieved from /opt/airflow/dags/move_landing_to_bronze_partitioned.py
[2025-04-28T02:12:21.201+0000] {logging_mixin.py:188} INFO - [2025-04-28T02:12:21.201+0000] {dag.py:3096} INFO - Sync 1 DAGs
[2025-04-28T02:12:21.206+0000] {logging_mixin.py:188} INFO - [2025-04-28T02:12:21.206+0000] {dag.py:3954} INFO - Setting next_dagrun for move_landing_to_bronze_partitioned to None, run_after=None
[2025-04-28T02:12:21.217+0000] {processor.py:183} INFO - Processing /opt/airflow/dags/move_landing_to_bronze_partitioned.py took 0.244 seconds
[2025-04-28T02:12:51.860+0000] {processor.py:161} INFO - Started process (PID=1691) to work on /opt/airflow/dags/move_landing_to_bronze_partitioned.py
[2025-04-28T02:12:51.860+0000] {processor.py:830} INFO - Processing file /opt/airflow/dags/move_landing_to_bronze_partitioned.py for tasks to queue
[2025-04-28T02:12:51.862+0000] {logging_mixin.py:188} INFO - [2025-04-28T02:12:51.861+0000] {dagbag.py:540} INFO - Filling up the DagBag from /opt/airflow/dags/move_landing_to_bronze_partitioned.py
[2025-04-28T02:12:52.084+0000] {processor.py:840} INFO - DAG(s) 'move_landing_to_bronze_partitioned' retrieved from /opt/airflow/dags/move_landing_to_bronze_partitioned.py
[2025-04-28T02:12:52.097+0000] {logging_mixin.py:188} INFO - [2025-04-28T02:12:52.096+0000] {dag.py:3096} INFO - Sync 1 DAGs
[2025-04-28T02:12:52.102+0000] {logging_mixin.py:188} INFO - [2025-04-28T02:12:52.102+0000] {dag.py:3954} INFO - Setting next_dagrun for move_landing_to_bronze_partitioned to None, run_after=None
[2025-04-28T02:12:52.114+0000] {processor.py:183} INFO - Processing /opt/airflow/dags/move_landing_to_bronze_partitioned.py took 0.257 seconds
[2025-04-28T02:13:22.963+0000] {processor.py:161} INFO - Started process (PID=1726) to work on /opt/airflow/dags/move_landing_to_bronze_partitioned.py
[2025-04-28T02:13:22.963+0000] {processor.py:830} INFO - Processing file /opt/airflow/dags/move_landing_to_bronze_partitioned.py for tasks to queue
[2025-04-28T02:13:22.964+0000] {logging_mixin.py:188} INFO - [2025-04-28T02:13:22.964+0000] {dagbag.py:540} INFO - Filling up the DagBag from /opt/airflow/dags/move_landing_to_bronze_partitioned.py
[2025-04-28T02:13:23.187+0000] {processor.py:840} INFO - DAG(s) 'move_landing_to_bronze_partitioned' retrieved from /opt/airflow/dags/move_landing_to_bronze_partitioned.py
[2025-04-28T02:13:23.199+0000] {logging_mixin.py:188} INFO - [2025-04-28T02:13:23.199+0000] {dag.py:3096} INFO - Sync 1 DAGs
[2025-04-28T02:13:23.203+0000] {logging_mixin.py:188} INFO - [2025-04-28T02:13:23.203+0000] {dag.py:3954} INFO - Setting next_dagrun for move_landing_to_bronze_partitioned to None, run_after=None
[2025-04-28T02:13:23.215+0000] {processor.py:183} INFO - Processing /opt/airflow/dags/move_landing_to_bronze_partitioned.py took 0.255 seconds
[2025-04-28T02:13:53.827+0000] {processor.py:161} INFO - Started process (PID=1761) to work on /opt/airflow/dags/move_landing_to_bronze_partitioned.py
[2025-04-28T02:13:53.828+0000] {processor.py:830} INFO - Processing file /opt/airflow/dags/move_landing_to_bronze_partitioned.py for tasks to queue
[2025-04-28T02:13:53.829+0000] {logging_mixin.py:188} INFO - [2025-04-28T02:13:53.828+0000] {dagbag.py:540} INFO - Filling up the DagBag from /opt/airflow/dags/move_landing_to_bronze_partitioned.py
[2025-04-28T02:13:54.045+0000] {processor.py:840} INFO - DAG(s) 'move_landing_to_bronze_partitioned' retrieved from /opt/airflow/dags/move_landing_to_bronze_partitioned.py
[2025-04-28T02:13:54.057+0000] {logging_mixin.py:188} INFO - [2025-04-28T02:13:54.056+0000] {dag.py:3096} INFO - Sync 1 DAGs
[2025-04-28T02:13:54.061+0000] {logging_mixin.py:188} INFO - [2025-04-28T02:13:54.061+0000] {dag.py:3954} INFO - Setting next_dagrun for move_landing_to_bronze_partitioned to None, run_after=None
[2025-04-28T02:13:54.071+0000] {processor.py:183} INFO - Processing /opt/airflow/dags/move_landing_to_bronze_partitioned.py took 0.247 seconds
[2025-04-28T02:14:24.670+0000] {processor.py:161} INFO - Started process (PID=1796) to work on /opt/airflow/dags/move_landing_to_bronze_partitioned.py
[2025-04-28T02:14:24.671+0000] {processor.py:830} INFO - Processing file /opt/airflow/dags/move_landing_to_bronze_partitioned.py for tasks to queue
[2025-04-28T02:14:24.672+0000] {logging_mixin.py:188} INFO - [2025-04-28T02:14:24.672+0000] {dagbag.py:540} INFO - Filling up the DagBag from /opt/airflow/dags/move_landing_to_bronze_partitioned.py
[2025-04-28T02:14:24.888+0000] {processor.py:840} INFO - DAG(s) 'move_landing_to_bronze_partitioned' retrieved from /opt/airflow/dags/move_landing_to_bronze_partitioned.py
[2025-04-28T02:14:24.901+0000] {logging_mixin.py:188} INFO - [2025-04-28T02:14:24.900+0000] {dag.py:3096} INFO - Sync 1 DAGs
[2025-04-28T02:14:24.906+0000] {logging_mixin.py:188} INFO - [2025-04-28T02:14:24.906+0000] {dag.py:3954} INFO - Setting next_dagrun for move_landing_to_bronze_partitioned to None, run_after=None
[2025-04-28T02:14:24.917+0000] {processor.py:183} INFO - Processing /opt/airflow/dags/move_landing_to_bronze_partitioned.py took 0.250 seconds
[2025-04-28T02:14:55.824+0000] {processor.py:161} INFO - Started process (PID=1831) to work on /opt/airflow/dags/move_landing_to_bronze_partitioned.py
[2025-04-28T02:14:55.825+0000] {processor.py:830} INFO - Processing file /opt/airflow/dags/move_landing_to_bronze_partitioned.py for tasks to queue
[2025-04-28T02:14:55.826+0000] {logging_mixin.py:188} INFO - [2025-04-28T02:14:55.826+0000] {dagbag.py:540} INFO - Filling up the DagBag from /opt/airflow/dags/move_landing_to_bronze_partitioned.py
[2025-04-28T02:14:56.043+0000] {processor.py:840} INFO - DAG(s) 'move_landing_to_bronze_partitioned' retrieved from /opt/airflow/dags/move_landing_to_bronze_partitioned.py
[2025-04-28T02:14:56.056+0000] {logging_mixin.py:188} INFO - [2025-04-28T02:14:56.056+0000] {dag.py:3096} INFO - Sync 1 DAGs
[2025-04-28T02:14:56.063+0000] {logging_mixin.py:188} INFO - [2025-04-28T02:14:56.062+0000] {dag.py:3954} INFO - Setting next_dagrun for move_landing_to_bronze_partitioned to None, run_after=None
[2025-04-28T02:14:56.071+0000] {processor.py:183} INFO - Processing /opt/airflow/dags/move_landing_to_bronze_partitioned.py took 0.250 seconds
[2025-04-28T02:15:26.448+0000] {processor.py:161} INFO - Started process (PID=1863) to work on /opt/airflow/dags/move_landing_to_bronze_partitioned.py
[2025-04-28T02:15:26.448+0000] {processor.py:830} INFO - Processing file /opt/airflow/dags/move_landing_to_bronze_partitioned.py for tasks to queue
[2025-04-28T02:15:26.449+0000] {logging_mixin.py:188} INFO - [2025-04-28T02:15:26.449+0000] {dagbag.py:540} INFO - Filling up the DagBag from /opt/airflow/dags/move_landing_to_bronze_partitioned.py
[2025-04-28T02:15:26.665+0000] {processor.py:840} INFO - DAG(s) 'move_landing_to_bronze_partitioned' retrieved from /opt/airflow/dags/move_landing_to_bronze_partitioned.py
[2025-04-28T02:15:26.680+0000] {logging_mixin.py:188} INFO - [2025-04-28T02:15:26.679+0000] {dag.py:3096} INFO - Sync 1 DAGs
[2025-04-28T02:15:26.685+0000] {logging_mixin.py:188} INFO - [2025-04-28T02:15:26.685+0000] {dag.py:3954} INFO - Setting next_dagrun for move_landing_to_bronze_partitioned to None, run_after=None
[2025-04-28T02:15:26.695+0000] {processor.py:183} INFO - Processing /opt/airflow/dags/move_landing_to_bronze_partitioned.py took 0.250 seconds
[2025-04-28T02:15:57.563+0000] {processor.py:161} INFO - Started process (PID=1901) to work on /opt/airflow/dags/move_landing_to_bronze_partitioned.py
[2025-04-28T02:15:57.564+0000] {processor.py:830} INFO - Processing file /opt/airflow/dags/move_landing_to_bronze_partitioned.py for tasks to queue
[2025-04-28T02:15:57.565+0000] {logging_mixin.py:188} INFO - [2025-04-28T02:15:57.565+0000] {dagbag.py:540} INFO - Filling up the DagBag from /opt/airflow/dags/move_landing_to_bronze_partitioned.py
[2025-04-28T02:15:57.783+0000] {processor.py:840} INFO - DAG(s) 'move_landing_to_bronze_partitioned' retrieved from /opt/airflow/dags/move_landing_to_bronze_partitioned.py
[2025-04-28T02:15:57.795+0000] {logging_mixin.py:188} INFO - [2025-04-28T02:15:57.795+0000] {dag.py:3096} INFO - Sync 1 DAGs
[2025-04-28T02:15:57.799+0000] {logging_mixin.py:188} INFO - [2025-04-28T02:15:57.799+0000] {dag.py:3954} INFO - Setting next_dagrun for move_landing_to_bronze_partitioned to None, run_after=None
[2025-04-28T02:15:57.810+0000] {processor.py:183} INFO - Processing /opt/airflow/dags/move_landing_to_bronze_partitioned.py took 0.250 seconds
[2025-04-28T02:16:28.410+0000] {processor.py:161} INFO - Started process (PID=1933) to work on /opt/airflow/dags/move_landing_to_bronze_partitioned.py
[2025-04-28T02:16:28.412+0000] {processor.py:830} INFO - Processing file /opt/airflow/dags/move_landing_to_bronze_partitioned.py for tasks to queue
[2025-04-28T02:16:28.413+0000] {logging_mixin.py:188} INFO - [2025-04-28T02:16:28.413+0000] {dagbag.py:540} INFO - Filling up the DagBag from /opt/airflow/dags/move_landing_to_bronze_partitioned.py
[2025-04-28T02:16:28.630+0000] {processor.py:840} INFO - DAG(s) 'move_landing_to_bronze_partitioned' retrieved from /opt/airflow/dags/move_landing_to_bronze_partitioned.py
[2025-04-28T02:16:28.645+0000] {logging_mixin.py:188} INFO - [2025-04-28T02:16:28.645+0000] {dag.py:3096} INFO - Sync 1 DAGs
[2025-04-28T02:16:28.650+0000] {logging_mixin.py:188} INFO - [2025-04-28T02:16:28.650+0000] {dag.py:3954} INFO - Setting next_dagrun for move_landing_to_bronze_partitioned to None, run_after=None
[2025-04-28T02:16:28.660+0000] {processor.py:183} INFO - Processing /opt/airflow/dags/move_landing_to_bronze_partitioned.py took 0.252 seconds
[2025-04-28T02:16:59.532+0000] {processor.py:161} INFO - Started process (PID=1971) to work on /opt/airflow/dags/move_landing_to_bronze_partitioned.py
[2025-04-28T02:16:59.532+0000] {processor.py:830} INFO - Processing file /opt/airflow/dags/move_landing_to_bronze_partitioned.py for tasks to queue
[2025-04-28T02:16:59.534+0000] {logging_mixin.py:188} INFO - [2025-04-28T02:16:59.533+0000] {dagbag.py:540} INFO - Filling up the DagBag from /opt/airflow/dags/move_landing_to_bronze_partitioned.py
[2025-04-28T02:16:59.749+0000] {processor.py:840} INFO - DAG(s) 'move_landing_to_bronze_partitioned' retrieved from /opt/airflow/dags/move_landing_to_bronze_partitioned.py
[2025-04-28T02:16:59.763+0000] {logging_mixin.py:188} INFO - [2025-04-28T02:16:59.762+0000] {dag.py:3096} INFO - Sync 1 DAGs
[2025-04-28T02:16:59.768+0000] {logging_mixin.py:188} INFO - [2025-04-28T02:16:59.768+0000] {dag.py:3954} INFO - Setting next_dagrun for move_landing_to_bronze_partitioned to None, run_after=None
[2025-04-28T02:16:59.777+0000] {processor.py:183} INFO - Processing /opt/airflow/dags/move_landing_to_bronze_partitioned.py took 0.248 seconds
[2025-04-28T02:17:30.374+0000] {processor.py:161} INFO - Started process (PID=2006) to work on /opt/airflow/dags/move_landing_to_bronze_partitioned.py
[2025-04-28T02:17:30.375+0000] {processor.py:830} INFO - Processing file /opt/airflow/dags/move_landing_to_bronze_partitioned.py for tasks to queue
[2025-04-28T02:17:30.375+0000] {logging_mixin.py:188} INFO - [2025-04-28T02:17:30.375+0000] {dagbag.py:540} INFO - Filling up the DagBag from /opt/airflow/dags/move_landing_to_bronze_partitioned.py
[2025-04-28T02:17:30.594+0000] {processor.py:840} INFO - DAG(s) 'move_landing_to_bronze_partitioned' retrieved from /opt/airflow/dags/move_landing_to_bronze_partitioned.py
[2025-04-28T02:17:30.606+0000] {logging_mixin.py:188} INFO - [2025-04-28T02:17:30.606+0000] {dag.py:3096} INFO - Sync 1 DAGs
[2025-04-28T02:17:30.611+0000] {logging_mixin.py:188} INFO - [2025-04-28T02:17:30.611+0000] {dag.py:3954} INFO - Setting next_dagrun for move_landing_to_bronze_partitioned to None, run_after=None
[2025-04-28T02:17:30.622+0000] {processor.py:183} INFO - Processing /opt/airflow/dags/move_landing_to_bronze_partitioned.py took 0.251 seconds
[2025-04-28T02:18:01.268+0000] {processor.py:161} INFO - Started process (PID=2038) to work on /opt/airflow/dags/move_landing_to_bronze_partitioned.py
[2025-04-28T02:18:01.269+0000] {processor.py:830} INFO - Processing file /opt/airflow/dags/move_landing_to_bronze_partitioned.py for tasks to queue
[2025-04-28T02:18:01.270+0000] {logging_mixin.py:188} INFO - [2025-04-28T02:18:01.270+0000] {dagbag.py:540} INFO - Filling up the DagBag from /opt/airflow/dags/move_landing_to_bronze_partitioned.py
[2025-04-28T02:18:01.482+0000] {processor.py:840} INFO - DAG(s) 'move_landing_to_bronze_partitioned' retrieved from /opt/airflow/dags/move_landing_to_bronze_partitioned.py
[2025-04-28T02:18:01.495+0000] {logging_mixin.py:188} INFO - [2025-04-28T02:18:01.495+0000] {dag.py:3096} INFO - Sync 1 DAGs
[2025-04-28T02:18:01.501+0000] {logging_mixin.py:188} INFO - [2025-04-28T02:18:01.501+0000] {dag.py:3954} INFO - Setting next_dagrun for move_landing_to_bronze_partitioned to None, run_after=None
[2025-04-28T02:18:01.513+0000] {processor.py:183} INFO - Processing /opt/airflow/dags/move_landing_to_bronze_partitioned.py took 0.248 seconds
[2025-04-28T02:18:32.366+0000] {processor.py:161} INFO - Started process (PID=2076) to work on /opt/airflow/dags/move_landing_to_bronze_partitioned.py
[2025-04-28T02:18:32.366+0000] {processor.py:830} INFO - Processing file /opt/airflow/dags/move_landing_to_bronze_partitioned.py for tasks to queue
[2025-04-28T02:18:32.367+0000] {logging_mixin.py:188} INFO - [2025-04-28T02:18:32.367+0000] {dagbag.py:540} INFO - Filling up the DagBag from /opt/airflow/dags/move_landing_to_bronze_partitioned.py
[2025-04-28T02:18:32.585+0000] {processor.py:840} INFO - DAG(s) 'move_landing_to_bronze_partitioned' retrieved from /opt/airflow/dags/move_landing_to_bronze_partitioned.py
[2025-04-28T02:18:32.600+0000] {logging_mixin.py:188} INFO - [2025-04-28T02:18:32.599+0000] {dag.py:3096} INFO - Sync 1 DAGs
[2025-04-28T02:18:32.605+0000] {logging_mixin.py:188} INFO - [2025-04-28T02:18:32.604+0000] {dag.py:3954} INFO - Setting next_dagrun for move_landing_to_bronze_partitioned to None, run_after=None
[2025-04-28T02:18:32.615+0000] {processor.py:183} INFO - Processing /opt/airflow/dags/move_landing_to_bronze_partitioned.py took 0.252 seconds
[2025-04-28T02:19:02.980+0000] {processor.py:161} INFO - Started process (PID=2108) to work on /opt/airflow/dags/move_landing_to_bronze_partitioned.py
[2025-04-28T02:19:02.981+0000] {processor.py:830} INFO - Processing file /opt/airflow/dags/move_landing_to_bronze_partitioned.py for tasks to queue
[2025-04-28T02:19:02.983+0000] {logging_mixin.py:188} INFO - [2025-04-28T02:19:02.983+0000] {dagbag.py:540} INFO - Filling up the DagBag from /opt/airflow/dags/move_landing_to_bronze_partitioned.py
[2025-04-28T02:19:03.201+0000] {processor.py:840} INFO - DAG(s) 'move_landing_to_bronze_partitioned' retrieved from /opt/airflow/dags/move_landing_to_bronze_partitioned.py
[2025-04-28T02:19:03.215+0000] {logging_mixin.py:188} INFO - [2025-04-28T02:19:03.215+0000] {dag.py:3096} INFO - Sync 1 DAGs
[2025-04-28T02:19:03.219+0000] {logging_mixin.py:188} INFO - [2025-04-28T02:19:03.219+0000] {dag.py:3954} INFO - Setting next_dagrun for move_landing_to_bronze_partitioned to None, run_after=None
[2025-04-28T02:19:03.230+0000] {processor.py:183} INFO - Processing /opt/airflow/dags/move_landing_to_bronze_partitioned.py took 0.252 seconds
[2025-04-28T02:19:34.071+0000] {processor.py:161} INFO - Started process (PID=2146) to work on /opt/airflow/dags/move_landing_to_bronze_partitioned.py
[2025-04-28T02:19:34.072+0000] {processor.py:830} INFO - Processing file /opt/airflow/dags/move_landing_to_bronze_partitioned.py for tasks to queue
[2025-04-28T02:19:34.073+0000] {logging_mixin.py:188} INFO - [2025-04-28T02:19:34.072+0000] {dagbag.py:540} INFO - Filling up the DagBag from /opt/airflow/dags/move_landing_to_bronze_partitioned.py
[2025-04-28T02:19:34.296+0000] {processor.py:840} INFO - DAG(s) 'move_landing_to_bronze_partitioned' retrieved from /opt/airflow/dags/move_landing_to_bronze_partitioned.py
[2025-04-28T02:19:34.307+0000] {logging_mixin.py:188} INFO - [2025-04-28T02:19:34.307+0000] {dag.py:3096} INFO - Sync 1 DAGs
[2025-04-28T02:19:34.312+0000] {logging_mixin.py:188} INFO - [2025-04-28T02:19:34.312+0000] {dag.py:3954} INFO - Setting next_dagrun for move_landing_to_bronze_partitioned to None, run_after=None
[2025-04-28T02:19:34.322+0000] {processor.py:183} INFO - Processing /opt/airflow/dags/move_landing_to_bronze_partitioned.py took 0.254 seconds
[2025-04-28T02:20:05.201+0000] {processor.py:161} INFO - Started process (PID=2181) to work on /opt/airflow/dags/move_landing_to_bronze_partitioned.py
[2025-04-28T02:20:05.202+0000] {processor.py:830} INFO - Processing file /opt/airflow/dags/move_landing_to_bronze_partitioned.py for tasks to queue
[2025-04-28T02:20:05.202+0000] {logging_mixin.py:188} INFO - [2025-04-28T02:20:05.202+0000] {dagbag.py:540} INFO - Filling up the DagBag from /opt/airflow/dags/move_landing_to_bronze_partitioned.py
[2025-04-28T02:20:05.417+0000] {processor.py:840} INFO - DAG(s) 'move_landing_to_bronze_partitioned' retrieved from /opt/airflow/dags/move_landing_to_bronze_partitioned.py
[2025-04-28T02:20:05.428+0000] {logging_mixin.py:188} INFO - [2025-04-28T02:20:05.428+0000] {dag.py:3096} INFO - Sync 1 DAGs
[2025-04-28T02:20:05.433+0000] {logging_mixin.py:188} INFO - [2025-04-28T02:20:05.433+0000] {dag.py:3954} INFO - Setting next_dagrun for move_landing_to_bronze_partitioned to None, run_after=None
[2025-04-28T02:20:05.447+0000] {processor.py:183} INFO - Processing /opt/airflow/dags/move_landing_to_bronze_partitioned.py took 0.248 seconds
[2025-04-28T02:20:36.090+0000] {processor.py:161} INFO - Started process (PID=2216) to work on /opt/airflow/dags/move_landing_to_bronze_partitioned.py
[2025-04-28T02:20:36.091+0000] {processor.py:830} INFO - Processing file /opt/airflow/dags/move_landing_to_bronze_partitioned.py for tasks to queue
[2025-04-28T02:20:36.092+0000] {logging_mixin.py:188} INFO - [2025-04-28T02:20:36.091+0000] {dagbag.py:540} INFO - Filling up the DagBag from /opt/airflow/dags/move_landing_to_bronze_partitioned.py
[2025-04-28T02:20:36.305+0000] {processor.py:840} INFO - DAG(s) 'move_landing_to_bronze_partitioned' retrieved from /opt/airflow/dags/move_landing_to_bronze_partitioned.py
[2025-04-28T02:20:36.316+0000] {logging_mixin.py:188} INFO - [2025-04-28T02:20:36.316+0000] {dag.py:3096} INFO - Sync 1 DAGs
[2025-04-28T02:20:36.322+0000] {logging_mixin.py:188} INFO - [2025-04-28T02:20:36.321+0000] {dag.py:3954} INFO - Setting next_dagrun for move_landing_to_bronze_partitioned to None, run_after=None
[2025-04-28T02:20:36.334+0000] {processor.py:183} INFO - Processing /opt/airflow/dags/move_landing_to_bronze_partitioned.py took 0.246 seconds
[2025-04-28T02:21:07.236+0000] {processor.py:161} INFO - Started process (PID=2251) to work on /opt/airflow/dags/move_landing_to_bronze_partitioned.py
[2025-04-28T02:21:07.237+0000] {processor.py:830} INFO - Processing file /opt/airflow/dags/move_landing_to_bronze_partitioned.py for tasks to queue
[2025-04-28T02:21:07.238+0000] {logging_mixin.py:188} INFO - [2025-04-28T02:21:07.237+0000] {dagbag.py:540} INFO - Filling up the DagBag from /opt/airflow/dags/move_landing_to_bronze_partitioned.py
[2025-04-28T02:21:07.450+0000] {processor.py:840} INFO - DAG(s) 'move_landing_to_bronze_partitioned' retrieved from /opt/airflow/dags/move_landing_to_bronze_partitioned.py
[2025-04-28T02:21:07.462+0000] {logging_mixin.py:188} INFO - [2025-04-28T02:21:07.461+0000] {dag.py:3096} INFO - Sync 1 DAGs
[2025-04-28T02:21:07.466+0000] {logging_mixin.py:188} INFO - [2025-04-28T02:21:07.466+0000] {dag.py:3954} INFO - Setting next_dagrun for move_landing_to_bronze_partitioned to None, run_after=None
[2025-04-28T02:21:07.477+0000] {processor.py:183} INFO - Processing /opt/airflow/dags/move_landing_to_bronze_partitioned.py took 0.244 seconds
[2025-04-28T02:21:38.341+0000] {processor.py:161} INFO - Started process (PID=2286) to work on /opt/airflow/dags/move_landing_to_bronze_partitioned.py
[2025-04-28T02:21:38.341+0000] {processor.py:830} INFO - Processing file /opt/airflow/dags/move_landing_to_bronze_partitioned.py for tasks to queue
[2025-04-28T02:21:38.342+0000] {logging_mixin.py:188} INFO - [2025-04-28T02:21:38.342+0000] {dagbag.py:540} INFO - Filling up the DagBag from /opt/airflow/dags/move_landing_to_bronze_partitioned.py
[2025-04-28T02:21:38.560+0000] {processor.py:840} INFO - DAG(s) 'move_landing_to_bronze_partitioned' retrieved from /opt/airflow/dags/move_landing_to_bronze_partitioned.py
[2025-04-28T02:21:38.571+0000] {logging_mixin.py:188} INFO - [2025-04-28T02:21:38.571+0000] {dag.py:3096} INFO - Sync 1 DAGs
[2025-04-28T02:21:38.576+0000] {logging_mixin.py:188} INFO - [2025-04-28T02:21:38.576+0000] {dag.py:3954} INFO - Setting next_dagrun for move_landing_to_bronze_partitioned to None, run_after=None
[2025-04-28T02:21:38.586+0000] {processor.py:183} INFO - Processing /opt/airflow/dags/move_landing_to_bronze_partitioned.py took 0.248 seconds
[2025-04-28T02:22:09.390+0000] {processor.py:161} INFO - Started process (PID=2321) to work on /opt/airflow/dags/move_landing_to_bronze_partitioned.py
[2025-04-28T02:22:09.390+0000] {processor.py:830} INFO - Processing file /opt/airflow/dags/move_landing_to_bronze_partitioned.py for tasks to queue
[2025-04-28T02:22:09.391+0000] {logging_mixin.py:188} INFO - [2025-04-28T02:22:09.391+0000] {dagbag.py:540} INFO - Filling up the DagBag from /opt/airflow/dags/move_landing_to_bronze_partitioned.py
[2025-04-28T02:22:09.609+0000] {processor.py:840} INFO - DAG(s) 'move_landing_to_bronze_partitioned' retrieved from /opt/airflow/dags/move_landing_to_bronze_partitioned.py
[2025-04-28T02:22:09.621+0000] {logging_mixin.py:188} INFO - [2025-04-28T02:22:09.621+0000] {dag.py:3096} INFO - Sync 1 DAGs
[2025-04-28T02:22:09.626+0000] {logging_mixin.py:188} INFO - [2025-04-28T02:22:09.626+0000] {dag.py:3954} INFO - Setting next_dagrun for move_landing_to_bronze_partitioned to None, run_after=None
[2025-04-28T02:22:09.637+0000] {processor.py:183} INFO - Processing /opt/airflow/dags/move_landing_to_bronze_partitioned.py took 0.250 seconds
[2025-04-28T02:22:40.237+0000] {processor.py:161} INFO - Started process (PID=2356) to work on /opt/airflow/dags/move_landing_to_bronze_partitioned.py
[2025-04-28T02:22:40.237+0000] {processor.py:830} INFO - Processing file /opt/airflow/dags/move_landing_to_bronze_partitioned.py for tasks to queue
[2025-04-28T02:22:40.238+0000] {logging_mixin.py:188} INFO - [2025-04-28T02:22:40.238+0000] {dagbag.py:540} INFO - Filling up the DagBag from /opt/airflow/dags/move_landing_to_bronze_partitioned.py
[2025-04-28T02:22:40.452+0000] {processor.py:840} INFO - DAG(s) 'move_landing_to_bronze_partitioned' retrieved from /opt/airflow/dags/move_landing_to_bronze_partitioned.py
[2025-04-28T02:22:40.464+0000] {logging_mixin.py:188} INFO - [2025-04-28T02:22:40.464+0000] {dag.py:3096} INFO - Sync 1 DAGs
[2025-04-28T02:22:40.469+0000] {logging_mixin.py:188} INFO - [2025-04-28T02:22:40.468+0000] {dag.py:3954} INFO - Setting next_dagrun for move_landing_to_bronze_partitioned to None, run_after=None
[2025-04-28T02:22:40.481+0000] {processor.py:183} INFO - Processing /opt/airflow/dags/move_landing_to_bronze_partitioned.py took 0.247 seconds
[2025-04-28T02:23:10.893+0000] {processor.py:161} INFO - Started process (PID=2388) to work on /opt/airflow/dags/move_landing_to_bronze_partitioned.py
[2025-04-28T02:23:10.893+0000] {processor.py:830} INFO - Processing file /opt/airflow/dags/move_landing_to_bronze_partitioned.py for tasks to queue
[2025-04-28T02:23:10.894+0000] {logging_mixin.py:188} INFO - [2025-04-28T02:23:10.894+0000] {dagbag.py:540} INFO - Filling up the DagBag from /opt/airflow/dags/move_landing_to_bronze_partitioned.py
[2025-04-28T02:23:11.110+0000] {processor.py:840} INFO - DAG(s) 'move_landing_to_bronze_partitioned' retrieved from /opt/airflow/dags/move_landing_to_bronze_partitioned.py
[2025-04-28T02:23:11.126+0000] {logging_mixin.py:188} INFO - [2025-04-28T02:23:11.125+0000] {dag.py:3096} INFO - Sync 1 DAGs
[2025-04-28T02:23:11.130+0000] {logging_mixin.py:188} INFO - [2025-04-28T02:23:11.130+0000] {dag.py:3954} INFO - Setting next_dagrun for move_landing_to_bronze_partitioned to None, run_after=None
[2025-04-28T02:23:11.140+0000] {processor.py:183} INFO - Processing /opt/airflow/dags/move_landing_to_bronze_partitioned.py took 0.250 seconds
[2025-04-28T02:23:42.035+0000] {processor.py:161} INFO - Started process (PID=2426) to work on /opt/airflow/dags/move_landing_to_bronze_partitioned.py
[2025-04-28T02:23:42.036+0000] {processor.py:830} INFO - Processing file /opt/airflow/dags/move_landing_to_bronze_partitioned.py for tasks to queue
[2025-04-28T02:23:42.037+0000] {logging_mixin.py:188} INFO - [2025-04-28T02:23:42.037+0000] {dagbag.py:540} INFO - Filling up the DagBag from /opt/airflow/dags/move_landing_to_bronze_partitioned.py
[2025-04-28T02:23:42.250+0000] {processor.py:840} INFO - DAG(s) 'move_landing_to_bronze_partitioned' retrieved from /opt/airflow/dags/move_landing_to_bronze_partitioned.py
[2025-04-28T02:23:42.261+0000] {logging_mixin.py:188} INFO - [2025-04-28T02:23:42.261+0000] {dag.py:3096} INFO - Sync 1 DAGs
[2025-04-28T02:23:42.266+0000] {logging_mixin.py:188} INFO - [2025-04-28T02:23:42.266+0000] {dag.py:3954} INFO - Setting next_dagrun for move_landing_to_bronze_partitioned to None, run_after=None
[2025-04-28T02:23:42.279+0000] {processor.py:183} INFO - Processing /opt/airflow/dags/move_landing_to_bronze_partitioned.py took 0.246 seconds
[2025-04-28T02:24:12.616+0000] {processor.py:161} INFO - Started process (PID=2458) to work on /opt/airflow/dags/move_landing_to_bronze_partitioned.py
[2025-04-28T02:24:12.617+0000] {processor.py:830} INFO - Processing file /opt/airflow/dags/move_landing_to_bronze_partitioned.py for tasks to queue
[2025-04-28T02:24:12.618+0000] {logging_mixin.py:188} INFO - [2025-04-28T02:24:12.618+0000] {dagbag.py:540} INFO - Filling up the DagBag from /opt/airflow/dags/move_landing_to_bronze_partitioned.py
[2025-04-28T02:24:12.850+0000] {processor.py:840} INFO - DAG(s) 'move_landing_to_bronze_partitioned' retrieved from /opt/airflow/dags/move_landing_to_bronze_partitioned.py
[2025-04-28T02:24:12.865+0000] {logging_mixin.py:188} INFO - [2025-04-28T02:24:12.865+0000] {dag.py:3096} INFO - Sync 1 DAGs
[2025-04-28T02:24:12.871+0000] {logging_mixin.py:188} INFO - [2025-04-28T02:24:12.871+0000] {dag.py:3954} INFO - Setting next_dagrun for move_landing_to_bronze_partitioned to None, run_after=None
[2025-04-28T02:24:12.883+0000] {processor.py:183} INFO - Processing /opt/airflow/dags/move_landing_to_bronze_partitioned.py took 0.270 seconds
[2025-04-28T02:24:43.989+0000] {processor.py:161} INFO - Started process (PID=2496) to work on /opt/airflow/dags/move_landing_to_bronze_partitioned.py
[2025-04-28T02:24:43.989+0000] {processor.py:830} INFO - Processing file /opt/airflow/dags/move_landing_to_bronze_partitioned.py for tasks to queue
[2025-04-28T02:24:43.990+0000] {logging_mixin.py:188} INFO - [2025-04-28T02:24:43.990+0000] {dagbag.py:540} INFO - Filling up the DagBag from /opt/airflow/dags/move_landing_to_bronze_partitioned.py
[2025-04-28T02:24:44.223+0000] {processor.py:840} INFO - DAG(s) 'move_landing_to_bronze_partitioned' retrieved from /opt/airflow/dags/move_landing_to_bronze_partitioned.py
[2025-04-28T02:24:44.236+0000] {logging_mixin.py:188} INFO - [2025-04-28T02:24:44.236+0000] {dag.py:3096} INFO - Sync 1 DAGs
[2025-04-28T02:24:44.241+0000] {logging_mixin.py:188} INFO - [2025-04-28T02:24:44.241+0000] {dag.py:3954} INFO - Setting next_dagrun for move_landing_to_bronze_partitioned to None, run_after=None
[2025-04-28T02:24:44.252+0000] {processor.py:183} INFO - Processing /opt/airflow/dags/move_landing_to_bronze_partitioned.py took 0.266 seconds
[2025-04-28T02:25:14.901+0000] {processor.py:161} INFO - Started process (PID=2528) to work on /opt/airflow/dags/move_landing_to_bronze_partitioned.py
[2025-04-28T02:25:14.902+0000] {processor.py:830} INFO - Processing file /opt/airflow/dags/move_landing_to_bronze_partitioned.py for tasks to queue
[2025-04-28T02:25:14.903+0000] {logging_mixin.py:188} INFO - [2025-04-28T02:25:14.903+0000] {dagbag.py:540} INFO - Filling up the DagBag from /opt/airflow/dags/move_landing_to_bronze_partitioned.py
[2025-04-28T02:25:15.120+0000] {processor.py:840} INFO - DAG(s) 'move_landing_to_bronze_partitioned' retrieved from /opt/airflow/dags/move_landing_to_bronze_partitioned.py
[2025-04-28T02:25:15.135+0000] {logging_mixin.py:188} INFO - [2025-04-28T02:25:15.135+0000] {dag.py:3096} INFO - Sync 1 DAGs
[2025-04-28T02:25:15.140+0000] {logging_mixin.py:188} INFO - [2025-04-28T02:25:15.140+0000] {dag.py:3954} INFO - Setting next_dagrun for move_landing_to_bronze_partitioned to None, run_after=None
[2025-04-28T02:25:15.150+0000] {processor.py:183} INFO - Processing /opt/airflow/dags/move_landing_to_bronze_partitioned.py took 0.252 seconds
[2025-04-28T02:25:46.252+0000] {processor.py:161} INFO - Started process (PID=2566) to work on /opt/airflow/dags/move_landing_to_bronze_partitioned.py
[2025-04-28T02:25:46.252+0000] {processor.py:830} INFO - Processing file /opt/airflow/dags/move_landing_to_bronze_partitioned.py for tasks to queue
[2025-04-28T02:25:46.253+0000] {logging_mixin.py:188} INFO - [2025-04-28T02:25:46.253+0000] {dagbag.py:540} INFO - Filling up the DagBag from /opt/airflow/dags/move_landing_to_bronze_partitioned.py
[2025-04-28T02:25:46.469+0000] {processor.py:840} INFO - DAG(s) 'move_landing_to_bronze_partitioned' retrieved from /opt/airflow/dags/move_landing_to_bronze_partitioned.py
[2025-04-28T02:25:46.482+0000] {logging_mixin.py:188} INFO - [2025-04-28T02:25:46.482+0000] {dag.py:3096} INFO - Sync 1 DAGs
[2025-04-28T02:25:46.488+0000] {logging_mixin.py:188} INFO - [2025-04-28T02:25:46.488+0000] {dag.py:3954} INFO - Setting next_dagrun for move_landing_to_bronze_partitioned to None, run_after=None
[2025-04-28T02:25:46.499+0000] {processor.py:183} INFO - Processing /opt/airflow/dags/move_landing_to_bronze_partitioned.py took 0.250 seconds
[2025-04-28T02:26:17.395+0000] {processor.py:161} INFO - Started process (PID=2601) to work on /opt/airflow/dags/move_landing_to_bronze_partitioned.py
[2025-04-28T02:26:17.395+0000] {processor.py:830} INFO - Processing file /opt/airflow/dags/move_landing_to_bronze_partitioned.py for tasks to queue
[2025-04-28T02:26:17.396+0000] {logging_mixin.py:188} INFO - [2025-04-28T02:26:17.396+0000] {dagbag.py:540} INFO - Filling up the DagBag from /opt/airflow/dags/move_landing_to_bronze_partitioned.py
[2025-04-28T02:26:17.634+0000] {processor.py:840} INFO - DAG(s) 'move_landing_to_bronze_partitioned' retrieved from /opt/airflow/dags/move_landing_to_bronze_partitioned.py
[2025-04-28T02:26:17.647+0000] {logging_mixin.py:188} INFO - [2025-04-28T02:26:17.647+0000] {dag.py:3096} INFO - Sync 1 DAGs
[2025-04-28T02:26:17.653+0000] {logging_mixin.py:188} INFO - [2025-04-28T02:26:17.653+0000] {dag.py:3954} INFO - Setting next_dagrun for move_landing_to_bronze_partitioned to None, run_after=None
[2025-04-28T02:26:17.664+0000] {processor.py:183} INFO - Processing /opt/airflow/dags/move_landing_to_bronze_partitioned.py took 0.272 seconds
[2025-04-28T02:26:48.313+0000] {processor.py:161} INFO - Started process (PID=2633) to work on /opt/airflow/dags/move_landing_to_bronze_partitioned.py
[2025-04-28T02:26:48.313+0000] {processor.py:830} INFO - Processing file /opt/airflow/dags/move_landing_to_bronze_partitioned.py for tasks to queue
[2025-04-28T02:26:48.314+0000] {logging_mixin.py:188} INFO - [2025-04-28T02:26:48.314+0000] {dagbag.py:540} INFO - Filling up the DagBag from /opt/airflow/dags/move_landing_to_bronze_partitioned.py
[2025-04-28T02:26:48.529+0000] {processor.py:840} INFO - DAG(s) 'move_landing_to_bronze_partitioned' retrieved from /opt/airflow/dags/move_landing_to_bronze_partitioned.py
[2025-04-28T02:26:48.540+0000] {logging_mixin.py:188} INFO - [2025-04-28T02:26:48.540+0000] {dag.py:3096} INFO - Sync 1 DAGs
[2025-04-28T02:26:48.545+0000] {logging_mixin.py:188} INFO - [2025-04-28T02:26:48.545+0000] {dag.py:3954} INFO - Setting next_dagrun for move_landing_to_bronze_partitioned to None, run_after=None
[2025-04-28T02:26:48.556+0000] {processor.py:183} INFO - Processing /opt/airflow/dags/move_landing_to_bronze_partitioned.py took 0.246 seconds
[2025-04-28T02:27:19.652+0000] {processor.py:161} INFO - Started process (PID=2671) to work on /opt/airflow/dags/move_landing_to_bronze_partitioned.py
[2025-04-28T02:27:19.653+0000] {processor.py:830} INFO - Processing file /opt/airflow/dags/move_landing_to_bronze_partitioned.py for tasks to queue
[2025-04-28T02:27:19.654+0000] {logging_mixin.py:188} INFO - [2025-04-28T02:27:19.654+0000] {dagbag.py:540} INFO - Filling up the DagBag from /opt/airflow/dags/move_landing_to_bronze_partitioned.py
[2025-04-28T02:27:19.867+0000] {processor.py:840} INFO - DAG(s) 'move_landing_to_bronze_partitioned' retrieved from /opt/airflow/dags/move_landing_to_bronze_partitioned.py
[2025-04-28T02:27:19.878+0000] {logging_mixin.py:188} INFO - [2025-04-28T02:27:19.878+0000] {dag.py:3096} INFO - Sync 1 DAGs
[2025-04-28T02:27:19.883+0000] {logging_mixin.py:188} INFO - [2025-04-28T02:27:19.883+0000] {dag.py:3954} INFO - Setting next_dagrun for move_landing_to_bronze_partitioned to None, run_after=None
[2025-04-28T02:27:19.894+0000] {processor.py:183} INFO - Processing /opt/airflow/dags/move_landing_to_bronze_partitioned.py took 0.244 seconds
[2025-04-28T02:27:50.755+0000] {processor.py:161} INFO - Started process (PID=2706) to work on /opt/airflow/dags/move_landing_to_bronze_partitioned.py
[2025-04-28T02:27:50.756+0000] {processor.py:830} INFO - Processing file /opt/airflow/dags/move_landing_to_bronze_partitioned.py for tasks to queue
[2025-04-28T02:27:50.757+0000] {logging_mixin.py:188} INFO - [2025-04-28T02:27:50.757+0000] {dagbag.py:540} INFO - Filling up the DagBag from /opt/airflow/dags/move_landing_to_bronze_partitioned.py
[2025-04-28T02:27:51.006+0000] {processor.py:840} INFO - DAG(s) 'move_landing_to_bronze_partitioned' retrieved from /opt/airflow/dags/move_landing_to_bronze_partitioned.py
[2025-04-28T02:27:51.018+0000] {logging_mixin.py:188} INFO - [2025-04-28T02:27:51.018+0000] {dag.py:3096} INFO - Sync 1 DAGs
[2025-04-28T02:27:51.024+0000] {logging_mixin.py:188} INFO - [2025-04-28T02:27:51.024+0000] {dag.py:3954} INFO - Setting next_dagrun for move_landing_to_bronze_partitioned to None, run_after=None
[2025-04-28T02:27:51.036+0000] {processor.py:183} INFO - Processing /opt/airflow/dags/move_landing_to_bronze_partitioned.py took 0.283 seconds
[2025-04-28T02:28:21.912+0000] {processor.py:161} INFO - Started process (PID=2741) to work on /opt/airflow/dags/move_landing_to_bronze_partitioned.py
[2025-04-28T02:28:21.913+0000] {processor.py:830} INFO - Processing file /opt/airflow/dags/move_landing_to_bronze_partitioned.py for tasks to queue
[2025-04-28T02:28:21.914+0000] {logging_mixin.py:188} INFO - [2025-04-28T02:28:21.914+0000] {dagbag.py:540} INFO - Filling up the DagBag from /opt/airflow/dags/move_landing_to_bronze_partitioned.py
[2025-04-28T02:28:22.125+0000] {processor.py:840} INFO - DAG(s) 'move_landing_to_bronze_partitioned' retrieved from /opt/airflow/dags/move_landing_to_bronze_partitioned.py
[2025-04-28T02:28:22.136+0000] {logging_mixin.py:188} INFO - [2025-04-28T02:28:22.136+0000] {dag.py:3096} INFO - Sync 1 DAGs
[2025-04-28T02:28:22.141+0000] {logging_mixin.py:188} INFO - [2025-04-28T02:28:22.141+0000] {dag.py:3954} INFO - Setting next_dagrun for move_landing_to_bronze_partitioned to None, run_after=None
[2025-04-28T02:28:22.152+0000] {processor.py:183} INFO - Processing /opt/airflow/dags/move_landing_to_bronze_partitioned.py took 0.242 seconds
[2025-04-28T02:28:53.063+0000] {processor.py:161} INFO - Started process (PID=2776) to work on /opt/airflow/dags/move_landing_to_bronze_partitioned.py
[2025-04-28T02:28:53.064+0000] {processor.py:830} INFO - Processing file /opt/airflow/dags/move_landing_to_bronze_partitioned.py for tasks to queue
[2025-04-28T02:28:53.065+0000] {logging_mixin.py:188} INFO - [2025-04-28T02:28:53.065+0000] {dagbag.py:540} INFO - Filling up the DagBag from /opt/airflow/dags/move_landing_to_bronze_partitioned.py
[2025-04-28T02:28:53.287+0000] {processor.py:840} INFO - DAG(s) 'move_landing_to_bronze_partitioned' retrieved from /opt/airflow/dags/move_landing_to_bronze_partitioned.py
[2025-04-28T02:28:53.300+0000] {logging_mixin.py:188} INFO - [2025-04-28T02:28:53.299+0000] {dag.py:3096} INFO - Sync 1 DAGs
[2025-04-28T02:28:53.306+0000] {logging_mixin.py:188} INFO - [2025-04-28T02:28:53.306+0000] {dag.py:3954} INFO - Setting next_dagrun for move_landing_to_bronze_partitioned to None, run_after=None
[2025-04-28T02:28:53.317+0000] {processor.py:183} INFO - Processing /opt/airflow/dags/move_landing_to_bronze_partitioned.py took 0.257 seconds
[2025-04-28T02:29:24.217+0000] {processor.py:161} INFO - Started process (PID=2811) to work on /opt/airflow/dags/move_landing_to_bronze_partitioned.py
[2025-04-28T02:29:24.218+0000] {processor.py:830} INFO - Processing file /opt/airflow/dags/move_landing_to_bronze_partitioned.py for tasks to queue
[2025-04-28T02:29:24.219+0000] {logging_mixin.py:188} INFO - [2025-04-28T02:29:24.219+0000] {dagbag.py:540} INFO - Filling up the DagBag from /opt/airflow/dags/move_landing_to_bronze_partitioned.py
[2025-04-28T02:29:24.438+0000] {processor.py:840} INFO - DAG(s) 'move_landing_to_bronze_partitioned' retrieved from /opt/airflow/dags/move_landing_to_bronze_partitioned.py
[2025-04-28T02:29:24.449+0000] {logging_mixin.py:188} INFO - [2025-04-28T02:29:24.449+0000] {dag.py:3096} INFO - Sync 1 DAGs
[2025-04-28T02:29:24.454+0000] {logging_mixin.py:188} INFO - [2025-04-28T02:29:24.454+0000] {dag.py:3954} INFO - Setting next_dagrun for move_landing_to_bronze_partitioned to None, run_after=None
[2025-04-28T02:29:24.465+0000] {processor.py:183} INFO - Processing /opt/airflow/dags/move_landing_to_bronze_partitioned.py took 0.250 seconds
[2025-04-28T02:29:55.392+0000] {processor.py:161} INFO - Started process (PID=2846) to work on /opt/airflow/dags/move_landing_to_bronze_partitioned.py
[2025-04-28T02:29:55.393+0000] {processor.py:830} INFO - Processing file /opt/airflow/dags/move_landing_to_bronze_partitioned.py for tasks to queue
[2025-04-28T02:29:55.394+0000] {logging_mixin.py:188} INFO - [2025-04-28T02:29:55.394+0000] {dagbag.py:540} INFO - Filling up the DagBag from /opt/airflow/dags/move_landing_to_bronze_partitioned.py
[2025-04-28T02:29:55.623+0000] {processor.py:840} INFO - DAG(s) 'move_landing_to_bronze_partitioned' retrieved from /opt/airflow/dags/move_landing_to_bronze_partitioned.py
[2025-04-28T02:29:55.636+0000] {logging_mixin.py:188} INFO - [2025-04-28T02:29:55.635+0000] {dag.py:3096} INFO - Sync 1 DAGs
[2025-04-28T02:29:55.641+0000] {logging_mixin.py:188} INFO - [2025-04-28T02:29:55.641+0000] {dag.py:3954} INFO - Setting next_dagrun for move_landing_to_bronze_partitioned to None, run_after=None
[2025-04-28T02:29:55.651+0000] {processor.py:183} INFO - Processing /opt/airflow/dags/move_landing_to_bronze_partitioned.py took 0.262 seconds
[2025-04-28T02:30:26.538+0000] {processor.py:161} INFO - Started process (PID=2881) to work on /opt/airflow/dags/move_landing_to_bronze_partitioned.py
[2025-04-28T02:30:26.540+0000] {processor.py:830} INFO - Processing file /opt/airflow/dags/move_landing_to_bronze_partitioned.py for tasks to queue
[2025-04-28T02:30:26.542+0000] {logging_mixin.py:188} INFO - [2025-04-28T02:30:26.541+0000] {dagbag.py:540} INFO - Filling up the DagBag from /opt/airflow/dags/move_landing_to_bronze_partitioned.py
[2025-04-28T02:30:26.765+0000] {processor.py:840} INFO - DAG(s) 'move_landing_to_bronze_partitioned' retrieved from /opt/airflow/dags/move_landing_to_bronze_partitioned.py
[2025-04-28T02:30:26.780+0000] {logging_mixin.py:188} INFO - [2025-04-28T02:30:26.780+0000] {dag.py:3096} INFO - Sync 1 DAGs
[2025-04-28T02:30:26.786+0000] {logging_mixin.py:188} INFO - [2025-04-28T02:30:26.786+0000] {dag.py:3954} INFO - Setting next_dagrun for move_landing_to_bronze_partitioned to None, run_after=None
[2025-04-28T02:30:26.796+0000] {processor.py:183} INFO - Processing /opt/airflow/dags/move_landing_to_bronze_partitioned.py took 0.261 seconds
[2025-04-28T02:30:57.688+0000] {processor.py:161} INFO - Started process (PID=2916) to work on /opt/airflow/dags/move_landing_to_bronze_partitioned.py
[2025-04-28T02:30:57.688+0000] {processor.py:830} INFO - Processing file /opt/airflow/dags/move_landing_to_bronze_partitioned.py for tasks to queue
[2025-04-28T02:30:57.689+0000] {logging_mixin.py:188} INFO - [2025-04-28T02:30:57.689+0000] {dagbag.py:540} INFO - Filling up the DagBag from /opt/airflow/dags/move_landing_to_bronze_partitioned.py
[2025-04-28T02:30:57.908+0000] {processor.py:840} INFO - DAG(s) 'move_landing_to_bronze_partitioned' retrieved from /opt/airflow/dags/move_landing_to_bronze_partitioned.py
[2025-04-28T02:30:57.925+0000] {logging_mixin.py:188} INFO - [2025-04-28T02:30:57.925+0000] {dag.py:3096} INFO - Sync 1 DAGs
[2025-04-28T02:30:57.930+0000] {logging_mixin.py:188} INFO - [2025-04-28T02:30:57.930+0000] {dag.py:3954} INFO - Setting next_dagrun for move_landing_to_bronze_partitioned to None, run_after=None
[2025-04-28T02:30:57.939+0000] {processor.py:183} INFO - Processing /opt/airflow/dags/move_landing_to_bronze_partitioned.py took 0.254 seconds
[2025-04-28T02:31:28.821+0000] {processor.py:161} INFO - Started process (PID=2951) to work on /opt/airflow/dags/move_landing_to_bronze_partitioned.py
[2025-04-28T02:31:28.821+0000] {processor.py:830} INFO - Processing file /opt/airflow/dags/move_landing_to_bronze_partitioned.py for tasks to queue
[2025-04-28T02:31:28.822+0000] {logging_mixin.py:188} INFO - [2025-04-28T02:31:28.822+0000] {dagbag.py:540} INFO - Filling up the DagBag from /opt/airflow/dags/move_landing_to_bronze_partitioned.py
[2025-04-28T02:31:29.039+0000] {processor.py:840} INFO - DAG(s) 'move_landing_to_bronze_partitioned' retrieved from /opt/airflow/dags/move_landing_to_bronze_partitioned.py
[2025-04-28T02:31:29.051+0000] {logging_mixin.py:188} INFO - [2025-04-28T02:31:29.050+0000] {dag.py:3096} INFO - Sync 1 DAGs
[2025-04-28T02:31:29.055+0000] {logging_mixin.py:188} INFO - [2025-04-28T02:31:29.055+0000] {dag.py:3954} INFO - Setting next_dagrun for move_landing_to_bronze_partitioned to None, run_after=None
[2025-04-28T02:31:29.066+0000] {processor.py:183} INFO - Processing /opt/airflow/dags/move_landing_to_bronze_partitioned.py took 0.249 seconds
[2025-04-28T02:31:59.970+0000] {processor.py:161} INFO - Started process (PID=2986) to work on /opt/airflow/dags/move_landing_to_bronze_partitioned.py
[2025-04-28T02:31:59.972+0000] {processor.py:830} INFO - Processing file /opt/airflow/dags/move_landing_to_bronze_partitioned.py for tasks to queue
[2025-04-28T02:31:59.973+0000] {logging_mixin.py:188} INFO - [2025-04-28T02:31:59.973+0000] {dagbag.py:540} INFO - Filling up the DagBag from /opt/airflow/dags/move_landing_to_bronze_partitioned.py
[2025-04-28T02:32:00.191+0000] {processor.py:840} INFO - DAG(s) 'move_landing_to_bronze_partitioned' retrieved from /opt/airflow/dags/move_landing_to_bronze_partitioned.py
[2025-04-28T02:32:00.207+0000] {logging_mixin.py:188} INFO - [2025-04-28T02:32:00.207+0000] {dag.py:3096} INFO - Sync 1 DAGs
[2025-04-28T02:32:00.211+0000] {logging_mixin.py:188} INFO - [2025-04-28T02:32:00.211+0000] {dag.py:3954} INFO - Setting next_dagrun for move_landing_to_bronze_partitioned to None, run_after=None
[2025-04-28T02:32:00.221+0000] {processor.py:183} INFO - Processing /opt/airflow/dags/move_landing_to_bronze_partitioned.py took 0.254 seconds
[2025-04-28T02:32:31.102+0000] {processor.py:161} INFO - Started process (PID=3021) to work on /opt/airflow/dags/move_landing_to_bronze_partitioned.py
[2025-04-28T02:32:31.102+0000] {processor.py:830} INFO - Processing file /opt/airflow/dags/move_landing_to_bronze_partitioned.py for tasks to queue
[2025-04-28T02:32:31.104+0000] {logging_mixin.py:188} INFO - [2025-04-28T02:32:31.103+0000] {dagbag.py:540} INFO - Filling up the DagBag from /opt/airflow/dags/move_landing_to_bronze_partitioned.py
[2025-04-28T02:32:31.330+0000] {processor.py:840} INFO - DAG(s) 'move_landing_to_bronze_partitioned' retrieved from /opt/airflow/dags/move_landing_to_bronze_partitioned.py
[2025-04-28T02:32:31.343+0000] {logging_mixin.py:188} INFO - [2025-04-28T02:32:31.342+0000] {dag.py:3096} INFO - Sync 1 DAGs
[2025-04-28T02:32:31.347+0000] {logging_mixin.py:188} INFO - [2025-04-28T02:32:31.347+0000] {dag.py:3954} INFO - Setting next_dagrun for move_landing_to_bronze_partitioned to None, run_after=None
[2025-04-28T02:32:31.356+0000] {processor.py:183} INFO - Processing /opt/airflow/dags/move_landing_to_bronze_partitioned.py took 0.257 seconds
[2025-04-28T02:33:02.228+0000] {processor.py:161} INFO - Started process (PID=3056) to work on /opt/airflow/dags/move_landing_to_bronze_partitioned.py
[2025-04-28T02:33:02.228+0000] {processor.py:830} INFO - Processing file /opt/airflow/dags/move_landing_to_bronze_partitioned.py for tasks to queue
[2025-04-28T02:33:02.229+0000] {logging_mixin.py:188} INFO - [2025-04-28T02:33:02.229+0000] {dagbag.py:540} INFO - Filling up the DagBag from /opt/airflow/dags/move_landing_to_bronze_partitioned.py
[2025-04-28T02:33:02.445+0000] {processor.py:840} INFO - DAG(s) 'move_landing_to_bronze_partitioned' retrieved from /opt/airflow/dags/move_landing_to_bronze_partitioned.py
[2025-04-28T02:33:02.457+0000] {logging_mixin.py:188} INFO - [2025-04-28T02:33:02.456+0000] {dag.py:3096} INFO - Sync 1 DAGs
[2025-04-28T02:33:02.461+0000] {logging_mixin.py:188} INFO - [2025-04-28T02:33:02.461+0000] {dag.py:3954} INFO - Setting next_dagrun for move_landing_to_bronze_partitioned to None, run_after=None
[2025-04-28T02:33:02.474+0000] {processor.py:183} INFO - Processing /opt/airflow/dags/move_landing_to_bronze_partitioned.py took 0.249 seconds
[2025-04-28T02:33:33.322+0000] {processor.py:161} INFO - Started process (PID=3091) to work on /opt/airflow/dags/move_landing_to_bronze_partitioned.py
[2025-04-28T02:33:33.323+0000] {processor.py:830} INFO - Processing file /opt/airflow/dags/move_landing_to_bronze_partitioned.py for tasks to queue
[2025-04-28T02:33:33.324+0000] {logging_mixin.py:188} INFO - [2025-04-28T02:33:33.324+0000] {dagbag.py:540} INFO - Filling up the DagBag from /opt/airflow/dags/move_landing_to_bronze_partitioned.py
[2025-04-28T02:33:33.543+0000] {processor.py:840} INFO - DAG(s) 'move_landing_to_bronze_partitioned' retrieved from /opt/airflow/dags/move_landing_to_bronze_partitioned.py
[2025-04-28T02:33:33.555+0000] {logging_mixin.py:188} INFO - [2025-04-28T02:33:33.555+0000] {dag.py:3096} INFO - Sync 1 DAGs
[2025-04-28T02:33:33.560+0000] {logging_mixin.py:188} INFO - [2025-04-28T02:33:33.560+0000] {dag.py:3954} INFO - Setting next_dagrun for move_landing_to_bronze_partitioned to None, run_after=None
[2025-04-28T02:33:33.573+0000] {processor.py:183} INFO - Processing /opt/airflow/dags/move_landing_to_bronze_partitioned.py took 0.253 seconds
[2025-04-28T02:34:04.212+0000] {processor.py:161} INFO - Started process (PID=3126) to work on /opt/airflow/dags/move_landing_to_bronze_partitioned.py
[2025-04-28T02:34:04.213+0000] {processor.py:830} INFO - Processing file /opt/airflow/dags/move_landing_to_bronze_partitioned.py for tasks to queue
[2025-04-28T02:34:04.213+0000] {logging_mixin.py:188} INFO - [2025-04-28T02:34:04.213+0000] {dagbag.py:540} INFO - Filling up the DagBag from /opt/airflow/dags/move_landing_to_bronze_partitioned.py
[2025-04-28T02:34:04.440+0000] {processor.py:840} INFO - DAG(s) 'move_landing_to_bronze_partitioned' retrieved from /opt/airflow/dags/move_landing_to_bronze_partitioned.py
[2025-04-28T02:34:04.456+0000] {logging_mixin.py:188} INFO - [2025-04-28T02:34:04.456+0000] {dag.py:3096} INFO - Sync 1 DAGs
[2025-04-28T02:34:04.462+0000] {logging_mixin.py:188} INFO - [2025-04-28T02:34:04.462+0000] {dag.py:3954} INFO - Setting next_dagrun for move_landing_to_bronze_partitioned to None, run_after=None
[2025-04-28T02:34:04.472+0000] {processor.py:183} INFO - Processing /opt/airflow/dags/move_landing_to_bronze_partitioned.py took 0.263 seconds
[2025-04-28T02:34:35.150+0000] {processor.py:161} INFO - Started process (PID=3158) to work on /opt/airflow/dags/move_landing_to_bronze_partitioned.py
[2025-04-28T02:34:35.153+0000] {processor.py:830} INFO - Processing file /opt/airflow/dags/move_landing_to_bronze_partitioned.py for tasks to queue
[2025-04-28T02:34:35.154+0000] {logging_mixin.py:188} INFO - [2025-04-28T02:34:35.154+0000] {dagbag.py:540} INFO - Filling up the DagBag from /opt/airflow/dags/move_landing_to_bronze_partitioned.py
[2025-04-28T02:34:35.375+0000] {processor.py:840} INFO - DAG(s) 'move_landing_to_bronze_partitioned' retrieved from /opt/airflow/dags/move_landing_to_bronze_partitioned.py
[2025-04-28T02:34:35.389+0000] {logging_mixin.py:188} INFO - [2025-04-28T02:34:35.389+0000] {dag.py:3096} INFO - Sync 1 DAGs
[2025-04-28T02:34:35.394+0000] {logging_mixin.py:188} INFO - [2025-04-28T02:34:35.394+0000] {dag.py:3954} INFO - Setting next_dagrun for move_landing_to_bronze_partitioned to None, run_after=None
[2025-04-28T02:34:35.403+0000] {processor.py:183} INFO - Processing /opt/airflow/dags/move_landing_to_bronze_partitioned.py took 0.256 seconds
[2025-04-28T02:35:06.567+0000] {processor.py:161} INFO - Started process (PID=3196) to work on /opt/airflow/dags/move_landing_to_bronze_partitioned.py
[2025-04-28T02:35:06.567+0000] {processor.py:830} INFO - Processing file /opt/airflow/dags/move_landing_to_bronze_partitioned.py for tasks to queue
[2025-04-28T02:35:06.568+0000] {logging_mixin.py:188} INFO - [2025-04-28T02:35:06.568+0000] {dagbag.py:540} INFO - Filling up the DagBag from /opt/airflow/dags/move_landing_to_bronze_partitioned.py
[2025-04-28T02:35:06.796+0000] {processor.py:840} INFO - DAG(s) 'move_landing_to_bronze_partitioned' retrieved from /opt/airflow/dags/move_landing_to_bronze_partitioned.py
[2025-04-28T02:35:06.813+0000] {logging_mixin.py:188} INFO - [2025-04-28T02:35:06.813+0000] {dag.py:3096} INFO - Sync 1 DAGs
[2025-04-28T02:35:06.818+0000] {logging_mixin.py:188} INFO - [2025-04-28T02:35:06.818+0000] {dag.py:3954} INFO - Setting next_dagrun for move_landing_to_bronze_partitioned to None, run_after=None
[2025-04-28T02:35:06.833+0000] {processor.py:183} INFO - Processing /opt/airflow/dags/move_landing_to_bronze_partitioned.py took 0.269 seconds
[2025-04-28T02:35:37.473+0000] {processor.py:161} INFO - Started process (PID=3234) to work on /opt/airflow/dags/move_landing_to_bronze_partitioned.py
[2025-04-28T02:35:37.474+0000] {processor.py:830} INFO - Processing file /opt/airflow/dags/move_landing_to_bronze_partitioned.py for tasks to queue
[2025-04-28T02:35:37.475+0000] {logging_mixin.py:188} INFO - [2025-04-28T02:35:37.475+0000] {dagbag.py:540} INFO - Filling up the DagBag from /opt/airflow/dags/move_landing_to_bronze_partitioned.py
[2025-04-28T02:35:37.724+0000] {processor.py:840} INFO - DAG(s) 'move_landing_to_bronze_partitioned' retrieved from /opt/airflow/dags/move_landing_to_bronze_partitioned.py
[2025-04-28T02:35:37.737+0000] {logging_mixin.py:188} INFO - [2025-04-28T02:35:37.737+0000] {dag.py:3096} INFO - Sync 1 DAGs
[2025-04-28T02:35:37.743+0000] {logging_mixin.py:188} INFO - [2025-04-28T02:35:37.743+0000] {dag.py:3954} INFO - Setting next_dagrun for move_landing_to_bronze_partitioned to None, run_after=None
[2025-04-28T02:35:37.756+0000] {processor.py:183} INFO - Processing /opt/airflow/dags/move_landing_to_bronze_partitioned.py took 0.286 seconds
[2025-04-28T02:36:08.834+0000] {processor.py:161} INFO - Started process (PID=3271) to work on /opt/airflow/dags/move_landing_to_bronze_partitioned.py
[2025-04-28T02:36:08.835+0000] {processor.py:830} INFO - Processing file /opt/airflow/dags/move_landing_to_bronze_partitioned.py for tasks to queue
[2025-04-28T02:36:08.836+0000] {logging_mixin.py:188} INFO - [2025-04-28T02:36:08.836+0000] {dagbag.py:540} INFO - Filling up the DagBag from /opt/airflow/dags/move_landing_to_bronze_partitioned.py
[2025-04-28T02:36:09.068+0000] {processor.py:840} INFO - DAG(s) 'move_landing_to_bronze_partitioned' retrieved from /opt/airflow/dags/move_landing_to_bronze_partitioned.py
[2025-04-28T02:36:09.080+0000] {logging_mixin.py:188} INFO - [2025-04-28T02:36:09.080+0000] {dag.py:3096} INFO - Sync 1 DAGs
[2025-04-28T02:36:09.085+0000] {logging_mixin.py:188} INFO - [2025-04-28T02:36:09.085+0000] {dag.py:3954} INFO - Setting next_dagrun for move_landing_to_bronze_partitioned to None, run_after=None
[2025-04-28T02:36:09.095+0000] {processor.py:183} INFO - Processing /opt/airflow/dags/move_landing_to_bronze_partitioned.py took 0.263 seconds
[2025-04-28T02:36:39.653+0000] {processor.py:161} INFO - Started process (PID=3306) to work on /opt/airflow/dags/move_landing_to_bronze_partitioned.py
[2025-04-28T02:36:39.653+0000] {processor.py:830} INFO - Processing file /opt/airflow/dags/move_landing_to_bronze_partitioned.py for tasks to queue
[2025-04-28T02:36:39.654+0000] {logging_mixin.py:188} INFO - [2025-04-28T02:36:39.654+0000] {dagbag.py:540} INFO - Filling up the DagBag from /opt/airflow/dags/move_landing_to_bronze_partitioned.py
[2025-04-28T02:36:39.871+0000] {processor.py:840} INFO - DAG(s) 'move_landing_to_bronze_partitioned' retrieved from /opt/airflow/dags/move_landing_to_bronze_partitioned.py
[2025-04-28T02:36:39.883+0000] {logging_mixin.py:188} INFO - [2025-04-28T02:36:39.883+0000] {dag.py:3096} INFO - Sync 1 DAGs
[2025-04-28T02:36:39.889+0000] {logging_mixin.py:188} INFO - [2025-04-28T02:36:39.888+0000] {dag.py:3954} INFO - Setting next_dagrun for move_landing_to_bronze_partitioned to None, run_after=None
[2025-04-28T02:36:39.899+0000] {processor.py:183} INFO - Processing /opt/airflow/dags/move_landing_to_bronze_partitioned.py took 0.249 seconds
[2025-04-28T02:37:10.516+0000] {processor.py:161} INFO - Started process (PID=3341) to work on /opt/airflow/dags/move_landing_to_bronze_partitioned.py
[2025-04-28T02:37:10.516+0000] {processor.py:830} INFO - Processing file /opt/airflow/dags/move_landing_to_bronze_partitioned.py for tasks to queue
[2025-04-28T02:37:10.517+0000] {logging_mixin.py:188} INFO - [2025-04-28T02:37:10.517+0000] {dagbag.py:540} INFO - Filling up the DagBag from /opt/airflow/dags/move_landing_to_bronze_partitioned.py
[2025-04-28T02:37:10.735+0000] {processor.py:840} INFO - DAG(s) 'move_landing_to_bronze_partitioned' retrieved from /opt/airflow/dags/move_landing_to_bronze_partitioned.py
[2025-04-28T02:37:10.747+0000] {logging_mixin.py:188} INFO - [2025-04-28T02:37:10.747+0000] {dag.py:3096} INFO - Sync 1 DAGs
[2025-04-28T02:37:10.752+0000] {logging_mixin.py:188} INFO - [2025-04-28T02:37:10.752+0000] {dag.py:3954} INFO - Setting next_dagrun for move_landing_to_bronze_partitioned to None, run_after=None
[2025-04-28T02:37:10.762+0000] {processor.py:183} INFO - Processing /opt/airflow/dags/move_landing_to_bronze_partitioned.py took 0.249 seconds
[2025-04-28T02:37:41.647+0000] {processor.py:161} INFO - Started process (PID=3376) to work on /opt/airflow/dags/move_landing_to_bronze_partitioned.py
[2025-04-28T02:37:41.647+0000] {processor.py:830} INFO - Processing file /opt/airflow/dags/move_landing_to_bronze_partitioned.py for tasks to queue
[2025-04-28T02:37:41.648+0000] {logging_mixin.py:188} INFO - [2025-04-28T02:37:41.648+0000] {dagbag.py:540} INFO - Filling up the DagBag from /opt/airflow/dags/move_landing_to_bronze_partitioned.py
[2025-04-28T02:37:41.880+0000] {processor.py:840} INFO - DAG(s) 'move_landing_to_bronze_partitioned' retrieved from /opt/airflow/dags/move_landing_to_bronze_partitioned.py
[2025-04-28T02:37:41.896+0000] {logging_mixin.py:188} INFO - [2025-04-28T02:37:41.895+0000] {dag.py:3096} INFO - Sync 1 DAGs
[2025-04-28T02:37:41.900+0000] {logging_mixin.py:188} INFO - [2025-04-28T02:37:41.900+0000] {dag.py:3954} INFO - Setting next_dagrun for move_landing_to_bronze_partitioned to None, run_after=None
[2025-04-28T02:37:41.913+0000] {processor.py:183} INFO - Processing /opt/airflow/dags/move_landing_to_bronze_partitioned.py took 0.270 seconds
[2025-04-28T02:38:12.485+0000] {processor.py:161} INFO - Started process (PID=3408) to work on /opt/airflow/dags/move_landing_to_bronze_partitioned.py
[2025-04-28T02:38:12.486+0000] {processor.py:830} INFO - Processing file /opt/airflow/dags/move_landing_to_bronze_partitioned.py for tasks to queue
[2025-04-28T02:38:12.487+0000] {logging_mixin.py:188} INFO - [2025-04-28T02:38:12.487+0000] {dagbag.py:540} INFO - Filling up the DagBag from /opt/airflow/dags/move_landing_to_bronze_partitioned.py
[2025-04-28T02:38:12.721+0000] {processor.py:840} INFO - DAG(s) 'move_landing_to_bronze_partitioned' retrieved from /opt/airflow/dags/move_landing_to_bronze_partitioned.py
[2025-04-28T02:38:12.735+0000] {logging_mixin.py:188} INFO - [2025-04-28T02:38:12.735+0000] {dag.py:3096} INFO - Sync 1 DAGs
[2025-04-28T02:38:12.741+0000] {logging_mixin.py:188} INFO - [2025-04-28T02:38:12.740+0000] {dag.py:3954} INFO - Setting next_dagrun for move_landing_to_bronze_partitioned to None, run_after=None
[2025-04-28T02:38:12.752+0000] {processor.py:183} INFO - Processing /opt/airflow/dags/move_landing_to_bronze_partitioned.py took 0.270 seconds
[2025-04-28T02:38:43.841+0000] {processor.py:161} INFO - Started process (PID=3446) to work on /opt/airflow/dags/move_landing_to_bronze_partitioned.py
[2025-04-28T02:38:43.842+0000] {processor.py:830} INFO - Processing file /opt/airflow/dags/move_landing_to_bronze_partitioned.py for tasks to queue
[2025-04-28T02:38:43.843+0000] {logging_mixin.py:188} INFO - [2025-04-28T02:38:43.842+0000] {dagbag.py:540} INFO - Filling up the DagBag from /opt/airflow/dags/move_landing_to_bronze_partitioned.py
[2025-04-28T02:38:44.058+0000] {processor.py:840} INFO - DAG(s) 'move_landing_to_bronze_partitioned' retrieved from /opt/airflow/dags/move_landing_to_bronze_partitioned.py
[2025-04-28T02:38:44.070+0000] {logging_mixin.py:188} INFO - [2025-04-28T02:38:44.069+0000] {dag.py:3096} INFO - Sync 1 DAGs
[2025-04-28T02:38:44.074+0000] {logging_mixin.py:188} INFO - [2025-04-28T02:38:44.074+0000] {dag.py:3954} INFO - Setting next_dagrun for move_landing_to_bronze_partitioned to None, run_after=None
[2025-04-28T02:38:44.085+0000] {processor.py:183} INFO - Processing /opt/airflow/dags/move_landing_to_bronze_partitioned.py took 0.247 seconds
[2025-04-28T02:39:14.765+0000] {processor.py:161} INFO - Started process (PID=3481) to work on /opt/airflow/dags/move_landing_to_bronze_partitioned.py
[2025-04-28T02:39:14.766+0000] {processor.py:830} INFO - Processing file /opt/airflow/dags/move_landing_to_bronze_partitioned.py for tasks to queue
[2025-04-28T02:39:14.767+0000] {logging_mixin.py:188} INFO - [2025-04-28T02:39:14.767+0000] {dagbag.py:540} INFO - Filling up the DagBag from /opt/airflow/dags/move_landing_to_bronze_partitioned.py
[2025-04-28T02:39:14.996+0000] {processor.py:840} INFO - DAG(s) 'move_landing_to_bronze_partitioned' retrieved from /opt/airflow/dags/move_landing_to_bronze_partitioned.py
[2025-04-28T02:39:15.012+0000] {logging_mixin.py:188} INFO - [2025-04-28T02:39:15.012+0000] {dag.py:3096} INFO - Sync 1 DAGs
[2025-04-28T02:39:15.017+0000] {logging_mixin.py:188} INFO - [2025-04-28T02:39:15.017+0000] {dag.py:3954} INFO - Setting next_dagrun for move_landing_to_bronze_partitioned to None, run_after=None
[2025-04-28T02:39:15.031+0000] {processor.py:183} INFO - Processing /opt/airflow/dags/move_landing_to_bronze_partitioned.py took 0.268 seconds
[2025-04-28T02:39:45.895+0000] {processor.py:161} INFO - Started process (PID=3516) to work on /opt/airflow/dags/move_landing_to_bronze_partitioned.py
[2025-04-28T02:39:45.896+0000] {processor.py:830} INFO - Processing file /opt/airflow/dags/move_landing_to_bronze_partitioned.py for tasks to queue
[2025-04-28T02:39:45.897+0000] {logging_mixin.py:188} INFO - [2025-04-28T02:39:45.897+0000] {dagbag.py:540} INFO - Filling up the DagBag from /opt/airflow/dags/move_landing_to_bronze_partitioned.py
[2025-04-28T02:39:46.115+0000] {processor.py:840} INFO - DAG(s) 'move_landing_to_bronze_partitioned' retrieved from /opt/airflow/dags/move_landing_to_bronze_partitioned.py
[2025-04-28T02:39:46.130+0000] {logging_mixin.py:188} INFO - [2025-04-28T02:39:46.130+0000] {dag.py:3096} INFO - Sync 1 DAGs
[2025-04-28T02:39:46.135+0000] {logging_mixin.py:188} INFO - [2025-04-28T02:39:46.135+0000] {dag.py:3954} INFO - Setting next_dagrun for move_landing_to_bronze_partitioned to None, run_after=None
[2025-04-28T02:39:46.146+0000] {processor.py:183} INFO - Processing /opt/airflow/dags/move_landing_to_bronze_partitioned.py took 0.254 seconds
[2025-04-28T02:40:17.070+0000] {processor.py:161} INFO - Started process (PID=3551) to work on /opt/airflow/dags/move_landing_to_bronze_partitioned.py
[2025-04-28T02:40:17.071+0000] {processor.py:830} INFO - Processing file /opt/airflow/dags/move_landing_to_bronze_partitioned.py for tasks to queue
[2025-04-28T02:40:17.072+0000] {logging_mixin.py:188} INFO - [2025-04-28T02:40:17.072+0000] {dagbag.py:540} INFO - Filling up the DagBag from /opt/airflow/dags/move_landing_to_bronze_partitioned.py
[2025-04-28T02:40:17.291+0000] {processor.py:840} INFO - DAG(s) 'move_landing_to_bronze_partitioned' retrieved from /opt/airflow/dags/move_landing_to_bronze_partitioned.py
[2025-04-28T02:40:17.304+0000] {logging_mixin.py:188} INFO - [2025-04-28T02:40:17.304+0000] {dag.py:3096} INFO - Sync 1 DAGs
[2025-04-28T02:40:17.308+0000] {logging_mixin.py:188} INFO - [2025-04-28T02:40:17.308+0000] {dag.py:3954} INFO - Setting next_dagrun for move_landing_to_bronze_partitioned to None, run_after=None
[2025-04-28T02:40:17.320+0000] {processor.py:183} INFO - Processing /opt/airflow/dags/move_landing_to_bronze_partitioned.py took 0.253 seconds
[2025-04-28T02:40:48.193+0000] {processor.py:161} INFO - Started process (PID=3586) to work on /opt/airflow/dags/move_landing_to_bronze_partitioned.py
[2025-04-28T02:40:48.193+0000] {processor.py:830} INFO - Processing file /opt/airflow/dags/move_landing_to_bronze_partitioned.py for tasks to queue
[2025-04-28T02:40:48.194+0000] {logging_mixin.py:188} INFO - [2025-04-28T02:40:48.194+0000] {dagbag.py:540} INFO - Filling up the DagBag from /opt/airflow/dags/move_landing_to_bronze_partitioned.py
[2025-04-28T02:40:48.412+0000] {processor.py:840} INFO - DAG(s) 'move_landing_to_bronze_partitioned' retrieved from /opt/airflow/dags/move_landing_to_bronze_partitioned.py
[2025-04-28T02:40:48.424+0000] {logging_mixin.py:188} INFO - [2025-04-28T02:40:48.424+0000] {dag.py:3096} INFO - Sync 1 DAGs
[2025-04-28T02:40:48.429+0000] {logging_mixin.py:188} INFO - [2025-04-28T02:40:48.429+0000] {dag.py:3954} INFO - Setting next_dagrun for move_landing_to_bronze_partitioned to None, run_after=None
[2025-04-28T02:40:48.440+0000] {processor.py:183} INFO - Processing /opt/airflow/dags/move_landing_to_bronze_partitioned.py took 0.250 seconds
[2025-04-28T02:41:19.105+0000] {processor.py:161} INFO - Started process (PID=3618) to work on /opt/airflow/dags/move_landing_to_bronze_partitioned.py
[2025-04-28T02:41:19.106+0000] {processor.py:830} INFO - Processing file /opt/airflow/dags/move_landing_to_bronze_partitioned.py for tasks to queue
[2025-04-28T02:41:19.106+0000] {logging_mixin.py:188} INFO - [2025-04-28T02:41:19.106+0000] {dagbag.py:540} INFO - Filling up the DagBag from /opt/airflow/dags/move_landing_to_bronze_partitioned.py
[2025-04-28T02:41:19.324+0000] {processor.py:840} INFO - DAG(s) 'move_landing_to_bronze_partitioned' retrieved from /opt/airflow/dags/move_landing_to_bronze_partitioned.py
[2025-04-28T02:41:19.336+0000] {logging_mixin.py:188} INFO - [2025-04-28T02:41:19.336+0000] {dag.py:3096} INFO - Sync 1 DAGs
[2025-04-28T02:41:19.341+0000] {logging_mixin.py:188} INFO - [2025-04-28T02:41:19.341+0000] {dag.py:3954} INFO - Setting next_dagrun for move_landing_to_bronze_partitioned to None, run_after=None
[2025-04-28T02:41:19.351+0000] {processor.py:183} INFO - Processing /opt/airflow/dags/move_landing_to_bronze_partitioned.py took 0.249 seconds
[2025-04-28T02:41:50.263+0000] {processor.py:161} INFO - Started process (PID=3656) to work on /opt/airflow/dags/move_landing_to_bronze_partitioned.py
[2025-04-28T02:41:50.263+0000] {processor.py:830} INFO - Processing file /opt/airflow/dags/move_landing_to_bronze_partitioned.py for tasks to queue
[2025-04-28T02:41:50.265+0000] {logging_mixin.py:188} INFO - [2025-04-28T02:41:50.264+0000] {dagbag.py:540} INFO - Filling up the DagBag from /opt/airflow/dags/move_landing_to_bronze_partitioned.py
[2025-04-28T02:41:50.479+0000] {processor.py:840} INFO - DAG(s) 'move_landing_to_bronze_partitioned' retrieved from /opt/airflow/dags/move_landing_to_bronze_partitioned.py
[2025-04-28T02:41:50.493+0000] {logging_mixin.py:188} INFO - [2025-04-28T02:41:50.493+0000] {dag.py:3096} INFO - Sync 1 DAGs
[2025-04-28T02:41:50.498+0000] {logging_mixin.py:188} INFO - [2025-04-28T02:41:50.498+0000] {dag.py:3954} INFO - Setting next_dagrun for move_landing_to_bronze_partitioned to None, run_after=None
[2025-04-28T02:41:50.508+0000] {processor.py:183} INFO - Processing /opt/airflow/dags/move_landing_to_bronze_partitioned.py took 0.248 seconds
[2025-04-28T02:42:21.384+0000] {processor.py:161} INFO - Started process (PID=3691) to work on /opt/airflow/dags/move_landing_to_bronze_partitioned.py
[2025-04-28T02:42:21.385+0000] {processor.py:830} INFO - Processing file /opt/airflow/dags/move_landing_to_bronze_partitioned.py for tasks to queue
[2025-04-28T02:42:21.386+0000] {logging_mixin.py:188} INFO - [2025-04-28T02:42:21.385+0000] {dagbag.py:540} INFO - Filling up the DagBag from /opt/airflow/dags/move_landing_to_bronze_partitioned.py
[2025-04-28T02:42:21.606+0000] {processor.py:840} INFO - DAG(s) 'move_landing_to_bronze_partitioned' retrieved from /opt/airflow/dags/move_landing_to_bronze_partitioned.py
[2025-04-28T02:42:21.618+0000] {logging_mixin.py:188} INFO - [2025-04-28T02:42:21.618+0000] {dag.py:3096} INFO - Sync 1 DAGs
[2025-04-28T02:42:21.623+0000] {logging_mixin.py:188} INFO - [2025-04-28T02:42:21.623+0000] {dag.py:3954} INFO - Setting next_dagrun for move_landing_to_bronze_partitioned to None, run_after=None
[2025-04-28T02:42:21.633+0000] {processor.py:183} INFO - Processing /opt/airflow/dags/move_landing_to_bronze_partitioned.py took 0.252 seconds
[2025-04-28T02:42:52.254+0000] {processor.py:161} INFO - Started process (PID=3723) to work on /opt/airflow/dags/move_landing_to_bronze_partitioned.py
[2025-04-28T02:42:52.258+0000] {processor.py:830} INFO - Processing file /opt/airflow/dags/move_landing_to_bronze_partitioned.py for tasks to queue
[2025-04-28T02:42:52.259+0000] {logging_mixin.py:188} INFO - [2025-04-28T02:42:52.259+0000] {dagbag.py:540} INFO - Filling up the DagBag from /opt/airflow/dags/move_landing_to_bronze_partitioned.py
[2025-04-28T02:42:52.481+0000] {processor.py:840} INFO - DAG(s) 'move_landing_to_bronze_partitioned' retrieved from /opt/airflow/dags/move_landing_to_bronze_partitioned.py
[2025-04-28T02:42:52.491+0000] {logging_mixin.py:188} INFO - [2025-04-28T02:42:52.491+0000] {dag.py:3096} INFO - Sync 1 DAGs
[2025-04-28T02:42:52.497+0000] {logging_mixin.py:188} INFO - [2025-04-28T02:42:52.496+0000] {dag.py:3954} INFO - Setting next_dagrun for move_landing_to_bronze_partitioned to None, run_after=None
[2025-04-28T02:42:52.506+0000] {processor.py:183} INFO - Processing /opt/airflow/dags/move_landing_to_bronze_partitioned.py took 0.255 seconds
[2025-04-28T02:43:23.606+0000] {processor.py:161} INFO - Started process (PID=3761) to work on /opt/airflow/dags/move_landing_to_bronze_partitioned.py
[2025-04-28T02:43:23.607+0000] {processor.py:830} INFO - Processing file /opt/airflow/dags/move_landing_to_bronze_partitioned.py for tasks to queue
[2025-04-28T02:43:23.608+0000] {logging_mixin.py:188} INFO - [2025-04-28T02:43:23.608+0000] {dagbag.py:540} INFO - Filling up the DagBag from /opt/airflow/dags/move_landing_to_bronze_partitioned.py
[2025-04-28T02:43:23.821+0000] {processor.py:840} INFO - DAG(s) 'move_landing_to_bronze_partitioned' retrieved from /opt/airflow/dags/move_landing_to_bronze_partitioned.py
[2025-04-28T02:43:23.834+0000] {logging_mixin.py:188} INFO - [2025-04-28T02:43:23.833+0000] {dag.py:3096} INFO - Sync 1 DAGs
[2025-04-28T02:43:23.838+0000] {logging_mixin.py:188} INFO - [2025-04-28T02:43:23.838+0000] {dag.py:3954} INFO - Setting next_dagrun for move_landing_to_bronze_partitioned to None, run_after=None
[2025-04-28T02:43:23.849+0000] {processor.py:183} INFO - Processing /opt/airflow/dags/move_landing_to_bronze_partitioned.py took 0.246 seconds
[2025-04-28T02:43:54.709+0000] {processor.py:161} INFO - Started process (PID=3796) to work on /opt/airflow/dags/move_landing_to_bronze_partitioned.py
[2025-04-28T02:43:54.709+0000] {processor.py:830} INFO - Processing file /opt/airflow/dags/move_landing_to_bronze_partitioned.py for tasks to queue
[2025-04-28T02:43:54.710+0000] {logging_mixin.py:188} INFO - [2025-04-28T02:43:54.710+0000] {dagbag.py:540} INFO - Filling up the DagBag from /opt/airflow/dags/move_landing_to_bronze_partitioned.py
[2025-04-28T02:43:54.928+0000] {processor.py:840} INFO - DAG(s) 'move_landing_to_bronze_partitioned' retrieved from /opt/airflow/dags/move_landing_to_bronze_partitioned.py
[2025-04-28T02:43:54.942+0000] {logging_mixin.py:188} INFO - [2025-04-28T02:43:54.941+0000] {dag.py:3096} INFO - Sync 1 DAGs
[2025-04-28T02:43:54.947+0000] {logging_mixin.py:188} INFO - [2025-04-28T02:43:54.946+0000] {dag.py:3954} INFO - Setting next_dagrun for move_landing_to_bronze_partitioned to None, run_after=None
[2025-04-28T02:43:54.959+0000] {processor.py:183} INFO - Processing /opt/airflow/dags/move_landing_to_bronze_partitioned.py took 0.254 seconds
[2025-04-28T02:44:25.814+0000] {processor.py:161} INFO - Started process (PID=3831) to work on /opt/airflow/dags/move_landing_to_bronze_partitioned.py
[2025-04-28T02:44:25.815+0000] {processor.py:830} INFO - Processing file /opt/airflow/dags/move_landing_to_bronze_partitioned.py for tasks to queue
[2025-04-28T02:44:25.816+0000] {logging_mixin.py:188} INFO - [2025-04-28T02:44:25.816+0000] {dagbag.py:540} INFO - Filling up the DagBag from /opt/airflow/dags/move_landing_to_bronze_partitioned.py
[2025-04-28T02:44:26.037+0000] {processor.py:840} INFO - DAG(s) 'move_landing_to_bronze_partitioned' retrieved from /opt/airflow/dags/move_landing_to_bronze_partitioned.py
[2025-04-28T02:44:26.056+0000] {logging_mixin.py:188} INFO - [2025-04-28T02:44:26.056+0000] {dag.py:3096} INFO - Sync 1 DAGs
[2025-04-28T02:44:26.062+0000] {logging_mixin.py:188} INFO - [2025-04-28T02:44:26.061+0000] {dag.py:3954} INFO - Setting next_dagrun for move_landing_to_bronze_partitioned to None, run_after=None
[2025-04-28T02:44:26.069+0000] {processor.py:183} INFO - Processing /opt/airflow/dags/move_landing_to_bronze_partitioned.py took 0.258 seconds
[2025-04-28T02:44:56.941+0000] {processor.py:161} INFO - Started process (PID=3866) to work on /opt/airflow/dags/move_landing_to_bronze_partitioned.py
[2025-04-28T02:44:56.942+0000] {processor.py:830} INFO - Processing file /opt/airflow/dags/move_landing_to_bronze_partitioned.py for tasks to queue
[2025-04-28T02:44:56.943+0000] {logging_mixin.py:188} INFO - [2025-04-28T02:44:56.942+0000] {dagbag.py:540} INFO - Filling up the DagBag from /opt/airflow/dags/move_landing_to_bronze_partitioned.py
[2025-04-28T02:44:57.160+0000] {processor.py:840} INFO - DAG(s) 'move_landing_to_bronze_partitioned' retrieved from /opt/airflow/dags/move_landing_to_bronze_partitioned.py
[2025-04-28T02:44:57.174+0000] {logging_mixin.py:188} INFO - [2025-04-28T02:44:57.173+0000] {dag.py:3096} INFO - Sync 1 DAGs
[2025-04-28T02:44:57.179+0000] {logging_mixin.py:188} INFO - [2025-04-28T02:44:57.179+0000] {dag.py:3954} INFO - Setting next_dagrun for move_landing_to_bronze_partitioned to None, run_after=None
[2025-04-28T02:44:57.190+0000] {processor.py:183} INFO - Processing /opt/airflow/dags/move_landing_to_bronze_partitioned.py took 0.252 seconds
[2025-04-28T02:45:27.855+0000] {processor.py:161} INFO - Started process (PID=3898) to work on /opt/airflow/dags/move_landing_to_bronze_partitioned.py
[2025-04-28T02:45:27.856+0000] {processor.py:830} INFO - Processing file /opt/airflow/dags/move_landing_to_bronze_partitioned.py for tasks to queue
[2025-04-28T02:45:27.857+0000] {logging_mixin.py:188} INFO - [2025-04-28T02:45:27.857+0000] {dagbag.py:540} INFO - Filling up the DagBag from /opt/airflow/dags/move_landing_to_bronze_partitioned.py
[2025-04-28T02:45:28.076+0000] {processor.py:840} INFO - DAG(s) 'move_landing_to_bronze_partitioned' retrieved from /opt/airflow/dags/move_landing_to_bronze_partitioned.py
[2025-04-28T02:45:28.088+0000] {logging_mixin.py:188} INFO - [2025-04-28T02:45:28.088+0000] {dag.py:3096} INFO - Sync 1 DAGs
[2025-04-28T02:45:28.093+0000] {logging_mixin.py:188} INFO - [2025-04-28T02:45:28.093+0000] {dag.py:3954} INFO - Setting next_dagrun for move_landing_to_bronze_partitioned to None, run_after=None
[2025-04-28T02:45:28.104+0000] {processor.py:183} INFO - Processing /opt/airflow/dags/move_landing_to_bronze_partitioned.py took 0.251 seconds
[2025-04-28T02:45:58.953+0000] {processor.py:161} INFO - Started process (PID=3933) to work on /opt/airflow/dags/move_landing_to_bronze_partitioned.py
[2025-04-28T02:45:58.955+0000] {processor.py:830} INFO - Processing file /opt/airflow/dags/move_landing_to_bronze_partitioned.py for tasks to queue
[2025-04-28T02:45:58.957+0000] {logging_mixin.py:188} INFO - [2025-04-28T02:45:58.957+0000] {dagbag.py:540} INFO - Filling up the DagBag from /opt/airflow/dags/move_landing_to_bronze_partitioned.py
[2025-04-28T02:45:59.176+0000] {processor.py:840} INFO - DAG(s) 'move_landing_to_bronze_partitioned' retrieved from /opt/airflow/dags/move_landing_to_bronze_partitioned.py
[2025-04-28T02:45:59.188+0000] {logging_mixin.py:188} INFO - [2025-04-28T02:45:59.188+0000] {dag.py:3096} INFO - Sync 1 DAGs
[2025-04-28T02:45:59.193+0000] {logging_mixin.py:188} INFO - [2025-04-28T02:45:59.193+0000] {dag.py:3954} INFO - Setting next_dagrun for move_landing_to_bronze_partitioned to None, run_after=None
[2025-04-28T02:45:59.206+0000] {processor.py:183} INFO - Processing /opt/airflow/dags/move_landing_to_bronze_partitioned.py took 0.256 seconds
[2025-04-28T02:46:30.333+0000] {processor.py:161} INFO - Started process (PID=3971) to work on /opt/airflow/dags/move_landing_to_bronze_partitioned.py
[2025-04-28T02:46:30.334+0000] {processor.py:830} INFO - Processing file /opt/airflow/dags/move_landing_to_bronze_partitioned.py for tasks to queue
[2025-04-28T02:46:30.335+0000] {logging_mixin.py:188} INFO - [2025-04-28T02:46:30.334+0000] {dagbag.py:540} INFO - Filling up the DagBag from /opt/airflow/dags/move_landing_to_bronze_partitioned.py
[2025-04-28T02:46:30.552+0000] {processor.py:840} INFO - DAG(s) 'move_landing_to_bronze_partitioned' retrieved from /opt/airflow/dags/move_landing_to_bronze_partitioned.py
[2025-04-28T02:46:30.565+0000] {logging_mixin.py:188} INFO - [2025-04-28T02:46:30.565+0000] {dag.py:3096} INFO - Sync 1 DAGs
[2025-04-28T02:46:30.570+0000] {logging_mixin.py:188} INFO - [2025-04-28T02:46:30.570+0000] {dag.py:3954} INFO - Setting next_dagrun for move_landing_to_bronze_partitioned to None, run_after=None
[2025-04-28T02:46:30.581+0000] {processor.py:183} INFO - Processing /opt/airflow/dags/move_landing_to_bronze_partitioned.py took 0.251 seconds
[2025-04-28T02:47:01.472+0000] {processor.py:161} INFO - Started process (PID=4006) to work on /opt/airflow/dags/move_landing_to_bronze_partitioned.py
[2025-04-28T02:47:01.473+0000] {processor.py:830} INFO - Processing file /opt/airflow/dags/move_landing_to_bronze_partitioned.py for tasks to queue
[2025-04-28T02:47:01.474+0000] {logging_mixin.py:188} INFO - [2025-04-28T02:47:01.474+0000] {dagbag.py:540} INFO - Filling up the DagBag from /opt/airflow/dags/move_landing_to_bronze_partitioned.py
[2025-04-28T02:47:01.692+0000] {processor.py:840} INFO - DAG(s) 'move_landing_to_bronze_partitioned' retrieved from /opt/airflow/dags/move_landing_to_bronze_partitioned.py
[2025-04-28T02:47:01.704+0000] {logging_mixin.py:188} INFO - [2025-04-28T02:47:01.704+0000] {dag.py:3096} INFO - Sync 1 DAGs
[2025-04-28T02:47:01.708+0000] {logging_mixin.py:188} INFO - [2025-04-28T02:47:01.708+0000] {dag.py:3954} INFO - Setting next_dagrun for move_landing_to_bronze_partitioned to None, run_after=None
[2025-04-28T02:47:01.719+0000] {processor.py:183} INFO - Processing /opt/airflow/dags/move_landing_to_bronze_partitioned.py took 0.250 seconds
[2025-04-28T02:47:32.569+0000] {processor.py:161} INFO - Started process (PID=4041) to work on /opt/airflow/dags/move_landing_to_bronze_partitioned.py
[2025-04-28T02:47:32.570+0000] {processor.py:830} INFO - Processing file /opt/airflow/dags/move_landing_to_bronze_partitioned.py for tasks to queue
[2025-04-28T02:47:32.571+0000] {logging_mixin.py:188} INFO - [2025-04-28T02:47:32.571+0000] {dagbag.py:540} INFO - Filling up the DagBag from /opt/airflow/dags/move_landing_to_bronze_partitioned.py
[2025-04-28T02:47:32.799+0000] {processor.py:840} INFO - DAG(s) 'move_landing_to_bronze_partitioned' retrieved from /opt/airflow/dags/move_landing_to_bronze_partitioned.py
[2025-04-28T02:47:32.812+0000] {logging_mixin.py:188} INFO - [2025-04-28T02:47:32.812+0000] {dag.py:3096} INFO - Sync 1 DAGs
[2025-04-28T02:47:32.819+0000] {logging_mixin.py:188} INFO - [2025-04-28T02:47:32.819+0000] {dag.py:3954} INFO - Setting next_dagrun for move_landing_to_bronze_partitioned to None, run_after=None
[2025-04-28T02:47:32.832+0000] {processor.py:183} INFO - Processing /opt/airflow/dags/move_landing_to_bronze_partitioned.py took 0.266 seconds
[2025-04-28T02:48:03.724+0000] {processor.py:161} INFO - Started process (PID=4076) to work on /opt/airflow/dags/move_landing_to_bronze_partitioned.py
[2025-04-28T02:48:03.725+0000] {processor.py:830} INFO - Processing file /opt/airflow/dags/move_landing_to_bronze_partitioned.py for tasks to queue
[2025-04-28T02:48:03.726+0000] {logging_mixin.py:188} INFO - [2025-04-28T02:48:03.726+0000] {dagbag.py:540} INFO - Filling up the DagBag from /opt/airflow/dags/move_landing_to_bronze_partitioned.py
[2025-04-28T02:48:03.945+0000] {processor.py:840} INFO - DAG(s) 'move_landing_to_bronze_partitioned' retrieved from /opt/airflow/dags/move_landing_to_bronze_partitioned.py
[2025-04-28T02:48:03.958+0000] {logging_mixin.py:188} INFO - [2025-04-28T02:48:03.958+0000] {dag.py:3096} INFO - Sync 1 DAGs
[2025-04-28T02:48:03.963+0000] {logging_mixin.py:188} INFO - [2025-04-28T02:48:03.963+0000] {dag.py:3954} INFO - Setting next_dagrun for move_landing_to_bronze_partitioned to None, run_after=None
[2025-04-28T02:48:03.974+0000] {processor.py:183} INFO - Processing /opt/airflow/dags/move_landing_to_bronze_partitioned.py took 0.252 seconds
[2025-04-28T02:48:34.631+0000] {processor.py:161} INFO - Started process (PID=4108) to work on /opt/airflow/dags/move_landing_to_bronze_partitioned.py
[2025-04-28T02:48:34.633+0000] {processor.py:830} INFO - Processing file /opt/airflow/dags/move_landing_to_bronze_partitioned.py for tasks to queue
[2025-04-28T02:48:34.634+0000] {logging_mixin.py:188} INFO - [2025-04-28T02:48:34.634+0000] {dagbag.py:540} INFO - Filling up the DagBag from /opt/airflow/dags/move_landing_to_bronze_partitioned.py
[2025-04-28T02:48:34.852+0000] {processor.py:840} INFO - DAG(s) 'move_landing_to_bronze_partitioned' retrieved from /opt/airflow/dags/move_landing_to_bronze_partitioned.py
[2025-04-28T02:48:34.863+0000] {logging_mixin.py:188} INFO - [2025-04-28T02:48:34.863+0000] {dag.py:3096} INFO - Sync 1 DAGs
[2025-04-28T02:48:34.868+0000] {logging_mixin.py:188} INFO - [2025-04-28T02:48:34.868+0000] {dag.py:3954} INFO - Setting next_dagrun for move_landing_to_bronze_partitioned to None, run_after=None
[2025-04-28T02:48:34.877+0000] {processor.py:183} INFO - Processing /opt/airflow/dags/move_landing_to_bronze_partitioned.py took 0.249 seconds
[2025-04-28T02:49:05.999+0000] {processor.py:161} INFO - Started process (PID=4146) to work on /opt/airflow/dags/move_landing_to_bronze_partitioned.py
[2025-04-28T02:49:05.999+0000] {processor.py:830} INFO - Processing file /opt/airflow/dags/move_landing_to_bronze_partitioned.py for tasks to queue
[2025-04-28T02:49:06.000+0000] {logging_mixin.py:188} INFO - [2025-04-28T02:49:06.000+0000] {dagbag.py:540} INFO - Filling up the DagBag from /opt/airflow/dags/move_landing_to_bronze_partitioned.py
[2025-04-28T02:49:06.220+0000] {processor.py:840} INFO - DAG(s) 'move_landing_to_bronze_partitioned' retrieved from /opt/airflow/dags/move_landing_to_bronze_partitioned.py
[2025-04-28T02:49:06.232+0000] {logging_mixin.py:188} INFO - [2025-04-28T02:49:06.232+0000] {dag.py:3096} INFO - Sync 1 DAGs
[2025-04-28T02:49:06.237+0000] {logging_mixin.py:188} INFO - [2025-04-28T02:49:06.237+0000] {dag.py:3954} INFO - Setting next_dagrun for move_landing_to_bronze_partitioned to None, run_after=None
[2025-04-28T02:49:06.248+0000] {processor.py:183} INFO - Processing /opt/airflow/dags/move_landing_to_bronze_partitioned.py took 0.252 seconds
[2025-04-28T02:49:37.047+0000] {processor.py:161} INFO - Started process (PID=4181) to work on /opt/airflow/dags/move_landing_to_bronze_partitioned.py
[2025-04-28T02:49:37.047+0000] {processor.py:830} INFO - Processing file /opt/airflow/dags/move_landing_to_bronze_partitioned.py for tasks to queue
[2025-04-28T02:49:37.048+0000] {logging_mixin.py:188} INFO - [2025-04-28T02:49:37.048+0000] {dagbag.py:540} INFO - Filling up the DagBag from /opt/airflow/dags/move_landing_to_bronze_partitioned.py
[2025-04-28T02:49:37.267+0000] {processor.py:840} INFO - DAG(s) 'move_landing_to_bronze_partitioned' retrieved from /opt/airflow/dags/move_landing_to_bronze_partitioned.py
[2025-04-28T02:49:37.280+0000] {logging_mixin.py:188} INFO - [2025-04-28T02:49:37.280+0000] {dag.py:3096} INFO - Sync 1 DAGs
[2025-04-28T02:49:37.285+0000] {logging_mixin.py:188} INFO - [2025-04-28T02:49:37.285+0000] {dag.py:3954} INFO - Setting next_dagrun for move_landing_to_bronze_partitioned to None, run_after=None
[2025-04-28T02:49:37.299+0000] {processor.py:183} INFO - Processing /opt/airflow/dags/move_landing_to_bronze_partitioned.py took 0.255 seconds
[2025-04-28T02:50:08.088+0000] {processor.py:161} INFO - Started process (PID=4222) to work on /opt/airflow/dags/move_landing_to_bronze_partitioned.py
[2025-04-28T02:50:08.088+0000] {processor.py:830} INFO - Processing file /opt/airflow/dags/move_landing_to_bronze_partitioned.py for tasks to queue
[2025-04-28T02:50:08.089+0000] {logging_mixin.py:188} INFO - [2025-04-28T02:50:08.089+0000] {dagbag.py:540} INFO - Filling up the DagBag from /opt/airflow/dags/move_landing_to_bronze_partitioned.py
[2025-04-28T02:50:08.290+0000] {processor.py:840} INFO - DAG(s) 'move_landing_to_bronze_partitioned' retrieved from /opt/airflow/dags/move_landing_to_bronze_partitioned.py
[2025-04-28T02:50:08.301+0000] {logging_mixin.py:188} INFO - [2025-04-28T02:50:08.301+0000] {dag.py:3096} INFO - Sync 1 DAGs
[2025-04-28T02:50:08.305+0000] {logging_mixin.py:188} INFO - [2025-04-28T02:50:08.305+0000] {dag.py:3954} INFO - Setting next_dagrun for move_landing_to_bronze_partitioned to None, run_after=None
[2025-04-28T02:50:08.313+0000] {processor.py:183} INFO - Processing /opt/airflow/dags/move_landing_to_bronze_partitioned.py took 0.228 seconds
[2025-04-28T02:50:38.371+0000] {processor.py:161} INFO - Started process (PID=4257) to work on /opt/airflow/dags/move_landing_to_bronze_partitioned.py
[2025-04-28T02:50:38.371+0000] {processor.py:830} INFO - Processing file /opt/airflow/dags/move_landing_to_bronze_partitioned.py for tasks to queue
[2025-04-28T02:50:38.372+0000] {logging_mixin.py:188} INFO - [2025-04-28T02:50:38.372+0000] {dagbag.py:540} INFO - Filling up the DagBag from /opt/airflow/dags/move_landing_to_bronze_partitioned.py
[2025-04-28T02:50:38.571+0000] {processor.py:840} INFO - DAG(s) 'move_landing_to_bronze_partitioned' retrieved from /opt/airflow/dags/move_landing_to_bronze_partitioned.py
[2025-04-28T02:50:38.581+0000] {logging_mixin.py:188} INFO - [2025-04-28T02:50:38.581+0000] {dag.py:3096} INFO - Sync 1 DAGs
[2025-04-28T02:50:38.586+0000] {logging_mixin.py:188} INFO - [2025-04-28T02:50:38.586+0000] {dag.py:3954} INFO - Setting next_dagrun for move_landing_to_bronze_partitioned to None, run_after=None
[2025-04-28T02:50:38.594+0000] {processor.py:183} INFO - Processing /opt/airflow/dags/move_landing_to_bronze_partitioned.py took 0.226 seconds
[2025-04-28T02:51:08.701+0000] {processor.py:161} INFO - Started process (PID=4292) to work on /opt/airflow/dags/move_landing_to_bronze_partitioned.py
[2025-04-28T02:51:08.701+0000] {processor.py:830} INFO - Processing file /opt/airflow/dags/move_landing_to_bronze_partitioned.py for tasks to queue
[2025-04-28T02:51:08.702+0000] {logging_mixin.py:188} INFO - [2025-04-28T02:51:08.702+0000] {dagbag.py:540} INFO - Filling up the DagBag from /opt/airflow/dags/move_landing_to_bronze_partitioned.py
[2025-04-28T02:51:08.903+0000] {processor.py:840} INFO - DAG(s) 'move_landing_to_bronze_partitioned' retrieved from /opt/airflow/dags/move_landing_to_bronze_partitioned.py
[2025-04-28T02:51:08.914+0000] {logging_mixin.py:188} INFO - [2025-04-28T02:51:08.913+0000] {dag.py:3096} INFO - Sync 1 DAGs
[2025-04-28T02:51:08.919+0000] {logging_mixin.py:188} INFO - [2025-04-28T02:51:08.919+0000] {dag.py:3954} INFO - Setting next_dagrun for move_landing_to_bronze_partitioned to None, run_after=None
[2025-04-28T02:51:08.926+0000] {processor.py:183} INFO - Processing /opt/airflow/dags/move_landing_to_bronze_partitioned.py took 0.228 seconds
[2025-04-28T02:51:39.381+0000] {processor.py:161} INFO - Started process (PID=4318) to work on /opt/airflow/dags/move_landing_to_bronze_partitioned.py
[2025-04-28T02:51:39.382+0000] {processor.py:830} INFO - Processing file /opt/airflow/dags/move_landing_to_bronze_partitioned.py for tasks to queue
[2025-04-28T02:51:39.382+0000] {logging_mixin.py:188} INFO - [2025-04-28T02:51:39.382+0000] {dagbag.py:540} INFO - Filling up the DagBag from /opt/airflow/dags/move_landing_to_bronze_partitioned.py
[2025-04-28T02:51:39.595+0000] {processor.py:840} INFO - DAG(s) 'move_landing_to_bronze_partitioned' retrieved from /opt/airflow/dags/move_landing_to_bronze_partitioned.py
[2025-04-28T02:51:39.609+0000] {logging_mixin.py:188} INFO - [2025-04-28T02:51:39.608+0000] {dag.py:3096} INFO - Sync 1 DAGs
[2025-04-28T02:51:39.613+0000] {logging_mixin.py:188} INFO - [2025-04-28T02:51:39.613+0000] {dag.py:3954} INFO - Setting next_dagrun for move_landing_to_bronze_partitioned to None, run_after=None
[2025-04-28T02:51:39.622+0000] {processor.py:183} INFO - Processing /opt/airflow/dags/move_landing_to_bronze_partitioned.py took 0.244 seconds
[2025-04-28T02:52:10.531+0000] {processor.py:161} INFO - Started process (PID=4353) to work on /opt/airflow/dags/move_landing_to_bronze_partitioned.py
[2025-04-28T02:52:10.531+0000] {processor.py:830} INFO - Processing file /opt/airflow/dags/move_landing_to_bronze_partitioned.py for tasks to queue
[2025-04-28T02:52:10.532+0000] {logging_mixin.py:188} INFO - [2025-04-28T02:52:10.532+0000] {dagbag.py:540} INFO - Filling up the DagBag from /opt/airflow/dags/move_landing_to_bronze_partitioned.py
[2025-04-28T02:52:10.746+0000] {processor.py:840} INFO - DAG(s) 'move_landing_to_bronze_partitioned' retrieved from /opt/airflow/dags/move_landing_to_bronze_partitioned.py
[2025-04-28T02:52:10.758+0000] {logging_mixin.py:188} INFO - [2025-04-28T02:52:10.758+0000] {dag.py:3096} INFO - Sync 1 DAGs
[2025-04-28T02:52:10.763+0000] {logging_mixin.py:188} INFO - [2025-04-28T02:52:10.763+0000] {dag.py:3954} INFO - Setting next_dagrun for move_landing_to_bronze_partitioned to None, run_after=None
[2025-04-28T02:52:10.773+0000] {processor.py:183} INFO - Processing /opt/airflow/dags/move_landing_to_bronze_partitioned.py took 0.245 seconds
[2025-04-28T02:52:41.906+0000] {processor.py:161} INFO - Started process (PID=4391) to work on /opt/airflow/dags/move_landing_to_bronze_partitioned.py
[2025-04-28T02:52:41.907+0000] {processor.py:830} INFO - Processing file /opt/airflow/dags/move_landing_to_bronze_partitioned.py for tasks to queue
[2025-04-28T02:52:41.908+0000] {logging_mixin.py:188} INFO - [2025-04-28T02:52:41.908+0000] {dagbag.py:540} INFO - Filling up the DagBag from /opt/airflow/dags/move_landing_to_bronze_partitioned.py
[2025-04-28T02:52:42.123+0000] {processor.py:840} INFO - DAG(s) 'move_landing_to_bronze_partitioned' retrieved from /opt/airflow/dags/move_landing_to_bronze_partitioned.py
[2025-04-28T02:52:42.135+0000] {logging_mixin.py:188} INFO - [2025-04-28T02:52:42.134+0000] {dag.py:3096} INFO - Sync 1 DAGs
[2025-04-28T02:52:42.140+0000] {logging_mixin.py:188} INFO - [2025-04-28T02:52:42.140+0000] {dag.py:3954} INFO - Setting next_dagrun for move_landing_to_bronze_partitioned to None, run_after=None
[2025-04-28T02:52:42.150+0000] {processor.py:183} INFO - Processing /opt/airflow/dags/move_landing_to_bronze_partitioned.py took 0.246 seconds
[2025-04-28T02:53:13.060+0000] {processor.py:161} INFO - Started process (PID=4426) to work on /opt/airflow/dags/move_landing_to_bronze_partitioned.py
[2025-04-28T02:53:13.061+0000] {processor.py:830} INFO - Processing file /opt/airflow/dags/move_landing_to_bronze_partitioned.py for tasks to queue
[2025-04-28T02:53:13.062+0000] {logging_mixin.py:188} INFO - [2025-04-28T02:53:13.062+0000] {dagbag.py:540} INFO - Filling up the DagBag from /opt/airflow/dags/move_landing_to_bronze_partitioned.py
[2025-04-28T02:53:13.275+0000] {processor.py:840} INFO - DAG(s) 'move_landing_to_bronze_partitioned' retrieved from /opt/airflow/dags/move_landing_to_bronze_partitioned.py
[2025-04-28T02:53:13.287+0000] {logging_mixin.py:188} INFO - [2025-04-28T02:53:13.287+0000] {dag.py:3096} INFO - Sync 1 DAGs
[2025-04-28T02:53:13.292+0000] {logging_mixin.py:188} INFO - [2025-04-28T02:53:13.292+0000] {dag.py:3954} INFO - Setting next_dagrun for move_landing_to_bronze_partitioned to None, run_after=None
[2025-04-28T02:53:13.302+0000] {processor.py:183} INFO - Processing /opt/airflow/dags/move_landing_to_bronze_partitioned.py took 0.245 seconds
[2025-04-28T02:53:44.191+0000] {processor.py:161} INFO - Started process (PID=4461) to work on /opt/airflow/dags/move_landing_to_bronze_partitioned.py
[2025-04-28T02:53:44.191+0000] {processor.py:830} INFO - Processing file /opt/airflow/dags/move_landing_to_bronze_partitioned.py for tasks to queue
[2025-04-28T02:53:44.192+0000] {logging_mixin.py:188} INFO - [2025-04-28T02:53:44.192+0000] {dagbag.py:540} INFO - Filling up the DagBag from /opt/airflow/dags/move_landing_to_bronze_partitioned.py
[2025-04-28T02:53:44.407+0000] {processor.py:840} INFO - DAG(s) 'move_landing_to_bronze_partitioned' retrieved from /opt/airflow/dags/move_landing_to_bronze_partitioned.py
[2025-04-28T02:53:44.419+0000] {logging_mixin.py:188} INFO - [2025-04-28T02:53:44.419+0000] {dag.py:3096} INFO - Sync 1 DAGs
[2025-04-28T02:53:44.423+0000] {logging_mixin.py:188} INFO - [2025-04-28T02:53:44.423+0000] {dag.py:3954} INFO - Setting next_dagrun for move_landing_to_bronze_partitioned to None, run_after=None
[2025-04-28T02:53:44.437+0000] {processor.py:183} INFO - Processing /opt/airflow/dags/move_landing_to_bronze_partitioned.py took 0.249 seconds
[2025-04-28T02:54:15.111+0000] {processor.py:161} INFO - Started process (PID=4493) to work on /opt/airflow/dags/move_landing_to_bronze_partitioned.py
[2025-04-28T02:54:15.112+0000] {processor.py:830} INFO - Processing file /opt/airflow/dags/move_landing_to_bronze_partitioned.py for tasks to queue
[2025-04-28T02:54:15.113+0000] {logging_mixin.py:188} INFO - [2025-04-28T02:54:15.113+0000] {dagbag.py:540} INFO - Filling up the DagBag from /opt/airflow/dags/move_landing_to_bronze_partitioned.py
[2025-04-28T02:54:15.334+0000] {processor.py:840} INFO - DAG(s) 'move_landing_to_bronze_partitioned' retrieved from /opt/airflow/dags/move_landing_to_bronze_partitioned.py
[2025-04-28T02:54:15.350+0000] {logging_mixin.py:188} INFO - [2025-04-28T02:54:15.350+0000] {dag.py:3096} INFO - Sync 1 DAGs
[2025-04-28T02:54:15.356+0000] {logging_mixin.py:188} INFO - [2025-04-28T02:54:15.356+0000] {dag.py:3954} INFO - Setting next_dagrun for move_landing_to_bronze_partitioned to None, run_after=None
[2025-04-28T02:54:15.366+0000] {processor.py:183} INFO - Processing /opt/airflow/dags/move_landing_to_bronze_partitioned.py took 0.258 seconds
[2025-04-28T02:54:46.387+0000] {processor.py:161} INFO - Started process (PID=4534) to work on /opt/airflow/dags/move_landing_to_bronze_partitioned.py
[2025-04-28T02:54:46.388+0000] {processor.py:830} INFO - Processing file /opt/airflow/dags/move_landing_to_bronze_partitioned.py for tasks to queue
[2025-04-28T02:54:46.390+0000] {logging_mixin.py:188} INFO - [2025-04-28T02:54:46.390+0000] {dagbag.py:540} INFO - Filling up the DagBag from /opt/airflow/dags/move_landing_to_bronze_partitioned.py
[2025-04-28T02:54:46.669+0000] {processor.py:840} INFO - DAG(s) 'move_landing_to_bronze_partitioned' retrieved from /opt/airflow/dags/move_landing_to_bronze_partitioned.py
[2025-04-28T02:54:46.687+0000] {logging_mixin.py:188} INFO - [2025-04-28T02:54:46.687+0000] {dag.py:3096} INFO - Sync 1 DAGs
[2025-04-28T02:54:46.696+0000] {logging_mixin.py:188} INFO - [2025-04-28T02:54:46.696+0000] {dag.py:3954} INFO - Setting next_dagrun for move_landing_to_bronze_partitioned to None, run_after=None
[2025-04-28T02:54:46.710+0000] {processor.py:183} INFO - Processing /opt/airflow/dags/move_landing_to_bronze_partitioned.py took 0.327 seconds
[2025-04-28T02:55:26.351+0000] {processor.py:161} INFO - Started process (PID=4571) to work on /opt/airflow/dags/move_landing_to_bronze_partitioned.py
[2025-04-28T02:55:26.354+0000] {processor.py:830} INFO - Processing file /opt/airflow/dags/move_landing_to_bronze_partitioned.py for tasks to queue
[2025-04-28T02:55:26.360+0000] {logging_mixin.py:188} INFO - [2025-04-28T02:55:26.358+0000] {dagbag.py:540} INFO - Filling up the DagBag from /opt/airflow/dags/move_landing_to_bronze_partitioned.py
[2025-04-28T02:55:27.565+0000] {processor.py:840} INFO - DAG(s) 'move_landing_to_bronze_partitioned' retrieved from /opt/airflow/dags/move_landing_to_bronze_partitioned.py
[2025-04-28T02:55:27.626+0000] {logging_mixin.py:188} INFO - [2025-04-28T02:55:27.625+0000] {dag.py:3096} INFO - Sync 1 DAGs
[2025-04-28T02:55:27.657+0000] {logging_mixin.py:188} INFO - [2025-04-28T02:55:27.656+0000] {dag.py:3954} INFO - Setting next_dagrun for move_landing_to_bronze_partitioned to None, run_after=None
[2025-04-28T02:55:27.737+0000] {processor.py:183} INFO - Processing /opt/airflow/dags/move_landing_to_bronze_partitioned.py took 1.401 seconds
[2025-04-28T03:10:56.248+0000] {processor.py:161} INFO - Started process (PID=4606) to work on /opt/airflow/dags/move_landing_to_bronze_partitioned.py
[2025-04-28T03:10:56.248+0000] {processor.py:830} INFO - Processing file /opt/airflow/dags/move_landing_to_bronze_partitioned.py for tasks to queue
[2025-04-28T03:10:56.250+0000] {logging_mixin.py:188} INFO - [2025-04-28T03:10:56.250+0000] {dagbag.py:540} INFO - Filling up the DagBag from /opt/airflow/dags/move_landing_to_bronze_partitioned.py
[2025-04-28T03:10:56.559+0000] {processor.py:840} INFO - DAG(s) 'move_landing_to_bronze_partitioned' retrieved from /opt/airflow/dags/move_landing_to_bronze_partitioned.py
[2025-04-28T03:10:56.578+0000] {logging_mixin.py:188} INFO - [2025-04-28T03:10:56.577+0000] {dag.py:3096} INFO - Sync 1 DAGs
[2025-04-28T03:10:56.585+0000] {logging_mixin.py:188} INFO - [2025-04-28T03:10:56.584+0000] {dag.py:3954} INFO - Setting next_dagrun for move_landing_to_bronze_partitioned to None, run_after=None
[2025-04-28T03:10:56.600+0000] {processor.py:183} INFO - Processing /opt/airflow/dags/move_landing_to_bronze_partitioned.py took 0.358 seconds
[2025-04-28T04:17:15.312+0000] {processor.py:161} INFO - Started process (PID=4643) to work on /opt/airflow/dags/move_landing_to_bronze_partitioned.py
[2025-04-28T04:17:15.313+0000] {processor.py:830} INFO - Processing file /opt/airflow/dags/move_landing_to_bronze_partitioned.py for tasks to queue
[2025-04-28T04:17:15.315+0000] {logging_mixin.py:188} INFO - [2025-04-28T04:17:15.314+0000] {dagbag.py:540} INFO - Filling up the DagBag from /opt/airflow/dags/move_landing_to_bronze_partitioned.py
[2025-04-28T04:17:15.609+0000] {processor.py:840} INFO - DAG(s) 'move_landing_to_bronze_partitioned' retrieved from /opt/airflow/dags/move_landing_to_bronze_partitioned.py
[2025-04-28T04:17:15.636+0000] {logging_mixin.py:188} INFO - [2025-04-28T04:17:15.636+0000] {dag.py:3096} INFO - Sync 1 DAGs
[2025-04-28T04:17:15.646+0000] {logging_mixin.py:188} INFO - [2025-04-28T04:17:15.646+0000] {dag.py:3954} INFO - Setting next_dagrun for move_landing_to_bronze_partitioned to None, run_after=None
[2025-04-28T04:17:15.658+0000] {processor.py:183} INFO - Processing /opt/airflow/dags/move_landing_to_bronze_partitioned.py took 0.351 seconds
[2025-04-28T04:17:45.739+0000] {processor.py:161} INFO - Started process (PID=4677) to work on /opt/airflow/dags/move_landing_to_bronze_partitioned.py
[2025-04-28T04:17:45.739+0000] {processor.py:830} INFO - Processing file /opt/airflow/dags/move_landing_to_bronze_partitioned.py for tasks to queue
[2025-04-28T04:17:45.740+0000] {logging_mixin.py:188} INFO - [2025-04-28T04:17:45.740+0000] {dagbag.py:540} INFO - Filling up the DagBag from /opt/airflow/dags/move_landing_to_bronze_partitioned.py
[2025-04-28T04:17:45.960+0000] {processor.py:840} INFO - DAG(s) 'move_landing_to_bronze_partitioned' retrieved from /opt/airflow/dags/move_landing_to_bronze_partitioned.py
[2025-04-28T04:17:45.978+0000] {logging_mixin.py:188} INFO - [2025-04-28T04:17:45.977+0000] {dag.py:3096} INFO - Sync 1 DAGs
[2025-04-28T04:17:45.985+0000] {logging_mixin.py:188} INFO - [2025-04-28T04:17:45.985+0000] {dag.py:3954} INFO - Setting next_dagrun for move_landing_to_bronze_partitioned to None, run_after=None
[2025-04-28T04:17:45.996+0000] {processor.py:183} INFO - Processing /opt/airflow/dags/move_landing_to_bronze_partitioned.py took 0.260 seconds
[2025-04-28T05:12:39.637+0000] {processor.py:161} INFO - Started process (PID=4713) to work on /opt/airflow/dags/move_landing_to_bronze_partitioned.py
[2025-04-28T05:12:39.641+0000] {processor.py:830} INFO - Processing file /opt/airflow/dags/move_landing_to_bronze_partitioned.py for tasks to queue
[2025-04-28T05:12:39.646+0000] {logging_mixin.py:188} INFO - [2025-04-28T05:12:39.645+0000] {dagbag.py:540} INFO - Filling up the DagBag from /opt/airflow/dags/move_landing_to_bronze_partitioned.py
[2025-04-28T05:12:40.734+0000] {processor.py:840} INFO - DAG(s) 'move_landing_to_bronze_partitioned' retrieved from /opt/airflow/dags/move_landing_to_bronze_partitioned.py
[2025-04-28T05:12:40.788+0000] {logging_mixin.py:188} INFO - [2025-04-28T05:12:40.787+0000] {dag.py:3096} INFO - Sync 1 DAGs
[2025-04-28T05:12:40.810+0000] {logging_mixin.py:188} INFO - [2025-04-28T05:12:40.810+0000] {dag.py:3954} INFO - Setting next_dagrun for move_landing_to_bronze_partitioned to None, run_after=None
[2025-04-28T05:12:40.865+0000] {processor.py:183} INFO - Processing /opt/airflow/dags/move_landing_to_bronze_partitioned.py took 1.245 seconds
[2025-04-28T05:17:20.985+0000] {processor.py:161} INFO - Started process (PID=4748) to work on /opt/airflow/dags/move_landing_to_bronze_partitioned.py
[2025-04-28T05:17:20.985+0000] {processor.py:830} INFO - Processing file /opt/airflow/dags/move_landing_to_bronze_partitioned.py for tasks to queue
[2025-04-28T05:17:20.987+0000] {logging_mixin.py:188} INFO - [2025-04-28T05:17:20.986+0000] {dagbag.py:540} INFO - Filling up the DagBag from /opt/airflow/dags/move_landing_to_bronze_partitioned.py
[2025-04-28T05:17:21.255+0000] {processor.py:840} INFO - DAG(s) 'move_landing_to_bronze_partitioned' retrieved from /opt/airflow/dags/move_landing_to_bronze_partitioned.py
[2025-04-28T05:17:21.273+0000] {logging_mixin.py:188} INFO - [2025-04-28T05:17:21.272+0000] {dag.py:3096} INFO - Sync 1 DAGs
[2025-04-28T05:17:21.278+0000] {logging_mixin.py:188} INFO - [2025-04-28T05:17:21.278+0000] {dag.py:3954} INFO - Setting next_dagrun for move_landing_to_bronze_partitioned to None, run_after=None
[2025-04-28T05:17:21.287+0000] {processor.py:183} INFO - Processing /opt/airflow/dags/move_landing_to_bronze_partitioned.py took 0.306 seconds
[2025-04-28T05:33:51.261+0000] {processor.py:161} INFO - Started process (PID=4784) to work on /opt/airflow/dags/move_landing_to_bronze_partitioned.py
[2025-04-28T05:33:51.262+0000] {processor.py:830} INFO - Processing file /opt/airflow/dags/move_landing_to_bronze_partitioned.py for tasks to queue
[2025-04-28T05:33:51.263+0000] {logging_mixin.py:188} INFO - [2025-04-28T05:33:51.263+0000] {dagbag.py:540} INFO - Filling up the DagBag from /opt/airflow/dags/move_landing_to_bronze_partitioned.py
[2025-04-28T05:33:51.551+0000] {processor.py:840} INFO - DAG(s) 'move_landing_to_bronze_partitioned' retrieved from /opt/airflow/dags/move_landing_to_bronze_partitioned.py
[2025-04-28T05:33:51.575+0000] {logging_mixin.py:188} INFO - [2025-04-28T05:33:51.574+0000] {dag.py:3096} INFO - Sync 1 DAGs
[2025-04-28T05:33:51.582+0000] {logging_mixin.py:188} INFO - [2025-04-28T05:33:51.582+0000] {dag.py:3954} INFO - Setting next_dagrun for move_landing_to_bronze_partitioned to None, run_after=None
[2025-04-28T05:33:51.593+0000] {processor.py:183} INFO - Processing /opt/airflow/dags/move_landing_to_bronze_partitioned.py took 0.336 seconds
[2025-04-28T06:13:59.950+0000] {processor.py:161} INFO - Started process (PID=4819) to work on /opt/airflow/dags/move_landing_to_bronze_partitioned.py
[2025-04-28T06:13:59.951+0000] {processor.py:830} INFO - Processing file /opt/airflow/dags/move_landing_to_bronze_partitioned.py for tasks to queue
[2025-04-28T06:13:59.952+0000] {logging_mixin.py:188} INFO - [2025-04-28T06:13:59.952+0000] {dagbag.py:540} INFO - Filling up the DagBag from /opt/airflow/dags/move_landing_to_bronze_partitioned.py
[2025-04-28T06:14:00.331+0000] {processor.py:840} INFO - DAG(s) 'move_landing_to_bronze_partitioned' retrieved from /opt/airflow/dags/move_landing_to_bronze_partitioned.py
[2025-04-28T06:14:00.351+0000] {logging_mixin.py:188} INFO - [2025-04-28T06:14:00.351+0000] {dag.py:3096} INFO - Sync 1 DAGs
[2025-04-28T06:14:00.357+0000] {logging_mixin.py:188} INFO - [2025-04-28T06:14:00.357+0000] {dag.py:3954} INFO - Setting next_dagrun for move_landing_to_bronze_partitioned to None, run_after=None
[2025-04-28T06:14:00.368+0000] {processor.py:183} INFO - Processing /opt/airflow/dags/move_landing_to_bronze_partitioned.py took 0.422 seconds
[2025-04-28T06:46:51.899+0000] {processor.py:161} INFO - Started process (PID=4854) to work on /opt/airflow/dags/move_landing_to_bronze_partitioned.py
[2025-04-28T06:46:51.900+0000] {processor.py:830} INFO - Processing file /opt/airflow/dags/move_landing_to_bronze_partitioned.py for tasks to queue
[2025-04-28T06:46:51.901+0000] {logging_mixin.py:188} INFO - [2025-04-28T06:46:51.901+0000] {dagbag.py:540} INFO - Filling up the DagBag from /opt/airflow/dags/move_landing_to_bronze_partitioned.py
[2025-04-28T06:46:52.189+0000] {processor.py:840} INFO - DAG(s) 'move_landing_to_bronze_partitioned' retrieved from /opt/airflow/dags/move_landing_to_bronze_partitioned.py
[2025-04-28T06:46:52.211+0000] {logging_mixin.py:188} INFO - [2025-04-28T06:46:52.211+0000] {dag.py:3096} INFO - Sync 1 DAGs
[2025-04-28T06:46:52.217+0000] {logging_mixin.py:188} INFO - [2025-04-28T06:46:52.217+0000] {dag.py:3954} INFO - Setting next_dagrun for move_landing_to_bronze_partitioned to None, run_after=None
[2025-04-28T06:46:52.228+0000] {processor.py:183} INFO - Processing /opt/airflow/dags/move_landing_to_bronze_partitioned.py took 0.336 seconds
[2025-04-28T07:47:18.587+0000] {processor.py:161} INFO - Started process (PID=4891) to work on /opt/airflow/dags/move_landing_to_bronze_partitioned.py
[2025-04-28T07:47:18.591+0000] {processor.py:830} INFO - Processing file /opt/airflow/dags/move_landing_to_bronze_partitioned.py for tasks to queue
[2025-04-28T07:47:18.596+0000] {logging_mixin.py:188} INFO - [2025-04-28T07:47:18.596+0000] {dagbag.py:540} INFO - Filling up the DagBag from /opt/airflow/dags/move_landing_to_bronze_partitioned.py
[2025-04-28T07:47:19.793+0000] {processor.py:840} INFO - DAG(s) 'move_landing_to_bronze_partitioned' retrieved from /opt/airflow/dags/move_landing_to_bronze_partitioned.py
[2025-04-28T07:47:20.000+0000] {logging_mixin.py:188} INFO - [2025-04-28T07:47:19.999+0000] {dag.py:3096} INFO - Sync 1 DAGs
[2025-04-28T07:47:20.081+0000] {logging_mixin.py:188} INFO - [2025-04-28T07:47:20.081+0000] {dag.py:3954} INFO - Setting next_dagrun for move_landing_to_bronze_partitioned to None, run_after=None
[2025-04-28T07:47:20.287+0000] {processor.py:183} INFO - Processing /opt/airflow/dags/move_landing_to_bronze_partitioned.py took 1.719 seconds
[2025-04-28T07:59:05.077+0000] {processor.py:161} INFO - Started process (PID=4926) to work on /opt/airflow/dags/move_landing_to_bronze_partitioned.py
[2025-04-28T07:59:05.078+0000] {processor.py:830} INFO - Processing file /opt/airflow/dags/move_landing_to_bronze_partitioned.py for tasks to queue
[2025-04-28T07:59:05.079+0000] {logging_mixin.py:188} INFO - [2025-04-28T07:59:05.079+0000] {dagbag.py:540} INFO - Filling up the DagBag from /opt/airflow/dags/move_landing_to_bronze_partitioned.py
[2025-04-28T07:59:05.352+0000] {processor.py:840} INFO - DAG(s) 'move_landing_to_bronze_partitioned' retrieved from /opt/airflow/dags/move_landing_to_bronze_partitioned.py
[2025-04-28T07:59:05.367+0000] {logging_mixin.py:188} INFO - [2025-04-28T07:59:05.366+0000] {dag.py:3096} INFO - Sync 1 DAGs
[2025-04-28T07:59:05.372+0000] {logging_mixin.py:188} INFO - [2025-04-28T07:59:05.372+0000] {dag.py:3954} INFO - Setting next_dagrun for move_landing_to_bronze_partitioned to None, run_after=None
[2025-04-28T07:59:05.380+0000] {processor.py:183} INFO - Processing /opt/airflow/dags/move_landing_to_bronze_partitioned.py took 0.308 seconds
[2025-04-28T08:50:08.230+0000] {processor.py:161} INFO - Started process (PID=4963) to work on /opt/airflow/dags/move_landing_to_bronze_partitioned.py
[2025-04-28T08:50:08.240+0000] {processor.py:830} INFO - Processing file /opt/airflow/dags/move_landing_to_bronze_partitioned.py for tasks to queue
[2025-04-28T08:50:08.245+0000] {logging_mixin.py:188} INFO - [2025-04-28T08:50:08.244+0000] {dagbag.py:540} INFO - Filling up the DagBag from /opt/airflow/dags/move_landing_to_bronze_partitioned.py
[2025-04-28T08:50:09.287+0000] {processor.py:840} INFO - DAG(s) 'move_landing_to_bronze_partitioned' retrieved from /opt/airflow/dags/move_landing_to_bronze_partitioned.py
[2025-04-28T08:50:09.385+0000] {logging_mixin.py:188} INFO - [2025-04-28T08:50:09.384+0000] {dag.py:3096} INFO - Sync 1 DAGs
[2025-04-28T08:50:09.417+0000] {logging_mixin.py:188} INFO - [2025-04-28T08:50:09.416+0000] {dag.py:3954} INFO - Setting next_dagrun for move_landing_to_bronze_partitioned to None, run_after=None
[2025-04-28T08:50:09.506+0000] {processor.py:183} INFO - Processing /opt/airflow/dags/move_landing_to_bronze_partitioned.py took 1.285 seconds
[2025-04-28T09:00:04.470+0000] {processor.py:161} INFO - Started process (PID=4998) to work on /opt/airflow/dags/move_landing_to_bronze_partitioned.py
[2025-04-28T09:00:04.470+0000] {processor.py:830} INFO - Processing file /opt/airflow/dags/move_landing_to_bronze_partitioned.py for tasks to queue
[2025-04-28T09:00:04.471+0000] {logging_mixin.py:188} INFO - [2025-04-28T09:00:04.471+0000] {dagbag.py:540} INFO - Filling up the DagBag from /opt/airflow/dags/move_landing_to_bronze_partitioned.py
[2025-04-28T09:00:04.617+0000] {processor.py:840} INFO - DAG(s) 'move_landing_to_bronze_partitioned' retrieved from /opt/airflow/dags/move_landing_to_bronze_partitioned.py
[2025-04-28T09:00:04.641+0000] {logging_mixin.py:188} INFO - [2025-04-28T09:00:04.640+0000] {dag.py:3096} INFO - Sync 1 DAGs
[2025-04-28T09:00:04.654+0000] {logging_mixin.py:188} INFO - [2025-04-28T09:00:04.654+0000] {dag.py:3954} INFO - Setting next_dagrun for move_landing_to_bronze_partitioned to None, run_after=None
[2025-04-28T09:00:04.668+0000] {processor.py:183} INFO - Processing /opt/airflow/dags/move_landing_to_bronze_partitioned.py took 0.201 seconds
[2025-04-28T10:01:08.938+0000] {processor.py:161} INFO - Started process (PID=5033) to work on /opt/airflow/dags/move_landing_to_bronze_partitioned.py
[2025-04-28T10:01:08.939+0000] {processor.py:830} INFO - Processing file /opt/airflow/dags/move_landing_to_bronze_partitioned.py for tasks to queue
[2025-04-28T10:01:08.941+0000] {logging_mixin.py:188} INFO - [2025-04-28T10:01:08.941+0000] {dagbag.py:540} INFO - Filling up the DagBag from /opt/airflow/dags/move_landing_to_bronze_partitioned.py
[2025-04-28T10:01:09.539+0000] {processor.py:840} INFO - DAG(s) 'move_landing_to_bronze_partitioned' retrieved from /opt/airflow/dags/move_landing_to_bronze_partitioned.py
[2025-04-28T10:01:09.722+0000] {logging_mixin.py:188} INFO - [2025-04-28T10:01:09.720+0000] {dag.py:3096} INFO - Sync 1 DAGs
[2025-04-28T10:01:09.844+0000] {logging_mixin.py:188} INFO - [2025-04-28T10:01:09.837+0000] {dag.py:3954} INFO - Setting next_dagrun for move_landing_to_bronze_partitioned to None, run_after=None
[2025-04-28T10:01:09.883+0000] {processor.py:183} INFO - Processing /opt/airflow/dags/move_landing_to_bronze_partitioned.py took 0.952 seconds
[2025-04-28T10:18:06.474+0000] {processor.py:161} INFO - Started process (PID=5069) to work on /opt/airflow/dags/move_landing_to_bronze_partitioned.py
[2025-04-28T10:18:06.475+0000] {processor.py:830} INFO - Processing file /opt/airflow/dags/move_landing_to_bronze_partitioned.py for tasks to queue
[2025-04-28T10:18:06.475+0000] {logging_mixin.py:188} INFO - [2025-04-28T10:18:06.475+0000] {dagbag.py:540} INFO - Filling up the DagBag from /opt/airflow/dags/move_landing_to_bronze_partitioned.py
[2025-04-28T10:18:06.619+0000] {processor.py:840} INFO - DAG(s) 'move_landing_to_bronze_partitioned' retrieved from /opt/airflow/dags/move_landing_to_bronze_partitioned.py
[2025-04-28T10:18:06.631+0000] {logging_mixin.py:188} INFO - [2025-04-28T10:18:06.631+0000] {dag.py:3096} INFO - Sync 1 DAGs
[2025-04-28T10:18:06.644+0000] {logging_mixin.py:188} INFO - [2025-04-28T10:18:06.644+0000] {dag.py:3954} INFO - Setting next_dagrun for move_landing_to_bronze_partitioned to None, run_after=None
[2025-04-28T10:18:06.653+0000] {processor.py:183} INFO - Processing /opt/airflow/dags/move_landing_to_bronze_partitioned.py took 0.182 seconds
[2025-04-28T11:02:20.346+0000] {processor.py:161} INFO - Started process (PID=5104) to work on /opt/airflow/dags/move_landing_to_bronze_partitioned.py
[2025-04-28T11:02:20.347+0000] {processor.py:830} INFO - Processing file /opt/airflow/dags/move_landing_to_bronze_partitioned.py for tasks to queue
[2025-04-28T11:02:20.348+0000] {logging_mixin.py:188} INFO - [2025-04-28T11:02:20.348+0000] {dagbag.py:540} INFO - Filling up the DagBag from /opt/airflow/dags/move_landing_to_bronze_partitioned.py
[2025-04-28T11:02:20.522+0000] {processor.py:840} INFO - DAG(s) 'move_landing_to_bronze_partitioned' retrieved from /opt/airflow/dags/move_landing_to_bronze_partitioned.py
[2025-04-28T11:02:20.548+0000] {logging_mixin.py:188} INFO - [2025-04-28T11:02:20.548+0000] {dag.py:3096} INFO - Sync 1 DAGs
[2025-04-28T11:02:20.561+0000] {logging_mixin.py:188} INFO - [2025-04-28T11:02:20.561+0000] {dag.py:3954} INFO - Setting next_dagrun for move_landing_to_bronze_partitioned to None, run_after=None
[2025-04-28T11:02:20.575+0000] {processor.py:183} INFO - Processing /opt/airflow/dags/move_landing_to_bronze_partitioned.py took 0.233 seconds
[2025-04-28T11:50:01.416+0000] {processor.py:161} INFO - Started process (PID=5139) to work on /opt/airflow/dags/move_landing_to_bronze_partitioned.py
[2025-04-28T11:50:01.416+0000] {processor.py:830} INFO - Processing file /opt/airflow/dags/move_landing_to_bronze_partitioned.py for tasks to queue
[2025-04-28T11:50:01.417+0000] {logging_mixin.py:188} INFO - [2025-04-28T11:50:01.417+0000] {dagbag.py:540} INFO - Filling up the DagBag from /opt/airflow/dags/move_landing_to_bronze_partitioned.py
[2025-04-28T11:50:01.723+0000] {processor.py:840} INFO - DAG(s) 'move_landing_to_bronze_partitioned' retrieved from /opt/airflow/dags/move_landing_to_bronze_partitioned.py
[2025-04-28T11:50:01.765+0000] {logging_mixin.py:188} INFO - [2025-04-28T11:50:01.765+0000] {dag.py:3096} INFO - Sync 1 DAGs
[2025-04-28T11:50:01.778+0000] {logging_mixin.py:188} INFO - [2025-04-28T11:50:01.777+0000] {dag.py:3954} INFO - Setting next_dagrun for move_landing_to_bronze_partitioned to None, run_after=None
[2025-04-28T11:50:01.803+0000] {processor.py:183} INFO - Processing /opt/airflow/dags/move_landing_to_bronze_partitioned.py took 0.391 seconds
[2025-04-28T12:03:32.213+0000] {processor.py:161} INFO - Started process (PID=5176) to work on /opt/airflow/dags/move_landing_to_bronze_partitioned.py
[2025-04-28T12:03:32.214+0000] {processor.py:830} INFO - Processing file /opt/airflow/dags/move_landing_to_bronze_partitioned.py for tasks to queue
[2025-04-28T12:03:32.216+0000] {logging_mixin.py:188} INFO - [2025-04-28T12:03:32.216+0000] {dagbag.py:540} INFO - Filling up the DagBag from /opt/airflow/dags/move_landing_to_bronze_partitioned.py
[2025-04-28T12:03:32.395+0000] {processor.py:840} INFO - DAG(s) 'move_landing_to_bronze_partitioned' retrieved from /opt/airflow/dags/move_landing_to_bronze_partitioned.py
[2025-04-28T12:03:32.413+0000] {logging_mixin.py:188} INFO - [2025-04-28T12:03:32.413+0000] {dag.py:3096} INFO - Sync 1 DAGs
[2025-04-28T12:03:32.422+0000] {logging_mixin.py:188} INFO - [2025-04-28T12:03:32.422+0000] {dag.py:3954} INFO - Setting next_dagrun for move_landing_to_bronze_partitioned to None, run_after=None
[2025-04-28T12:03:32.441+0000] {processor.py:183} INFO - Processing /opt/airflow/dags/move_landing_to_bronze_partitioned.py took 0.232 seconds
[2025-04-28T12:52:18.059+0000] {processor.py:161} INFO - Started process (PID=5211) to work on /opt/airflow/dags/move_landing_to_bronze_partitioned.py
[2025-04-28T12:52:18.059+0000] {processor.py:830} INFO - Processing file /opt/airflow/dags/move_landing_to_bronze_partitioned.py for tasks to queue
[2025-04-28T12:52:18.061+0000] {logging_mixin.py:188} INFO - [2025-04-28T12:52:18.060+0000] {dagbag.py:540} INFO - Filling up the DagBag from /opt/airflow/dags/move_landing_to_bronze_partitioned.py
[2025-04-28T12:52:18.205+0000] {processor.py:840} INFO - DAG(s) 'move_landing_to_bronze_partitioned' retrieved from /opt/airflow/dags/move_landing_to_bronze_partitioned.py
[2025-04-28T12:52:18.221+0000] {logging_mixin.py:188} INFO - [2025-04-28T12:52:18.221+0000] {dag.py:3096} INFO - Sync 1 DAGs
[2025-04-28T12:52:18.232+0000] {logging_mixin.py:188} INFO - [2025-04-28T12:52:18.232+0000] {dag.py:3954} INFO - Setting next_dagrun for move_landing_to_bronze_partitioned to None, run_after=None
[2025-04-28T12:52:18.243+0000] {processor.py:183} INFO - Processing /opt/airflow/dags/move_landing_to_bronze_partitioned.py took 0.187 seconds
[2025-04-28T12:53:14.485+0000] {processor.py:161} INFO - Started process (PID=5246) to work on /opt/airflow/dags/move_landing_to_bronze_partitioned.py
[2025-04-28T12:53:14.485+0000] {processor.py:830} INFO - Processing file /opt/airflow/dags/move_landing_to_bronze_partitioned.py for tasks to queue
[2025-04-28T12:53:14.486+0000] {logging_mixin.py:188} INFO - [2025-04-28T12:53:14.486+0000] {dagbag.py:540} INFO - Filling up the DagBag from /opt/airflow/dags/move_landing_to_bronze_partitioned.py
[2025-04-28T12:53:14.629+0000] {processor.py:840} INFO - DAG(s) 'move_landing_to_bronze_partitioned' retrieved from /opt/airflow/dags/move_landing_to_bronze_partitioned.py
[2025-04-28T12:53:14.646+0000] {logging_mixin.py:188} INFO - [2025-04-28T12:53:14.645+0000] {dag.py:3096} INFO - Sync 1 DAGs
[2025-04-28T12:53:14.651+0000] {logging_mixin.py:188} INFO - [2025-04-28T12:53:14.651+0000] {dag.py:3954} INFO - Setting next_dagrun for move_landing_to_bronze_partitioned to None, run_after=None
[2025-04-28T12:53:14.660+0000] {processor.py:183} INFO - Processing /opt/airflow/dags/move_landing_to_bronze_partitioned.py took 0.178 seconds
[2025-04-28T12:53:45.285+0000] {processor.py:161} INFO - Started process (PID=5281) to work on /opt/airflow/dags/move_landing_to_bronze_partitioned.py
[2025-04-28T12:53:45.286+0000] {processor.py:830} INFO - Processing file /opt/airflow/dags/move_landing_to_bronze_partitioned.py for tasks to queue
[2025-04-28T12:53:45.287+0000] {logging_mixin.py:188} INFO - [2025-04-28T12:53:45.286+0000] {dagbag.py:540} INFO - Filling up the DagBag from /opt/airflow/dags/move_landing_to_bronze_partitioned.py
[2025-04-28T12:53:45.429+0000] {processor.py:840} INFO - DAG(s) 'move_landing_to_bronze_partitioned' retrieved from /opt/airflow/dags/move_landing_to_bronze_partitioned.py
[2025-04-28T12:53:45.454+0000] {logging_mixin.py:188} INFO - [2025-04-28T12:53:45.454+0000] {dag.py:3096} INFO - Sync 1 DAGs
[2025-04-28T12:53:45.460+0000] {logging_mixin.py:188} INFO - [2025-04-28T12:53:45.460+0000] {dag.py:3954} INFO - Setting next_dagrun for move_landing_to_bronze_partitioned to None, run_after=None
[2025-04-28T12:53:45.470+0000] {processor.py:183} INFO - Processing /opt/airflow/dags/move_landing_to_bronze_partitioned.py took 0.187 seconds
[2025-04-28T12:54:16.084+0000] {processor.py:161} INFO - Started process (PID=5316) to work on /opt/airflow/dags/move_landing_to_bronze_partitioned.py
[2025-04-28T12:54:16.084+0000] {processor.py:830} INFO - Processing file /opt/airflow/dags/move_landing_to_bronze_partitioned.py for tasks to queue
[2025-04-28T12:54:16.085+0000] {logging_mixin.py:188} INFO - [2025-04-28T12:54:16.085+0000] {dagbag.py:540} INFO - Filling up the DagBag from /opt/airflow/dags/move_landing_to_bronze_partitioned.py
[2025-04-28T12:54:16.228+0000] {processor.py:840} INFO - DAG(s) 'move_landing_to_bronze_partitioned' retrieved from /opt/airflow/dags/move_landing_to_bronze_partitioned.py
[2025-04-28T12:54:16.242+0000] {logging_mixin.py:188} INFO - [2025-04-28T12:54:16.242+0000] {dag.py:3096} INFO - Sync 1 DAGs
[2025-04-28T12:54:16.254+0000] {logging_mixin.py:188} INFO - [2025-04-28T12:54:16.254+0000] {dag.py:3954} INFO - Setting next_dagrun for move_landing_to_bronze_partitioned to None, run_after=None
[2025-04-28T12:54:16.270+0000] {processor.py:183} INFO - Processing /opt/airflow/dags/move_landing_to_bronze_partitioned.py took 0.189 seconds
[2025-04-28T12:54:46.919+0000] {processor.py:161} INFO - Started process (PID=5351) to work on /opt/airflow/dags/move_landing_to_bronze_partitioned.py
[2025-04-28T12:54:46.919+0000] {processor.py:830} INFO - Processing file /opt/airflow/dags/move_landing_to_bronze_partitioned.py for tasks to queue
[2025-04-28T12:54:46.920+0000] {logging_mixin.py:188} INFO - [2025-04-28T12:54:46.920+0000] {dagbag.py:540} INFO - Filling up the DagBag from /opt/airflow/dags/move_landing_to_bronze_partitioned.py
[2025-04-28T12:54:47.075+0000] {processor.py:840} INFO - DAG(s) 'move_landing_to_bronze_partitioned' retrieved from /opt/airflow/dags/move_landing_to_bronze_partitioned.py
[2025-04-28T12:54:47.089+0000] {logging_mixin.py:188} INFO - [2025-04-28T12:54:47.088+0000] {dag.py:3096} INFO - Sync 1 DAGs
[2025-04-28T12:54:47.099+0000] {logging_mixin.py:188} INFO - [2025-04-28T12:54:47.098+0000] {dag.py:3954} INFO - Setting next_dagrun for move_landing_to_bronze_partitioned to None, run_after=None
[2025-04-28T12:54:47.109+0000] {processor.py:183} INFO - Processing /opt/airflow/dags/move_landing_to_bronze_partitioned.py took 0.193 seconds
[2025-04-28T12:55:17.685+0000] {processor.py:161} INFO - Started process (PID=5386) to work on /opt/airflow/dags/move_landing_to_bronze_partitioned.py
[2025-04-28T12:55:17.685+0000] {processor.py:830} INFO - Processing file /opt/airflow/dags/move_landing_to_bronze_partitioned.py for tasks to queue
[2025-04-28T12:55:17.686+0000] {logging_mixin.py:188} INFO - [2025-04-28T12:55:17.686+0000] {dagbag.py:540} INFO - Filling up the DagBag from /opt/airflow/dags/move_landing_to_bronze_partitioned.py
[2025-04-28T12:55:17.840+0000] {processor.py:840} INFO - DAG(s) 'move_landing_to_bronze_partitioned' retrieved from /opt/airflow/dags/move_landing_to_bronze_partitioned.py
[2025-04-28T12:55:17.859+0000] {logging_mixin.py:188} INFO - [2025-04-28T12:55:17.859+0000] {dag.py:3096} INFO - Sync 1 DAGs
[2025-04-28T12:55:17.865+0000] {logging_mixin.py:188} INFO - [2025-04-28T12:55:17.865+0000] {dag.py:3954} INFO - Setting next_dagrun for move_landing_to_bronze_partitioned to None, run_after=None
[2025-04-28T12:55:17.876+0000] {processor.py:183} INFO - Processing /opt/airflow/dags/move_landing_to_bronze_partitioned.py took 0.194 seconds
[2025-04-28T12:55:48.520+0000] {processor.py:161} INFO - Started process (PID=5484) to work on /opt/airflow/dags/move_landing_to_bronze_partitioned.py
[2025-04-28T12:55:48.524+0000] {processor.py:830} INFO - Processing file /opt/airflow/dags/move_landing_to_bronze_partitioned.py for tasks to queue
[2025-04-28T12:55:48.524+0000] {logging_mixin.py:188} INFO - [2025-04-28T12:55:48.524+0000] {dagbag.py:540} INFO - Filling up the DagBag from /opt/airflow/dags/move_landing_to_bronze_partitioned.py
[2025-04-28T12:55:48.667+0000] {processor.py:840} INFO - DAG(s) 'move_landing_to_bronze_partitioned' retrieved from /opt/airflow/dags/move_landing_to_bronze_partitioned.py
[2025-04-28T12:55:48.689+0000] {logging_mixin.py:188} INFO - [2025-04-28T12:55:48.689+0000] {dag.py:3096} INFO - Sync 1 DAGs
[2025-04-28T12:55:48.696+0000] {logging_mixin.py:188} INFO - [2025-04-28T12:55:48.695+0000] {dag.py:3954} INFO - Setting next_dagrun for move_landing_to_bronze_partitioned to None, run_after=None
[2025-04-28T12:55:48.714+0000] {processor.py:183} INFO - Processing /opt/airflow/dags/move_landing_to_bronze_partitioned.py took 0.196 seconds
[2025-04-28T12:56:19.372+0000] {processor.py:161} INFO - Started process (PID=5519) to work on /opt/airflow/dags/move_landing_to_bronze_partitioned.py
[2025-04-28T12:56:19.373+0000] {processor.py:830} INFO - Processing file /opt/airflow/dags/move_landing_to_bronze_partitioned.py for tasks to queue
[2025-04-28T12:56:19.374+0000] {logging_mixin.py:188} INFO - [2025-04-28T12:56:19.373+0000] {dagbag.py:540} INFO - Filling up the DagBag from /opt/airflow/dags/move_landing_to_bronze_partitioned.py
[2025-04-28T12:56:19.517+0000] {processor.py:840} INFO - DAG(s) 'move_landing_to_bronze_partitioned' retrieved from /opt/airflow/dags/move_landing_to_bronze_partitioned.py
[2025-04-28T12:56:19.538+0000] {logging_mixin.py:188} INFO - [2025-04-28T12:56:19.538+0000] {dag.py:3096} INFO - Sync 1 DAGs
[2025-04-28T12:56:19.544+0000] {logging_mixin.py:188} INFO - [2025-04-28T12:56:19.544+0000] {dag.py:3954} INFO - Setting next_dagrun for move_landing_to_bronze_partitioned to None, run_after=None
[2025-04-28T12:56:19.552+0000] {processor.py:183} INFO - Processing /opt/airflow/dags/move_landing_to_bronze_partitioned.py took 0.183 seconds
[2025-04-28T12:56:50.153+0000] {processor.py:161} INFO - Started process (PID=5554) to work on /opt/airflow/dags/move_landing_to_bronze_partitioned.py
[2025-04-28T12:56:50.153+0000] {processor.py:830} INFO - Processing file /opt/airflow/dags/move_landing_to_bronze_partitioned.py for tasks to queue
[2025-04-28T12:56:50.154+0000] {logging_mixin.py:188} INFO - [2025-04-28T12:56:50.154+0000] {dagbag.py:540} INFO - Filling up the DagBag from /opt/airflow/dags/move_landing_to_bronze_partitioned.py
[2025-04-28T12:56:50.297+0000] {processor.py:840} INFO - DAG(s) 'move_landing_to_bronze_partitioned' retrieved from /opt/airflow/dags/move_landing_to_bronze_partitioned.py
[2025-04-28T12:56:50.324+0000] {logging_mixin.py:188} INFO - [2025-04-28T12:56:50.324+0000] {dag.py:3096} INFO - Sync 1 DAGs
[2025-04-28T12:56:50.331+0000] {logging_mixin.py:188} INFO - [2025-04-28T12:56:50.331+0000] {dag.py:3954} INFO - Setting next_dagrun for move_landing_to_bronze_partitioned to None, run_after=None
[2025-04-28T12:56:50.341+0000] {processor.py:183} INFO - Processing /opt/airflow/dags/move_landing_to_bronze_partitioned.py took 0.192 seconds
[2025-04-28T12:57:21.001+0000] {processor.py:161} INFO - Started process (PID=5589) to work on /opt/airflow/dags/move_landing_to_bronze_partitioned.py
[2025-04-28T12:57:21.001+0000] {processor.py:830} INFO - Processing file /opt/airflow/dags/move_landing_to_bronze_partitioned.py for tasks to queue
[2025-04-28T12:57:21.002+0000] {logging_mixin.py:188} INFO - [2025-04-28T12:57:21.002+0000] {dagbag.py:540} INFO - Filling up the DagBag from /opt/airflow/dags/move_landing_to_bronze_partitioned.py
[2025-04-28T12:57:21.145+0000] {processor.py:840} INFO - DAG(s) 'move_landing_to_bronze_partitioned' retrieved from /opt/airflow/dags/move_landing_to_bronze_partitioned.py
[2025-04-28T12:57:21.158+0000] {logging_mixin.py:188} INFO - [2025-04-28T12:57:21.158+0000] {dag.py:3096} INFO - Sync 1 DAGs
[2025-04-28T12:57:21.167+0000] {logging_mixin.py:188} INFO - [2025-04-28T12:57:21.167+0000] {dag.py:3954} INFO - Setting next_dagrun for move_landing_to_bronze_partitioned to None, run_after=None
[2025-04-28T12:57:21.176+0000] {processor.py:183} INFO - Processing /opt/airflow/dags/move_landing_to_bronze_partitioned.py took 0.178 seconds
[2025-04-28T12:57:51.818+0000] {processor.py:161} INFO - Started process (PID=5624) to work on /opt/airflow/dags/move_landing_to_bronze_partitioned.py
[2025-04-28T12:57:51.819+0000] {processor.py:830} INFO - Processing file /opt/airflow/dags/move_landing_to_bronze_partitioned.py for tasks to queue
[2025-04-28T12:57:51.820+0000] {logging_mixin.py:188} INFO - [2025-04-28T12:57:51.819+0000] {dagbag.py:540} INFO - Filling up the DagBag from /opt/airflow/dags/move_landing_to_bronze_partitioned.py
[2025-04-28T12:57:51.964+0000] {processor.py:840} INFO - DAG(s) 'move_landing_to_bronze_partitioned' retrieved from /opt/airflow/dags/move_landing_to_bronze_partitioned.py
[2025-04-28T12:57:51.977+0000] {logging_mixin.py:188} INFO - [2025-04-28T12:57:51.977+0000] {dag.py:3096} INFO - Sync 1 DAGs
[2025-04-28T12:57:51.983+0000] {logging_mixin.py:188} INFO - [2025-04-28T12:57:51.983+0000] {dag.py:3954} INFO - Setting next_dagrun for move_landing_to_bronze_partitioned to None, run_after=None
[2025-04-28T12:57:51.995+0000] {processor.py:183} INFO - Processing /opt/airflow/dags/move_landing_to_bronze_partitioned.py took 0.180 seconds
[2025-04-28T12:58:22.646+0000] {processor.py:161} INFO - Started process (PID=5659) to work on /opt/airflow/dags/move_landing_to_bronze_partitioned.py
[2025-04-28T12:58:22.646+0000] {processor.py:830} INFO - Processing file /opt/airflow/dags/move_landing_to_bronze_partitioned.py for tasks to queue
[2025-04-28T12:58:22.647+0000] {logging_mixin.py:188} INFO - [2025-04-28T12:58:22.647+0000] {dagbag.py:540} INFO - Filling up the DagBag from /opt/airflow/dags/move_landing_to_bronze_partitioned.py
[2025-04-28T12:58:22.789+0000] {processor.py:840} INFO - DAG(s) 'move_landing_to_bronze_partitioned' retrieved from /opt/airflow/dags/move_landing_to_bronze_partitioned.py
[2025-04-28T12:58:22.805+0000] {logging_mixin.py:188} INFO - [2025-04-28T12:58:22.805+0000] {dag.py:3096} INFO - Sync 1 DAGs
[2025-04-28T12:58:22.812+0000] {logging_mixin.py:188} INFO - [2025-04-28T12:58:22.811+0000] {dag.py:3954} INFO - Setting next_dagrun for move_landing_to_bronze_partitioned to None, run_after=None
[2025-04-28T12:58:22.821+0000] {processor.py:183} INFO - Processing /opt/airflow/dags/move_landing_to_bronze_partitioned.py took 0.178 seconds
[2025-04-28T12:58:53.504+0000] {processor.py:161} INFO - Started process (PID=5694) to work on /opt/airflow/dags/move_landing_to_bronze_partitioned.py
[2025-04-28T12:58:53.504+0000] {processor.py:830} INFO - Processing file /opt/airflow/dags/move_landing_to_bronze_partitioned.py for tasks to queue
[2025-04-28T12:58:53.505+0000] {logging_mixin.py:188} INFO - [2025-04-28T12:58:53.505+0000] {dagbag.py:540} INFO - Filling up the DagBag from /opt/airflow/dags/move_landing_to_bronze_partitioned.py
[2025-04-28T12:58:53.648+0000] {processor.py:840} INFO - DAG(s) 'move_landing_to_bronze_partitioned' retrieved from /opt/airflow/dags/move_landing_to_bronze_partitioned.py
[2025-04-28T12:58:53.664+0000] {logging_mixin.py:188} INFO - [2025-04-28T12:58:53.663+0000] {dag.py:3096} INFO - Sync 1 DAGs
[2025-04-28T12:58:53.670+0000] {logging_mixin.py:188} INFO - [2025-04-28T12:58:53.670+0000] {dag.py:3954} INFO - Setting next_dagrun for move_landing_to_bronze_partitioned to None, run_after=None
[2025-04-28T12:58:53.682+0000] {processor.py:183} INFO - Processing /opt/airflow/dags/move_landing_to_bronze_partitioned.py took 0.181 seconds
[2025-04-28T12:59:24.337+0000] {processor.py:161} INFO - Started process (PID=5729) to work on /opt/airflow/dags/move_landing_to_bronze_partitioned.py
[2025-04-28T12:59:24.338+0000] {processor.py:830} INFO - Processing file /opt/airflow/dags/move_landing_to_bronze_partitioned.py for tasks to queue
[2025-04-28T12:59:24.339+0000] {logging_mixin.py:188} INFO - [2025-04-28T12:59:24.339+0000] {dagbag.py:540} INFO - Filling up the DagBag from /opt/airflow/dags/move_landing_to_bronze_partitioned.py
[2025-04-28T12:59:24.490+0000] {processor.py:840} INFO - DAG(s) 'move_landing_to_bronze_partitioned' retrieved from /opt/airflow/dags/move_landing_to_bronze_partitioned.py
[2025-04-28T12:59:24.504+0000] {logging_mixin.py:188} INFO - [2025-04-28T12:59:24.504+0000] {dag.py:3096} INFO - Sync 1 DAGs
[2025-04-28T12:59:24.515+0000] {logging_mixin.py:188} INFO - [2025-04-28T12:59:24.515+0000] {dag.py:3954} INFO - Setting next_dagrun for move_landing_to_bronze_partitioned to None, run_after=None
[2025-04-28T12:59:24.526+0000] {processor.py:183} INFO - Processing /opt/airflow/dags/move_landing_to_bronze_partitioned.py took 0.192 seconds
[2025-04-28T12:59:55.336+0000] {processor.py:161} INFO - Started process (PID=5766) to work on /opt/airflow/dags/move_landing_to_bronze_partitioned.py
[2025-04-28T12:59:55.336+0000] {processor.py:830} INFO - Processing file /opt/airflow/dags/move_landing_to_bronze_partitioned.py for tasks to queue
[2025-04-28T12:59:55.337+0000] {logging_mixin.py:188} INFO - [2025-04-28T12:59:55.337+0000] {dagbag.py:540} INFO - Filling up the DagBag from /opt/airflow/dags/move_landing_to_bronze_partitioned.py
[2025-04-28T12:59:55.478+0000] {processor.py:840} INFO - DAG(s) 'move_landing_to_bronze_partitioned' retrieved from /opt/airflow/dags/move_landing_to_bronze_partitioned.py
[2025-04-28T12:59:55.491+0000] {logging_mixin.py:188} INFO - [2025-04-28T12:59:55.491+0000] {dag.py:3096} INFO - Sync 1 DAGs
[2025-04-28T12:59:55.497+0000] {logging_mixin.py:188} INFO - [2025-04-28T12:59:55.497+0000] {dag.py:3954} INFO - Setting next_dagrun for move_landing_to_bronze_partitioned to None, run_after=None
[2025-04-28T12:59:55.507+0000] {processor.py:183} INFO - Processing /opt/airflow/dags/move_landing_to_bronze_partitioned.py took 0.174 seconds
[2025-04-28T13:00:26.146+0000] {processor.py:161} INFO - Started process (PID=5862) to work on /opt/airflow/dags/move_landing_to_bronze_partitioned.py
[2025-04-28T13:00:26.147+0000] {processor.py:830} INFO - Processing file /opt/airflow/dags/move_landing_to_bronze_partitioned.py for tasks to queue
[2025-04-28T13:00:26.148+0000] {logging_mixin.py:188} INFO - [2025-04-28T13:00:26.147+0000] {dagbag.py:540} INFO - Filling up the DagBag from /opt/airflow/dags/move_landing_to_bronze_partitioned.py
[2025-04-28T13:00:26.331+0000] {processor.py:840} INFO - DAG(s) 'move_landing_to_bronze_partitioned' retrieved from /opt/airflow/dags/move_landing_to_bronze_partitioned.py
[2025-04-28T13:00:26.346+0000] {logging_mixin.py:188} INFO - [2025-04-28T13:00:26.345+0000] {dag.py:3096} INFO - Sync 1 DAGs
[2025-04-28T13:00:26.352+0000] {logging_mixin.py:188} INFO - [2025-04-28T13:00:26.352+0000] {dag.py:3954} INFO - Setting next_dagrun for move_landing_to_bronze_partitioned to None, run_after=None
[2025-04-28T13:00:26.362+0000] {processor.py:183} INFO - Processing /opt/airflow/dags/move_landing_to_bronze_partitioned.py took 0.219 seconds
[2025-04-28T13:00:57.042+0000] {processor.py:161} INFO - Started process (PID=5897) to work on /opt/airflow/dags/move_landing_to_bronze_partitioned.py
[2025-04-28T13:00:57.042+0000] {processor.py:830} INFO - Processing file /opt/airflow/dags/move_landing_to_bronze_partitioned.py for tasks to queue
[2025-04-28T13:00:57.043+0000] {logging_mixin.py:188} INFO - [2025-04-28T13:00:57.043+0000] {dagbag.py:540} INFO - Filling up the DagBag from /opt/airflow/dags/move_landing_to_bronze_partitioned.py
[2025-04-28T13:00:57.183+0000] {processor.py:840} INFO - DAG(s) 'move_landing_to_bronze_partitioned' retrieved from /opt/airflow/dags/move_landing_to_bronze_partitioned.py
[2025-04-28T13:00:57.197+0000] {logging_mixin.py:188} INFO - [2025-04-28T13:00:57.196+0000] {dag.py:3096} INFO - Sync 1 DAGs
[2025-04-28T13:00:57.207+0000] {logging_mixin.py:188} INFO - [2025-04-28T13:00:57.207+0000] {dag.py:3954} INFO - Setting next_dagrun for move_landing_to_bronze_partitioned to None, run_after=None
[2025-04-28T13:00:57.218+0000] {processor.py:183} INFO - Processing /opt/airflow/dags/move_landing_to_bronze_partitioned.py took 0.179 seconds
[2025-04-28T13:01:27.847+0000] {processor.py:161} INFO - Started process (PID=5932) to work on /opt/airflow/dags/move_landing_to_bronze_partitioned.py
[2025-04-28T13:01:27.848+0000] {processor.py:830} INFO - Processing file /opt/airflow/dags/move_landing_to_bronze_partitioned.py for tasks to queue
[2025-04-28T13:01:27.849+0000] {logging_mixin.py:188} INFO - [2025-04-28T13:01:27.849+0000] {dagbag.py:540} INFO - Filling up the DagBag from /opt/airflow/dags/move_landing_to_bronze_partitioned.py
[2025-04-28T13:01:27.989+0000] {processor.py:840} INFO - DAG(s) 'move_landing_to_bronze_partitioned' retrieved from /opt/airflow/dags/move_landing_to_bronze_partitioned.py
[2025-04-28T13:01:28.004+0000] {logging_mixin.py:188} INFO - [2025-04-28T13:01:28.003+0000] {dag.py:3096} INFO - Sync 1 DAGs
[2025-04-28T13:01:28.010+0000] {logging_mixin.py:188} INFO - [2025-04-28T13:01:28.010+0000] {dag.py:3954} INFO - Setting next_dagrun for move_landing_to_bronze_partitioned to None, run_after=None
[2025-04-28T13:01:28.021+0000] {processor.py:183} INFO - Processing /opt/airflow/dags/move_landing_to_bronze_partitioned.py took 0.176 seconds
[2025-04-28T13:01:58.666+0000] {processor.py:161} INFO - Started process (PID=5967) to work on /opt/airflow/dags/move_landing_to_bronze_partitioned.py
[2025-04-28T13:01:58.667+0000] {processor.py:830} INFO - Processing file /opt/airflow/dags/move_landing_to_bronze_partitioned.py for tasks to queue
[2025-04-28T13:01:58.669+0000] {logging_mixin.py:188} INFO - [2025-04-28T13:01:58.669+0000] {dagbag.py:540} INFO - Filling up the DagBag from /opt/airflow/dags/move_landing_to_bronze_partitioned.py
[2025-04-28T13:01:58.821+0000] {processor.py:840} INFO - DAG(s) 'move_landing_to_bronze_partitioned' retrieved from /opt/airflow/dags/move_landing_to_bronze_partitioned.py
[2025-04-28T13:01:58.836+0000] {logging_mixin.py:188} INFO - [2025-04-28T13:01:58.836+0000] {dag.py:3096} INFO - Sync 1 DAGs
[2025-04-28T13:01:58.844+0000] {logging_mixin.py:188} INFO - [2025-04-28T13:01:58.844+0000] {dag.py:3954} INFO - Setting next_dagrun for move_landing_to_bronze_partitioned to None, run_after=None
[2025-04-28T13:01:58.855+0000] {processor.py:183} INFO - Processing /opt/airflow/dags/move_landing_to_bronze_partitioned.py took 0.191 seconds
[2025-04-28T13:02:29.555+0000] {processor.py:161} INFO - Started process (PID=6002) to work on /opt/airflow/dags/move_landing_to_bronze_partitioned.py
[2025-04-28T13:02:29.556+0000] {processor.py:830} INFO - Processing file /opt/airflow/dags/move_landing_to_bronze_partitioned.py for tasks to queue
[2025-04-28T13:02:29.557+0000] {logging_mixin.py:188} INFO - [2025-04-28T13:02:29.557+0000] {dagbag.py:540} INFO - Filling up the DagBag from /opt/airflow/dags/move_landing_to_bronze_partitioned.py
[2025-04-28T13:02:29.707+0000] {processor.py:840} INFO - DAG(s) 'move_landing_to_bronze_partitioned' retrieved from /opt/airflow/dags/move_landing_to_bronze_partitioned.py
[2025-04-28T13:02:29.722+0000] {logging_mixin.py:188} INFO - [2025-04-28T13:02:29.722+0000] {dag.py:3096} INFO - Sync 1 DAGs
[2025-04-28T13:02:29.729+0000] {logging_mixin.py:188} INFO - [2025-04-28T13:02:29.729+0000] {dag.py:3954} INFO - Setting next_dagrun for move_landing_to_bronze_partitioned to None, run_after=None
[2025-04-28T13:02:29.739+0000] {processor.py:183} INFO - Processing /opt/airflow/dags/move_landing_to_bronze_partitioned.py took 0.187 seconds
[2025-04-28T13:03:00.473+0000] {processor.py:161} INFO - Started process (PID=6039) to work on /opt/airflow/dags/move_landing_to_bronze_partitioned.py
[2025-04-28T13:03:00.474+0000] {processor.py:830} INFO - Processing file /opt/airflow/dags/move_landing_to_bronze_partitioned.py for tasks to queue
[2025-04-28T13:03:00.475+0000] {logging_mixin.py:188} INFO - [2025-04-28T13:03:00.474+0000] {dagbag.py:540} INFO - Filling up the DagBag from /opt/airflow/dags/move_landing_to_bronze_partitioned.py
[2025-04-28T13:03:00.606+0000] {processor.py:840} INFO - DAG(s) 'move_landing_to_bronze_partitioned' retrieved from /opt/airflow/dags/move_landing_to_bronze_partitioned.py
[2025-04-28T13:03:00.619+0000] {logging_mixin.py:188} INFO - [2025-04-28T13:03:00.619+0000] {dag.py:3096} INFO - Sync 1 DAGs
[2025-04-28T13:03:00.624+0000] {logging_mixin.py:188} INFO - [2025-04-28T13:03:00.624+0000] {dag.py:3954} INFO - Setting next_dagrun for move_landing_to_bronze_partitioned to None, run_after=None
[2025-04-28T13:03:00.634+0000] {processor.py:183} INFO - Processing /opt/airflow/dags/move_landing_to_bronze_partitioned.py took 0.163 seconds
[2025-04-28T13:03:31.276+0000] {processor.py:161} INFO - Started process (PID=6072) to work on /opt/airflow/dags/move_landing_to_bronze_partitioned.py
[2025-04-28T13:03:31.276+0000] {processor.py:830} INFO - Processing file /opt/airflow/dags/move_landing_to_bronze_partitioned.py for tasks to queue
[2025-04-28T13:03:31.277+0000] {logging_mixin.py:188} INFO - [2025-04-28T13:03:31.277+0000] {dagbag.py:540} INFO - Filling up the DagBag from /opt/airflow/dags/move_landing_to_bronze_partitioned.py
[2025-04-28T13:03:31.421+0000] {processor.py:840} INFO - DAG(s) 'move_landing_to_bronze_partitioned' retrieved from /opt/airflow/dags/move_landing_to_bronze_partitioned.py
[2025-04-28T13:03:31.437+0000] {logging_mixin.py:188} INFO - [2025-04-28T13:03:31.436+0000] {dag.py:3096} INFO - Sync 1 DAGs
[2025-04-28T13:03:31.445+0000] {logging_mixin.py:188} INFO - [2025-04-28T13:03:31.445+0000] {dag.py:3954} INFO - Setting next_dagrun for move_landing_to_bronze_partitioned to None, run_after=None
[2025-04-28T13:03:31.456+0000] {processor.py:183} INFO - Processing /opt/airflow/dags/move_landing_to_bronze_partitioned.py took 0.183 seconds
[2025-04-28T13:04:02.105+0000] {processor.py:161} INFO - Started process (PID=6107) to work on /opt/airflow/dags/move_landing_to_bronze_partitioned.py
[2025-04-28T13:04:02.106+0000] {processor.py:830} INFO - Processing file /opt/airflow/dags/move_landing_to_bronze_partitioned.py for tasks to queue
[2025-04-28T13:04:02.107+0000] {logging_mixin.py:188} INFO - [2025-04-28T13:04:02.107+0000] {dagbag.py:540} INFO - Filling up the DagBag from /opt/airflow/dags/move_landing_to_bronze_partitioned.py
[2025-04-28T13:04:02.251+0000] {processor.py:840} INFO - DAG(s) 'move_landing_to_bronze_partitioned' retrieved from /opt/airflow/dags/move_landing_to_bronze_partitioned.py
[2025-04-28T13:04:02.265+0000] {logging_mixin.py:188} INFO - [2025-04-28T13:04:02.265+0000] {dag.py:3096} INFO - Sync 1 DAGs
[2025-04-28T13:04:02.274+0000] {logging_mixin.py:188} INFO - [2025-04-28T13:04:02.274+0000] {dag.py:3954} INFO - Setting next_dagrun for move_landing_to_bronze_partitioned to None, run_after=None
[2025-04-28T13:04:02.284+0000] {processor.py:183} INFO - Processing /opt/airflow/dags/move_landing_to_bronze_partitioned.py took 0.182 seconds
[2025-04-28T13:04:32.895+0000] {processor.py:161} INFO - Started process (PID=6142) to work on /opt/airflow/dags/move_landing_to_bronze_partitioned.py
[2025-04-28T13:04:32.895+0000] {processor.py:830} INFO - Processing file /opt/airflow/dags/move_landing_to_bronze_partitioned.py for tasks to queue
[2025-04-28T13:04:32.896+0000] {logging_mixin.py:188} INFO - [2025-04-28T13:04:32.896+0000] {dagbag.py:540} INFO - Filling up the DagBag from /opt/airflow/dags/move_landing_to_bronze_partitioned.py
[2025-04-28T13:04:33.039+0000] {processor.py:840} INFO - DAG(s) 'move_landing_to_bronze_partitioned' retrieved from /opt/airflow/dags/move_landing_to_bronze_partitioned.py
[2025-04-28T13:04:33.055+0000] {logging_mixin.py:188} INFO - [2025-04-28T13:04:33.055+0000] {dag.py:3096} INFO - Sync 1 DAGs
[2025-04-28T13:04:33.061+0000] {logging_mixin.py:188} INFO - [2025-04-28T13:04:33.061+0000] {dag.py:3954} INFO - Setting next_dagrun for move_landing_to_bronze_partitioned to None, run_after=None
[2025-04-28T13:04:33.072+0000] {processor.py:183} INFO - Processing /opt/airflow/dags/move_landing_to_bronze_partitioned.py took 0.180 seconds
[2025-04-28T13:05:03.777+0000] {processor.py:161} INFO - Started process (PID=6177) to work on /opt/airflow/dags/move_landing_to_bronze_partitioned.py
[2025-04-28T13:05:03.778+0000] {processor.py:830} INFO - Processing file /opt/airflow/dags/move_landing_to_bronze_partitioned.py for tasks to queue
[2025-04-28T13:05:03.779+0000] {logging_mixin.py:188} INFO - [2025-04-28T13:05:03.779+0000] {dagbag.py:540} INFO - Filling up the DagBag from /opt/airflow/dags/move_landing_to_bronze_partitioned.py
[2025-04-28T13:05:03.922+0000] {processor.py:840} INFO - DAG(s) 'move_landing_to_bronze_partitioned' retrieved from /opt/airflow/dags/move_landing_to_bronze_partitioned.py
[2025-04-28T13:05:03.936+0000] {logging_mixin.py:188} INFO - [2025-04-28T13:05:03.936+0000] {dag.py:3096} INFO - Sync 1 DAGs
[2025-04-28T13:05:03.943+0000] {logging_mixin.py:188} INFO - [2025-04-28T13:05:03.943+0000] {dag.py:3954} INFO - Setting next_dagrun for move_landing_to_bronze_partitioned to None, run_after=None
[2025-04-28T13:05:03.953+0000] {processor.py:183} INFO - Processing /opt/airflow/dags/move_landing_to_bronze_partitioned.py took 0.178 seconds
[2025-04-28T13:05:34.604+0000] {processor.py:161} INFO - Started process (PID=6212) to work on /opt/airflow/dags/move_landing_to_bronze_partitioned.py
[2025-04-28T13:05:34.605+0000] {processor.py:830} INFO - Processing file /opt/airflow/dags/move_landing_to_bronze_partitioned.py for tasks to queue
[2025-04-28T13:05:34.605+0000] {logging_mixin.py:188} INFO - [2025-04-28T13:05:34.605+0000] {dagbag.py:540} INFO - Filling up the DagBag from /opt/airflow/dags/move_landing_to_bronze_partitioned.py
[2025-04-28T13:05:34.754+0000] {processor.py:840} INFO - DAG(s) 'move_landing_to_bronze_partitioned' retrieved from /opt/airflow/dags/move_landing_to_bronze_partitioned.py
[2025-04-28T13:05:34.767+0000] {logging_mixin.py:188} INFO - [2025-04-28T13:05:34.767+0000] {dag.py:3096} INFO - Sync 1 DAGs
[2025-04-28T13:05:34.777+0000] {logging_mixin.py:188} INFO - [2025-04-28T13:05:34.777+0000] {dag.py:3954} INFO - Setting next_dagrun for move_landing_to_bronze_partitioned to None, run_after=None
[2025-04-28T13:05:34.788+0000] {processor.py:183} INFO - Processing /opt/airflow/dags/move_landing_to_bronze_partitioned.py took 0.186 seconds
[2025-04-28T13:06:05.429+0000] {processor.py:161} INFO - Started process (PID=6247) to work on /opt/airflow/dags/move_landing_to_bronze_partitioned.py
[2025-04-28T13:06:05.430+0000] {processor.py:830} INFO - Processing file /opt/airflow/dags/move_landing_to_bronze_partitioned.py for tasks to queue
[2025-04-28T13:06:05.431+0000] {logging_mixin.py:188} INFO - [2025-04-28T13:06:05.431+0000] {dagbag.py:540} INFO - Filling up the DagBag from /opt/airflow/dags/move_landing_to_bronze_partitioned.py
[2025-04-28T13:06:05.589+0000] {processor.py:840} INFO - DAG(s) 'move_landing_to_bronze_partitioned' retrieved from /opt/airflow/dags/move_landing_to_bronze_partitioned.py
[2025-04-28T13:06:05.603+0000] {logging_mixin.py:188} INFO - [2025-04-28T13:06:05.603+0000] {dag.py:3096} INFO - Sync 1 DAGs
[2025-04-28T13:06:05.609+0000] {logging_mixin.py:188} INFO - [2025-04-28T13:06:05.609+0000] {dag.py:3954} INFO - Setting next_dagrun for move_landing_to_bronze_partitioned to None, run_after=None
[2025-04-28T13:06:05.618+0000] {processor.py:183} INFO - Processing /opt/airflow/dags/move_landing_to_bronze_partitioned.py took 0.192 seconds
[2025-04-28T13:06:36.228+0000] {processor.py:161} INFO - Started process (PID=6282) to work on /opt/airflow/dags/move_landing_to_bronze_partitioned.py
[2025-04-28T13:06:36.228+0000] {processor.py:830} INFO - Processing file /opt/airflow/dags/move_landing_to_bronze_partitioned.py for tasks to queue
[2025-04-28T13:06:36.229+0000] {logging_mixin.py:188} INFO - [2025-04-28T13:06:36.229+0000] {dagbag.py:540} INFO - Filling up the DagBag from /opt/airflow/dags/move_landing_to_bronze_partitioned.py
[2025-04-28T13:06:36.370+0000] {processor.py:840} INFO - DAG(s) 'move_landing_to_bronze_partitioned' retrieved from /opt/airflow/dags/move_landing_to_bronze_partitioned.py
[2025-04-28T13:06:36.385+0000] {logging_mixin.py:188} INFO - [2025-04-28T13:06:36.385+0000] {dag.py:3096} INFO - Sync 1 DAGs
[2025-04-28T13:06:36.392+0000] {logging_mixin.py:188} INFO - [2025-04-28T13:06:36.392+0000] {dag.py:3954} INFO - Setting next_dagrun for move_landing_to_bronze_partitioned to None, run_after=None
[2025-04-28T13:06:36.403+0000] {processor.py:183} INFO - Processing /opt/airflow/dags/move_landing_to_bronze_partitioned.py took 0.178 seconds
[2025-04-28T13:07:07.033+0000] {processor.py:161} INFO - Started process (PID=6317) to work on /opt/airflow/dags/move_landing_to_bronze_partitioned.py
[2025-04-28T13:07:07.033+0000] {processor.py:830} INFO - Processing file /opt/airflow/dags/move_landing_to_bronze_partitioned.py for tasks to queue
[2025-04-28T13:07:07.034+0000] {logging_mixin.py:188} INFO - [2025-04-28T13:07:07.034+0000] {dagbag.py:540} INFO - Filling up the DagBag from /opt/airflow/dags/move_landing_to_bronze_partitioned.py
[2025-04-28T13:07:07.185+0000] {processor.py:840} INFO - DAG(s) 'move_landing_to_bronze_partitioned' retrieved from /opt/airflow/dags/move_landing_to_bronze_partitioned.py
[2025-04-28T13:07:07.201+0000] {logging_mixin.py:188} INFO - [2025-04-28T13:07:07.200+0000] {dag.py:3096} INFO - Sync 1 DAGs
[2025-04-28T13:07:07.207+0000] {logging_mixin.py:188} INFO - [2025-04-28T13:07:07.207+0000] {dag.py:3954} INFO - Setting next_dagrun for move_landing_to_bronze_partitioned to None, run_after=None
[2025-04-28T13:07:07.218+0000] {processor.py:183} INFO - Processing /opt/airflow/dags/move_landing_to_bronze_partitioned.py took 0.188 seconds
[2025-04-28T13:07:37.818+0000] {processor.py:161} INFO - Started process (PID=6352) to work on /opt/airflow/dags/move_landing_to_bronze_partitioned.py
[2025-04-28T13:07:37.819+0000] {processor.py:830} INFO - Processing file /opt/airflow/dags/move_landing_to_bronze_partitioned.py for tasks to queue
[2025-04-28T13:07:37.820+0000] {logging_mixin.py:188} INFO - [2025-04-28T13:07:37.820+0000] {dagbag.py:540} INFO - Filling up the DagBag from /opt/airflow/dags/move_landing_to_bronze_partitioned.py
[2025-04-28T13:07:37.959+0000] {processor.py:840} INFO - DAG(s) 'move_landing_to_bronze_partitioned' retrieved from /opt/airflow/dags/move_landing_to_bronze_partitioned.py
[2025-04-28T13:07:37.972+0000] {logging_mixin.py:188} INFO - [2025-04-28T13:07:37.972+0000] {dag.py:3096} INFO - Sync 1 DAGs
[2025-04-28T13:07:37.980+0000] {logging_mixin.py:188} INFO - [2025-04-28T13:07:37.980+0000] {dag.py:3954} INFO - Setting next_dagrun for move_landing_to_bronze_partitioned to None, run_after=None
[2025-04-28T13:07:37.990+0000] {processor.py:183} INFO - Processing /opt/airflow/dags/move_landing_to_bronze_partitioned.py took 0.174 seconds
[2025-04-28T13:08:08.633+0000] {processor.py:161} INFO - Started process (PID=6387) to work on /opt/airflow/dags/move_landing_to_bronze_partitioned.py
[2025-04-28T13:08:08.634+0000] {processor.py:830} INFO - Processing file /opt/airflow/dags/move_landing_to_bronze_partitioned.py for tasks to queue
[2025-04-28T13:08:08.634+0000] {logging_mixin.py:188} INFO - [2025-04-28T13:08:08.634+0000] {dagbag.py:540} INFO - Filling up the DagBag from /opt/airflow/dags/move_landing_to_bronze_partitioned.py
[2025-04-28T13:08:08.776+0000] {processor.py:840} INFO - DAG(s) 'move_landing_to_bronze_partitioned' retrieved from /opt/airflow/dags/move_landing_to_bronze_partitioned.py
[2025-04-28T13:08:08.789+0000] {logging_mixin.py:188} INFO - [2025-04-28T13:08:08.789+0000] {dag.py:3096} INFO - Sync 1 DAGs
[2025-04-28T13:08:08.796+0000] {logging_mixin.py:188} INFO - [2025-04-28T13:08:08.796+0000] {dag.py:3954} INFO - Setting next_dagrun for move_landing_to_bronze_partitioned to None, run_after=None
[2025-04-28T13:08:08.809+0000] {processor.py:183} INFO - Processing /opt/airflow/dags/move_landing_to_bronze_partitioned.py took 0.179 seconds
[2025-04-28T13:08:39.427+0000] {processor.py:161} INFO - Started process (PID=6422) to work on /opt/airflow/dags/move_landing_to_bronze_partitioned.py
[2025-04-28T13:08:39.428+0000] {processor.py:830} INFO - Processing file /opt/airflow/dags/move_landing_to_bronze_partitioned.py for tasks to queue
[2025-04-28T13:08:39.429+0000] {logging_mixin.py:188} INFO - [2025-04-28T13:08:39.429+0000] {dagbag.py:540} INFO - Filling up the DagBag from /opt/airflow/dags/move_landing_to_bronze_partitioned.py
[2025-04-28T13:08:39.575+0000] {processor.py:840} INFO - DAG(s) 'move_landing_to_bronze_partitioned' retrieved from /opt/airflow/dags/move_landing_to_bronze_partitioned.py
[2025-04-28T13:08:39.594+0000] {logging_mixin.py:188} INFO - [2025-04-28T13:08:39.594+0000] {dag.py:3096} INFO - Sync 1 DAGs
[2025-04-28T13:08:39.600+0000] {logging_mixin.py:188} INFO - [2025-04-28T13:08:39.600+0000] {dag.py:3954} INFO - Setting next_dagrun for move_landing_to_bronze_partitioned to None, run_after=None
[2025-04-28T13:08:39.609+0000] {processor.py:183} INFO - Processing /opt/airflow/dags/move_landing_to_bronze_partitioned.py took 0.185 seconds
[2025-04-28T13:09:10.285+0000] {processor.py:161} INFO - Started process (PID=6457) to work on /opt/airflow/dags/move_landing_to_bronze_partitioned.py
[2025-04-28T13:09:10.285+0000] {processor.py:830} INFO - Processing file /opt/airflow/dags/move_landing_to_bronze_partitioned.py for tasks to queue
[2025-04-28T13:09:10.286+0000] {logging_mixin.py:188} INFO - [2025-04-28T13:09:10.286+0000] {dagbag.py:540} INFO - Filling up the DagBag from /opt/airflow/dags/move_landing_to_bronze_partitioned.py
[2025-04-28T13:09:10.432+0000] {processor.py:840} INFO - DAG(s) 'move_landing_to_bronze_partitioned' retrieved from /opt/airflow/dags/move_landing_to_bronze_partitioned.py
[2025-04-28T13:09:10.445+0000] {logging_mixin.py:188} INFO - [2025-04-28T13:09:10.445+0000] {dag.py:3096} INFO - Sync 1 DAGs
[2025-04-28T13:09:10.455+0000] {logging_mixin.py:188} INFO - [2025-04-28T13:09:10.455+0000] {dag.py:3954} INFO - Setting next_dagrun for move_landing_to_bronze_partitioned to None, run_after=None
[2025-04-28T13:09:10.466+0000] {processor.py:183} INFO - Processing /opt/airflow/dags/move_landing_to_bronze_partitioned.py took 0.184 seconds
[2025-04-28T13:09:41.053+0000] {processor.py:161} INFO - Started process (PID=6492) to work on /opt/airflow/dags/move_landing_to_bronze_partitioned.py
[2025-04-28T13:09:41.054+0000] {processor.py:830} INFO - Processing file /opt/airflow/dags/move_landing_to_bronze_partitioned.py for tasks to queue
[2025-04-28T13:09:41.055+0000] {logging_mixin.py:188} INFO - [2025-04-28T13:09:41.055+0000] {dagbag.py:540} INFO - Filling up the DagBag from /opt/airflow/dags/move_landing_to_bronze_partitioned.py
[2025-04-28T13:09:41.202+0000] {processor.py:840} INFO - DAG(s) 'move_landing_to_bronze_partitioned' retrieved from /opt/airflow/dags/move_landing_to_bronze_partitioned.py
[2025-04-28T13:09:41.219+0000] {logging_mixin.py:188} INFO - [2025-04-28T13:09:41.219+0000] {dag.py:3096} INFO - Sync 1 DAGs
[2025-04-28T13:09:41.229+0000] {logging_mixin.py:188} INFO - [2025-04-28T13:09:41.229+0000] {dag.py:3954} INFO - Setting next_dagrun for move_landing_to_bronze_partitioned to None, run_after=None
[2025-04-28T13:09:41.237+0000] {processor.py:183} INFO - Processing /opt/airflow/dags/move_landing_to_bronze_partitioned.py took 0.187 seconds
[2025-04-28T13:10:11.878+0000] {processor.py:161} INFO - Started process (PID=6527) to work on /opt/airflow/dags/move_landing_to_bronze_partitioned.py
[2025-04-28T13:10:11.879+0000] {processor.py:830} INFO - Processing file /opt/airflow/dags/move_landing_to_bronze_partitioned.py for tasks to queue
[2025-04-28T13:10:11.881+0000] {logging_mixin.py:188} INFO - [2025-04-28T13:10:11.881+0000] {dagbag.py:540} INFO - Filling up the DagBag from /opt/airflow/dags/move_landing_to_bronze_partitioned.py
[2025-04-28T13:10:12.035+0000] {processor.py:840} INFO - DAG(s) 'move_landing_to_bronze_partitioned' retrieved from /opt/airflow/dags/move_landing_to_bronze_partitioned.py
[2025-04-28T13:10:12.051+0000] {logging_mixin.py:188} INFO - [2025-04-28T13:10:12.051+0000] {dag.py:3096} INFO - Sync 1 DAGs
[2025-04-28T13:10:12.058+0000] {logging_mixin.py:188} INFO - [2025-04-28T13:10:12.058+0000] {dag.py:3954} INFO - Setting next_dagrun for move_landing_to_bronze_partitioned to None, run_after=None
[2025-04-28T13:10:12.068+0000] {processor.py:183} INFO - Processing /opt/airflow/dags/move_landing_to_bronze_partitioned.py took 0.193 seconds
[2025-04-28T13:10:42.681+0000] {processor.py:161} INFO - Started process (PID=6562) to work on /opt/airflow/dags/move_landing_to_bronze_partitioned.py
[2025-04-28T13:10:42.682+0000] {processor.py:830} INFO - Processing file /opt/airflow/dags/move_landing_to_bronze_partitioned.py for tasks to queue
[2025-04-28T13:10:42.683+0000] {logging_mixin.py:188} INFO - [2025-04-28T13:10:42.682+0000] {dagbag.py:540} INFO - Filling up the DagBag from /opt/airflow/dags/move_landing_to_bronze_partitioned.py
[2025-04-28T13:10:42.829+0000] {processor.py:840} INFO - DAG(s) 'move_landing_to_bronze_partitioned' retrieved from /opt/airflow/dags/move_landing_to_bronze_partitioned.py
[2025-04-28T13:10:42.844+0000] {logging_mixin.py:188} INFO - [2025-04-28T13:10:42.844+0000] {dag.py:3096} INFO - Sync 1 DAGs
[2025-04-28T13:10:42.850+0000] {logging_mixin.py:188} INFO - [2025-04-28T13:10:42.850+0000] {dag.py:3954} INFO - Setting next_dagrun for move_landing_to_bronze_partitioned to None, run_after=None
[2025-04-28T13:10:42.860+0000] {processor.py:183} INFO - Processing /opt/airflow/dags/move_landing_to_bronze_partitioned.py took 0.182 seconds
[2025-04-28T13:11:13.479+0000] {processor.py:161} INFO - Started process (PID=6597) to work on /opt/airflow/dags/move_landing_to_bronze_partitioned.py
[2025-04-28T13:11:13.480+0000] {processor.py:830} INFO - Processing file /opt/airflow/dags/move_landing_to_bronze_partitioned.py for tasks to queue
[2025-04-28T13:11:13.481+0000] {logging_mixin.py:188} INFO - [2025-04-28T13:11:13.480+0000] {dagbag.py:540} INFO - Filling up the DagBag from /opt/airflow/dags/move_landing_to_bronze_partitioned.py
[2025-04-28T13:11:13.630+0000] {processor.py:840} INFO - DAG(s) 'move_landing_to_bronze_partitioned' retrieved from /opt/airflow/dags/move_landing_to_bronze_partitioned.py
[2025-04-28T13:11:13.646+0000] {logging_mixin.py:188} INFO - [2025-04-28T13:11:13.645+0000] {dag.py:3096} INFO - Sync 1 DAGs
[2025-04-28T13:11:13.653+0000] {logging_mixin.py:188} INFO - [2025-04-28T13:11:13.652+0000] {dag.py:3954} INFO - Setting next_dagrun for move_landing_to_bronze_partitioned to None, run_after=None
[2025-04-28T13:11:13.663+0000] {processor.py:183} INFO - Processing /opt/airflow/dags/move_landing_to_bronze_partitioned.py took 0.187 seconds
[2025-04-28T13:11:44.218+0000] {processor.py:161} INFO - Started process (PID=6632) to work on /opt/airflow/dags/move_landing_to_bronze_partitioned.py
[2025-04-28T13:11:44.219+0000] {processor.py:830} INFO - Processing file /opt/airflow/dags/move_landing_to_bronze_partitioned.py for tasks to queue
[2025-04-28T13:11:44.220+0000] {logging_mixin.py:188} INFO - [2025-04-28T13:11:44.220+0000] {dagbag.py:540} INFO - Filling up the DagBag from /opt/airflow/dags/move_landing_to_bronze_partitioned.py
[2025-04-28T13:11:44.360+0000] {processor.py:840} INFO - DAG(s) 'move_landing_to_bronze_partitioned' retrieved from /opt/airflow/dags/move_landing_to_bronze_partitioned.py
[2025-04-28T13:11:44.374+0000] {logging_mixin.py:188} INFO - [2025-04-28T13:11:44.374+0000] {dag.py:3096} INFO - Sync 1 DAGs
[2025-04-28T13:11:44.380+0000] {logging_mixin.py:188} INFO - [2025-04-28T13:11:44.380+0000] {dag.py:3954} INFO - Setting next_dagrun for move_landing_to_bronze_partitioned to None, run_after=None
[2025-04-28T13:11:44.389+0000] {processor.py:183} INFO - Processing /opt/airflow/dags/move_landing_to_bronze_partitioned.py took 0.173 seconds
[2025-04-28T13:12:15.001+0000] {processor.py:161} INFO - Started process (PID=6667) to work on /opt/airflow/dags/move_landing_to_bronze_partitioned.py
[2025-04-28T13:12:15.001+0000] {processor.py:830} INFO - Processing file /opt/airflow/dags/move_landing_to_bronze_partitioned.py for tasks to queue
[2025-04-28T13:12:15.002+0000] {logging_mixin.py:188} INFO - [2025-04-28T13:12:15.002+0000] {dagbag.py:540} INFO - Filling up the DagBag from /opt/airflow/dags/move_landing_to_bronze_partitioned.py
[2025-04-28T13:12:15.148+0000] {processor.py:840} INFO - DAG(s) 'move_landing_to_bronze_partitioned' retrieved from /opt/airflow/dags/move_landing_to_bronze_partitioned.py
[2025-04-28T13:12:15.162+0000] {logging_mixin.py:188} INFO - [2025-04-28T13:12:15.162+0000] {dag.py:3096} INFO - Sync 1 DAGs
[2025-04-28T13:12:15.172+0000] {logging_mixin.py:188} INFO - [2025-04-28T13:12:15.172+0000] {dag.py:3954} INFO - Setting next_dagrun for move_landing_to_bronze_partitioned to None, run_after=None
[2025-04-28T13:12:15.184+0000] {processor.py:183} INFO - Processing /opt/airflow/dags/move_landing_to_bronze_partitioned.py took 0.186 seconds
[2025-04-28T13:12:45.810+0000] {processor.py:161} INFO - Started process (PID=6702) to work on /opt/airflow/dags/move_landing_to_bronze_partitioned.py
[2025-04-28T13:12:45.811+0000] {processor.py:830} INFO - Processing file /opt/airflow/dags/move_landing_to_bronze_partitioned.py for tasks to queue
[2025-04-28T13:12:45.812+0000] {logging_mixin.py:188} INFO - [2025-04-28T13:12:45.812+0000] {dagbag.py:540} INFO - Filling up the DagBag from /opt/airflow/dags/move_landing_to_bronze_partitioned.py
[2025-04-28T13:12:45.956+0000] {processor.py:840} INFO - DAG(s) 'move_landing_to_bronze_partitioned' retrieved from /opt/airflow/dags/move_landing_to_bronze_partitioned.py
[2025-04-28T13:12:45.971+0000] {logging_mixin.py:188} INFO - [2025-04-28T13:12:45.971+0000] {dag.py:3096} INFO - Sync 1 DAGs
[2025-04-28T13:12:45.978+0000] {logging_mixin.py:188} INFO - [2025-04-28T13:12:45.978+0000] {dag.py:3954} INFO - Setting next_dagrun for move_landing_to_bronze_partitioned to None, run_after=None
[2025-04-28T13:12:45.989+0000] {processor.py:183} INFO - Processing /opt/airflow/dags/move_landing_to_bronze_partitioned.py took 0.181 seconds
[2025-04-28T13:13:16.613+0000] {processor.py:161} INFO - Started process (PID=6737) to work on /opt/airflow/dags/move_landing_to_bronze_partitioned.py
[2025-04-28T13:13:16.613+0000] {processor.py:830} INFO - Processing file /opt/airflow/dags/move_landing_to_bronze_partitioned.py for tasks to queue
[2025-04-28T13:13:16.614+0000] {logging_mixin.py:188} INFO - [2025-04-28T13:13:16.614+0000] {dagbag.py:540} INFO - Filling up the DagBag from /opt/airflow/dags/move_landing_to_bronze_partitioned.py
[2025-04-28T13:13:16.757+0000] {processor.py:840} INFO - DAG(s) 'move_landing_to_bronze_partitioned' retrieved from /opt/airflow/dags/move_landing_to_bronze_partitioned.py
[2025-04-28T13:13:16.771+0000] {logging_mixin.py:188} INFO - [2025-04-28T13:13:16.771+0000] {dag.py:3096} INFO - Sync 1 DAGs
[2025-04-28T13:13:16.780+0000] {logging_mixin.py:188} INFO - [2025-04-28T13:13:16.779+0000] {dag.py:3954} INFO - Setting next_dagrun for move_landing_to_bronze_partitioned to None, run_after=None
[2025-04-28T13:13:16.789+0000] {processor.py:183} INFO - Processing /opt/airflow/dags/move_landing_to_bronze_partitioned.py took 0.179 seconds
[2025-04-28T13:13:47.463+0000] {processor.py:161} INFO - Started process (PID=6772) to work on /opt/airflow/dags/move_landing_to_bronze_partitioned.py
[2025-04-28T13:13:47.464+0000] {processor.py:830} INFO - Processing file /opt/airflow/dags/move_landing_to_bronze_partitioned.py for tasks to queue
[2025-04-28T13:13:47.465+0000] {logging_mixin.py:188} INFO - [2025-04-28T13:13:47.465+0000] {dagbag.py:540} INFO - Filling up the DagBag from /opt/airflow/dags/move_landing_to_bronze_partitioned.py
[2025-04-28T13:13:47.603+0000] {processor.py:840} INFO - DAG(s) 'move_landing_to_bronze_partitioned' retrieved from /opt/airflow/dags/move_landing_to_bronze_partitioned.py
[2025-04-28T13:13:47.616+0000] {logging_mixin.py:188} INFO - [2025-04-28T13:13:47.616+0000] {dag.py:3096} INFO - Sync 1 DAGs
[2025-04-28T13:13:47.622+0000] {logging_mixin.py:188} INFO - [2025-04-28T13:13:47.622+0000] {dag.py:3954} INFO - Setting next_dagrun for move_landing_to_bronze_partitioned to None, run_after=None
[2025-04-28T13:13:47.661+0000] {processor.py:183} INFO - Processing /opt/airflow/dags/move_landing_to_bronze_partitioned.py took 0.200 seconds
[2025-04-28T13:14:18.297+0000] {processor.py:161} INFO - Started process (PID=6807) to work on /opt/airflow/dags/move_landing_to_bronze_partitioned.py
[2025-04-28T13:14:18.297+0000] {processor.py:830} INFO - Processing file /opt/airflow/dags/move_landing_to_bronze_partitioned.py for tasks to queue
[2025-04-28T13:14:18.298+0000] {logging_mixin.py:188} INFO - [2025-04-28T13:14:18.298+0000] {dagbag.py:540} INFO - Filling up the DagBag from /opt/airflow/dags/move_landing_to_bronze_partitioned.py
[2025-04-28T13:14:18.446+0000] {processor.py:840} INFO - DAG(s) 'move_landing_to_bronze_partitioned' retrieved from /opt/airflow/dags/move_landing_to_bronze_partitioned.py
[2025-04-28T13:14:18.461+0000] {logging_mixin.py:188} INFO - [2025-04-28T13:14:18.461+0000] {dag.py:3096} INFO - Sync 1 DAGs
[2025-04-28T13:14:18.470+0000] {logging_mixin.py:188} INFO - [2025-04-28T13:14:18.470+0000] {dag.py:3954} INFO - Setting next_dagrun for move_landing_to_bronze_partitioned to None, run_after=None
[2025-04-28T13:14:18.480+0000] {processor.py:183} INFO - Processing /opt/airflow/dags/move_landing_to_bronze_partitioned.py took 0.186 seconds
[2025-04-28T13:14:49.124+0000] {processor.py:161} INFO - Started process (PID=6842) to work on /opt/airflow/dags/move_landing_to_bronze_partitioned.py
[2025-04-28T13:14:49.124+0000] {processor.py:830} INFO - Processing file /opt/airflow/dags/move_landing_to_bronze_partitioned.py for tasks to queue
[2025-04-28T13:14:49.125+0000] {logging_mixin.py:188} INFO - [2025-04-28T13:14:49.125+0000] {dagbag.py:540} INFO - Filling up the DagBag from /opt/airflow/dags/move_landing_to_bronze_partitioned.py
[2025-04-28T13:14:49.271+0000] {processor.py:840} INFO - DAG(s) 'move_landing_to_bronze_partitioned' retrieved from /opt/airflow/dags/move_landing_to_bronze_partitioned.py
[2025-04-28T13:14:49.285+0000] {logging_mixin.py:188} INFO - [2025-04-28T13:14:49.285+0000] {dag.py:3096} INFO - Sync 1 DAGs
[2025-04-28T13:14:49.292+0000] {logging_mixin.py:188} INFO - [2025-04-28T13:14:49.292+0000] {dag.py:3954} INFO - Setting next_dagrun for move_landing_to_bronze_partitioned to None, run_after=None
[2025-04-28T13:14:49.303+0000] {processor.py:183} INFO - Processing /opt/airflow/dags/move_landing_to_bronze_partitioned.py took 0.183 seconds
[2025-04-28T13:15:19.897+0000] {processor.py:161} INFO - Started process (PID=6877) to work on /opt/airflow/dags/move_landing_to_bronze_partitioned.py
[2025-04-28T13:15:19.898+0000] {processor.py:830} INFO - Processing file /opt/airflow/dags/move_landing_to_bronze_partitioned.py for tasks to queue
[2025-04-28T13:15:19.899+0000] {logging_mixin.py:188} INFO - [2025-04-28T13:15:19.899+0000] {dagbag.py:540} INFO - Filling up the DagBag from /opt/airflow/dags/move_landing_to_bronze_partitioned.py
[2025-04-28T13:15:20.044+0000] {processor.py:840} INFO - DAG(s) 'move_landing_to_bronze_partitioned' retrieved from /opt/airflow/dags/move_landing_to_bronze_partitioned.py
[2025-04-28T13:15:20.058+0000] {logging_mixin.py:188} INFO - [2025-04-28T13:15:20.057+0000] {dag.py:3096} INFO - Sync 1 DAGs
[2025-04-28T13:15:20.066+0000] {logging_mixin.py:188} INFO - [2025-04-28T13:15:20.066+0000] {dag.py:3954} INFO - Setting next_dagrun for move_landing_to_bronze_partitioned to None, run_after=None
[2025-04-28T13:15:20.077+0000] {processor.py:183} INFO - Processing /opt/airflow/dags/move_landing_to_bronze_partitioned.py took 0.182 seconds
[2025-04-28T13:15:50.768+0000] {processor.py:161} INFO - Started process (PID=6912) to work on /opt/airflow/dags/move_landing_to_bronze_partitioned.py
[2025-04-28T13:15:50.768+0000] {processor.py:830} INFO - Processing file /opt/airflow/dags/move_landing_to_bronze_partitioned.py for tasks to queue
[2025-04-28T13:15:50.769+0000] {logging_mixin.py:188} INFO - [2025-04-28T13:15:50.769+0000] {dagbag.py:540} INFO - Filling up the DagBag from /opt/airflow/dags/move_landing_to_bronze_partitioned.py
[2025-04-28T13:15:50.921+0000] {processor.py:840} INFO - DAG(s) 'move_landing_to_bronze_partitioned' retrieved from /opt/airflow/dags/move_landing_to_bronze_partitioned.py
[2025-04-28T13:15:50.935+0000] {logging_mixin.py:188} INFO - [2025-04-28T13:15:50.934+0000] {dag.py:3096} INFO - Sync 1 DAGs
[2025-04-28T13:15:50.941+0000] {logging_mixin.py:188} INFO - [2025-04-28T13:15:50.941+0000] {dag.py:3954} INFO - Setting next_dagrun for move_landing_to_bronze_partitioned to None, run_after=None
[2025-04-28T13:15:50.949+0000] {processor.py:183} INFO - Processing /opt/airflow/dags/move_landing_to_bronze_partitioned.py took 0.185 seconds
[2025-04-28T13:16:21.539+0000] {processor.py:161} INFO - Started process (PID=6947) to work on /opt/airflow/dags/move_landing_to_bronze_partitioned.py
[2025-04-28T13:16:21.539+0000] {processor.py:830} INFO - Processing file /opt/airflow/dags/move_landing_to_bronze_partitioned.py for tasks to queue
[2025-04-28T13:16:21.540+0000] {logging_mixin.py:188} INFO - [2025-04-28T13:16:21.540+0000] {dagbag.py:540} INFO - Filling up the DagBag from /opt/airflow/dags/move_landing_to_bronze_partitioned.py
[2025-04-28T13:16:21.677+0000] {processor.py:840} INFO - DAG(s) 'move_landing_to_bronze_partitioned' retrieved from /opt/airflow/dags/move_landing_to_bronze_partitioned.py
[2025-04-28T13:16:21.691+0000] {logging_mixin.py:188} INFO - [2025-04-28T13:16:21.690+0000] {dag.py:3096} INFO - Sync 1 DAGs
[2025-04-28T13:16:21.697+0000] {logging_mixin.py:188} INFO - [2025-04-28T13:16:21.697+0000] {dag.py:3954} INFO - Setting next_dagrun for move_landing_to_bronze_partitioned to None, run_after=None
[2025-04-28T13:16:21.705+0000] {processor.py:183} INFO - Processing /opt/airflow/dags/move_landing_to_bronze_partitioned.py took 0.170 seconds
[2025-04-28T13:16:52.347+0000] {processor.py:161} INFO - Started process (PID=6982) to work on /opt/airflow/dags/move_landing_to_bronze_partitioned.py
[2025-04-28T13:16:52.347+0000] {processor.py:830} INFO - Processing file /opt/airflow/dags/move_landing_to_bronze_partitioned.py for tasks to queue
[2025-04-28T13:16:52.348+0000] {logging_mixin.py:188} INFO - [2025-04-28T13:16:52.348+0000] {dagbag.py:540} INFO - Filling up the DagBag from /opt/airflow/dags/move_landing_to_bronze_partitioned.py
[2025-04-28T13:16:52.488+0000] {processor.py:840} INFO - DAG(s) 'move_landing_to_bronze_partitioned' retrieved from /opt/airflow/dags/move_landing_to_bronze_partitioned.py
[2025-04-28T13:16:52.502+0000] {logging_mixin.py:188} INFO - [2025-04-28T13:16:52.502+0000] {dag.py:3096} INFO - Sync 1 DAGs
[2025-04-28T13:16:52.510+0000] {logging_mixin.py:188} INFO - [2025-04-28T13:16:52.510+0000] {dag.py:3954} INFO - Setting next_dagrun for move_landing_to_bronze_partitioned to None, run_after=None
[2025-04-28T13:16:52.519+0000] {processor.py:183} INFO - Processing /opt/airflow/dags/move_landing_to_bronze_partitioned.py took 0.176 seconds
[2025-04-28T13:17:23.155+0000] {processor.py:161} INFO - Started process (PID=7017) to work on /opt/airflow/dags/move_landing_to_bronze_partitioned.py
[2025-04-28T13:17:23.156+0000] {processor.py:830} INFO - Processing file /opt/airflow/dags/move_landing_to_bronze_partitioned.py for tasks to queue
[2025-04-28T13:17:23.157+0000] {logging_mixin.py:188} INFO - [2025-04-28T13:17:23.157+0000] {dagbag.py:540} INFO - Filling up the DagBag from /opt/airflow/dags/move_landing_to_bronze_partitioned.py
[2025-04-28T13:17:23.300+0000] {processor.py:840} INFO - DAG(s) 'move_landing_to_bronze_partitioned' retrieved from /opt/airflow/dags/move_landing_to_bronze_partitioned.py
[2025-04-28T13:17:23.314+0000] {logging_mixin.py:188} INFO - [2025-04-28T13:17:23.313+0000] {dag.py:3096} INFO - Sync 1 DAGs
[2025-04-28T13:17:23.320+0000] {logging_mixin.py:188} INFO - [2025-04-28T13:17:23.320+0000] {dag.py:3954} INFO - Setting next_dagrun for move_landing_to_bronze_partitioned to None, run_after=None
[2025-04-28T13:17:23.329+0000] {processor.py:183} INFO - Processing /opt/airflow/dags/move_landing_to_bronze_partitioned.py took 0.176 seconds
[2025-04-28T13:17:54.117+0000] {processor.py:161} INFO - Started process (PID=7054) to work on /opt/airflow/dags/move_landing_to_bronze_partitioned.py
[2025-04-28T13:17:54.118+0000] {processor.py:830} INFO - Processing file /opt/airflow/dags/move_landing_to_bronze_partitioned.py for tasks to queue
[2025-04-28T13:17:54.119+0000] {logging_mixin.py:188} INFO - [2025-04-28T13:17:54.119+0000] {dagbag.py:540} INFO - Filling up the DagBag from /opt/airflow/dags/move_landing_to_bronze_partitioned.py
[2025-04-28T13:17:54.258+0000] {processor.py:840} INFO - DAG(s) 'move_landing_to_bronze_partitioned' retrieved from /opt/airflow/dags/move_landing_to_bronze_partitioned.py
[2025-04-28T13:17:54.272+0000] {logging_mixin.py:188} INFO - [2025-04-28T13:17:54.272+0000] {dag.py:3096} INFO - Sync 1 DAGs
[2025-04-28T13:17:54.278+0000] {logging_mixin.py:188} INFO - [2025-04-28T13:17:54.277+0000] {dag.py:3954} INFO - Setting next_dagrun for move_landing_to_bronze_partitioned to None, run_after=None
[2025-04-28T13:17:54.291+0000] {processor.py:183} INFO - Processing /opt/airflow/dags/move_landing_to_bronze_partitioned.py took 0.177 seconds
[2025-04-28T13:18:24.960+0000] {processor.py:161} INFO - Started process (PID=7087) to work on /opt/airflow/dags/move_landing_to_bronze_partitioned.py
[2025-04-28T13:18:24.961+0000] {processor.py:830} INFO - Processing file /opt/airflow/dags/move_landing_to_bronze_partitioned.py for tasks to queue
[2025-04-28T13:18:24.962+0000] {logging_mixin.py:188} INFO - [2025-04-28T13:18:24.962+0000] {dagbag.py:540} INFO - Filling up the DagBag from /opt/airflow/dags/move_landing_to_bronze_partitioned.py
[2025-04-28T13:18:25.105+0000] {processor.py:840} INFO - DAG(s) 'move_landing_to_bronze_partitioned' retrieved from /opt/airflow/dags/move_landing_to_bronze_partitioned.py
[2025-04-28T13:18:25.121+0000] {logging_mixin.py:188} INFO - [2025-04-28T13:18:25.121+0000] {dag.py:3096} INFO - Sync 1 DAGs
[2025-04-28T13:18:25.128+0000] {logging_mixin.py:188} INFO - [2025-04-28T13:18:25.128+0000] {dag.py:3954} INFO - Setting next_dagrun for move_landing_to_bronze_partitioned to None, run_after=None
[2025-04-28T13:18:25.137+0000] {processor.py:183} INFO - Processing /opt/airflow/dags/move_landing_to_bronze_partitioned.py took 0.180 seconds
[2025-04-28T13:18:55.735+0000] {processor.py:161} INFO - Started process (PID=7122) to work on /opt/airflow/dags/move_landing_to_bronze_partitioned.py
[2025-04-28T13:18:55.736+0000] {processor.py:830} INFO - Processing file /opt/airflow/dags/move_landing_to_bronze_partitioned.py for tasks to queue
[2025-04-28T13:18:55.737+0000] {logging_mixin.py:188} INFO - [2025-04-28T13:18:55.736+0000] {dagbag.py:540} INFO - Filling up the DagBag from /opt/airflow/dags/move_landing_to_bronze_partitioned.py
[2025-04-28T13:18:55.883+0000] {processor.py:840} INFO - DAG(s) 'move_landing_to_bronze_partitioned' retrieved from /opt/airflow/dags/move_landing_to_bronze_partitioned.py
[2025-04-28T13:18:55.897+0000] {logging_mixin.py:188} INFO - [2025-04-28T13:18:55.896+0000] {dag.py:3096} INFO - Sync 1 DAGs
[2025-04-28T13:18:55.903+0000] {logging_mixin.py:188} INFO - [2025-04-28T13:18:55.903+0000] {dag.py:3954} INFO - Setting next_dagrun for move_landing_to_bronze_partitioned to None, run_after=None
[2025-04-28T13:18:55.912+0000] {processor.py:183} INFO - Processing /opt/airflow/dags/move_landing_to_bronze_partitioned.py took 0.180 seconds
[2025-04-28T13:19:26.553+0000] {processor.py:161} INFO - Started process (PID=7157) to work on /opt/airflow/dags/move_landing_to_bronze_partitioned.py
[2025-04-28T13:19:26.554+0000] {processor.py:830} INFO - Processing file /opt/airflow/dags/move_landing_to_bronze_partitioned.py for tasks to queue
[2025-04-28T13:19:26.555+0000] {logging_mixin.py:188} INFO - [2025-04-28T13:19:26.555+0000] {dagbag.py:540} INFO - Filling up the DagBag from /opt/airflow/dags/move_landing_to_bronze_partitioned.py
[2025-04-28T13:19:26.698+0000] {processor.py:840} INFO - DAG(s) 'move_landing_to_bronze_partitioned' retrieved from /opt/airflow/dags/move_landing_to_bronze_partitioned.py
[2025-04-28T13:19:26.713+0000] {logging_mixin.py:188} INFO - [2025-04-28T13:19:26.712+0000] {dag.py:3096} INFO - Sync 1 DAGs
[2025-04-28T13:19:26.719+0000] {logging_mixin.py:188} INFO - [2025-04-28T13:19:26.719+0000] {dag.py:3954} INFO - Setting next_dagrun for move_landing_to_bronze_partitioned to None, run_after=None
[2025-04-28T13:19:26.729+0000] {processor.py:183} INFO - Processing /opt/airflow/dags/move_landing_to_bronze_partitioned.py took 0.178 seconds
[2025-04-28T13:19:57.331+0000] {processor.py:161} INFO - Started process (PID=7192) to work on /opt/airflow/dags/move_landing_to_bronze_partitioned.py
[2025-04-28T13:19:57.331+0000] {processor.py:830} INFO - Processing file /opt/airflow/dags/move_landing_to_bronze_partitioned.py for tasks to queue
[2025-04-28T13:19:57.332+0000] {logging_mixin.py:188} INFO - [2025-04-28T13:19:57.332+0000] {dagbag.py:540} INFO - Filling up the DagBag from /opt/airflow/dags/move_landing_to_bronze_partitioned.py
[2025-04-28T13:19:57.475+0000] {processor.py:840} INFO - DAG(s) 'move_landing_to_bronze_partitioned' retrieved from /opt/airflow/dags/move_landing_to_bronze_partitioned.py
[2025-04-28T13:19:57.490+0000] {logging_mixin.py:188} INFO - [2025-04-28T13:19:57.490+0000] {dag.py:3096} INFO - Sync 1 DAGs
[2025-04-28T13:19:57.497+0000] {logging_mixin.py:188} INFO - [2025-04-28T13:19:57.497+0000] {dag.py:3954} INFO - Setting next_dagrun for move_landing_to_bronze_partitioned to None, run_after=None
[2025-04-28T13:19:57.507+0000] {processor.py:183} INFO - Processing /opt/airflow/dags/move_landing_to_bronze_partitioned.py took 0.179 seconds
[2025-04-28T13:20:28.118+0000] {processor.py:161} INFO - Started process (PID=7227) to work on /opt/airflow/dags/move_landing_to_bronze_partitioned.py
[2025-04-28T13:20:28.119+0000] {processor.py:830} INFO - Processing file /opt/airflow/dags/move_landing_to_bronze_partitioned.py for tasks to queue
[2025-04-28T13:20:28.120+0000] {logging_mixin.py:188} INFO - [2025-04-28T13:20:28.119+0000] {dagbag.py:540} INFO - Filling up the DagBag from /opt/airflow/dags/move_landing_to_bronze_partitioned.py
[2025-04-28T13:20:28.266+0000] {processor.py:840} INFO - DAG(s) 'move_landing_to_bronze_partitioned' retrieved from /opt/airflow/dags/move_landing_to_bronze_partitioned.py
[2025-04-28T13:20:28.283+0000] {logging_mixin.py:188} INFO - [2025-04-28T13:20:28.283+0000] {dag.py:3096} INFO - Sync 1 DAGs
[2025-04-28T13:20:28.289+0000] {logging_mixin.py:188} INFO - [2025-04-28T13:20:28.289+0000] {dag.py:3954} INFO - Setting next_dagrun for move_landing_to_bronze_partitioned to None, run_after=None
[2025-04-28T13:20:28.298+0000] {processor.py:183} INFO - Processing /opt/airflow/dags/move_landing_to_bronze_partitioned.py took 0.182 seconds
[2025-04-28T13:20:58.882+0000] {processor.py:161} INFO - Started process (PID=7262) to work on /opt/airflow/dags/move_landing_to_bronze_partitioned.py
[2025-04-28T13:20:58.883+0000] {processor.py:830} INFO - Processing file /opt/airflow/dags/move_landing_to_bronze_partitioned.py for tasks to queue
[2025-04-28T13:20:58.884+0000] {logging_mixin.py:188} INFO - [2025-04-28T13:20:58.883+0000] {dagbag.py:540} INFO - Filling up the DagBag from /opt/airflow/dags/move_landing_to_bronze_partitioned.py
[2025-04-28T13:20:59.028+0000] {processor.py:840} INFO - DAG(s) 'move_landing_to_bronze_partitioned' retrieved from /opt/airflow/dags/move_landing_to_bronze_partitioned.py
[2025-04-28T13:20:59.043+0000] {logging_mixin.py:188} INFO - [2025-04-28T13:20:59.042+0000] {dag.py:3096} INFO - Sync 1 DAGs
[2025-04-28T13:20:59.050+0000] {logging_mixin.py:188} INFO - [2025-04-28T13:20:59.050+0000] {dag.py:3954} INFO - Setting next_dagrun for move_landing_to_bronze_partitioned to None, run_after=None
[2025-04-28T13:20:59.059+0000] {processor.py:183} INFO - Processing /opt/airflow/dags/move_landing_to_bronze_partitioned.py took 0.180 seconds
[2025-04-28T13:21:29.716+0000] {processor.py:161} INFO - Started process (PID=7297) to work on /opt/airflow/dags/move_landing_to_bronze_partitioned.py
[2025-04-28T13:21:29.717+0000] {processor.py:830} INFO - Processing file /opt/airflow/dags/move_landing_to_bronze_partitioned.py for tasks to queue
[2025-04-28T13:21:29.718+0000] {logging_mixin.py:188} INFO - [2025-04-28T13:21:29.718+0000] {dagbag.py:540} INFO - Filling up the DagBag from /opt/airflow/dags/move_landing_to_bronze_partitioned.py
[2025-04-28T13:21:29.862+0000] {processor.py:840} INFO - DAG(s) 'move_landing_to_bronze_partitioned' retrieved from /opt/airflow/dags/move_landing_to_bronze_partitioned.py
[2025-04-28T13:21:29.876+0000] {logging_mixin.py:188} INFO - [2025-04-28T13:21:29.876+0000] {dag.py:3096} INFO - Sync 1 DAGs
[2025-04-28T13:21:29.883+0000] {logging_mixin.py:188} INFO - [2025-04-28T13:21:29.883+0000] {dag.py:3954} INFO - Setting next_dagrun for move_landing_to_bronze_partitioned to None, run_after=None
[2025-04-28T13:21:29.894+0000] {processor.py:183} INFO - Processing /opt/airflow/dags/move_landing_to_bronze_partitioned.py took 0.181 seconds
[2025-04-28T13:22:00.500+0000] {processor.py:161} INFO - Started process (PID=7332) to work on /opt/airflow/dags/move_landing_to_bronze_partitioned.py
[2025-04-28T13:22:00.500+0000] {processor.py:830} INFO - Processing file /opt/airflow/dags/move_landing_to_bronze_partitioned.py for tasks to queue
[2025-04-28T13:22:00.501+0000] {logging_mixin.py:188} INFO - [2025-04-28T13:22:00.501+0000] {dagbag.py:540} INFO - Filling up the DagBag from /opt/airflow/dags/move_landing_to_bronze_partitioned.py
[2025-04-28T13:22:00.649+0000] {processor.py:840} INFO - DAG(s) 'move_landing_to_bronze_partitioned' retrieved from /opt/airflow/dags/move_landing_to_bronze_partitioned.py
[2025-04-28T13:22:00.663+0000] {logging_mixin.py:188} INFO - [2025-04-28T13:22:00.663+0000] {dag.py:3096} INFO - Sync 1 DAGs
[2025-04-28T13:22:00.670+0000] {logging_mixin.py:188} INFO - [2025-04-28T13:22:00.669+0000] {dag.py:3954} INFO - Setting next_dagrun for move_landing_to_bronze_partitioned to None, run_after=None
[2025-04-28T13:22:00.681+0000] {processor.py:183} INFO - Processing /opt/airflow/dags/move_landing_to_bronze_partitioned.py took 0.184 seconds
[2025-04-28T13:22:31.381+0000] {processor.py:161} INFO - Started process (PID=7367) to work on /opt/airflow/dags/move_landing_to_bronze_partitioned.py
[2025-04-28T13:22:31.381+0000] {processor.py:830} INFO - Processing file /opt/airflow/dags/move_landing_to_bronze_partitioned.py for tasks to queue
[2025-04-28T13:22:31.382+0000] {logging_mixin.py:188} INFO - [2025-04-28T13:22:31.382+0000] {dagbag.py:540} INFO - Filling up the DagBag from /opt/airflow/dags/move_landing_to_bronze_partitioned.py
[2025-04-28T13:22:31.531+0000] {processor.py:840} INFO - DAG(s) 'move_landing_to_bronze_partitioned' retrieved from /opt/airflow/dags/move_landing_to_bronze_partitioned.py
[2025-04-28T13:22:31.544+0000] {logging_mixin.py:188} INFO - [2025-04-28T13:22:31.544+0000] {dag.py:3096} INFO - Sync 1 DAGs
[2025-04-28T13:22:31.550+0000] {logging_mixin.py:188} INFO - [2025-04-28T13:22:31.550+0000] {dag.py:3954} INFO - Setting next_dagrun for move_landing_to_bronze_partitioned to None, run_after=None
[2025-04-28T13:22:31.559+0000] {processor.py:183} INFO - Processing /opt/airflow/dags/move_landing_to_bronze_partitioned.py took 0.181 seconds
[2025-04-28T13:23:02.196+0000] {processor.py:161} INFO - Started process (PID=7402) to work on /opt/airflow/dags/move_landing_to_bronze_partitioned.py
[2025-04-28T13:23:02.196+0000] {processor.py:830} INFO - Processing file /opt/airflow/dags/move_landing_to_bronze_partitioned.py for tasks to queue
[2025-04-28T13:23:02.197+0000] {logging_mixin.py:188} INFO - [2025-04-28T13:23:02.197+0000] {dagbag.py:540} INFO - Filling up the DagBag from /opt/airflow/dags/move_landing_to_bronze_partitioned.py
[2025-04-28T13:23:02.346+0000] {processor.py:840} INFO - DAG(s) 'move_landing_to_bronze_partitioned' retrieved from /opt/airflow/dags/move_landing_to_bronze_partitioned.py
[2025-04-28T13:23:02.363+0000] {logging_mixin.py:188} INFO - [2025-04-28T13:23:02.363+0000] {dag.py:3096} INFO - Sync 1 DAGs
[2025-04-28T13:23:02.371+0000] {logging_mixin.py:188} INFO - [2025-04-28T13:23:02.371+0000] {dag.py:3954} INFO - Setting next_dagrun for move_landing_to_bronze_partitioned to None, run_after=None
[2025-04-28T13:23:02.381+0000] {processor.py:183} INFO - Processing /opt/airflow/dags/move_landing_to_bronze_partitioned.py took 0.188 seconds
[2025-04-28T13:23:33.066+0000] {processor.py:161} INFO - Started process (PID=7437) to work on /opt/airflow/dags/move_landing_to_bronze_partitioned.py
[2025-04-28T13:23:33.067+0000] {processor.py:830} INFO - Processing file /opt/airflow/dags/move_landing_to_bronze_partitioned.py for tasks to queue
[2025-04-28T13:23:33.068+0000] {logging_mixin.py:188} INFO - [2025-04-28T13:23:33.068+0000] {dagbag.py:540} INFO - Filling up the DagBag from /opt/airflow/dags/move_landing_to_bronze_partitioned.py
[2025-04-28T13:23:33.216+0000] {processor.py:840} INFO - DAG(s) 'move_landing_to_bronze_partitioned' retrieved from /opt/airflow/dags/move_landing_to_bronze_partitioned.py
[2025-04-28T13:23:33.231+0000] {logging_mixin.py:188} INFO - [2025-04-28T13:23:33.230+0000] {dag.py:3096} INFO - Sync 1 DAGs
[2025-04-28T13:23:33.240+0000] {logging_mixin.py:188} INFO - [2025-04-28T13:23:33.240+0000] {dag.py:3954} INFO - Setting next_dagrun for move_landing_to_bronze_partitioned to None, run_after=None
[2025-04-28T13:23:33.249+0000] {processor.py:183} INFO - Processing /opt/airflow/dags/move_landing_to_bronze_partitioned.py took 0.186 seconds
[2025-04-28T13:24:03.997+0000] {processor.py:161} INFO - Started process (PID=7474) to work on /opt/airflow/dags/move_landing_to_bronze_partitioned.py
[2025-04-28T13:24:03.997+0000] {processor.py:830} INFO - Processing file /opt/airflow/dags/move_landing_to_bronze_partitioned.py for tasks to queue
[2025-04-28T13:24:03.998+0000] {logging_mixin.py:188} INFO - [2025-04-28T13:24:03.998+0000] {dagbag.py:540} INFO - Filling up the DagBag from /opt/airflow/dags/move_landing_to_bronze_partitioned.py
[2025-04-28T13:24:04.136+0000] {processor.py:840} INFO - DAG(s) 'move_landing_to_bronze_partitioned' retrieved from /opt/airflow/dags/move_landing_to_bronze_partitioned.py
[2025-04-28T13:24:04.149+0000] {logging_mixin.py:188} INFO - [2025-04-28T13:24:04.149+0000] {dag.py:3096} INFO - Sync 1 DAGs
[2025-04-28T13:24:04.154+0000] {logging_mixin.py:188} INFO - [2025-04-28T13:24:04.154+0000] {dag.py:3954} INFO - Setting next_dagrun for move_landing_to_bronze_partitioned to None, run_after=None
[2025-04-28T13:24:04.163+0000] {processor.py:183} INFO - Processing /opt/airflow/dags/move_landing_to_bronze_partitioned.py took 0.168 seconds
[2025-04-28T13:24:34.816+0000] {processor.py:161} INFO - Started process (PID=7507) to work on /opt/airflow/dags/move_landing_to_bronze_partitioned.py
[2025-04-28T13:24:34.818+0000] {processor.py:830} INFO - Processing file /opt/airflow/dags/move_landing_to_bronze_partitioned.py for tasks to queue
[2025-04-28T13:24:34.819+0000] {logging_mixin.py:188} INFO - [2025-04-28T13:24:34.818+0000] {dagbag.py:540} INFO - Filling up the DagBag from /opt/airflow/dags/move_landing_to_bronze_partitioned.py
[2025-04-28T13:24:34.974+0000] {processor.py:840} INFO - DAG(s) 'move_landing_to_bronze_partitioned' retrieved from /opt/airflow/dags/move_landing_to_bronze_partitioned.py
[2025-04-28T13:24:34.988+0000] {logging_mixin.py:188} INFO - [2025-04-28T13:24:34.988+0000] {dag.py:3096} INFO - Sync 1 DAGs
[2025-04-28T13:24:34.996+0000] {logging_mixin.py:188} INFO - [2025-04-28T13:24:34.995+0000] {dag.py:3954} INFO - Setting next_dagrun for move_landing_to_bronze_partitioned to None, run_after=None
[2025-04-28T13:24:35.006+0000] {processor.py:183} INFO - Processing /opt/airflow/dags/move_landing_to_bronze_partitioned.py took 0.193 seconds
[2025-04-28T13:25:05.670+0000] {processor.py:161} INFO - Started process (PID=7542) to work on /opt/airflow/dags/move_landing_to_bronze_partitioned.py
[2025-04-28T13:25:05.671+0000] {processor.py:830} INFO - Processing file /opt/airflow/dags/move_landing_to_bronze_partitioned.py for tasks to queue
[2025-04-28T13:25:05.672+0000] {logging_mixin.py:188} INFO - [2025-04-28T13:25:05.671+0000] {dagbag.py:540} INFO - Filling up the DagBag from /opt/airflow/dags/move_landing_to_bronze_partitioned.py
[2025-04-28T13:25:05.810+0000] {processor.py:840} INFO - DAG(s) 'move_landing_to_bronze_partitioned' retrieved from /opt/airflow/dags/move_landing_to_bronze_partitioned.py
[2025-04-28T13:25:05.824+0000] {logging_mixin.py:188} INFO - [2025-04-28T13:25:05.824+0000] {dag.py:3096} INFO - Sync 1 DAGs
[2025-04-28T13:25:05.833+0000] {logging_mixin.py:188} INFO - [2025-04-28T13:25:05.833+0000] {dag.py:3954} INFO - Setting next_dagrun for move_landing_to_bronze_partitioned to None, run_after=None
[2025-04-28T13:25:05.843+0000] {processor.py:183} INFO - Processing /opt/airflow/dags/move_landing_to_bronze_partitioned.py took 0.176 seconds
[2025-04-28T13:25:36.492+0000] {processor.py:161} INFO - Started process (PID=7577) to work on /opt/airflow/dags/move_landing_to_bronze_partitioned.py
[2025-04-28T13:25:36.492+0000] {processor.py:830} INFO - Processing file /opt/airflow/dags/move_landing_to_bronze_partitioned.py for tasks to queue
[2025-04-28T13:25:36.493+0000] {logging_mixin.py:188} INFO - [2025-04-28T13:25:36.493+0000] {dagbag.py:540} INFO - Filling up the DagBag from /opt/airflow/dags/move_landing_to_bronze_partitioned.py
[2025-04-28T13:25:36.639+0000] {processor.py:840} INFO - DAG(s) 'move_landing_to_bronze_partitioned' retrieved from /opt/airflow/dags/move_landing_to_bronze_partitioned.py
[2025-04-28T13:25:36.653+0000] {logging_mixin.py:188} INFO - [2025-04-28T13:25:36.653+0000] {dag.py:3096} INFO - Sync 1 DAGs
[2025-04-28T13:25:36.663+0000] {logging_mixin.py:188} INFO - [2025-04-28T13:25:36.663+0000] {dag.py:3954} INFO - Setting next_dagrun for move_landing_to_bronze_partitioned to None, run_after=None
[2025-04-28T13:25:36.675+0000] {processor.py:183} INFO - Processing /opt/airflow/dags/move_landing_to_bronze_partitioned.py took 0.186 seconds
[2025-04-28T13:26:07.316+0000] {processor.py:161} INFO - Started process (PID=7612) to work on /opt/airflow/dags/move_landing_to_bronze_partitioned.py
[2025-04-28T13:26:07.317+0000] {processor.py:830} INFO - Processing file /opt/airflow/dags/move_landing_to_bronze_partitioned.py for tasks to queue
[2025-04-28T13:26:07.318+0000] {logging_mixin.py:188} INFO - [2025-04-28T13:26:07.318+0000] {dagbag.py:540} INFO - Filling up the DagBag from /opt/airflow/dags/move_landing_to_bronze_partitioned.py
[2025-04-28T13:26:07.460+0000] {processor.py:840} INFO - DAG(s) 'move_landing_to_bronze_partitioned' retrieved from /opt/airflow/dags/move_landing_to_bronze_partitioned.py
[2025-04-28T13:26:07.474+0000] {logging_mixin.py:188} INFO - [2025-04-28T13:26:07.474+0000] {dag.py:3096} INFO - Sync 1 DAGs
[2025-04-28T13:26:07.485+0000] {logging_mixin.py:188} INFO - [2025-04-28T13:26:07.485+0000] {dag.py:3954} INFO - Setting next_dagrun for move_landing_to_bronze_partitioned to None, run_after=None
[2025-04-28T13:26:07.494+0000] {processor.py:183} INFO - Processing /opt/airflow/dags/move_landing_to_bronze_partitioned.py took 0.180 seconds
[2025-04-28T13:26:38.073+0000] {processor.py:161} INFO - Started process (PID=7647) to work on /opt/airflow/dags/move_landing_to_bronze_partitioned.py
[2025-04-28T13:26:38.074+0000] {processor.py:830} INFO - Processing file /opt/airflow/dags/move_landing_to_bronze_partitioned.py for tasks to queue
[2025-04-28T13:26:38.075+0000] {logging_mixin.py:188} INFO - [2025-04-28T13:26:38.074+0000] {dagbag.py:540} INFO - Filling up the DagBag from /opt/airflow/dags/move_landing_to_bronze_partitioned.py
[2025-04-28T13:26:38.221+0000] {processor.py:840} INFO - DAG(s) 'move_landing_to_bronze_partitioned' retrieved from /opt/airflow/dags/move_landing_to_bronze_partitioned.py
[2025-04-28T13:26:38.238+0000] {logging_mixin.py:188} INFO - [2025-04-28T13:26:38.238+0000] {dag.py:3096} INFO - Sync 1 DAGs
[2025-04-28T13:26:38.246+0000] {logging_mixin.py:188} INFO - [2025-04-28T13:26:38.245+0000] {dag.py:3954} INFO - Setting next_dagrun for move_landing_to_bronze_partitioned to None, run_after=None
[2025-04-28T13:26:38.257+0000] {processor.py:183} INFO - Processing /opt/airflow/dags/move_landing_to_bronze_partitioned.py took 0.187 seconds
[2025-04-28T13:27:08.898+0000] {processor.py:161} INFO - Started process (PID=7682) to work on /opt/airflow/dags/move_landing_to_bronze_partitioned.py
[2025-04-28T13:27:08.898+0000] {processor.py:830} INFO - Processing file /opt/airflow/dags/move_landing_to_bronze_partitioned.py for tasks to queue
[2025-04-28T13:27:08.899+0000] {logging_mixin.py:188} INFO - [2025-04-28T13:27:08.899+0000] {dagbag.py:540} INFO - Filling up the DagBag from /opt/airflow/dags/move_landing_to_bronze_partitioned.py
[2025-04-28T13:27:09.045+0000] {processor.py:840} INFO - DAG(s) 'move_landing_to_bronze_partitioned' retrieved from /opt/airflow/dags/move_landing_to_bronze_partitioned.py
[2025-04-28T13:27:09.059+0000] {logging_mixin.py:188} INFO - [2025-04-28T13:27:09.058+0000] {dag.py:3096} INFO - Sync 1 DAGs
[2025-04-28T13:27:09.065+0000] {logging_mixin.py:188} INFO - [2025-04-28T13:27:09.064+0000] {dag.py:3954} INFO - Setting next_dagrun for move_landing_to_bronze_partitioned to None, run_after=None
[2025-04-28T13:27:09.073+0000] {processor.py:183} INFO - Processing /opt/airflow/dags/move_landing_to_bronze_partitioned.py took 0.177 seconds
[2025-04-28T13:27:39.716+0000] {processor.py:161} INFO - Started process (PID=7717) to work on /opt/airflow/dags/move_landing_to_bronze_partitioned.py
[2025-04-28T13:27:39.716+0000] {processor.py:830} INFO - Processing file /opt/airflow/dags/move_landing_to_bronze_partitioned.py for tasks to queue
[2025-04-28T13:27:39.717+0000] {logging_mixin.py:188} INFO - [2025-04-28T13:27:39.717+0000] {dagbag.py:540} INFO - Filling up the DagBag from /opt/airflow/dags/move_landing_to_bronze_partitioned.py
[2025-04-28T13:27:39.864+0000] {processor.py:840} INFO - DAG(s) 'move_landing_to_bronze_partitioned' retrieved from /opt/airflow/dags/move_landing_to_bronze_partitioned.py
[2025-04-28T13:27:39.878+0000] {logging_mixin.py:188} INFO - [2025-04-28T13:27:39.878+0000] {dag.py:3096} INFO - Sync 1 DAGs
[2025-04-28T13:27:39.885+0000] {logging_mixin.py:188} INFO - [2025-04-28T13:27:39.885+0000] {dag.py:3954} INFO - Setting next_dagrun for move_landing_to_bronze_partitioned to None, run_after=None
[2025-04-28T13:27:39.895+0000] {processor.py:183} INFO - Processing /opt/airflow/dags/move_landing_to_bronze_partitioned.py took 0.182 seconds
[2025-04-28T13:28:10.494+0000] {processor.py:161} INFO - Started process (PID=7752) to work on /opt/airflow/dags/move_landing_to_bronze_partitioned.py
[2025-04-28T13:28:10.494+0000] {processor.py:830} INFO - Processing file /opt/airflow/dags/move_landing_to_bronze_partitioned.py for tasks to queue
[2025-04-28T13:28:10.495+0000] {logging_mixin.py:188} INFO - [2025-04-28T13:28:10.495+0000] {dagbag.py:540} INFO - Filling up the DagBag from /opt/airflow/dags/move_landing_to_bronze_partitioned.py
[2025-04-28T13:28:10.637+0000] {processor.py:840} INFO - DAG(s) 'move_landing_to_bronze_partitioned' retrieved from /opt/airflow/dags/move_landing_to_bronze_partitioned.py
[2025-04-28T13:28:10.651+0000] {logging_mixin.py:188} INFO - [2025-04-28T13:28:10.650+0000] {dag.py:3096} INFO - Sync 1 DAGs
[2025-04-28T13:28:10.661+0000] {logging_mixin.py:188} INFO - [2025-04-28T13:28:10.661+0000] {dag.py:3954} INFO - Setting next_dagrun for move_landing_to_bronze_partitioned to None, run_after=None
[2025-04-28T13:28:10.669+0000] {processor.py:183} INFO - Processing /opt/airflow/dags/move_landing_to_bronze_partitioned.py took 0.179 seconds
[2025-04-28T13:28:41.306+0000] {processor.py:161} INFO - Started process (PID=7787) to work on /opt/airflow/dags/move_landing_to_bronze_partitioned.py
[2025-04-28T13:28:41.307+0000] {processor.py:830} INFO - Processing file /opt/airflow/dags/move_landing_to_bronze_partitioned.py for tasks to queue
[2025-04-28T13:28:41.308+0000] {logging_mixin.py:188} INFO - [2025-04-28T13:28:41.307+0000] {dagbag.py:540} INFO - Filling up the DagBag from /opt/airflow/dags/move_landing_to_bronze_partitioned.py
[2025-04-28T13:28:41.450+0000] {processor.py:840} INFO - DAG(s) 'move_landing_to_bronze_partitioned' retrieved from /opt/airflow/dags/move_landing_to_bronze_partitioned.py
[2025-04-28T13:28:41.463+0000] {logging_mixin.py:188} INFO - [2025-04-28T13:28:41.463+0000] {dag.py:3096} INFO - Sync 1 DAGs
[2025-04-28T13:28:41.469+0000] {logging_mixin.py:188} INFO - [2025-04-28T13:28:41.469+0000] {dag.py:3954} INFO - Setting next_dagrun for move_landing_to_bronze_partitioned to None, run_after=None
[2025-04-28T13:28:41.479+0000] {processor.py:183} INFO - Processing /opt/airflow/dags/move_landing_to_bronze_partitioned.py took 0.176 seconds
[2025-04-28T13:29:12.092+0000] {processor.py:161} INFO - Started process (PID=7822) to work on /opt/airflow/dags/move_landing_to_bronze_partitioned.py
[2025-04-28T13:29:12.093+0000] {processor.py:830} INFO - Processing file /opt/airflow/dags/move_landing_to_bronze_partitioned.py for tasks to queue
[2025-04-28T13:29:12.094+0000] {logging_mixin.py:188} INFO - [2025-04-28T13:29:12.094+0000] {dagbag.py:540} INFO - Filling up the DagBag from /opt/airflow/dags/move_landing_to_bronze_partitioned.py
[2025-04-28T13:29:12.234+0000] {processor.py:840} INFO - DAG(s) 'move_landing_to_bronze_partitioned' retrieved from /opt/airflow/dags/move_landing_to_bronze_partitioned.py
[2025-04-28T13:29:12.247+0000] {logging_mixin.py:188} INFO - [2025-04-28T13:29:12.247+0000] {dag.py:3096} INFO - Sync 1 DAGs
[2025-04-28T13:29:12.256+0000] {logging_mixin.py:188} INFO - [2025-04-28T13:29:12.255+0000] {dag.py:3954} INFO - Setting next_dagrun for move_landing_to_bronze_partitioned to None, run_after=None
[2025-04-28T13:29:12.266+0000] {processor.py:183} INFO - Processing /opt/airflow/dags/move_landing_to_bronze_partitioned.py took 0.177 seconds
[2025-04-28T13:29:42.876+0000] {processor.py:161} INFO - Started process (PID=7857) to work on /opt/airflow/dags/move_landing_to_bronze_partitioned.py
[2025-04-28T13:29:42.877+0000] {processor.py:830} INFO - Processing file /opt/airflow/dags/move_landing_to_bronze_partitioned.py for tasks to queue
[2025-04-28T13:29:42.878+0000] {logging_mixin.py:188} INFO - [2025-04-28T13:29:42.878+0000] {dagbag.py:540} INFO - Filling up the DagBag from /opt/airflow/dags/move_landing_to_bronze_partitioned.py
[2025-04-28T13:29:43.025+0000] {processor.py:840} INFO - DAG(s) 'move_landing_to_bronze_partitioned' retrieved from /opt/airflow/dags/move_landing_to_bronze_partitioned.py
[2025-04-28T13:29:43.038+0000] {logging_mixin.py:188} INFO - [2025-04-28T13:29:43.038+0000] {dag.py:3096} INFO - Sync 1 DAGs
[2025-04-28T13:29:43.046+0000] {logging_mixin.py:188} INFO - [2025-04-28T13:29:43.046+0000] {dag.py:3954} INFO - Setting next_dagrun for move_landing_to_bronze_partitioned to None, run_after=None
[2025-04-28T13:29:43.056+0000] {processor.py:183} INFO - Processing /opt/airflow/dags/move_landing_to_bronze_partitioned.py took 0.182 seconds
[2025-04-28T13:30:13.664+0000] {processor.py:161} INFO - Started process (PID=7892) to work on /opt/airflow/dags/move_landing_to_bronze_partitioned.py
[2025-04-28T13:30:13.664+0000] {processor.py:830} INFO - Processing file /opt/airflow/dags/move_landing_to_bronze_partitioned.py for tasks to queue
[2025-04-28T13:30:13.665+0000] {logging_mixin.py:188} INFO - [2025-04-28T13:30:13.665+0000] {dagbag.py:540} INFO - Filling up the DagBag from /opt/airflow/dags/move_landing_to_bronze_partitioned.py
[2025-04-28T13:30:13.811+0000] {processor.py:840} INFO - DAG(s) 'move_landing_to_bronze_partitioned' retrieved from /opt/airflow/dags/move_landing_to_bronze_partitioned.py
[2025-04-28T13:30:13.824+0000] {logging_mixin.py:188} INFO - [2025-04-28T13:30:13.824+0000] {dag.py:3096} INFO - Sync 1 DAGs
[2025-04-28T13:30:13.832+0000] {logging_mixin.py:188} INFO - [2025-04-28T13:30:13.832+0000] {dag.py:3954} INFO - Setting next_dagrun for move_landing_to_bronze_partitioned to None, run_after=None
[2025-04-28T13:30:13.844+0000] {processor.py:183} INFO - Processing /opt/airflow/dags/move_landing_to_bronze_partitioned.py took 0.184 seconds
[2025-04-28T13:30:44.436+0000] {processor.py:161} INFO - Started process (PID=7927) to work on /opt/airflow/dags/move_landing_to_bronze_partitioned.py
[2025-04-28T13:30:44.437+0000] {processor.py:830} INFO - Processing file /opt/airflow/dags/move_landing_to_bronze_partitioned.py for tasks to queue
[2025-04-28T13:30:44.437+0000] {logging_mixin.py:188} INFO - [2025-04-28T13:30:44.437+0000] {dagbag.py:540} INFO - Filling up the DagBag from /opt/airflow/dags/move_landing_to_bronze_partitioned.py
[2025-04-28T13:30:44.586+0000] {processor.py:840} INFO - DAG(s) 'move_landing_to_bronze_partitioned' retrieved from /opt/airflow/dags/move_landing_to_bronze_partitioned.py
[2025-04-28T13:30:44.600+0000] {logging_mixin.py:188} INFO - [2025-04-28T13:30:44.600+0000] {dag.py:3096} INFO - Sync 1 DAGs
[2025-04-28T13:30:44.608+0000] {logging_mixin.py:188} INFO - [2025-04-28T13:30:44.608+0000] {dag.py:3954} INFO - Setting next_dagrun for move_landing_to_bronze_partitioned to None, run_after=None
[2025-04-28T13:30:44.617+0000] {processor.py:183} INFO - Processing /opt/airflow/dags/move_landing_to_bronze_partitioned.py took 0.183 seconds
[2025-04-28T13:31:15.252+0000] {processor.py:161} INFO - Started process (PID=7962) to work on /opt/airflow/dags/move_landing_to_bronze_partitioned.py
[2025-04-28T13:31:15.253+0000] {processor.py:830} INFO - Processing file /opt/airflow/dags/move_landing_to_bronze_partitioned.py for tasks to queue
[2025-04-28T13:31:15.254+0000] {logging_mixin.py:188} INFO - [2025-04-28T13:31:15.254+0000] {dagbag.py:540} INFO - Filling up the DagBag from /opt/airflow/dags/move_landing_to_bronze_partitioned.py
[2025-04-28T13:31:15.402+0000] {processor.py:840} INFO - DAG(s) 'move_landing_to_bronze_partitioned' retrieved from /opt/airflow/dags/move_landing_to_bronze_partitioned.py
[2025-04-28T13:31:15.417+0000] {logging_mixin.py:188} INFO - [2025-04-28T13:31:15.417+0000] {dag.py:3096} INFO - Sync 1 DAGs
[2025-04-28T13:31:15.424+0000] {logging_mixin.py:188} INFO - [2025-04-28T13:31:15.424+0000] {dag.py:3954} INFO - Setting next_dagrun for move_landing_to_bronze_partitioned to None, run_after=None
[2025-04-28T13:31:15.433+0000] {processor.py:183} INFO - Processing /opt/airflow/dags/move_landing_to_bronze_partitioned.py took 0.183 seconds
[2025-04-28T13:31:46.088+0000] {processor.py:161} INFO - Started process (PID=7997) to work on /opt/airflow/dags/move_landing_to_bronze_partitioned.py
[2025-04-28T13:31:46.089+0000] {processor.py:830} INFO - Processing file /opt/airflow/dags/move_landing_to_bronze_partitioned.py for tasks to queue
[2025-04-28T13:31:46.090+0000] {logging_mixin.py:188} INFO - [2025-04-28T13:31:46.090+0000] {dagbag.py:540} INFO - Filling up the DagBag from /opt/airflow/dags/move_landing_to_bronze_partitioned.py
[2025-04-28T13:31:46.240+0000] {processor.py:840} INFO - DAG(s) 'move_landing_to_bronze_partitioned' retrieved from /opt/airflow/dags/move_landing_to_bronze_partitioned.py
[2025-04-28T13:31:46.257+0000] {logging_mixin.py:188} INFO - [2025-04-28T13:31:46.257+0000] {dag.py:3096} INFO - Sync 1 DAGs
[2025-04-28T13:31:46.264+0000] {logging_mixin.py:188} INFO - [2025-04-28T13:31:46.264+0000] {dag.py:3954} INFO - Setting next_dagrun for move_landing_to_bronze_partitioned to None, run_after=None
[2025-04-28T13:31:46.275+0000] {processor.py:183} INFO - Processing /opt/airflow/dags/move_landing_to_bronze_partitioned.py took 0.190 seconds
[2025-04-28T13:32:16.951+0000] {processor.py:161} INFO - Started process (PID=8032) to work on /opt/airflow/dags/move_landing_to_bronze_partitioned.py
[2025-04-28T13:32:16.951+0000] {processor.py:830} INFO - Processing file /opt/airflow/dags/move_landing_to_bronze_partitioned.py for tasks to queue
[2025-04-28T13:32:16.952+0000] {logging_mixin.py:188} INFO - [2025-04-28T13:32:16.952+0000] {dagbag.py:540} INFO - Filling up the DagBag from /opt/airflow/dags/move_landing_to_bronze_partitioned.py
[2025-04-28T13:32:17.093+0000] {processor.py:840} INFO - DAG(s) 'move_landing_to_bronze_partitioned' retrieved from /opt/airflow/dags/move_landing_to_bronze_partitioned.py
[2025-04-28T13:32:17.108+0000] {logging_mixin.py:188} INFO - [2025-04-28T13:32:17.108+0000] {dag.py:3096} INFO - Sync 1 DAGs
[2025-04-28T13:32:17.114+0000] {logging_mixin.py:188} INFO - [2025-04-28T13:32:17.114+0000] {dag.py:3954} INFO - Setting next_dagrun for move_landing_to_bronze_partitioned to None, run_after=None
[2025-04-28T13:32:17.125+0000] {processor.py:183} INFO - Processing /opt/airflow/dags/move_landing_to_bronze_partitioned.py took 0.177 seconds
[2025-04-28T13:32:47.769+0000] {processor.py:161} INFO - Started process (PID=8067) to work on /opt/airflow/dags/move_landing_to_bronze_partitioned.py
[2025-04-28T13:32:47.770+0000] {processor.py:830} INFO - Processing file /opt/airflow/dags/move_landing_to_bronze_partitioned.py for tasks to queue
[2025-04-28T13:32:47.771+0000] {logging_mixin.py:188} INFO - [2025-04-28T13:32:47.771+0000] {dagbag.py:540} INFO - Filling up the DagBag from /opt/airflow/dags/move_landing_to_bronze_partitioned.py
[2025-04-28T13:32:47.918+0000] {processor.py:840} INFO - DAG(s) 'move_landing_to_bronze_partitioned' retrieved from /opt/airflow/dags/move_landing_to_bronze_partitioned.py
[2025-04-28T13:32:47.934+0000] {logging_mixin.py:188} INFO - [2025-04-28T13:32:47.934+0000] {dag.py:3096} INFO - Sync 1 DAGs
[2025-04-28T13:32:47.941+0000] {logging_mixin.py:188} INFO - [2025-04-28T13:32:47.941+0000] {dag.py:3954} INFO - Setting next_dagrun for move_landing_to_bronze_partitioned to None, run_after=None
[2025-04-28T13:32:47.951+0000] {processor.py:183} INFO - Processing /opt/airflow/dags/move_landing_to_bronze_partitioned.py took 0.185 seconds
[2025-04-28T13:33:18.568+0000] {processor.py:161} INFO - Started process (PID=8102) to work on /opt/airflow/dags/move_landing_to_bronze_partitioned.py
[2025-04-28T13:33:18.569+0000] {processor.py:830} INFO - Processing file /opt/airflow/dags/move_landing_to_bronze_partitioned.py for tasks to queue
[2025-04-28T13:33:18.570+0000] {logging_mixin.py:188} INFO - [2025-04-28T13:33:18.569+0000] {dagbag.py:540} INFO - Filling up the DagBag from /opt/airflow/dags/move_landing_to_bronze_partitioned.py
[2025-04-28T13:33:18.716+0000] {processor.py:840} INFO - DAG(s) 'move_landing_to_bronze_partitioned' retrieved from /opt/airflow/dags/move_landing_to_bronze_partitioned.py
[2025-04-28T13:33:18.731+0000] {logging_mixin.py:188} INFO - [2025-04-28T13:33:18.731+0000] {dag.py:3096} INFO - Sync 1 DAGs
[2025-04-28T13:33:18.741+0000] {logging_mixin.py:188} INFO - [2025-04-28T13:33:18.741+0000] {dag.py:3954} INFO - Setting next_dagrun for move_landing_to_bronze_partitioned to None, run_after=None
[2025-04-28T13:33:18.753+0000] {processor.py:183} INFO - Processing /opt/airflow/dags/move_landing_to_bronze_partitioned.py took 0.188 seconds
[2025-04-28T13:33:49.377+0000] {processor.py:161} INFO - Started process (PID=8137) to work on /opt/airflow/dags/move_landing_to_bronze_partitioned.py
[2025-04-28T13:33:49.378+0000] {processor.py:830} INFO - Processing file /opt/airflow/dags/move_landing_to_bronze_partitioned.py for tasks to queue
[2025-04-28T13:33:49.379+0000] {logging_mixin.py:188} INFO - [2025-04-28T13:33:49.379+0000] {dagbag.py:540} INFO - Filling up the DagBag from /opt/airflow/dags/move_landing_to_bronze_partitioned.py
[2025-04-28T13:33:49.531+0000] {processor.py:840} INFO - DAG(s) 'move_landing_to_bronze_partitioned' retrieved from /opt/airflow/dags/move_landing_to_bronze_partitioned.py
[2025-04-28T13:33:49.554+0000] {logging_mixin.py:188} INFO - [2025-04-28T13:33:49.554+0000] {dag.py:3096} INFO - Sync 1 DAGs
[2025-04-28T13:33:49.561+0000] {logging_mixin.py:188} INFO - [2025-04-28T13:33:49.560+0000] {dag.py:3954} INFO - Setting next_dagrun for move_landing_to_bronze_partitioned to None, run_after=None
[2025-04-28T13:33:49.581+0000] {processor.py:183} INFO - Processing /opt/airflow/dags/move_landing_to_bronze_partitioned.py took 0.207 seconds
[2025-04-28T13:34:20.114+0000] {processor.py:161} INFO - Started process (PID=8172) to work on /opt/airflow/dags/move_landing_to_bronze_partitioned.py
[2025-04-28T13:34:20.115+0000] {processor.py:830} INFO - Processing file /opt/airflow/dags/move_landing_to_bronze_partitioned.py for tasks to queue
[2025-04-28T13:34:20.116+0000] {logging_mixin.py:188} INFO - [2025-04-28T13:34:20.116+0000] {dagbag.py:540} INFO - Filling up the DagBag from /opt/airflow/dags/move_landing_to_bronze_partitioned.py
[2025-04-28T13:34:20.259+0000] {processor.py:840} INFO - DAG(s) 'move_landing_to_bronze_partitioned' retrieved from /opt/airflow/dags/move_landing_to_bronze_partitioned.py
[2025-04-28T13:34:20.275+0000] {logging_mixin.py:188} INFO - [2025-04-28T13:34:20.275+0000] {dag.py:3096} INFO - Sync 1 DAGs
[2025-04-28T13:34:20.287+0000] {logging_mixin.py:188} INFO - [2025-04-28T13:34:20.287+0000] {dag.py:3954} INFO - Setting next_dagrun for move_landing_to_bronze_partitioned to None, run_after=None
[2025-04-28T13:34:20.298+0000] {processor.py:183} INFO - Processing /opt/airflow/dags/move_landing_to_bronze_partitioned.py took 0.186 seconds
[2025-04-28T13:34:50.959+0000] {processor.py:161} INFO - Started process (PID=8207) to work on /opt/airflow/dags/move_landing_to_bronze_partitioned.py
[2025-04-28T13:34:50.960+0000] {processor.py:830} INFO - Processing file /opt/airflow/dags/move_landing_to_bronze_partitioned.py for tasks to queue
[2025-04-28T13:34:50.961+0000] {logging_mixin.py:188} INFO - [2025-04-28T13:34:50.961+0000] {dagbag.py:540} INFO - Filling up the DagBag from /opt/airflow/dags/move_landing_to_bronze_partitioned.py
[2025-04-28T13:34:51.108+0000] {processor.py:840} INFO - DAG(s) 'move_landing_to_bronze_partitioned' retrieved from /opt/airflow/dags/move_landing_to_bronze_partitioned.py
[2025-04-28T13:34:51.121+0000] {logging_mixin.py:188} INFO - [2025-04-28T13:34:51.121+0000] {dag.py:3096} INFO - Sync 1 DAGs
[2025-04-28T13:34:51.129+0000] {logging_mixin.py:188} INFO - [2025-04-28T13:34:51.129+0000] {dag.py:3954} INFO - Setting next_dagrun for move_landing_to_bronze_partitioned to None, run_after=None
[2025-04-28T13:34:51.139+0000] {processor.py:183} INFO - Processing /opt/airflow/dags/move_landing_to_bronze_partitioned.py took 0.182 seconds
[2025-04-28T13:35:21.698+0000] {processor.py:161} INFO - Started process (PID=8242) to work on /opt/airflow/dags/move_landing_to_bronze_partitioned.py
[2025-04-28T13:35:21.698+0000] {processor.py:830} INFO - Processing file /opt/airflow/dags/move_landing_to_bronze_partitioned.py for tasks to queue
[2025-04-28T13:35:21.699+0000] {logging_mixin.py:188} INFO - [2025-04-28T13:35:21.699+0000] {dagbag.py:540} INFO - Filling up the DagBag from /opt/airflow/dags/move_landing_to_bronze_partitioned.py
[2025-04-28T13:35:21.842+0000] {processor.py:840} INFO - DAG(s) 'move_landing_to_bronze_partitioned' retrieved from /opt/airflow/dags/move_landing_to_bronze_partitioned.py
[2025-04-28T13:35:21.856+0000] {logging_mixin.py:188} INFO - [2025-04-28T13:35:21.855+0000] {dag.py:3096} INFO - Sync 1 DAGs
[2025-04-28T13:35:21.864+0000] {logging_mixin.py:188} INFO - [2025-04-28T13:35:21.863+0000] {dag.py:3954} INFO - Setting next_dagrun for move_landing_to_bronze_partitioned to None, run_after=None
[2025-04-28T13:35:21.874+0000] {processor.py:183} INFO - Processing /opt/airflow/dags/move_landing_to_bronze_partitioned.py took 0.179 seconds
[2025-04-28T13:35:52.493+0000] {processor.py:161} INFO - Started process (PID=8277) to work on /opt/airflow/dags/move_landing_to_bronze_partitioned.py
[2025-04-28T13:35:52.494+0000] {processor.py:830} INFO - Processing file /opt/airflow/dags/move_landing_to_bronze_partitioned.py for tasks to queue
[2025-04-28T13:35:52.495+0000] {logging_mixin.py:188} INFO - [2025-04-28T13:35:52.494+0000] {dagbag.py:540} INFO - Filling up the DagBag from /opt/airflow/dags/move_landing_to_bronze_partitioned.py
[2025-04-28T13:35:52.638+0000] {processor.py:840} INFO - DAG(s) 'move_landing_to_bronze_partitioned' retrieved from /opt/airflow/dags/move_landing_to_bronze_partitioned.py
[2025-04-28T13:35:52.652+0000] {logging_mixin.py:188} INFO - [2025-04-28T13:35:52.652+0000] {dag.py:3096} INFO - Sync 1 DAGs
[2025-04-28T13:35:52.659+0000] {logging_mixin.py:188} INFO - [2025-04-28T13:35:52.659+0000] {dag.py:3954} INFO - Setting next_dagrun for move_landing_to_bronze_partitioned to None, run_after=None
[2025-04-28T13:35:52.667+0000] {processor.py:183} INFO - Processing /opt/airflow/dags/move_landing_to_bronze_partitioned.py took 0.177 seconds
[2025-04-28T13:36:23.213+0000] {processor.py:161} INFO - Started process (PID=8312) to work on /opt/airflow/dags/move_landing_to_bronze_partitioned.py
[2025-04-28T13:36:23.214+0000] {processor.py:830} INFO - Processing file /opt/airflow/dags/move_landing_to_bronze_partitioned.py for tasks to queue
[2025-04-28T13:36:23.215+0000] {logging_mixin.py:188} INFO - [2025-04-28T13:36:23.214+0000] {dagbag.py:540} INFO - Filling up the DagBag from /opt/airflow/dags/move_landing_to_bronze_partitioned.py
[2025-04-28T13:36:23.358+0000] {processor.py:840} INFO - DAG(s) 'move_landing_to_bronze_partitioned' retrieved from /opt/airflow/dags/move_landing_to_bronze_partitioned.py
[2025-04-28T13:36:23.372+0000] {logging_mixin.py:188} INFO - [2025-04-28T13:36:23.372+0000] {dag.py:3096} INFO - Sync 1 DAGs
[2025-04-28T13:36:23.378+0000] {logging_mixin.py:188} INFO - [2025-04-28T13:36:23.377+0000] {dag.py:3954} INFO - Setting next_dagrun for move_landing_to_bronze_partitioned to None, run_after=None
[2025-04-28T13:36:23.387+0000] {processor.py:183} INFO - Processing /opt/airflow/dags/move_landing_to_bronze_partitioned.py took 0.177 seconds
[2025-04-28T13:36:54.067+0000] {processor.py:161} INFO - Started process (PID=8347) to work on /opt/airflow/dags/move_landing_to_bronze_partitioned.py
[2025-04-28T13:36:54.068+0000] {processor.py:830} INFO - Processing file /opt/airflow/dags/move_landing_to_bronze_partitioned.py for tasks to queue
[2025-04-28T13:36:54.069+0000] {logging_mixin.py:188} INFO - [2025-04-28T13:36:54.069+0000] {dagbag.py:540} INFO - Filling up the DagBag from /opt/airflow/dags/move_landing_to_bronze_partitioned.py
[2025-04-28T13:36:54.216+0000] {processor.py:840} INFO - DAG(s) 'move_landing_to_bronze_partitioned' retrieved from /opt/airflow/dags/move_landing_to_bronze_partitioned.py
[2025-04-28T13:36:54.232+0000] {logging_mixin.py:188} INFO - [2025-04-28T13:36:54.232+0000] {dag.py:3096} INFO - Sync 1 DAGs
[2025-04-28T13:36:54.237+0000] {logging_mixin.py:188} INFO - [2025-04-28T13:36:54.237+0000] {dag.py:3954} INFO - Setting next_dagrun for move_landing_to_bronze_partitioned to None, run_after=None
[2025-04-28T13:36:54.247+0000] {processor.py:183} INFO - Processing /opt/airflow/dags/move_landing_to_bronze_partitioned.py took 0.183 seconds
[2025-04-28T13:37:24.859+0000] {processor.py:161} INFO - Started process (PID=8382) to work on /opt/airflow/dags/move_landing_to_bronze_partitioned.py
[2025-04-28T13:37:24.860+0000] {processor.py:830} INFO - Processing file /opt/airflow/dags/move_landing_to_bronze_partitioned.py for tasks to queue
[2025-04-28T13:37:24.862+0000] {logging_mixin.py:188} INFO - [2025-04-28T13:37:24.861+0000] {dagbag.py:540} INFO - Filling up the DagBag from /opt/airflow/dags/move_landing_to_bronze_partitioned.py
[2025-04-28T13:37:25.012+0000] {processor.py:840} INFO - DAG(s) 'move_landing_to_bronze_partitioned' retrieved from /opt/airflow/dags/move_landing_to_bronze_partitioned.py
[2025-04-28T13:37:25.025+0000] {logging_mixin.py:188} INFO - [2025-04-28T13:37:25.025+0000] {dag.py:3096} INFO - Sync 1 DAGs
[2025-04-28T13:37:25.034+0000] {logging_mixin.py:188} INFO - [2025-04-28T13:37:25.034+0000] {dag.py:3954} INFO - Setting next_dagrun for move_landing_to_bronze_partitioned to None, run_after=None
[2025-04-28T13:37:25.049+0000] {processor.py:183} INFO - Processing /opt/airflow/dags/move_landing_to_bronze_partitioned.py took 0.194 seconds
[2025-04-28T13:37:55.682+0000] {processor.py:161} INFO - Started process (PID=8417) to work on /opt/airflow/dags/move_landing_to_bronze_partitioned.py
[2025-04-28T13:37:55.684+0000] {processor.py:830} INFO - Processing file /opt/airflow/dags/move_landing_to_bronze_partitioned.py for tasks to queue
[2025-04-28T13:37:55.685+0000] {logging_mixin.py:188} INFO - [2025-04-28T13:37:55.684+0000] {dagbag.py:540} INFO - Filling up the DagBag from /opt/airflow/dags/move_landing_to_bronze_partitioned.py
[2025-04-28T13:37:55.838+0000] {processor.py:840} INFO - DAG(s) 'move_landing_to_bronze_partitioned' retrieved from /opt/airflow/dags/move_landing_to_bronze_partitioned.py
[2025-04-28T13:37:55.853+0000] {logging_mixin.py:188} INFO - [2025-04-28T13:37:55.853+0000] {dag.py:3096} INFO - Sync 1 DAGs
[2025-04-28T13:37:55.860+0000] {logging_mixin.py:188} INFO - [2025-04-28T13:37:55.860+0000] {dag.py:3954} INFO - Setting next_dagrun for move_landing_to_bronze_partitioned to None, run_after=None
[2025-04-28T13:37:55.870+0000] {processor.py:183} INFO - Processing /opt/airflow/dags/move_landing_to_bronze_partitioned.py took 0.190 seconds
[2025-04-28T13:38:26.385+0000] {processor.py:161} INFO - Started process (PID=8452) to work on /opt/airflow/dags/move_landing_to_bronze_partitioned.py
[2025-04-28T13:38:26.385+0000] {processor.py:830} INFO - Processing file /opt/airflow/dags/move_landing_to_bronze_partitioned.py for tasks to queue
[2025-04-28T13:38:26.386+0000] {logging_mixin.py:188} INFO - [2025-04-28T13:38:26.386+0000] {dagbag.py:540} INFO - Filling up the DagBag from /opt/airflow/dags/move_landing_to_bronze_partitioned.py
[2025-04-28T13:38:26.533+0000] {processor.py:840} INFO - DAG(s) 'move_landing_to_bronze_partitioned' retrieved from /opt/airflow/dags/move_landing_to_bronze_partitioned.py
[2025-04-28T13:38:26.547+0000] {logging_mixin.py:188} INFO - [2025-04-28T13:38:26.547+0000] {dag.py:3096} INFO - Sync 1 DAGs
[2025-04-28T13:38:26.554+0000] {logging_mixin.py:188} INFO - [2025-04-28T13:38:26.554+0000] {dag.py:3954} INFO - Setting next_dagrun for move_landing_to_bronze_partitioned to None, run_after=None
[2025-04-28T13:38:26.565+0000] {processor.py:183} INFO - Processing /opt/airflow/dags/move_landing_to_bronze_partitioned.py took 0.183 seconds
[2025-04-28T13:38:57.241+0000] {processor.py:161} INFO - Started process (PID=8487) to work on /opt/airflow/dags/move_landing_to_bronze_partitioned.py
[2025-04-28T13:38:57.242+0000] {processor.py:830} INFO - Processing file /opt/airflow/dags/move_landing_to_bronze_partitioned.py for tasks to queue
[2025-04-28T13:38:57.243+0000] {logging_mixin.py:188} INFO - [2025-04-28T13:38:57.243+0000] {dagbag.py:540} INFO - Filling up the DagBag from /opt/airflow/dags/move_landing_to_bronze_partitioned.py
[2025-04-28T13:38:57.391+0000] {processor.py:840} INFO - DAG(s) 'move_landing_to_bronze_partitioned' retrieved from /opt/airflow/dags/move_landing_to_bronze_partitioned.py
[2025-04-28T13:38:57.406+0000] {logging_mixin.py:188} INFO - [2025-04-28T13:38:57.405+0000] {dag.py:3096} INFO - Sync 1 DAGs
[2025-04-28T13:38:57.412+0000] {logging_mixin.py:188} INFO - [2025-04-28T13:38:57.412+0000] {dag.py:3954} INFO - Setting next_dagrun for move_landing_to_bronze_partitioned to None, run_after=None
[2025-04-28T13:38:57.422+0000] {processor.py:183} INFO - Processing /opt/airflow/dags/move_landing_to_bronze_partitioned.py took 0.185 seconds
[2025-04-28T13:39:28.055+0000] {processor.py:161} INFO - Started process (PID=8522) to work on /opt/airflow/dags/move_landing_to_bronze_partitioned.py
[2025-04-28T13:39:28.056+0000] {processor.py:830} INFO - Processing file /opt/airflow/dags/move_landing_to_bronze_partitioned.py for tasks to queue
[2025-04-28T13:39:28.057+0000] {logging_mixin.py:188} INFO - [2025-04-28T13:39:28.057+0000] {dagbag.py:540} INFO - Filling up the DagBag from /opt/airflow/dags/move_landing_to_bronze_partitioned.py
[2025-04-28T13:39:28.213+0000] {processor.py:840} INFO - DAG(s) 'move_landing_to_bronze_partitioned' retrieved from /opt/airflow/dags/move_landing_to_bronze_partitioned.py
[2025-04-28T13:39:28.228+0000] {logging_mixin.py:188} INFO - [2025-04-28T13:39:28.228+0000] {dag.py:3096} INFO - Sync 1 DAGs
[2025-04-28T13:39:28.234+0000] {logging_mixin.py:188} INFO - [2025-04-28T13:39:28.234+0000] {dag.py:3954} INFO - Setting next_dagrun for move_landing_to_bronze_partitioned to None, run_after=None
[2025-04-28T13:39:28.244+0000] {processor.py:183} INFO - Processing /opt/airflow/dags/move_landing_to_bronze_partitioned.py took 0.192 seconds
[2025-04-28T13:39:58.847+0000] {processor.py:161} INFO - Started process (PID=8557) to work on /opt/airflow/dags/move_landing_to_bronze_partitioned.py
[2025-04-28T13:39:58.848+0000] {processor.py:830} INFO - Processing file /opt/airflow/dags/move_landing_to_bronze_partitioned.py for tasks to queue
[2025-04-28T13:39:58.849+0000] {logging_mixin.py:188} INFO - [2025-04-28T13:39:58.849+0000] {dagbag.py:540} INFO - Filling up the DagBag from /opt/airflow/dags/move_landing_to_bronze_partitioned.py
[2025-04-28T13:39:58.998+0000] {processor.py:840} INFO - DAG(s) 'move_landing_to_bronze_partitioned' retrieved from /opt/airflow/dags/move_landing_to_bronze_partitioned.py
[2025-04-28T13:39:59.014+0000] {logging_mixin.py:188} INFO - [2025-04-28T13:39:59.014+0000] {dag.py:3096} INFO - Sync 1 DAGs
[2025-04-28T13:39:59.027+0000] {logging_mixin.py:188} INFO - [2025-04-28T13:39:59.027+0000] {dag.py:3954} INFO - Setting next_dagrun for move_landing_to_bronze_partitioned to None, run_after=None
[2025-04-28T13:39:59.039+0000] {processor.py:183} INFO - Processing /opt/airflow/dags/move_landing_to_bronze_partitioned.py took 0.195 seconds
[2025-04-28T13:40:29.657+0000] {processor.py:161} INFO - Started process (PID=8592) to work on /opt/airflow/dags/move_landing_to_bronze_partitioned.py
[2025-04-28T13:40:29.657+0000] {processor.py:830} INFO - Processing file /opt/airflow/dags/move_landing_to_bronze_partitioned.py for tasks to queue
[2025-04-28T13:40:29.658+0000] {logging_mixin.py:188} INFO - [2025-04-28T13:40:29.658+0000] {dagbag.py:540} INFO - Filling up the DagBag from /opt/airflow/dags/move_landing_to_bronze_partitioned.py
[2025-04-28T13:40:29.801+0000] {processor.py:840} INFO - DAG(s) 'move_landing_to_bronze_partitioned' retrieved from /opt/airflow/dags/move_landing_to_bronze_partitioned.py
[2025-04-28T13:40:29.815+0000] {logging_mixin.py:188} INFO - [2025-04-28T13:40:29.815+0000] {dag.py:3096} INFO - Sync 1 DAGs
[2025-04-28T13:40:29.821+0000] {logging_mixin.py:188} INFO - [2025-04-28T13:40:29.821+0000] {dag.py:3954} INFO - Setting next_dagrun for move_landing_to_bronze_partitioned to None, run_after=None
[2025-04-28T13:40:29.832+0000] {processor.py:183} INFO - Processing /opt/airflow/dags/move_landing_to_bronze_partitioned.py took 0.178 seconds
[2025-04-28T13:41:00.422+0000] {processor.py:161} INFO - Started process (PID=8627) to work on /opt/airflow/dags/move_landing_to_bronze_partitioned.py
[2025-04-28T13:41:00.423+0000] {processor.py:830} INFO - Processing file /opt/airflow/dags/move_landing_to_bronze_partitioned.py for tasks to queue
[2025-04-28T13:41:00.424+0000] {logging_mixin.py:188} INFO - [2025-04-28T13:41:00.423+0000] {dagbag.py:540} INFO - Filling up the DagBag from /opt/airflow/dags/move_landing_to_bronze_partitioned.py
[2025-04-28T13:41:00.572+0000] {processor.py:840} INFO - DAG(s) 'move_landing_to_bronze_partitioned' retrieved from /opt/airflow/dags/move_landing_to_bronze_partitioned.py
[2025-04-28T13:41:00.586+0000] {logging_mixin.py:188} INFO - [2025-04-28T13:41:00.586+0000] {dag.py:3096} INFO - Sync 1 DAGs
[2025-04-28T13:41:00.592+0000] {logging_mixin.py:188} INFO - [2025-04-28T13:41:00.592+0000] {dag.py:3954} INFO - Setting next_dagrun for move_landing_to_bronze_partitioned to None, run_after=None
[2025-04-28T13:41:00.604+0000] {processor.py:183} INFO - Processing /opt/airflow/dags/move_landing_to_bronze_partitioned.py took 0.185 seconds
[2025-04-28T13:41:31.237+0000] {processor.py:161} INFO - Started process (PID=8662) to work on /opt/airflow/dags/move_landing_to_bronze_partitioned.py
[2025-04-28T13:41:31.238+0000] {processor.py:830} INFO - Processing file /opt/airflow/dags/move_landing_to_bronze_partitioned.py for tasks to queue
[2025-04-28T13:41:31.239+0000] {logging_mixin.py:188} INFO - [2025-04-28T13:41:31.239+0000] {dagbag.py:540} INFO - Filling up the DagBag from /opt/airflow/dags/move_landing_to_bronze_partitioned.py
[2025-04-28T13:41:31.379+0000] {processor.py:840} INFO - DAG(s) 'move_landing_to_bronze_partitioned' retrieved from /opt/airflow/dags/move_landing_to_bronze_partitioned.py
[2025-04-28T13:41:31.392+0000] {logging_mixin.py:188} INFO - [2025-04-28T13:41:31.392+0000] {dag.py:3096} INFO - Sync 1 DAGs
[2025-04-28T13:41:31.398+0000] {logging_mixin.py:188} INFO - [2025-04-28T13:41:31.398+0000] {dag.py:3954} INFO - Setting next_dagrun for move_landing_to_bronze_partitioned to None, run_after=None
[2025-04-28T13:41:31.409+0000] {processor.py:183} INFO - Processing /opt/airflow/dags/move_landing_to_bronze_partitioned.py took 0.175 seconds
[2025-04-28T13:42:02.103+0000] {processor.py:161} INFO - Started process (PID=8697) to work on /opt/airflow/dags/move_landing_to_bronze_partitioned.py
[2025-04-28T13:42:02.104+0000] {processor.py:830} INFO - Processing file /opt/airflow/dags/move_landing_to_bronze_partitioned.py for tasks to queue
[2025-04-28T13:42:02.105+0000] {logging_mixin.py:188} INFO - [2025-04-28T13:42:02.105+0000] {dagbag.py:540} INFO - Filling up the DagBag from /opt/airflow/dags/move_landing_to_bronze_partitioned.py
[2025-04-28T13:42:02.251+0000] {processor.py:840} INFO - DAG(s) 'move_landing_to_bronze_partitioned' retrieved from /opt/airflow/dags/move_landing_to_bronze_partitioned.py
[2025-04-28T13:42:02.266+0000] {logging_mixin.py:188} INFO - [2025-04-28T13:42:02.265+0000] {dag.py:3096} INFO - Sync 1 DAGs
[2025-04-28T13:42:02.273+0000] {logging_mixin.py:188} INFO - [2025-04-28T13:42:02.273+0000] {dag.py:3954} INFO - Setting next_dagrun for move_landing_to_bronze_partitioned to None, run_after=None
[2025-04-28T13:42:02.282+0000] {processor.py:183} INFO - Processing /opt/airflow/dags/move_landing_to_bronze_partitioned.py took 0.183 seconds
[2025-04-28T13:42:32.869+0000] {processor.py:161} INFO - Started process (PID=8732) to work on /opt/airflow/dags/move_landing_to_bronze_partitioned.py
[2025-04-28T13:42:32.870+0000] {processor.py:830} INFO - Processing file /opt/airflow/dags/move_landing_to_bronze_partitioned.py for tasks to queue
[2025-04-28T13:42:32.871+0000] {logging_mixin.py:188} INFO - [2025-04-28T13:42:32.871+0000] {dagbag.py:540} INFO - Filling up the DagBag from /opt/airflow/dags/move_landing_to_bronze_partitioned.py
[2025-04-28T13:42:33.019+0000] {processor.py:840} INFO - DAG(s) 'move_landing_to_bronze_partitioned' retrieved from /opt/airflow/dags/move_landing_to_bronze_partitioned.py
[2025-04-28T13:42:33.035+0000] {logging_mixin.py:188} INFO - [2025-04-28T13:42:33.034+0000] {dag.py:3096} INFO - Sync 1 DAGs
[2025-04-28T13:42:33.041+0000] {logging_mixin.py:188} INFO - [2025-04-28T13:42:33.041+0000] {dag.py:3954} INFO - Setting next_dagrun for move_landing_to_bronze_partitioned to None, run_after=None
[2025-04-28T13:42:33.051+0000] {processor.py:183} INFO - Processing /opt/airflow/dags/move_landing_to_bronze_partitioned.py took 0.185 seconds
[2025-04-28T13:43:03.683+0000] {processor.py:161} INFO - Started process (PID=8767) to work on /opt/airflow/dags/move_landing_to_bronze_partitioned.py
[2025-04-28T13:43:03.684+0000] {processor.py:830} INFO - Processing file /opt/airflow/dags/move_landing_to_bronze_partitioned.py for tasks to queue
[2025-04-28T13:43:03.685+0000] {logging_mixin.py:188} INFO - [2025-04-28T13:43:03.685+0000] {dagbag.py:540} INFO - Filling up the DagBag from /opt/airflow/dags/move_landing_to_bronze_partitioned.py
[2025-04-28T13:43:03.829+0000] {processor.py:840} INFO - DAG(s) 'move_landing_to_bronze_partitioned' retrieved from /opt/airflow/dags/move_landing_to_bronze_partitioned.py
[2025-04-28T13:43:03.842+0000] {logging_mixin.py:188} INFO - [2025-04-28T13:43:03.842+0000] {dag.py:3096} INFO - Sync 1 DAGs
[2025-04-28T13:43:03.848+0000] {logging_mixin.py:188} INFO - [2025-04-28T13:43:03.848+0000] {dag.py:3954} INFO - Setting next_dagrun for move_landing_to_bronze_partitioned to None, run_after=None
[2025-04-28T13:43:03.861+0000] {processor.py:183} INFO - Processing /opt/airflow/dags/move_landing_to_bronze_partitioned.py took 0.180 seconds
[2025-04-28T13:43:34.507+0000] {processor.py:161} INFO - Started process (PID=8802) to work on /opt/airflow/dags/move_landing_to_bronze_partitioned.py
[2025-04-28T13:43:34.507+0000] {processor.py:830} INFO - Processing file /opt/airflow/dags/move_landing_to_bronze_partitioned.py for tasks to queue
[2025-04-28T13:43:34.508+0000] {logging_mixin.py:188} INFO - [2025-04-28T13:43:34.508+0000] {dagbag.py:540} INFO - Filling up the DagBag from /opt/airflow/dags/move_landing_to_bronze_partitioned.py
[2025-04-28T13:43:34.653+0000] {processor.py:840} INFO - DAG(s) 'move_landing_to_bronze_partitioned' retrieved from /opt/airflow/dags/move_landing_to_bronze_partitioned.py
[2025-04-28T13:43:34.666+0000] {logging_mixin.py:188} INFO - [2025-04-28T13:43:34.666+0000] {dag.py:3096} INFO - Sync 1 DAGs
[2025-04-28T13:43:34.674+0000] {logging_mixin.py:188} INFO - [2025-04-28T13:43:34.674+0000] {dag.py:3954} INFO - Setting next_dagrun for move_landing_to_bronze_partitioned to None, run_after=None
[2025-04-28T13:43:34.688+0000] {processor.py:183} INFO - Processing /opt/airflow/dags/move_landing_to_bronze_partitioned.py took 0.185 seconds
[2025-04-28T13:44:05.305+0000] {processor.py:161} INFO - Started process (PID=8837) to work on /opt/airflow/dags/move_landing_to_bronze_partitioned.py
[2025-04-28T13:44:05.305+0000] {processor.py:830} INFO - Processing file /opt/airflow/dags/move_landing_to_bronze_partitioned.py for tasks to queue
[2025-04-28T13:44:05.306+0000] {logging_mixin.py:188} INFO - [2025-04-28T13:44:05.306+0000] {dagbag.py:540} INFO - Filling up the DagBag from /opt/airflow/dags/move_landing_to_bronze_partitioned.py
[2025-04-28T13:44:05.450+0000] {processor.py:840} INFO - DAG(s) 'move_landing_to_bronze_partitioned' retrieved from /opt/airflow/dags/move_landing_to_bronze_partitioned.py
[2025-04-28T13:44:05.463+0000] {logging_mixin.py:188} INFO - [2025-04-28T13:44:05.463+0000] {dag.py:3096} INFO - Sync 1 DAGs
[2025-04-28T13:44:05.472+0000] {logging_mixin.py:188} INFO - [2025-04-28T13:44:05.472+0000] {dag.py:3954} INFO - Setting next_dagrun for move_landing_to_bronze_partitioned to None, run_after=None
[2025-04-28T13:44:05.480+0000] {processor.py:183} INFO - Processing /opt/airflow/dags/move_landing_to_bronze_partitioned.py took 0.178 seconds
[2025-04-28T13:44:36.111+0000] {processor.py:161} INFO - Started process (PID=8872) to work on /opt/airflow/dags/move_landing_to_bronze_partitioned.py
[2025-04-28T13:44:36.111+0000] {processor.py:830} INFO - Processing file /opt/airflow/dags/move_landing_to_bronze_partitioned.py for tasks to queue
[2025-04-28T13:44:36.112+0000] {logging_mixin.py:188} INFO - [2025-04-28T13:44:36.112+0000] {dagbag.py:540} INFO - Filling up the DagBag from /opt/airflow/dags/move_landing_to_bronze_partitioned.py
[2025-04-28T13:44:36.262+0000] {processor.py:840} INFO - DAG(s) 'move_landing_to_bronze_partitioned' retrieved from /opt/airflow/dags/move_landing_to_bronze_partitioned.py
[2025-04-28T13:44:36.276+0000] {logging_mixin.py:188} INFO - [2025-04-28T13:44:36.276+0000] {dag.py:3096} INFO - Sync 1 DAGs
[2025-04-28T13:44:36.285+0000] {logging_mixin.py:188} INFO - [2025-04-28T13:44:36.285+0000] {dag.py:3954} INFO - Setting next_dagrun for move_landing_to_bronze_partitioned to None, run_after=None
[2025-04-28T13:44:36.296+0000] {processor.py:183} INFO - Processing /opt/airflow/dags/move_landing_to_bronze_partitioned.py took 0.189 seconds
[2025-04-28T13:45:06.934+0000] {processor.py:161} INFO - Started process (PID=8907) to work on /opt/airflow/dags/move_landing_to_bronze_partitioned.py
[2025-04-28T13:45:06.934+0000] {processor.py:830} INFO - Processing file /opt/airflow/dags/move_landing_to_bronze_partitioned.py for tasks to queue
[2025-04-28T13:45:06.935+0000] {logging_mixin.py:188} INFO - [2025-04-28T13:45:06.935+0000] {dagbag.py:540} INFO - Filling up the DagBag from /opt/airflow/dags/move_landing_to_bronze_partitioned.py
[2025-04-28T13:45:07.093+0000] {processor.py:840} INFO - DAG(s) 'move_landing_to_bronze_partitioned' retrieved from /opt/airflow/dags/move_landing_to_bronze_partitioned.py
[2025-04-28T13:45:07.107+0000] {logging_mixin.py:188} INFO - [2025-04-28T13:45:07.107+0000] {dag.py:3096} INFO - Sync 1 DAGs
[2025-04-28T13:45:07.115+0000] {logging_mixin.py:188} INFO - [2025-04-28T13:45:07.115+0000] {dag.py:3954} INFO - Setting next_dagrun for move_landing_to_bronze_partitioned to None, run_after=None
[2025-04-28T13:45:07.125+0000] {processor.py:183} INFO - Processing /opt/airflow/dags/move_landing_to_bronze_partitioned.py took 0.194 seconds
[2025-04-28T13:45:37.691+0000] {processor.py:161} INFO - Started process (PID=8942) to work on /opt/airflow/dags/move_landing_to_bronze_partitioned.py
[2025-04-28T13:45:37.692+0000] {processor.py:830} INFO - Processing file /opt/airflow/dags/move_landing_to_bronze_partitioned.py for tasks to queue
[2025-04-28T13:45:37.693+0000] {logging_mixin.py:188} INFO - [2025-04-28T13:45:37.693+0000] {dagbag.py:540} INFO - Filling up the DagBag from /opt/airflow/dags/move_landing_to_bronze_partitioned.py
[2025-04-28T13:45:37.834+0000] {processor.py:840} INFO - DAG(s) 'move_landing_to_bronze_partitioned' retrieved from /opt/airflow/dags/move_landing_to_bronze_partitioned.py
[2025-04-28T13:45:37.847+0000] {logging_mixin.py:188} INFO - [2025-04-28T13:45:37.847+0000] {dag.py:3096} INFO - Sync 1 DAGs
[2025-04-28T13:45:37.857+0000] {logging_mixin.py:188} INFO - [2025-04-28T13:45:37.856+0000] {dag.py:3954} INFO - Setting next_dagrun for move_landing_to_bronze_partitioned to None, run_after=None
[2025-04-28T13:45:37.868+0000] {processor.py:183} INFO - Processing /opt/airflow/dags/move_landing_to_bronze_partitioned.py took 0.179 seconds
[2025-04-28T13:46:08.540+0000] {processor.py:161} INFO - Started process (PID=8977) to work on /opt/airflow/dags/move_landing_to_bronze_partitioned.py
[2025-04-28T13:46:08.541+0000] {processor.py:830} INFO - Processing file /opt/airflow/dags/move_landing_to_bronze_partitioned.py for tasks to queue
[2025-04-28T13:46:08.541+0000] {logging_mixin.py:188} INFO - [2025-04-28T13:46:08.541+0000] {dagbag.py:540} INFO - Filling up the DagBag from /opt/airflow/dags/move_landing_to_bronze_partitioned.py
[2025-04-28T13:46:08.690+0000] {processor.py:840} INFO - DAG(s) 'move_landing_to_bronze_partitioned' retrieved from /opt/airflow/dags/move_landing_to_bronze_partitioned.py
[2025-04-28T13:46:08.706+0000] {logging_mixin.py:188} INFO - [2025-04-28T13:46:08.706+0000] {dag.py:3096} INFO - Sync 1 DAGs
[2025-04-28T13:46:08.713+0000] {logging_mixin.py:188} INFO - [2025-04-28T13:46:08.713+0000] {dag.py:3954} INFO - Setting next_dagrun for move_landing_to_bronze_partitioned to None, run_after=None
[2025-04-28T13:46:08.724+0000] {processor.py:183} INFO - Processing /opt/airflow/dags/move_landing_to_bronze_partitioned.py took 0.187 seconds
[2025-04-28T13:46:39.333+0000] {processor.py:161} INFO - Started process (PID=9012) to work on /opt/airflow/dags/move_landing_to_bronze_partitioned.py
[2025-04-28T13:46:39.334+0000] {processor.py:830} INFO - Processing file /opt/airflow/dags/move_landing_to_bronze_partitioned.py for tasks to queue
[2025-04-28T13:46:39.335+0000] {logging_mixin.py:188} INFO - [2025-04-28T13:46:39.334+0000] {dagbag.py:540} INFO - Filling up the DagBag from /opt/airflow/dags/move_landing_to_bronze_partitioned.py
[2025-04-28T13:46:39.483+0000] {processor.py:840} INFO - DAG(s) 'move_landing_to_bronze_partitioned' retrieved from /opt/airflow/dags/move_landing_to_bronze_partitioned.py
[2025-04-28T13:46:39.496+0000] {logging_mixin.py:188} INFO - [2025-04-28T13:46:39.496+0000] {dag.py:3096} INFO - Sync 1 DAGs
[2025-04-28T13:46:39.505+0000] {logging_mixin.py:188} INFO - [2025-04-28T13:46:39.504+0000] {dag.py:3954} INFO - Setting next_dagrun for move_landing_to_bronze_partitioned to None, run_after=None
[2025-04-28T13:46:39.515+0000] {processor.py:183} INFO - Processing /opt/airflow/dags/move_landing_to_bronze_partitioned.py took 0.185 seconds
[2025-04-28T13:47:10.131+0000] {processor.py:161} INFO - Started process (PID=9047) to work on /opt/airflow/dags/move_landing_to_bronze_partitioned.py
[2025-04-28T13:47:10.131+0000] {processor.py:830} INFO - Processing file /opt/airflow/dags/move_landing_to_bronze_partitioned.py for tasks to queue
[2025-04-28T13:47:10.132+0000] {logging_mixin.py:188} INFO - [2025-04-28T13:47:10.132+0000] {dagbag.py:540} INFO - Filling up the DagBag from /opt/airflow/dags/move_landing_to_bronze_partitioned.py
[2025-04-28T13:47:10.281+0000] {processor.py:840} INFO - DAG(s) 'move_landing_to_bronze_partitioned' retrieved from /opt/airflow/dags/move_landing_to_bronze_partitioned.py
[2025-04-28T13:47:10.296+0000] {logging_mixin.py:188} INFO - [2025-04-28T13:47:10.295+0000] {dag.py:3096} INFO - Sync 1 DAGs
[2025-04-28T13:47:10.303+0000] {logging_mixin.py:188} INFO - [2025-04-28T13:47:10.303+0000] {dag.py:3954} INFO - Setting next_dagrun for move_landing_to_bronze_partitioned to None, run_after=None
[2025-04-28T13:47:10.311+0000] {processor.py:183} INFO - Processing /opt/airflow/dags/move_landing_to_bronze_partitioned.py took 0.184 seconds
[2025-04-28T13:47:40.950+0000] {processor.py:161} INFO - Started process (PID=9082) to work on /opt/airflow/dags/move_landing_to_bronze_partitioned.py
[2025-04-28T13:47:40.951+0000] {processor.py:830} INFO - Processing file /opt/airflow/dags/move_landing_to_bronze_partitioned.py for tasks to queue
[2025-04-28T13:47:40.953+0000] {logging_mixin.py:188} INFO - [2025-04-28T13:47:40.952+0000] {dagbag.py:540} INFO - Filling up the DagBag from /opt/airflow/dags/move_landing_to_bronze_partitioned.py
[2025-04-28T13:47:41.107+0000] {processor.py:840} INFO - DAG(s) 'move_landing_to_bronze_partitioned' retrieved from /opt/airflow/dags/move_landing_to_bronze_partitioned.py
[2025-04-28T13:47:41.120+0000] {logging_mixin.py:188} INFO - [2025-04-28T13:47:41.120+0000] {dag.py:3096} INFO - Sync 1 DAGs
[2025-04-28T13:47:41.126+0000] {logging_mixin.py:188} INFO - [2025-04-28T13:47:41.126+0000] {dag.py:3954} INFO - Setting next_dagrun for move_landing_to_bronze_partitioned to None, run_after=None
[2025-04-28T13:47:41.136+0000] {processor.py:183} INFO - Processing /opt/airflow/dags/move_landing_to_bronze_partitioned.py took 0.189 seconds
[2025-04-28T13:48:11.818+0000] {processor.py:161} INFO - Started process (PID=9117) to work on /opt/airflow/dags/move_landing_to_bronze_partitioned.py
[2025-04-28T13:48:11.819+0000] {processor.py:830} INFO - Processing file /opt/airflow/dags/move_landing_to_bronze_partitioned.py for tasks to queue
[2025-04-28T13:48:11.819+0000] {logging_mixin.py:188} INFO - [2025-04-28T13:48:11.819+0000] {dagbag.py:540} INFO - Filling up the DagBag from /opt/airflow/dags/move_landing_to_bronze_partitioned.py
[2025-04-28T13:48:11.962+0000] {processor.py:840} INFO - DAG(s) 'move_landing_to_bronze_partitioned' retrieved from /opt/airflow/dags/move_landing_to_bronze_partitioned.py
[2025-04-28T13:48:11.974+0000] {logging_mixin.py:188} INFO - [2025-04-28T13:48:11.974+0000] {dag.py:3096} INFO - Sync 1 DAGs
[2025-04-28T13:48:11.983+0000] {logging_mixin.py:188} INFO - [2025-04-28T13:48:11.982+0000] {dag.py:3954} INFO - Setting next_dagrun for move_landing_to_bronze_partitioned to None, run_after=None
[2025-04-28T13:48:11.992+0000] {processor.py:183} INFO - Processing /opt/airflow/dags/move_landing_to_bronze_partitioned.py took 0.177 seconds
[2025-04-28T13:48:42.634+0000] {processor.py:161} INFO - Started process (PID=9152) to work on /opt/airflow/dags/move_landing_to_bronze_partitioned.py
[2025-04-28T13:48:42.634+0000] {processor.py:830} INFO - Processing file /opt/airflow/dags/move_landing_to_bronze_partitioned.py for tasks to queue
[2025-04-28T13:48:42.636+0000] {logging_mixin.py:188} INFO - [2025-04-28T13:48:42.635+0000] {dagbag.py:540} INFO - Filling up the DagBag from /opt/airflow/dags/move_landing_to_bronze_partitioned.py
[2025-04-28T13:48:42.783+0000] {processor.py:840} INFO - DAG(s) 'move_landing_to_bronze_partitioned' retrieved from /opt/airflow/dags/move_landing_to_bronze_partitioned.py
[2025-04-28T13:48:42.799+0000] {logging_mixin.py:188} INFO - [2025-04-28T13:48:42.799+0000] {dag.py:3096} INFO - Sync 1 DAGs
[2025-04-28T13:48:42.807+0000] {logging_mixin.py:188} INFO - [2025-04-28T13:48:42.807+0000] {dag.py:3954} INFO - Setting next_dagrun for move_landing_to_bronze_partitioned to None, run_after=None
[2025-04-28T13:48:42.815+0000] {processor.py:183} INFO - Processing /opt/airflow/dags/move_landing_to_bronze_partitioned.py took 0.184 seconds
[2025-04-28T13:49:13.475+0000] {processor.py:161} INFO - Started process (PID=9187) to work on /opt/airflow/dags/move_landing_to_bronze_partitioned.py
[2025-04-28T13:49:13.476+0000] {processor.py:830} INFO - Processing file /opt/airflow/dags/move_landing_to_bronze_partitioned.py for tasks to queue
[2025-04-28T13:49:13.477+0000] {logging_mixin.py:188} INFO - [2025-04-28T13:49:13.477+0000] {dagbag.py:540} INFO - Filling up the DagBag from /opt/airflow/dags/move_landing_to_bronze_partitioned.py
[2025-04-28T13:49:13.619+0000] {processor.py:840} INFO - DAG(s) 'move_landing_to_bronze_partitioned' retrieved from /opt/airflow/dags/move_landing_to_bronze_partitioned.py
[2025-04-28T13:49:13.633+0000] {logging_mixin.py:188} INFO - [2025-04-28T13:49:13.633+0000] {dag.py:3096} INFO - Sync 1 DAGs
[2025-04-28T13:49:13.642+0000] {logging_mixin.py:188} INFO - [2025-04-28T13:49:13.642+0000] {dag.py:3954} INFO - Setting next_dagrun for move_landing_to_bronze_partitioned to None, run_after=None
[2025-04-28T13:49:13.652+0000] {processor.py:183} INFO - Processing /opt/airflow/dags/move_landing_to_bronze_partitioned.py took 0.180 seconds
[2025-04-28T13:49:44.285+0000] {processor.py:161} INFO - Started process (PID=9222) to work on /opt/airflow/dags/move_landing_to_bronze_partitioned.py
[2025-04-28T13:49:44.285+0000] {processor.py:830} INFO - Processing file /opt/airflow/dags/move_landing_to_bronze_partitioned.py for tasks to queue
[2025-04-28T13:49:44.286+0000] {logging_mixin.py:188} INFO - [2025-04-28T13:49:44.286+0000] {dagbag.py:540} INFO - Filling up the DagBag from /opt/airflow/dags/move_landing_to_bronze_partitioned.py
[2025-04-28T13:49:44.439+0000] {processor.py:840} INFO - DAG(s) 'move_landing_to_bronze_partitioned' retrieved from /opt/airflow/dags/move_landing_to_bronze_partitioned.py
[2025-04-28T13:49:44.453+0000] {logging_mixin.py:188} INFO - [2025-04-28T13:49:44.453+0000] {dag.py:3096} INFO - Sync 1 DAGs
[2025-04-28T13:49:44.460+0000] {logging_mixin.py:188} INFO - [2025-04-28T13:49:44.459+0000] {dag.py:3954} INFO - Setting next_dagrun for move_landing_to_bronze_partitioned to None, run_after=None
[2025-04-28T13:49:44.470+0000] {processor.py:183} INFO - Processing /opt/airflow/dags/move_landing_to_bronze_partitioned.py took 0.188 seconds
[2025-04-28T13:50:15.121+0000] {processor.py:161} INFO - Started process (PID=9257) to work on /opt/airflow/dags/move_landing_to_bronze_partitioned.py
[2025-04-28T13:50:15.122+0000] {processor.py:830} INFO - Processing file /opt/airflow/dags/move_landing_to_bronze_partitioned.py for tasks to queue
[2025-04-28T13:50:15.123+0000] {logging_mixin.py:188} INFO - [2025-04-28T13:50:15.122+0000] {dagbag.py:540} INFO - Filling up the DagBag from /opt/airflow/dags/move_landing_to_bronze_partitioned.py
[2025-04-28T13:50:15.266+0000] {processor.py:840} INFO - DAG(s) 'move_landing_to_bronze_partitioned' retrieved from /opt/airflow/dags/move_landing_to_bronze_partitioned.py
[2025-04-28T13:50:15.280+0000] {logging_mixin.py:188} INFO - [2025-04-28T13:50:15.280+0000] {dag.py:3096} INFO - Sync 1 DAGs
[2025-04-28T13:50:15.289+0000] {logging_mixin.py:188} INFO - [2025-04-28T13:50:15.289+0000] {dag.py:3954} INFO - Setting next_dagrun for move_landing_to_bronze_partitioned to None, run_after=None
[2025-04-28T13:50:15.300+0000] {processor.py:183} INFO - Processing /opt/airflow/dags/move_landing_to_bronze_partitioned.py took 0.182 seconds
[2025-04-28T13:50:45.933+0000] {processor.py:161} INFO - Started process (PID=9292) to work on /opt/airflow/dags/move_landing_to_bronze_partitioned.py
[2025-04-28T13:50:45.933+0000] {processor.py:830} INFO - Processing file /opt/airflow/dags/move_landing_to_bronze_partitioned.py for tasks to queue
[2025-04-28T13:50:45.934+0000] {logging_mixin.py:188} INFO - [2025-04-28T13:50:45.934+0000] {dagbag.py:540} INFO - Filling up the DagBag from /opt/airflow/dags/move_landing_to_bronze_partitioned.py
[2025-04-28T13:50:46.080+0000] {processor.py:840} INFO - DAG(s) 'move_landing_to_bronze_partitioned' retrieved from /opt/airflow/dags/move_landing_to_bronze_partitioned.py
[2025-04-28T13:50:46.101+0000] {logging_mixin.py:188} INFO - [2025-04-28T13:50:46.101+0000] {dag.py:3096} INFO - Sync 1 DAGs
[2025-04-28T13:50:46.108+0000] {logging_mixin.py:188} INFO - [2025-04-28T13:50:46.108+0000] {dag.py:3954} INFO - Setting next_dagrun for move_landing_to_bronze_partitioned to None, run_after=None
[2025-04-28T13:50:46.118+0000] {processor.py:183} INFO - Processing /opt/airflow/dags/move_landing_to_bronze_partitioned.py took 0.188 seconds
[2025-04-28T13:51:16.726+0000] {processor.py:161} INFO - Started process (PID=9327) to work on /opt/airflow/dags/move_landing_to_bronze_partitioned.py
[2025-04-28T13:51:16.726+0000] {processor.py:830} INFO - Processing file /opt/airflow/dags/move_landing_to_bronze_partitioned.py for tasks to queue
[2025-04-28T13:51:16.728+0000] {logging_mixin.py:188} INFO - [2025-04-28T13:51:16.727+0000] {dagbag.py:540} INFO - Filling up the DagBag from /opt/airflow/dags/move_landing_to_bronze_partitioned.py
[2025-04-28T13:51:16.873+0000] {processor.py:840} INFO - DAG(s) 'move_landing_to_bronze_partitioned' retrieved from /opt/airflow/dags/move_landing_to_bronze_partitioned.py
[2025-04-28T13:51:16.888+0000] {logging_mixin.py:188} INFO - [2025-04-28T13:51:16.888+0000] {dag.py:3096} INFO - Sync 1 DAGs
[2025-04-28T13:51:16.899+0000] {logging_mixin.py:188} INFO - [2025-04-28T13:51:16.899+0000] {dag.py:3954} INFO - Setting next_dagrun for move_landing_to_bronze_partitioned to None, run_after=None
[2025-04-28T13:51:16.908+0000] {processor.py:183} INFO - Processing /opt/airflow/dags/move_landing_to_bronze_partitioned.py took 0.185 seconds
[2025-04-28T13:51:47.547+0000] {processor.py:161} INFO - Started process (PID=9362) to work on /opt/airflow/dags/move_landing_to_bronze_partitioned.py
[2025-04-28T13:51:47.548+0000] {processor.py:830} INFO - Processing file /opt/airflow/dags/move_landing_to_bronze_partitioned.py for tasks to queue
[2025-04-28T13:51:47.549+0000] {logging_mixin.py:188} INFO - [2025-04-28T13:51:47.549+0000] {dagbag.py:540} INFO - Filling up the DagBag from /opt/airflow/dags/move_landing_to_bronze_partitioned.py
[2025-04-28T13:51:47.693+0000] {processor.py:840} INFO - DAG(s) 'move_landing_to_bronze_partitioned' retrieved from /opt/airflow/dags/move_landing_to_bronze_partitioned.py
[2025-04-28T13:51:47.709+0000] {logging_mixin.py:188} INFO - [2025-04-28T13:51:47.709+0000] {dag.py:3096} INFO - Sync 1 DAGs
[2025-04-28T13:51:47.717+0000] {logging_mixin.py:188} INFO - [2025-04-28T13:51:47.717+0000] {dag.py:3954} INFO - Setting next_dagrun for move_landing_to_bronze_partitioned to None, run_after=None
[2025-04-28T13:51:47.728+0000] {processor.py:183} INFO - Processing /opt/airflow/dags/move_landing_to_bronze_partitioned.py took 0.184 seconds
[2025-04-28T13:52:18.356+0000] {processor.py:161} INFO - Started process (PID=9397) to work on /opt/airflow/dags/move_landing_to_bronze_partitioned.py
[2025-04-28T13:52:18.357+0000] {processor.py:830} INFO - Processing file /opt/airflow/dags/move_landing_to_bronze_partitioned.py for tasks to queue
[2025-04-28T13:52:18.358+0000] {logging_mixin.py:188} INFO - [2025-04-28T13:52:18.358+0000] {dagbag.py:540} INFO - Filling up the DagBag from /opt/airflow/dags/move_landing_to_bronze_partitioned.py
[2025-04-28T13:52:18.508+0000] {processor.py:840} INFO - DAG(s) 'move_landing_to_bronze_partitioned' retrieved from /opt/airflow/dags/move_landing_to_bronze_partitioned.py
[2025-04-28T13:52:18.522+0000] {logging_mixin.py:188} INFO - [2025-04-28T13:52:18.521+0000] {dag.py:3096} INFO - Sync 1 DAGs
[2025-04-28T13:52:18.532+0000] {logging_mixin.py:188} INFO - [2025-04-28T13:52:18.532+0000] {dag.py:3954} INFO - Setting next_dagrun for move_landing_to_bronze_partitioned to None, run_after=None
[2025-04-28T13:52:18.543+0000] {processor.py:183} INFO - Processing /opt/airflow/dags/move_landing_to_bronze_partitioned.py took 0.190 seconds
[2025-04-28T13:52:49.195+0000] {processor.py:161} INFO - Started process (PID=9432) to work on /opt/airflow/dags/move_landing_to_bronze_partitioned.py
[2025-04-28T13:52:49.196+0000] {processor.py:830} INFO - Processing file /opt/airflow/dags/move_landing_to_bronze_partitioned.py for tasks to queue
[2025-04-28T13:52:49.197+0000] {logging_mixin.py:188} INFO - [2025-04-28T13:52:49.197+0000] {dagbag.py:540} INFO - Filling up the DagBag from /opt/airflow/dags/move_landing_to_bronze_partitioned.py
[2025-04-28T13:52:49.352+0000] {processor.py:840} INFO - DAG(s) 'move_landing_to_bronze_partitioned' retrieved from /opt/airflow/dags/move_landing_to_bronze_partitioned.py
[2025-04-28T13:52:49.366+0000] {logging_mixin.py:188} INFO - [2025-04-28T13:52:49.366+0000] {dag.py:3096} INFO - Sync 1 DAGs
[2025-04-28T13:52:49.372+0000] {logging_mixin.py:188} INFO - [2025-04-28T13:52:49.372+0000] {dag.py:3954} INFO - Setting next_dagrun for move_landing_to_bronze_partitioned to None, run_after=None
[2025-04-28T13:52:49.381+0000] {processor.py:183} INFO - Processing /opt/airflow/dags/move_landing_to_bronze_partitioned.py took 0.188 seconds
[2025-04-28T13:53:19.980+0000] {processor.py:161} INFO - Started process (PID=9467) to work on /opt/airflow/dags/move_landing_to_bronze_partitioned.py
[2025-04-28T13:53:19.980+0000] {processor.py:830} INFO - Processing file /opt/airflow/dags/move_landing_to_bronze_partitioned.py for tasks to queue
[2025-04-28T13:53:19.981+0000] {logging_mixin.py:188} INFO - [2025-04-28T13:53:19.981+0000] {dagbag.py:540} INFO - Filling up the DagBag from /opt/airflow/dags/move_landing_to_bronze_partitioned.py
[2025-04-28T13:53:20.124+0000] {processor.py:840} INFO - DAG(s) 'move_landing_to_bronze_partitioned' retrieved from /opt/airflow/dags/move_landing_to_bronze_partitioned.py
[2025-04-28T13:53:20.138+0000] {logging_mixin.py:188} INFO - [2025-04-28T13:53:20.137+0000] {dag.py:3096} INFO - Sync 1 DAGs
[2025-04-28T13:53:20.147+0000] {logging_mixin.py:188} INFO - [2025-04-28T13:53:20.147+0000] {dag.py:3954} INFO - Setting next_dagrun for move_landing_to_bronze_partitioned to None, run_after=None
[2025-04-28T13:53:20.157+0000] {processor.py:183} INFO - Processing /opt/airflow/dags/move_landing_to_bronze_partitioned.py took 0.180 seconds
[2025-04-28T13:53:50.782+0000] {processor.py:161} INFO - Started process (PID=9502) to work on /opt/airflow/dags/move_landing_to_bronze_partitioned.py
[2025-04-28T13:53:50.783+0000] {processor.py:830} INFO - Processing file /opt/airflow/dags/move_landing_to_bronze_partitioned.py for tasks to queue
[2025-04-28T13:53:50.784+0000] {logging_mixin.py:188} INFO - [2025-04-28T13:53:50.784+0000] {dagbag.py:540} INFO - Filling up the DagBag from /opt/airflow/dags/move_landing_to_bronze_partitioned.py
[2025-04-28T13:53:50.934+0000] {processor.py:840} INFO - DAG(s) 'move_landing_to_bronze_partitioned' retrieved from /opt/airflow/dags/move_landing_to_bronze_partitioned.py
[2025-04-28T13:53:50.947+0000] {logging_mixin.py:188} INFO - [2025-04-28T13:53:50.947+0000] {dag.py:3096} INFO - Sync 1 DAGs
[2025-04-28T13:53:50.956+0000] {logging_mixin.py:188} INFO - [2025-04-28T13:53:50.956+0000] {dag.py:3954} INFO - Setting next_dagrun for move_landing_to_bronze_partitioned to None, run_after=None
[2025-04-28T13:53:50.970+0000] {processor.py:183} INFO - Processing /opt/airflow/dags/move_landing_to_bronze_partitioned.py took 0.191 seconds
[2025-04-28T13:54:21.587+0000] {processor.py:161} INFO - Started process (PID=9537) to work on /opt/airflow/dags/move_landing_to_bronze_partitioned.py
[2025-04-28T13:54:21.588+0000] {processor.py:830} INFO - Processing file /opt/airflow/dags/move_landing_to_bronze_partitioned.py for tasks to queue
[2025-04-28T13:54:21.589+0000] {logging_mixin.py:188} INFO - [2025-04-28T13:54:21.588+0000] {dagbag.py:540} INFO - Filling up the DagBag from /opt/airflow/dags/move_landing_to_bronze_partitioned.py
[2025-04-28T13:54:21.736+0000] {processor.py:840} INFO - DAG(s) 'move_landing_to_bronze_partitioned' retrieved from /opt/airflow/dags/move_landing_to_bronze_partitioned.py
[2025-04-28T13:54:21.750+0000] {logging_mixin.py:188} INFO - [2025-04-28T13:54:21.750+0000] {dag.py:3096} INFO - Sync 1 DAGs
[2025-04-28T13:54:21.758+0000] {logging_mixin.py:188} INFO - [2025-04-28T13:54:21.758+0000] {dag.py:3954} INFO - Setting next_dagrun for move_landing_to_bronze_partitioned to None, run_after=None
[2025-04-28T13:54:21.769+0000] {processor.py:183} INFO - Processing /opt/airflow/dags/move_landing_to_bronze_partitioned.py took 0.185 seconds
[2025-04-28T13:54:52.424+0000] {processor.py:161} INFO - Started process (PID=9572) to work on /opt/airflow/dags/move_landing_to_bronze_partitioned.py
[2025-04-28T13:54:52.425+0000] {processor.py:830} INFO - Processing file /opt/airflow/dags/move_landing_to_bronze_partitioned.py for tasks to queue
[2025-04-28T13:54:52.426+0000] {logging_mixin.py:188} INFO - [2025-04-28T13:54:52.426+0000] {dagbag.py:540} INFO - Filling up the DagBag from /opt/airflow/dags/move_landing_to_bronze_partitioned.py
[2025-04-28T13:54:52.576+0000] {processor.py:840} INFO - DAG(s) 'move_landing_to_bronze_partitioned' retrieved from /opt/airflow/dags/move_landing_to_bronze_partitioned.py
[2025-04-28T13:54:52.591+0000] {logging_mixin.py:188} INFO - [2025-04-28T13:54:52.590+0000] {dag.py:3096} INFO - Sync 1 DAGs
[2025-04-28T13:54:52.601+0000] {logging_mixin.py:188} INFO - [2025-04-28T13:54:52.601+0000] {dag.py:3954} INFO - Setting next_dagrun for move_landing_to_bronze_partitioned to None, run_after=None
[2025-04-28T13:54:52.611+0000] {processor.py:183} INFO - Processing /opt/airflow/dags/move_landing_to_bronze_partitioned.py took 0.190 seconds
[2025-04-28T13:55:23.245+0000] {processor.py:161} INFO - Started process (PID=9607) to work on /opt/airflow/dags/move_landing_to_bronze_partitioned.py
[2025-04-28T13:55:23.246+0000] {processor.py:830} INFO - Processing file /opt/airflow/dags/move_landing_to_bronze_partitioned.py for tasks to queue
[2025-04-28T13:55:23.247+0000] {logging_mixin.py:188} INFO - [2025-04-28T13:55:23.247+0000] {dagbag.py:540} INFO - Filling up the DagBag from /opt/airflow/dags/move_landing_to_bronze_partitioned.py
[2025-04-28T13:55:23.400+0000] {processor.py:840} INFO - DAG(s) 'move_landing_to_bronze_partitioned' retrieved from /opt/airflow/dags/move_landing_to_bronze_partitioned.py
[2025-04-28T13:55:23.417+0000] {logging_mixin.py:188} INFO - [2025-04-28T13:55:23.416+0000] {dag.py:3096} INFO - Sync 1 DAGs
[2025-04-28T13:55:23.422+0000] {logging_mixin.py:188} INFO - [2025-04-28T13:55:23.422+0000] {dag.py:3954} INFO - Setting next_dagrun for move_landing_to_bronze_partitioned to None, run_after=None
[2025-04-28T13:55:23.433+0000] {processor.py:183} INFO - Processing /opt/airflow/dags/move_landing_to_bronze_partitioned.py took 0.191 seconds
[2025-04-28T13:55:54.075+0000] {processor.py:161} INFO - Started process (PID=9642) to work on /opt/airflow/dags/move_landing_to_bronze_partitioned.py
[2025-04-28T13:55:54.075+0000] {processor.py:830} INFO - Processing file /opt/airflow/dags/move_landing_to_bronze_partitioned.py for tasks to queue
[2025-04-28T13:55:54.076+0000] {logging_mixin.py:188} INFO - [2025-04-28T13:55:54.076+0000] {dagbag.py:540} INFO - Filling up the DagBag from /opt/airflow/dags/move_landing_to_bronze_partitioned.py
[2025-04-28T13:55:54.222+0000] {processor.py:840} INFO - DAG(s) 'move_landing_to_bronze_partitioned' retrieved from /opt/airflow/dags/move_landing_to_bronze_partitioned.py
[2025-04-28T13:55:54.235+0000] {logging_mixin.py:188} INFO - [2025-04-28T13:55:54.235+0000] {dag.py:3096} INFO - Sync 1 DAGs
[2025-04-28T13:55:54.242+0000] {logging_mixin.py:188} INFO - [2025-04-28T13:55:54.242+0000] {dag.py:3954} INFO - Setting next_dagrun for move_landing_to_bronze_partitioned to None, run_after=None
[2025-04-28T13:55:54.251+0000] {processor.py:183} INFO - Processing /opt/airflow/dags/move_landing_to_bronze_partitioned.py took 0.179 seconds
[2025-04-28T13:56:24.882+0000] {processor.py:161} INFO - Started process (PID=9677) to work on /opt/airflow/dags/move_landing_to_bronze_partitioned.py
[2025-04-28T13:56:24.883+0000] {processor.py:830} INFO - Processing file /opt/airflow/dags/move_landing_to_bronze_partitioned.py for tasks to queue
[2025-04-28T13:56:24.884+0000] {logging_mixin.py:188} INFO - [2025-04-28T13:56:24.883+0000] {dagbag.py:540} INFO - Filling up the DagBag from /opt/airflow/dags/move_landing_to_bronze_partitioned.py
[2025-04-28T13:56:25.031+0000] {processor.py:840} INFO - DAG(s) 'move_landing_to_bronze_partitioned' retrieved from /opt/airflow/dags/move_landing_to_bronze_partitioned.py
[2025-04-28T13:56:25.045+0000] {logging_mixin.py:188} INFO - [2025-04-28T13:56:25.044+0000] {dag.py:3096} INFO - Sync 1 DAGs
[2025-04-28T13:56:25.055+0000] {logging_mixin.py:188} INFO - [2025-04-28T13:56:25.055+0000] {dag.py:3954} INFO - Setting next_dagrun for move_landing_to_bronze_partitioned to None, run_after=None
[2025-04-28T13:56:25.066+0000] {processor.py:183} INFO - Processing /opt/airflow/dags/move_landing_to_bronze_partitioned.py took 0.187 seconds
[2025-04-28T13:56:55.664+0000] {processor.py:161} INFO - Started process (PID=9712) to work on /opt/airflow/dags/move_landing_to_bronze_partitioned.py
[2025-04-28T13:56:55.665+0000] {processor.py:830} INFO - Processing file /opt/airflow/dags/move_landing_to_bronze_partitioned.py for tasks to queue
[2025-04-28T13:56:55.666+0000] {logging_mixin.py:188} INFO - [2025-04-28T13:56:55.666+0000] {dagbag.py:540} INFO - Filling up the DagBag from /opt/airflow/dags/move_landing_to_bronze_partitioned.py
[2025-04-28T13:56:55.815+0000] {processor.py:840} INFO - DAG(s) 'move_landing_to_bronze_partitioned' retrieved from /opt/airflow/dags/move_landing_to_bronze_partitioned.py
[2025-04-28T13:56:55.829+0000] {logging_mixin.py:188} INFO - [2025-04-28T13:56:55.829+0000] {dag.py:3096} INFO - Sync 1 DAGs
[2025-04-28T13:56:55.836+0000] {logging_mixin.py:188} INFO - [2025-04-28T13:56:55.836+0000] {dag.py:3954} INFO - Setting next_dagrun for move_landing_to_bronze_partitioned to None, run_after=None
[2025-04-28T13:56:55.852+0000] {processor.py:183} INFO - Processing /opt/airflow/dags/move_landing_to_bronze_partitioned.py took 0.191 seconds
[2025-04-28T13:57:26.464+0000] {processor.py:161} INFO - Started process (PID=9747) to work on /opt/airflow/dags/move_landing_to_bronze_partitioned.py
[2025-04-28T13:57:26.465+0000] {processor.py:830} INFO - Processing file /opt/airflow/dags/move_landing_to_bronze_partitioned.py for tasks to queue
[2025-04-28T13:57:26.466+0000] {logging_mixin.py:188} INFO - [2025-04-28T13:57:26.466+0000] {dagbag.py:540} INFO - Filling up the DagBag from /opt/airflow/dags/move_landing_to_bronze_partitioned.py
[2025-04-28T13:57:26.623+0000] {processor.py:840} INFO - DAG(s) 'move_landing_to_bronze_partitioned' retrieved from /opt/airflow/dags/move_landing_to_bronze_partitioned.py
[2025-04-28T13:57:26.640+0000] {logging_mixin.py:188} INFO - [2025-04-28T13:57:26.639+0000] {dag.py:3096} INFO - Sync 1 DAGs
[2025-04-28T13:57:26.646+0000] {logging_mixin.py:188} INFO - [2025-04-28T13:57:26.646+0000] {dag.py:3954} INFO - Setting next_dagrun for move_landing_to_bronze_partitioned to None, run_after=None
[2025-04-28T13:57:26.657+0000] {processor.py:183} INFO - Processing /opt/airflow/dags/move_landing_to_bronze_partitioned.py took 0.195 seconds
[2025-04-28T13:57:57.281+0000] {processor.py:161} INFO - Started process (PID=9782) to work on /opt/airflow/dags/move_landing_to_bronze_partitioned.py
[2025-04-28T13:57:57.282+0000] {processor.py:830} INFO - Processing file /opt/airflow/dags/move_landing_to_bronze_partitioned.py for tasks to queue
[2025-04-28T13:57:57.282+0000] {logging_mixin.py:188} INFO - [2025-04-28T13:57:57.282+0000] {dagbag.py:540} INFO - Filling up the DagBag from /opt/airflow/dags/move_landing_to_bronze_partitioned.py
[2025-04-28T13:57:57.426+0000] {processor.py:840} INFO - DAG(s) 'move_landing_to_bronze_partitioned' retrieved from /opt/airflow/dags/move_landing_to_bronze_partitioned.py
[2025-04-28T13:57:57.441+0000] {logging_mixin.py:188} INFO - [2025-04-28T13:57:57.440+0000] {dag.py:3096} INFO - Sync 1 DAGs
[2025-04-28T13:57:57.447+0000] {logging_mixin.py:188} INFO - [2025-04-28T13:57:57.447+0000] {dag.py:3954} INFO - Setting next_dagrun for move_landing_to_bronze_partitioned to None, run_after=None
[2025-04-28T13:57:57.462+0000] {processor.py:183} INFO - Processing /opt/airflow/dags/move_landing_to_bronze_partitioned.py took 0.184 seconds
[2025-04-28T13:58:28.113+0000] {processor.py:161} INFO - Started process (PID=9817) to work on /opt/airflow/dags/move_landing_to_bronze_partitioned.py
[2025-04-28T13:58:28.113+0000] {processor.py:830} INFO - Processing file /opt/airflow/dags/move_landing_to_bronze_partitioned.py for tasks to queue
[2025-04-28T13:58:28.114+0000] {logging_mixin.py:188} INFO - [2025-04-28T13:58:28.114+0000] {dagbag.py:540} INFO - Filling up the DagBag from /opt/airflow/dags/move_landing_to_bronze_partitioned.py
[2025-04-28T13:58:28.258+0000] {processor.py:840} INFO - DAG(s) 'move_landing_to_bronze_partitioned' retrieved from /opt/airflow/dags/move_landing_to_bronze_partitioned.py
[2025-04-28T13:58:28.271+0000] {logging_mixin.py:188} INFO - [2025-04-28T13:58:28.270+0000] {dag.py:3096} INFO - Sync 1 DAGs
[2025-04-28T13:58:28.278+0000] {logging_mixin.py:188} INFO - [2025-04-28T13:58:28.278+0000] {dag.py:3954} INFO - Setting next_dagrun for move_landing_to_bronze_partitioned to None, run_after=None
[2025-04-28T13:58:28.293+0000] {processor.py:183} INFO - Processing /opt/airflow/dags/move_landing_to_bronze_partitioned.py took 0.183 seconds
[2025-04-28T13:58:58.870+0000] {processor.py:161} INFO - Started process (PID=9852) to work on /opt/airflow/dags/move_landing_to_bronze_partitioned.py
[2025-04-28T13:58:58.871+0000] {processor.py:830} INFO - Processing file /opt/airflow/dags/move_landing_to_bronze_partitioned.py for tasks to queue
[2025-04-28T13:58:58.872+0000] {logging_mixin.py:188} INFO - [2025-04-28T13:58:58.871+0000] {dagbag.py:540} INFO - Filling up the DagBag from /opt/airflow/dags/move_landing_to_bronze_partitioned.py
[2025-04-28T13:58:59.017+0000] {processor.py:840} INFO - DAG(s) 'move_landing_to_bronze_partitioned' retrieved from /opt/airflow/dags/move_landing_to_bronze_partitioned.py
[2025-04-28T13:58:59.030+0000] {logging_mixin.py:188} INFO - [2025-04-28T13:58:59.030+0000] {dag.py:3096} INFO - Sync 1 DAGs
[2025-04-28T13:58:59.040+0000] {logging_mixin.py:188} INFO - [2025-04-28T13:58:59.040+0000] {dag.py:3954} INFO - Setting next_dagrun for move_landing_to_bronze_partitioned to None, run_after=None
[2025-04-28T13:58:59.051+0000] {processor.py:183} INFO - Processing /opt/airflow/dags/move_landing_to_bronze_partitioned.py took 0.184 seconds
[2025-04-28T13:59:29.864+0000] {processor.py:161} INFO - Started process (PID=9889) to work on /opt/airflow/dags/move_landing_to_bronze_partitioned.py
[2025-04-28T13:59:29.866+0000] {processor.py:830} INFO - Processing file /opt/airflow/dags/move_landing_to_bronze_partitioned.py for tasks to queue
[2025-04-28T13:59:29.867+0000] {logging_mixin.py:188} INFO - [2025-04-28T13:59:29.867+0000] {dagbag.py:540} INFO - Filling up the DagBag from /opt/airflow/dags/move_landing_to_bronze_partitioned.py
[2025-04-28T13:59:30.024+0000] {processor.py:840} INFO - DAG(s) 'move_landing_to_bronze_partitioned' retrieved from /opt/airflow/dags/move_landing_to_bronze_partitioned.py
[2025-04-28T13:59:30.038+0000] {logging_mixin.py:188} INFO - [2025-04-28T13:59:30.038+0000] {dag.py:3096} INFO - Sync 1 DAGs
[2025-04-28T13:59:30.044+0000] {logging_mixin.py:188} INFO - [2025-04-28T13:59:30.044+0000] {dag.py:3954} INFO - Setting next_dagrun for move_landing_to_bronze_partitioned to None, run_after=None
[2025-04-28T13:59:30.053+0000] {processor.py:183} INFO - Processing /opt/airflow/dags/move_landing_to_bronze_partitioned.py took 0.192 seconds
[2025-04-28T14:00:00.976+0000] {processor.py:161} INFO - Started process (PID=9924) to work on /opt/airflow/dags/move_landing_to_bronze_partitioned.py
[2025-04-28T14:00:00.977+0000] {processor.py:830} INFO - Processing file /opt/airflow/dags/move_landing_to_bronze_partitioned.py for tasks to queue
[2025-04-28T14:00:00.978+0000] {logging_mixin.py:188} INFO - [2025-04-28T14:00:00.977+0000] {dagbag.py:540} INFO - Filling up the DagBag from /opt/airflow/dags/move_landing_to_bronze_partitioned.py
[2025-04-28T14:00:01.124+0000] {processor.py:840} INFO - DAG(s) 'move_landing_to_bronze_partitioned' retrieved from /opt/airflow/dags/move_landing_to_bronze_partitioned.py
[2025-04-28T14:00:01.139+0000] {logging_mixin.py:188} INFO - [2025-04-28T14:00:01.138+0000] {dag.py:3096} INFO - Sync 1 DAGs
[2025-04-28T14:00:01.144+0000] {logging_mixin.py:188} INFO - [2025-04-28T14:00:01.144+0000] {dag.py:3954} INFO - Setting next_dagrun for move_landing_to_bronze_partitioned to None, run_after=None
[2025-04-28T14:00:01.155+0000] {processor.py:183} INFO - Processing /opt/airflow/dags/move_landing_to_bronze_partitioned.py took 0.183 seconds
[2025-04-28T14:00:31.711+0000] {processor.py:161} INFO - Started process (PID=9959) to work on /opt/airflow/dags/move_landing_to_bronze_partitioned.py
[2025-04-28T14:00:31.711+0000] {processor.py:830} INFO - Processing file /opt/airflow/dags/move_landing_to_bronze_partitioned.py for tasks to queue
[2025-04-28T14:00:31.712+0000] {logging_mixin.py:188} INFO - [2025-04-28T14:00:31.712+0000] {dagbag.py:540} INFO - Filling up the DagBag from /opt/airflow/dags/move_landing_to_bronze_partitioned.py
[2025-04-28T14:00:31.856+0000] {processor.py:840} INFO - DAG(s) 'move_landing_to_bronze_partitioned' retrieved from /opt/airflow/dags/move_landing_to_bronze_partitioned.py
[2025-04-28T14:00:31.872+0000] {logging_mixin.py:188} INFO - [2025-04-28T14:00:31.871+0000] {dag.py:3096} INFO - Sync 1 DAGs
[2025-04-28T14:00:31.880+0000] {logging_mixin.py:188} INFO - [2025-04-28T14:00:31.880+0000] {dag.py:3954} INFO - Setting next_dagrun for move_landing_to_bronze_partitioned to None, run_after=None
[2025-04-28T14:00:31.891+0000] {processor.py:183} INFO - Processing /opt/airflow/dags/move_landing_to_bronze_partitioned.py took 0.184 seconds
[2025-04-28T14:01:02.429+0000] {processor.py:161} INFO - Started process (PID=9994) to work on /opt/airflow/dags/move_landing_to_bronze_partitioned.py
[2025-04-28T14:01:02.429+0000] {processor.py:830} INFO - Processing file /opt/airflow/dags/move_landing_to_bronze_partitioned.py for tasks to queue
[2025-04-28T14:01:02.430+0000] {logging_mixin.py:188} INFO - [2025-04-28T14:01:02.430+0000] {dagbag.py:540} INFO - Filling up the DagBag from /opt/airflow/dags/move_landing_to_bronze_partitioned.py
[2025-04-28T14:01:02.572+0000] {processor.py:840} INFO - DAG(s) 'move_landing_to_bronze_partitioned' retrieved from /opt/airflow/dags/move_landing_to_bronze_partitioned.py
[2025-04-28T14:01:02.590+0000] {logging_mixin.py:188} INFO - [2025-04-28T14:01:02.590+0000] {dag.py:3096} INFO - Sync 1 DAGs
[2025-04-28T14:01:02.596+0000] {logging_mixin.py:188} INFO - [2025-04-28T14:01:02.596+0000] {dag.py:3954} INFO - Setting next_dagrun for move_landing_to_bronze_partitioned to None, run_after=None
[2025-04-28T14:01:02.607+0000] {processor.py:183} INFO - Processing /opt/airflow/dags/move_landing_to_bronze_partitioned.py took 0.181 seconds
[2025-04-28T14:01:33.200+0000] {processor.py:161} INFO - Started process (PID=10029) to work on /opt/airflow/dags/move_landing_to_bronze_partitioned.py
[2025-04-28T14:01:33.201+0000] {processor.py:830} INFO - Processing file /opt/airflow/dags/move_landing_to_bronze_partitioned.py for tasks to queue
[2025-04-28T14:01:33.202+0000] {logging_mixin.py:188} INFO - [2025-04-28T14:01:33.202+0000] {dagbag.py:540} INFO - Filling up the DagBag from /opt/airflow/dags/move_landing_to_bronze_partitioned.py
[2025-04-28T14:01:33.346+0000] {processor.py:840} INFO - DAG(s) 'move_landing_to_bronze_partitioned' retrieved from /opt/airflow/dags/move_landing_to_bronze_partitioned.py
[2025-04-28T14:01:33.361+0000] {logging_mixin.py:188} INFO - [2025-04-28T14:01:33.361+0000] {dag.py:3096} INFO - Sync 1 DAGs
[2025-04-28T14:01:33.369+0000] {logging_mixin.py:188} INFO - [2025-04-28T14:01:33.369+0000] {dag.py:3954} INFO - Setting next_dagrun for move_landing_to_bronze_partitioned to None, run_after=None
[2025-04-28T14:01:33.380+0000] {processor.py:183} INFO - Processing /opt/airflow/dags/move_landing_to_bronze_partitioned.py took 0.183 seconds
[2025-04-28T14:02:03.935+0000] {processor.py:161} INFO - Started process (PID=10064) to work on /opt/airflow/dags/move_landing_to_bronze_partitioned.py
[2025-04-28T14:02:03.936+0000] {processor.py:830} INFO - Processing file /opt/airflow/dags/move_landing_to_bronze_partitioned.py for tasks to queue
[2025-04-28T14:02:03.937+0000] {logging_mixin.py:188} INFO - [2025-04-28T14:02:03.936+0000] {dagbag.py:540} INFO - Filling up the DagBag from /opt/airflow/dags/move_landing_to_bronze_partitioned.py
[2025-04-28T14:02:04.079+0000] {processor.py:840} INFO - DAG(s) 'move_landing_to_bronze_partitioned' retrieved from /opt/airflow/dags/move_landing_to_bronze_partitioned.py
[2025-04-28T14:02:04.094+0000] {logging_mixin.py:188} INFO - [2025-04-28T14:02:04.093+0000] {dag.py:3096} INFO - Sync 1 DAGs
[2025-04-28T14:02:04.100+0000] {logging_mixin.py:188} INFO - [2025-04-28T14:02:04.100+0000] {dag.py:3954} INFO - Setting next_dagrun for move_landing_to_bronze_partitioned to None, run_after=None
[2025-04-28T14:02:04.112+0000] {processor.py:183} INFO - Processing /opt/airflow/dags/move_landing_to_bronze_partitioned.py took 0.180 seconds
[2025-04-28T14:02:34.677+0000] {processor.py:161} INFO - Started process (PID=10099) to work on /opt/airflow/dags/move_landing_to_bronze_partitioned.py
[2025-04-28T14:02:34.678+0000] {processor.py:830} INFO - Processing file /opt/airflow/dags/move_landing_to_bronze_partitioned.py for tasks to queue
[2025-04-28T14:02:34.679+0000] {logging_mixin.py:188} INFO - [2025-04-28T14:02:34.679+0000] {dagbag.py:540} INFO - Filling up the DagBag from /opt/airflow/dags/move_landing_to_bronze_partitioned.py
[2025-04-28T14:02:34.822+0000] {processor.py:840} INFO - DAG(s) 'move_landing_to_bronze_partitioned' retrieved from /opt/airflow/dags/move_landing_to_bronze_partitioned.py
[2025-04-28T14:02:34.837+0000] {logging_mixin.py:188} INFO - [2025-04-28T14:02:34.837+0000] {dag.py:3096} INFO - Sync 1 DAGs
[2025-04-28T14:02:34.843+0000] {logging_mixin.py:188} INFO - [2025-04-28T14:02:34.843+0000] {dag.py:3954} INFO - Setting next_dagrun for move_landing_to_bronze_partitioned to None, run_after=None
[2025-04-28T14:02:34.855+0000] {processor.py:183} INFO - Processing /opt/airflow/dags/move_landing_to_bronze_partitioned.py took 0.181 seconds
[2025-04-28T14:03:05.490+0000] {processor.py:161} INFO - Started process (PID=10134) to work on /opt/airflow/dags/move_landing_to_bronze_partitioned.py
[2025-04-28T14:03:05.491+0000] {processor.py:830} INFO - Processing file /opt/airflow/dags/move_landing_to_bronze_partitioned.py for tasks to queue
[2025-04-28T14:03:05.492+0000] {logging_mixin.py:188} INFO - [2025-04-28T14:03:05.492+0000] {dagbag.py:540} INFO - Filling up the DagBag from /opt/airflow/dags/move_landing_to_bronze_partitioned.py
[2025-04-28T14:03:05.652+0000] {processor.py:840} INFO - DAG(s) 'move_landing_to_bronze_partitioned' retrieved from /opt/airflow/dags/move_landing_to_bronze_partitioned.py
[2025-04-28T14:03:05.668+0000] {logging_mixin.py:188} INFO - [2025-04-28T14:03:05.668+0000] {dag.py:3096} INFO - Sync 1 DAGs
[2025-04-28T14:03:05.674+0000] {logging_mixin.py:188} INFO - [2025-04-28T14:03:05.674+0000] {dag.py:3954} INFO - Setting next_dagrun for move_landing_to_bronze_partitioned to None, run_after=None
[2025-04-28T14:03:05.685+0000] {processor.py:183} INFO - Processing /opt/airflow/dags/move_landing_to_bronze_partitioned.py took 0.199 seconds
[2025-04-28T14:03:36.227+0000] {processor.py:161} INFO - Started process (PID=10166) to work on /opt/airflow/dags/move_landing_to_bronze_partitioned.py
[2025-04-28T14:03:36.230+0000] {processor.py:830} INFO - Processing file /opt/airflow/dags/move_landing_to_bronze_partitioned.py for tasks to queue
[2025-04-28T14:03:36.232+0000] {logging_mixin.py:188} INFO - [2025-04-28T14:03:36.232+0000] {dagbag.py:540} INFO - Filling up the DagBag from /opt/airflow/dags/move_landing_to_bronze_partitioned.py
[2025-04-28T14:03:36.377+0000] {processor.py:840} INFO - DAG(s) 'move_landing_to_bronze_partitioned' retrieved from /opt/airflow/dags/move_landing_to_bronze_partitioned.py
[2025-04-28T14:03:36.395+0000] {logging_mixin.py:188} INFO - [2025-04-28T14:03:36.395+0000] {dag.py:3096} INFO - Sync 1 DAGs
[2025-04-28T14:03:36.401+0000] {logging_mixin.py:188} INFO - [2025-04-28T14:03:36.401+0000] {dag.py:3954} INFO - Setting next_dagrun for move_landing_to_bronze_partitioned to None, run_after=None
[2025-04-28T14:03:36.412+0000] {processor.py:183} INFO - Processing /opt/airflow/dags/move_landing_to_bronze_partitioned.py took 0.188 seconds
[2025-04-28T14:04:07.113+0000] {processor.py:161} INFO - Started process (PID=10204) to work on /opt/airflow/dags/move_landing_to_bronze_partitioned.py
[2025-04-28T14:04:07.114+0000] {processor.py:830} INFO - Processing file /opt/airflow/dags/move_landing_to_bronze_partitioned.py for tasks to queue
[2025-04-28T14:04:07.114+0000] {logging_mixin.py:188} INFO - [2025-04-28T14:04:07.114+0000] {dagbag.py:540} INFO - Filling up the DagBag from /opt/airflow/dags/move_landing_to_bronze_partitioned.py
[2025-04-28T14:04:07.264+0000] {processor.py:840} INFO - DAG(s) 'move_landing_to_bronze_partitioned' retrieved from /opt/airflow/dags/move_landing_to_bronze_partitioned.py
[2025-04-28T14:04:07.279+0000] {logging_mixin.py:188} INFO - [2025-04-28T14:04:07.279+0000] {dag.py:3096} INFO - Sync 1 DAGs
[2025-04-28T14:04:07.285+0000] {logging_mixin.py:188} INFO - [2025-04-28T14:04:07.285+0000] {dag.py:3954} INFO - Setting next_dagrun for move_landing_to_bronze_partitioned to None, run_after=None
[2025-04-28T14:04:07.296+0000] {processor.py:183} INFO - Processing /opt/airflow/dags/move_landing_to_bronze_partitioned.py took 0.186 seconds
[2025-04-28T14:04:37.849+0000] {processor.py:161} INFO - Started process (PID=10239) to work on /opt/airflow/dags/move_landing_to_bronze_partitioned.py
[2025-04-28T14:04:37.850+0000] {processor.py:830} INFO - Processing file /opt/airflow/dags/move_landing_to_bronze_partitioned.py for tasks to queue
[2025-04-28T14:04:37.851+0000] {logging_mixin.py:188} INFO - [2025-04-28T14:04:37.851+0000] {dagbag.py:540} INFO - Filling up the DagBag from /opt/airflow/dags/move_landing_to_bronze_partitioned.py
[2025-04-28T14:04:38.028+0000] {processor.py:840} INFO - DAG(s) 'move_landing_to_bronze_partitioned' retrieved from /opt/airflow/dags/move_landing_to_bronze_partitioned.py
[2025-04-28T14:04:38.041+0000] {logging_mixin.py:188} INFO - [2025-04-28T14:04:38.041+0000] {dag.py:3096} INFO - Sync 1 DAGs
[2025-04-28T14:04:38.047+0000] {logging_mixin.py:188} INFO - [2025-04-28T14:04:38.047+0000] {dag.py:3954} INFO - Setting next_dagrun for move_landing_to_bronze_partitioned to None, run_after=None
[2025-04-28T14:04:38.059+0000] {processor.py:183} INFO - Processing /opt/airflow/dags/move_landing_to_bronze_partitioned.py took 0.213 seconds
[2025-04-28T14:05:08.666+0000] {processor.py:161} INFO - Started process (PID=10274) to work on /opt/airflow/dags/move_landing_to_bronze_partitioned.py
[2025-04-28T14:05:08.666+0000] {processor.py:830} INFO - Processing file /opt/airflow/dags/move_landing_to_bronze_partitioned.py for tasks to queue
[2025-04-28T14:05:08.667+0000] {logging_mixin.py:188} INFO - [2025-04-28T14:05:08.667+0000] {dagbag.py:540} INFO - Filling up the DagBag from /opt/airflow/dags/move_landing_to_bronze_partitioned.py
[2025-04-28T14:05:08.807+0000] {processor.py:840} INFO - DAG(s) 'move_landing_to_bronze_partitioned' retrieved from /opt/airflow/dags/move_landing_to_bronze_partitioned.py
[2025-04-28T14:05:08.819+0000] {logging_mixin.py:188} INFO - [2025-04-28T14:05:08.819+0000] {dag.py:3096} INFO - Sync 1 DAGs
[2025-04-28T14:05:08.825+0000] {logging_mixin.py:188} INFO - [2025-04-28T14:05:08.825+0000] {dag.py:3954} INFO - Setting next_dagrun for move_landing_to_bronze_partitioned to None, run_after=None
[2025-04-28T14:05:08.833+0000] {processor.py:183} INFO - Processing /opt/airflow/dags/move_landing_to_bronze_partitioned.py took 0.170 seconds
[2025-04-28T14:05:39.598+0000] {processor.py:161} INFO - Started process (PID=10309) to work on /opt/airflow/dags/move_landing_to_bronze_partitioned.py
[2025-04-28T14:05:39.598+0000] {processor.py:830} INFO - Processing file /opt/airflow/dags/move_landing_to_bronze_partitioned.py for tasks to queue
[2025-04-28T14:05:39.599+0000] {logging_mixin.py:188} INFO - [2025-04-28T14:05:39.599+0000] {dagbag.py:540} INFO - Filling up the DagBag from /opt/airflow/dags/move_landing_to_bronze_partitioned.py
[2025-04-28T14:05:39.731+0000] {processor.py:840} INFO - DAG(s) 'move_landing_to_bronze_partitioned' retrieved from /opt/airflow/dags/move_landing_to_bronze_partitioned.py
[2025-04-28T14:05:39.744+0000] {logging_mixin.py:188} INFO - [2025-04-28T14:05:39.744+0000] {dag.py:3096} INFO - Sync 1 DAGs
[2025-04-28T14:05:39.750+0000] {logging_mixin.py:188} INFO - [2025-04-28T14:05:39.750+0000] {dag.py:3954} INFO - Setting next_dagrun for move_landing_to_bronze_partitioned to None, run_after=None
[2025-04-28T14:05:39.758+0000] {processor.py:183} INFO - Processing /opt/airflow/dags/move_landing_to_bronze_partitioned.py took 0.163 seconds
[2025-04-28T14:06:10.504+0000] {processor.py:161} INFO - Started process (PID=10344) to work on /opt/airflow/dags/move_landing_to_bronze_partitioned.py
[2025-04-28T14:06:10.504+0000] {processor.py:830} INFO - Processing file /opt/airflow/dags/move_landing_to_bronze_partitioned.py for tasks to queue
[2025-04-28T14:06:10.505+0000] {logging_mixin.py:188} INFO - [2025-04-28T14:06:10.504+0000] {dagbag.py:540} INFO - Filling up the DagBag from /opt/airflow/dags/move_landing_to_bronze_partitioned.py
[2025-04-28T14:06:10.638+0000] {processor.py:840} INFO - DAG(s) 'move_landing_to_bronze_partitioned' retrieved from /opt/airflow/dags/move_landing_to_bronze_partitioned.py
[2025-04-28T14:06:10.650+0000] {logging_mixin.py:188} INFO - [2025-04-28T14:06:10.650+0000] {dag.py:3096} INFO - Sync 1 DAGs
[2025-04-28T14:06:10.656+0000] {logging_mixin.py:188} INFO - [2025-04-28T14:06:10.655+0000] {dag.py:3954} INFO - Setting next_dagrun for move_landing_to_bronze_partitioned to None, run_after=None
[2025-04-28T14:06:10.664+0000] {processor.py:183} INFO - Processing /opt/airflow/dags/move_landing_to_bronze_partitioned.py took 0.163 seconds
[2025-04-28T14:06:41.351+0000] {processor.py:161} INFO - Started process (PID=10379) to work on /opt/airflow/dags/move_landing_to_bronze_partitioned.py
[2025-04-28T14:06:41.351+0000] {processor.py:830} INFO - Processing file /opt/airflow/dags/move_landing_to_bronze_partitioned.py for tasks to queue
[2025-04-28T14:06:41.352+0000] {logging_mixin.py:188} INFO - [2025-04-28T14:06:41.352+0000] {dagbag.py:540} INFO - Filling up the DagBag from /opt/airflow/dags/move_landing_to_bronze_partitioned.py
[2025-04-28T14:06:41.497+0000] {processor.py:840} INFO - DAG(s) 'move_landing_to_bronze_partitioned' retrieved from /opt/airflow/dags/move_landing_to_bronze_partitioned.py
[2025-04-28T14:06:41.514+0000] {logging_mixin.py:188} INFO - [2025-04-28T14:06:41.514+0000] {dag.py:3096} INFO - Sync 1 DAGs
[2025-04-28T14:06:41.521+0000] {logging_mixin.py:188} INFO - [2025-04-28T14:06:41.521+0000] {dag.py:3954} INFO - Setting next_dagrun for move_landing_to_bronze_partitioned to None, run_after=None
[2025-04-28T14:06:41.535+0000] {processor.py:183} INFO - Processing /opt/airflow/dags/move_landing_to_bronze_partitioned.py took 0.187 seconds
[2025-04-28T14:07:12.054+0000] {processor.py:161} INFO - Started process (PID=10414) to work on /opt/airflow/dags/move_landing_to_bronze_partitioned.py
[2025-04-28T14:07:12.055+0000] {processor.py:830} INFO - Processing file /opt/airflow/dags/move_landing_to_bronze_partitioned.py for tasks to queue
[2025-04-28T14:07:12.055+0000] {logging_mixin.py:188} INFO - [2025-04-28T14:07:12.055+0000] {dagbag.py:540} INFO - Filling up the DagBag from /opt/airflow/dags/move_landing_to_bronze_partitioned.py
[2025-04-28T14:07:12.187+0000] {processor.py:840} INFO - DAG(s) 'move_landing_to_bronze_partitioned' retrieved from /opt/airflow/dags/move_landing_to_bronze_partitioned.py
[2025-04-28T14:07:12.200+0000] {logging_mixin.py:188} INFO - [2025-04-28T14:07:12.200+0000] {dag.py:3096} INFO - Sync 1 DAGs
[2025-04-28T14:07:12.205+0000] {logging_mixin.py:188} INFO - [2025-04-28T14:07:12.205+0000] {dag.py:3954} INFO - Setting next_dagrun for move_landing_to_bronze_partitioned to None, run_after=None
[2025-04-28T14:07:12.213+0000] {processor.py:183} INFO - Processing /opt/airflow/dags/move_landing_to_bronze_partitioned.py took 0.162 seconds
[2025-04-28T14:07:42.975+0000] {processor.py:161} INFO - Started process (PID=10449) to work on /opt/airflow/dags/move_landing_to_bronze_partitioned.py
[2025-04-28T14:07:42.975+0000] {processor.py:830} INFO - Processing file /opt/airflow/dags/move_landing_to_bronze_partitioned.py for tasks to queue
[2025-04-28T14:07:42.976+0000] {logging_mixin.py:188} INFO - [2025-04-28T14:07:42.975+0000] {dagbag.py:540} INFO - Filling up the DagBag from /opt/airflow/dags/move_landing_to_bronze_partitioned.py
[2025-04-28T14:07:43.109+0000] {processor.py:840} INFO - DAG(s) 'move_landing_to_bronze_partitioned' retrieved from /opt/airflow/dags/move_landing_to_bronze_partitioned.py
[2025-04-28T14:07:43.121+0000] {logging_mixin.py:188} INFO - [2025-04-28T14:07:43.121+0000] {dag.py:3096} INFO - Sync 1 DAGs
[2025-04-28T14:07:43.126+0000] {logging_mixin.py:188} INFO - [2025-04-28T14:07:43.126+0000] {dag.py:3954} INFO - Setting next_dagrun for move_landing_to_bronze_partitioned to None, run_after=None
[2025-04-28T14:07:43.134+0000] {processor.py:183} INFO - Processing /opt/airflow/dags/move_landing_to_bronze_partitioned.py took 0.163 seconds
[2025-04-28T14:08:13.882+0000] {processor.py:161} INFO - Started process (PID=10484) to work on /opt/airflow/dags/move_landing_to_bronze_partitioned.py
[2025-04-28T14:08:13.883+0000] {processor.py:830} INFO - Processing file /opt/airflow/dags/move_landing_to_bronze_partitioned.py for tasks to queue
[2025-04-28T14:08:13.883+0000] {logging_mixin.py:188} INFO - [2025-04-28T14:08:13.883+0000] {dagbag.py:540} INFO - Filling up the DagBag from /opt/airflow/dags/move_landing_to_bronze_partitioned.py
[2025-04-28T14:08:14.017+0000] {processor.py:840} INFO - DAG(s) 'move_landing_to_bronze_partitioned' retrieved from /opt/airflow/dags/move_landing_to_bronze_partitioned.py
[2025-04-28T14:08:14.030+0000] {logging_mixin.py:188} INFO - [2025-04-28T14:08:14.030+0000] {dag.py:3096} INFO - Sync 1 DAGs
[2025-04-28T14:08:14.035+0000] {logging_mixin.py:188} INFO - [2025-04-28T14:08:14.035+0000] {dag.py:3954} INFO - Setting next_dagrun for move_landing_to_bronze_partitioned to None, run_after=None
[2025-04-28T14:08:14.043+0000] {processor.py:183} INFO - Processing /opt/airflow/dags/move_landing_to_bronze_partitioned.py took 0.164 seconds
[2025-04-28T14:08:44.819+0000] {processor.py:161} INFO - Started process (PID=10519) to work on /opt/airflow/dags/move_landing_to_bronze_partitioned.py
[2025-04-28T14:08:44.819+0000] {processor.py:830} INFO - Processing file /opt/airflow/dags/move_landing_to_bronze_partitioned.py for tasks to queue
[2025-04-28T14:08:44.819+0000] {logging_mixin.py:188} INFO - [2025-04-28T14:08:44.819+0000] {dagbag.py:540} INFO - Filling up the DagBag from /opt/airflow/dags/move_landing_to_bronze_partitioned.py
[2025-04-28T14:08:44.953+0000] {processor.py:840} INFO - DAG(s) 'move_landing_to_bronze_partitioned' retrieved from /opt/airflow/dags/move_landing_to_bronze_partitioned.py
[2025-04-28T14:08:44.966+0000] {logging_mixin.py:188} INFO - [2025-04-28T14:08:44.966+0000] {dag.py:3096} INFO - Sync 1 DAGs
[2025-04-28T14:08:44.972+0000] {logging_mixin.py:188} INFO - [2025-04-28T14:08:44.972+0000] {dag.py:3954} INFO - Setting next_dagrun for move_landing_to_bronze_partitioned to None, run_after=None
[2025-04-28T14:08:44.980+0000] {processor.py:183} INFO - Processing /opt/airflow/dags/move_landing_to_bronze_partitioned.py took 0.164 seconds
[2025-04-28T14:09:20.326+0000] {processor.py:161} INFO - Started process (PID=192) to work on /opt/airflow/dags/move_landing_to_bronze_partitioned.py
[2025-04-28T14:09:20.327+0000] {processor.py:830} INFO - Processing file /opt/airflow/dags/move_landing_to_bronze_partitioned.py for tasks to queue
[2025-04-28T14:09:20.328+0000] {logging_mixin.py:188} INFO - [2025-04-28T14:09:20.328+0000] {dagbag.py:540} INFO - Filling up the DagBag from /opt/airflow/dags/move_landing_to_bronze_partitioned.py
[2025-04-28T14:09:20.566+0000] {processor.py:840} INFO - DAG(s) 'move_landing_to_bronze_partitioned' retrieved from /opt/airflow/dags/move_landing_to_bronze_partitioned.py
[2025-04-28T14:09:20.573+0000] {logging_mixin.py:188} INFO - [2025-04-28T14:09:20.572+0000] {dag.py:3096} INFO - Sync 1 DAGs
[2025-04-28T14:09:20.577+0000] {logging_mixin.py:188} INFO - [2025-04-28T14:09:20.577+0000] {dag.py:3954} INFO - Setting next_dagrun for move_landing_to_bronze_partitioned to None, run_after=None
[2025-04-28T14:09:20.586+0000] {processor.py:183} INFO - Processing /opt/airflow/dags/move_landing_to_bronze_partitioned.py took 0.262 seconds
[2025-04-28T14:09:51.354+0000] {processor.py:161} INFO - Started process (PID=227) to work on /opt/airflow/dags/move_landing_to_bronze_partitioned.py
[2025-04-28T14:09:51.354+0000] {processor.py:830} INFO - Processing file /opt/airflow/dags/move_landing_to_bronze_partitioned.py for tasks to queue
[2025-04-28T14:09:51.355+0000] {logging_mixin.py:188} INFO - [2025-04-28T14:09:51.355+0000] {dagbag.py:540} INFO - Filling up the DagBag from /opt/airflow/dags/move_landing_to_bronze_partitioned.py
[2025-04-28T14:09:51.578+0000] {processor.py:840} INFO - DAG(s) 'move_landing_to_bronze_partitioned' retrieved from /opt/airflow/dags/move_landing_to_bronze_partitioned.py
[2025-04-28T14:09:51.619+0000] {logging_mixin.py:188} INFO - [2025-04-28T14:09:51.619+0000] {dag.py:3096} INFO - Sync 1 DAGs
[2025-04-28T14:09:51.624+0000] {logging_mixin.py:188} INFO - [2025-04-28T14:09:51.623+0000] {dag.py:3954} INFO - Setting next_dagrun for move_landing_to_bronze_partitioned to None, run_after=None
[2025-04-28T14:09:51.632+0000] {processor.py:183} INFO - Processing /opt/airflow/dags/move_landing_to_bronze_partitioned.py took 0.281 seconds
[2025-04-28T14:10:22.393+0000] {processor.py:161} INFO - Started process (PID=314) to work on /opt/airflow/dags/move_landing_to_bronze_partitioned.py
[2025-04-28T14:10:22.394+0000] {processor.py:830} INFO - Processing file /opt/airflow/dags/move_landing_to_bronze_partitioned.py for tasks to queue
[2025-04-28T14:10:22.395+0000] {logging_mixin.py:188} INFO - [2025-04-28T14:10:22.394+0000] {dagbag.py:540} INFO - Filling up the DagBag from /opt/airflow/dags/move_landing_to_bronze_partitioned.py
[2025-04-28T14:10:22.599+0000] {processor.py:840} INFO - DAG(s) 'move_landing_to_bronze_partitioned' retrieved from /opt/airflow/dags/move_landing_to_bronze_partitioned.py
[2025-04-28T14:10:22.609+0000] {logging_mixin.py:188} INFO - [2025-04-28T14:10:22.609+0000] {dag.py:3096} INFO - Sync 1 DAGs
[2025-04-28T14:10:22.614+0000] {logging_mixin.py:188} INFO - [2025-04-28T14:10:22.614+0000] {dag.py:3954} INFO - Setting next_dagrun for move_landing_to_bronze_partitioned to None, run_after=None
[2025-04-28T14:10:22.622+0000] {processor.py:183} INFO - Processing /opt/airflow/dags/move_landing_to_bronze_partitioned.py took 0.231 seconds
[2025-04-28T14:10:53.366+0000] {processor.py:161} INFO - Started process (PID=349) to work on /opt/airflow/dags/move_landing_to_bronze_partitioned.py
[2025-04-28T14:10:53.366+0000] {processor.py:830} INFO - Processing file /opt/airflow/dags/move_landing_to_bronze_partitioned.py for tasks to queue
[2025-04-28T14:10:53.367+0000] {logging_mixin.py:188} INFO - [2025-04-28T14:10:53.367+0000] {dagbag.py:540} INFO - Filling up the DagBag from /opt/airflow/dags/move_landing_to_bronze_partitioned.py
[2025-04-28T14:10:53.590+0000] {processor.py:840} INFO - DAG(s) 'move_landing_to_bronze_partitioned' retrieved from /opt/airflow/dags/move_landing_to_bronze_partitioned.py
[2025-04-28T14:10:53.601+0000] {logging_mixin.py:188} INFO - [2025-04-28T14:10:53.601+0000] {dag.py:3096} INFO - Sync 1 DAGs
[2025-04-28T14:10:53.607+0000] {logging_mixin.py:188} INFO - [2025-04-28T14:10:53.606+0000] {dag.py:3954} INFO - Setting next_dagrun for move_landing_to_bronze_partitioned to None, run_after=None
[2025-04-28T14:10:53.615+0000] {processor.py:183} INFO - Processing /opt/airflow/dags/move_landing_to_bronze_partitioned.py took 0.252 seconds
[2025-04-28T14:11:38.309+0000] {processor.py:161} INFO - Started process (PID=192) to work on /opt/airflow/dags/move_landing_to_bronze_partitioned.py
[2025-04-28T14:11:38.310+0000] {processor.py:830} INFO - Processing file /opt/airflow/dags/move_landing_to_bronze_partitioned.py for tasks to queue
[2025-04-28T14:11:38.311+0000] {logging_mixin.py:188} INFO - [2025-04-28T14:11:38.311+0000] {dagbag.py:540} INFO - Filling up the DagBag from /opt/airflow/dags/move_landing_to_bronze_partitioned.py
[2025-04-28T14:11:38.460+0000] {processor.py:840} INFO - DAG(s) 'move_landing_to_bronze_partitioned' retrieved from /opt/airflow/dags/move_landing_to_bronze_partitioned.py
[2025-04-28T14:11:38.544+0000] {logging_mixin.py:188} INFO - [2025-04-28T14:11:38.543+0000] {dag.py:3096} INFO - Sync 1 DAGs
[2025-04-28T14:11:38.548+0000] {logging_mixin.py:188} INFO - [2025-04-28T14:11:38.548+0000] {dag.py:3954} INFO - Setting next_dagrun for move_landing_to_bronze_partitioned to None, run_after=None
[2025-04-28T14:11:38.557+0000] {processor.py:183} INFO - Processing /opt/airflow/dags/move_landing_to_bronze_partitioned.py took 0.251 seconds
[2025-04-28T14:12:09.424+0000] {processor.py:161} INFO - Started process (PID=226) to work on /opt/airflow/dags/move_landing_to_bronze_partitioned.py
[2025-04-28T14:12:09.425+0000] {processor.py:830} INFO - Processing file /opt/airflow/dags/move_landing_to_bronze_partitioned.py for tasks to queue
[2025-04-28T14:12:09.427+0000] {logging_mixin.py:188} INFO - [2025-04-28T14:12:09.427+0000] {dagbag.py:540} INFO - Filling up the DagBag from /opt/airflow/dags/move_landing_to_bronze_partitioned.py
[2025-04-28T14:12:09.648+0000] {processor.py:840} INFO - DAG(s) 'move_landing_to_bronze_partitioned' retrieved from /opt/airflow/dags/move_landing_to_bronze_partitioned.py
[2025-04-28T14:12:09.692+0000] {logging_mixin.py:188} INFO - [2025-04-28T14:12:09.692+0000] {dag.py:3096} INFO - Sync 1 DAGs
[2025-04-28T14:12:09.697+0000] {logging_mixin.py:188} INFO - [2025-04-28T14:12:09.697+0000] {dag.py:3954} INFO - Setting next_dagrun for move_landing_to_bronze_partitioned to None, run_after=None
[2025-04-28T14:12:09.709+0000] {processor.py:183} INFO - Processing /opt/airflow/dags/move_landing_to_bronze_partitioned.py took 0.287 seconds
[2025-04-28T14:12:40.631+0000] {processor.py:161} INFO - Started process (PID=261) to work on /opt/airflow/dags/move_landing_to_bronze_partitioned.py
[2025-04-28T14:12:40.632+0000] {processor.py:830} INFO - Processing file /opt/airflow/dags/move_landing_to_bronze_partitioned.py for tasks to queue
[2025-04-28T14:12:40.633+0000] {logging_mixin.py:188} INFO - [2025-04-28T14:12:40.632+0000] {dagbag.py:540} INFO - Filling up the DagBag from /opt/airflow/dags/move_landing_to_bronze_partitioned.py
[2025-04-28T14:12:40.866+0000] {processor.py:840} INFO - DAG(s) 'move_landing_to_bronze_partitioned' retrieved from /opt/airflow/dags/move_landing_to_bronze_partitioned.py
[2025-04-28T14:12:40.878+0000] {logging_mixin.py:188} INFO - [2025-04-28T14:12:40.878+0000] {dag.py:3096} INFO - Sync 1 DAGs
[2025-04-28T14:12:40.884+0000] {logging_mixin.py:188} INFO - [2025-04-28T14:12:40.884+0000] {dag.py:3954} INFO - Setting next_dagrun for move_landing_to_bronze_partitioned to None, run_after=None
[2025-04-28T14:12:40.894+0000] {processor.py:183} INFO - Processing /opt/airflow/dags/move_landing_to_bronze_partitioned.py took 0.265 seconds
[2025-04-28T14:13:11.785+0000] {processor.py:161} INFO - Started process (PID=359) to work on /opt/airflow/dags/move_landing_to_bronze_partitioned.py
[2025-04-28T14:13:11.785+0000] {processor.py:830} INFO - Processing file /opt/airflow/dags/move_landing_to_bronze_partitioned.py for tasks to queue
[2025-04-28T14:13:11.786+0000] {logging_mixin.py:188} INFO - [2025-04-28T14:13:11.786+0000] {dagbag.py:540} INFO - Filling up the DagBag from /opt/airflow/dags/move_landing_to_bronze_partitioned.py
[2025-04-28T14:13:12.010+0000] {processor.py:840} INFO - DAG(s) 'move_landing_to_bronze_partitioned' retrieved from /opt/airflow/dags/move_landing_to_bronze_partitioned.py
[2025-04-28T14:13:12.023+0000] {logging_mixin.py:188} INFO - [2025-04-28T14:13:12.023+0000] {dag.py:3096} INFO - Sync 1 DAGs
[2025-04-28T14:13:12.029+0000] {logging_mixin.py:188} INFO - [2025-04-28T14:13:12.029+0000] {dag.py:3954} INFO - Setting next_dagrun for move_landing_to_bronze_partitioned to None, run_after=None
[2025-04-28T14:13:12.039+0000] {processor.py:183} INFO - Processing /opt/airflow/dags/move_landing_to_bronze_partitioned.py took 0.257 seconds
[2025-04-28T14:13:42.938+0000] {processor.py:161} INFO - Started process (PID=394) to work on /opt/airflow/dags/move_landing_to_bronze_partitioned.py
[2025-04-28T14:13:42.938+0000] {processor.py:830} INFO - Processing file /opt/airflow/dags/move_landing_to_bronze_partitioned.py for tasks to queue
[2025-04-28T14:13:42.940+0000] {logging_mixin.py:188} INFO - [2025-04-28T14:13:42.940+0000] {dagbag.py:540} INFO - Filling up the DagBag from /opt/airflow/dags/move_landing_to_bronze_partitioned.py
[2025-04-28T14:13:43.170+0000] {processor.py:840} INFO - DAG(s) 'move_landing_to_bronze_partitioned' retrieved from /opt/airflow/dags/move_landing_to_bronze_partitioned.py
[2025-04-28T14:13:43.185+0000] {logging_mixin.py:188} INFO - [2025-04-28T14:13:43.184+0000] {dag.py:3096} INFO - Sync 1 DAGs
[2025-04-28T14:13:43.191+0000] {logging_mixin.py:188} INFO - [2025-04-28T14:13:43.191+0000] {dag.py:3954} INFO - Setting next_dagrun for move_landing_to_bronze_partitioned to None, run_after=None
[2025-04-28T14:13:43.200+0000] {processor.py:183} INFO - Processing /opt/airflow/dags/move_landing_to_bronze_partitioned.py took 0.265 seconds
[2025-04-28T14:14:14.165+0000] {processor.py:161} INFO - Started process (PID=429) to work on /opt/airflow/dags/move_landing_to_bronze_partitioned.py
[2025-04-28T14:14:14.165+0000] {processor.py:830} INFO - Processing file /opt/airflow/dags/move_landing_to_bronze_partitioned.py for tasks to queue
[2025-04-28T14:14:14.166+0000] {logging_mixin.py:188} INFO - [2025-04-28T14:14:14.166+0000] {dagbag.py:540} INFO - Filling up the DagBag from /opt/airflow/dags/move_landing_to_bronze_partitioned.py
[2025-04-28T14:14:14.391+0000] {processor.py:840} INFO - DAG(s) 'move_landing_to_bronze_partitioned' retrieved from /opt/airflow/dags/move_landing_to_bronze_partitioned.py
[2025-04-28T14:14:14.404+0000] {logging_mixin.py:188} INFO - [2025-04-28T14:14:14.404+0000] {dag.py:3096} INFO - Sync 1 DAGs
[2025-04-28T14:14:14.411+0000] {logging_mixin.py:188} INFO - [2025-04-28T14:14:14.411+0000] {dag.py:3954} INFO - Setting next_dagrun for move_landing_to_bronze_partitioned to None, run_after=None
[2025-04-28T14:14:14.420+0000] {processor.py:183} INFO - Processing /opt/airflow/dags/move_landing_to_bronze_partitioned.py took 0.258 seconds
[2025-04-28T14:14:45.336+0000] {processor.py:161} INFO - Started process (PID=464) to work on /opt/airflow/dags/move_landing_to_bronze_partitioned.py
[2025-04-28T14:14:45.337+0000] {processor.py:830} INFO - Processing file /opt/airflow/dags/move_landing_to_bronze_partitioned.py for tasks to queue
[2025-04-28T14:14:45.338+0000] {logging_mixin.py:188} INFO - [2025-04-28T14:14:45.338+0000] {dagbag.py:540} INFO - Filling up the DagBag from /opt/airflow/dags/move_landing_to_bronze_partitioned.py
[2025-04-28T14:14:45.562+0000] {processor.py:840} INFO - DAG(s) 'move_landing_to_bronze_partitioned' retrieved from /opt/airflow/dags/move_landing_to_bronze_partitioned.py
[2025-04-28T14:14:45.575+0000] {logging_mixin.py:188} INFO - [2025-04-28T14:14:45.575+0000] {dag.py:3096} INFO - Sync 1 DAGs
[2025-04-28T14:14:45.580+0000] {logging_mixin.py:188} INFO - [2025-04-28T14:14:45.580+0000] {dag.py:3954} INFO - Setting next_dagrun for move_landing_to_bronze_partitioned to None, run_after=None
[2025-04-28T14:14:45.593+0000] {processor.py:183} INFO - Processing /opt/airflow/dags/move_landing_to_bronze_partitioned.py took 0.260 seconds
[2025-04-28T14:15:16.517+0000] {processor.py:161} INFO - Started process (PID=499) to work on /opt/airflow/dags/move_landing_to_bronze_partitioned.py
[2025-04-28T14:15:16.518+0000] {processor.py:830} INFO - Processing file /opt/airflow/dags/move_landing_to_bronze_partitioned.py for tasks to queue
[2025-04-28T14:15:16.519+0000] {logging_mixin.py:188} INFO - [2025-04-28T14:15:16.519+0000] {dagbag.py:540} INFO - Filling up the DagBag from /opt/airflow/dags/move_landing_to_bronze_partitioned.py
[2025-04-28T14:15:16.743+0000] {processor.py:840} INFO - DAG(s) 'move_landing_to_bronze_partitioned' retrieved from /opt/airflow/dags/move_landing_to_bronze_partitioned.py
[2025-04-28T14:15:16.755+0000] {logging_mixin.py:188} INFO - [2025-04-28T14:15:16.755+0000] {dag.py:3096} INFO - Sync 1 DAGs
[2025-04-28T14:15:16.759+0000] {logging_mixin.py:188} INFO - [2025-04-28T14:15:16.759+0000] {dag.py:3954} INFO - Setting next_dagrun for move_landing_to_bronze_partitioned to None, run_after=None
[2025-04-28T14:15:16.771+0000] {processor.py:183} INFO - Processing /opt/airflow/dags/move_landing_to_bronze_partitioned.py took 0.256 seconds
[2025-04-28T14:15:47.700+0000] {processor.py:161} INFO - Started process (PID=549) to work on /opt/airflow/dags/move_landing_to_bronze_partitioned.py
[2025-04-28T14:15:47.700+0000] {processor.py:830} INFO - Processing file /opt/airflow/dags/move_landing_to_bronze_partitioned.py for tasks to queue
[2025-04-28T14:15:47.701+0000] {logging_mixin.py:188} INFO - [2025-04-28T14:15:47.701+0000] {dagbag.py:540} INFO - Filling up the DagBag from /opt/airflow/dags/move_landing_to_bronze_partitioned.py
[2025-04-28T14:15:47.914+0000] {processor.py:840} INFO - DAG(s) 'move_landing_to_bronze_partitioned' retrieved from /opt/airflow/dags/move_landing_to_bronze_partitioned.py
[2025-04-28T14:15:47.924+0000] {logging_mixin.py:188} INFO - [2025-04-28T14:15:47.924+0000] {dag.py:3096} INFO - Sync 1 DAGs
[2025-04-28T14:15:47.929+0000] {logging_mixin.py:188} INFO - [2025-04-28T14:15:47.929+0000] {dag.py:3954} INFO - Setting next_dagrun for move_landing_to_bronze_partitioned to None, run_after=None
[2025-04-28T14:15:47.937+0000] {processor.py:183} INFO - Processing /opt/airflow/dags/move_landing_to_bronze_partitioned.py took 0.240 seconds
[2025-04-28T14:16:18.845+0000] {processor.py:161} INFO - Started process (PID=586) to work on /opt/airflow/dags/move_landing_to_bronze_partitioned.py
[2025-04-28T14:16:18.846+0000] {processor.py:830} INFO - Processing file /opt/airflow/dags/move_landing_to_bronze_partitioned.py for tasks to queue
[2025-04-28T14:16:18.847+0000] {logging_mixin.py:188} INFO - [2025-04-28T14:16:18.846+0000] {dagbag.py:540} INFO - Filling up the DagBag from /opt/airflow/dags/move_landing_to_bronze_partitioned.py
[2025-04-28T14:16:19.048+0000] {processor.py:840} INFO - DAG(s) 'move_landing_to_bronze_partitioned' retrieved from /opt/airflow/dags/move_landing_to_bronze_partitioned.py
[2025-04-28T14:16:19.060+0000] {logging_mixin.py:188} INFO - [2025-04-28T14:16:19.060+0000] {dag.py:3096} INFO - Sync 1 DAGs
[2025-04-28T14:16:19.064+0000] {logging_mixin.py:188} INFO - [2025-04-28T14:16:19.064+0000] {dag.py:3954} INFO - Setting next_dagrun for move_landing_to_bronze_partitioned to None, run_after=None
[2025-04-28T14:16:19.073+0000] {processor.py:183} INFO - Processing /opt/airflow/dags/move_landing_to_bronze_partitioned.py took 0.230 seconds
[2025-04-28T14:16:49.752+0000] {processor.py:161} INFO - Started process (PID=618) to work on /opt/airflow/dags/move_landing_to_bronze_partitioned.py
[2025-04-28T14:16:49.753+0000] {processor.py:830} INFO - Processing file /opt/airflow/dags/move_landing_to_bronze_partitioned.py for tasks to queue
[2025-04-28T14:16:49.754+0000] {logging_mixin.py:188} INFO - [2025-04-28T14:16:49.754+0000] {dagbag.py:540} INFO - Filling up the DagBag from /opt/airflow/dags/move_landing_to_bronze_partitioned.py
[2025-04-28T14:16:49.973+0000] {processor.py:840} INFO - DAG(s) 'move_landing_to_bronze_partitioned' retrieved from /opt/airflow/dags/move_landing_to_bronze_partitioned.py
[2025-04-28T14:16:49.988+0000] {logging_mixin.py:188} INFO - [2025-04-28T14:16:49.987+0000] {dag.py:3096} INFO - Sync 1 DAGs
[2025-04-28T14:16:49.993+0000] {logging_mixin.py:188} INFO - [2025-04-28T14:16:49.993+0000] {dag.py:3954} INFO - Setting next_dagrun for move_landing_to_bronze_partitioned to None, run_after=None
[2025-04-28T14:16:50.003+0000] {processor.py:183} INFO - Processing /opt/airflow/dags/move_landing_to_bronze_partitioned.py took 0.254 seconds
[2025-04-28T14:17:20.908+0000] {processor.py:161} INFO - Started process (PID=656) to work on /opt/airflow/dags/move_landing_to_bronze_partitioned.py
[2025-04-28T14:17:20.909+0000] {processor.py:830} INFO - Processing file /opt/airflow/dags/move_landing_to_bronze_partitioned.py for tasks to queue
[2025-04-28T14:17:20.910+0000] {logging_mixin.py:188} INFO - [2025-04-28T14:17:20.910+0000] {dagbag.py:540} INFO - Filling up the DagBag from /opt/airflow/dags/move_landing_to_bronze_partitioned.py
[2025-04-28T14:17:21.115+0000] {processor.py:840} INFO - DAG(s) 'move_landing_to_bronze_partitioned' retrieved from /opt/airflow/dags/move_landing_to_bronze_partitioned.py
[2025-04-28T14:17:21.125+0000] {logging_mixin.py:188} INFO - [2025-04-28T14:17:21.125+0000] {dag.py:3096} INFO - Sync 1 DAGs
[2025-04-28T14:17:21.130+0000] {logging_mixin.py:188} INFO - [2025-04-28T14:17:21.130+0000] {dag.py:3954} INFO - Setting next_dagrun for move_landing_to_bronze_partitioned to None, run_after=None
[2025-04-28T14:17:21.137+0000] {processor.py:183} INFO - Processing /opt/airflow/dags/move_landing_to_bronze_partitioned.py took 0.232 seconds
[2025-04-28T14:17:52.041+0000] {processor.py:161} INFO - Started process (PID=688) to work on /opt/airflow/dags/move_landing_to_bronze_partitioned.py
[2025-04-28T14:17:52.041+0000] {processor.py:830} INFO - Processing file /opt/airflow/dags/move_landing_to_bronze_partitioned.py for tasks to queue
[2025-04-28T14:17:52.043+0000] {logging_mixin.py:188} INFO - [2025-04-28T14:17:52.042+0000] {dagbag.py:540} INFO - Filling up the DagBag from /opt/airflow/dags/move_landing_to_bronze_partitioned.py
[2025-04-28T14:17:52.263+0000] {processor.py:840} INFO - DAG(s) 'move_landing_to_bronze_partitioned' retrieved from /opt/airflow/dags/move_landing_to_bronze_partitioned.py
[2025-04-28T14:17:52.276+0000] {logging_mixin.py:188} INFO - [2025-04-28T14:17:52.276+0000] {dag.py:3096} INFO - Sync 1 DAGs
[2025-04-28T14:17:52.281+0000] {logging_mixin.py:188} INFO - [2025-04-28T14:17:52.281+0000] {dag.py:3954} INFO - Setting next_dagrun for move_landing_to_bronze_partitioned to None, run_after=None
[2025-04-28T14:17:52.293+0000] {processor.py:183} INFO - Processing /opt/airflow/dags/move_landing_to_bronze_partitioned.py took 0.255 seconds
[2025-04-28T14:18:23.211+0000] {processor.py:161} INFO - Started process (PID=723) to work on /opt/airflow/dags/move_landing_to_bronze_partitioned.py
[2025-04-28T14:18:23.212+0000] {processor.py:830} INFO - Processing file /opt/airflow/dags/move_landing_to_bronze_partitioned.py for tasks to queue
[2025-04-28T14:18:23.213+0000] {logging_mixin.py:188} INFO - [2025-04-28T14:18:23.213+0000] {dagbag.py:540} INFO - Filling up the DagBag from /opt/airflow/dags/move_landing_to_bronze_partitioned.py
[2025-04-28T14:18:23.433+0000] {processor.py:840} INFO - DAG(s) 'move_landing_to_bronze_partitioned' retrieved from /opt/airflow/dags/move_landing_to_bronze_partitioned.py
[2025-04-28T14:18:23.444+0000] {logging_mixin.py:188} INFO - [2025-04-28T14:18:23.444+0000] {dag.py:3096} INFO - Sync 1 DAGs
[2025-04-28T14:18:23.448+0000] {logging_mixin.py:188} INFO - [2025-04-28T14:18:23.448+0000] {dag.py:3954} INFO - Setting next_dagrun for move_landing_to_bronze_partitioned to None, run_after=None
[2025-04-28T14:18:23.457+0000] {processor.py:183} INFO - Processing /opt/airflow/dags/move_landing_to_bronze_partitioned.py took 0.249 seconds
[2025-04-28T14:18:54.346+0000] {processor.py:161} INFO - Started process (PID=758) to work on /opt/airflow/dags/move_landing_to_bronze_partitioned.py
[2025-04-28T14:18:54.346+0000] {processor.py:830} INFO - Processing file /opt/airflow/dags/move_landing_to_bronze_partitioned.py for tasks to queue
[2025-04-28T14:18:54.348+0000] {logging_mixin.py:188} INFO - [2025-04-28T14:18:54.347+0000] {dagbag.py:540} INFO - Filling up the DagBag from /opt/airflow/dags/move_landing_to_bronze_partitioned.py
[2025-04-28T14:18:54.566+0000] {processor.py:840} INFO - DAG(s) 'move_landing_to_bronze_partitioned' retrieved from /opt/airflow/dags/move_landing_to_bronze_partitioned.py
[2025-04-28T14:18:54.580+0000] {logging_mixin.py:188} INFO - [2025-04-28T14:18:54.580+0000] {dag.py:3096} INFO - Sync 1 DAGs
[2025-04-28T14:18:54.586+0000] {logging_mixin.py:188} INFO - [2025-04-28T14:18:54.586+0000] {dag.py:3954} INFO - Setting next_dagrun for move_landing_to_bronze_partitioned to None, run_after=None
[2025-04-28T14:18:54.595+0000] {processor.py:183} INFO - Processing /opt/airflow/dags/move_landing_to_bronze_partitioned.py took 0.252 seconds
[2025-04-28T14:19:25.508+0000] {processor.py:161} INFO - Started process (PID=793) to work on /opt/airflow/dags/move_landing_to_bronze_partitioned.py
[2025-04-28T14:19:25.509+0000] {processor.py:830} INFO - Processing file /opt/airflow/dags/move_landing_to_bronze_partitioned.py for tasks to queue
[2025-04-28T14:19:25.510+0000] {logging_mixin.py:188} INFO - [2025-04-28T14:19:25.510+0000] {dagbag.py:540} INFO - Filling up the DagBag from /opt/airflow/dags/move_landing_to_bronze_partitioned.py
[2025-04-28T14:19:25.727+0000] {processor.py:840} INFO - DAG(s) 'move_landing_to_bronze_partitioned' retrieved from /opt/airflow/dags/move_landing_to_bronze_partitioned.py
[2025-04-28T14:19:25.739+0000] {logging_mixin.py:188} INFO - [2025-04-28T14:19:25.739+0000] {dag.py:3096} INFO - Sync 1 DAGs
[2025-04-28T14:19:25.744+0000] {logging_mixin.py:188} INFO - [2025-04-28T14:19:25.744+0000] {dag.py:3954} INFO - Setting next_dagrun for move_landing_to_bronze_partitioned to None, run_after=None
[2025-04-28T14:19:25.757+0000] {processor.py:183} INFO - Processing /opt/airflow/dags/move_landing_to_bronze_partitioned.py took 0.252 seconds
[2025-04-28T14:19:56.612+0000] {processor.py:161} INFO - Started process (PID=831) to work on /opt/airflow/dags/move_landing_to_bronze_partitioned.py
[2025-04-28T14:19:56.613+0000] {processor.py:830} INFO - Processing file /opt/airflow/dags/move_landing_to_bronze_partitioned.py for tasks to queue
[2025-04-28T14:19:56.614+0000] {logging_mixin.py:188} INFO - [2025-04-28T14:19:56.613+0000] {dagbag.py:540} INFO - Filling up the DagBag from /opt/airflow/dags/move_landing_to_bronze_partitioned.py
[2025-04-28T14:19:56.814+0000] {processor.py:840} INFO - DAG(s) 'move_landing_to_bronze_partitioned' retrieved from /opt/airflow/dags/move_landing_to_bronze_partitioned.py
[2025-04-28T14:19:56.824+0000] {logging_mixin.py:188} INFO - [2025-04-28T14:19:56.824+0000] {dag.py:3096} INFO - Sync 1 DAGs
[2025-04-28T14:19:56.829+0000] {logging_mixin.py:188} INFO - [2025-04-28T14:19:56.828+0000] {dag.py:3954} INFO - Setting next_dagrun for move_landing_to_bronze_partitioned to None, run_after=None
[2025-04-28T14:19:56.836+0000] {processor.py:183} INFO - Processing /opt/airflow/dags/move_landing_to_bronze_partitioned.py took 0.227 seconds
[2025-04-28T14:20:27.739+0000] {processor.py:161} INFO - Started process (PID=864) to work on /opt/airflow/dags/move_landing_to_bronze_partitioned.py
[2025-04-28T14:20:27.740+0000] {processor.py:830} INFO - Processing file /opt/airflow/dags/move_landing_to_bronze_partitioned.py for tasks to queue
[2025-04-28T14:20:27.741+0000] {logging_mixin.py:188} INFO - [2025-04-28T14:20:27.741+0000] {dagbag.py:540} INFO - Filling up the DagBag from /opt/airflow/dags/move_landing_to_bronze_partitioned.py
[2025-04-28T14:20:27.951+0000] {processor.py:840} INFO - DAG(s) 'move_landing_to_bronze_partitioned' retrieved from /opt/airflow/dags/move_landing_to_bronze_partitioned.py
[2025-04-28T14:20:27.962+0000] {logging_mixin.py:188} INFO - [2025-04-28T14:20:27.962+0000] {dag.py:3096} INFO - Sync 1 DAGs
[2025-04-28T14:20:27.967+0000] {logging_mixin.py:188} INFO - [2025-04-28T14:20:27.967+0000] {dag.py:3954} INFO - Setting next_dagrun for move_landing_to_bronze_partitioned to None, run_after=None
[2025-04-28T14:20:27.974+0000] {processor.py:183} INFO - Processing /opt/airflow/dags/move_landing_to_bronze_partitioned.py took 0.238 seconds
[2025-04-28T14:20:58.817+0000] {processor.py:161} INFO - Started process (PID=898) to work on /opt/airflow/dags/move_landing_to_bronze_partitioned.py
[2025-04-28T14:20:58.817+0000] {processor.py:830} INFO - Processing file /opt/airflow/dags/move_landing_to_bronze_partitioned.py for tasks to queue
[2025-04-28T14:20:58.818+0000] {logging_mixin.py:188} INFO - [2025-04-28T14:20:58.818+0000] {dagbag.py:540} INFO - Filling up the DagBag from /opt/airflow/dags/move_landing_to_bronze_partitioned.py
[2025-04-28T14:20:59.043+0000] {processor.py:840} INFO - DAG(s) 'move_landing_to_bronze_partitioned' retrieved from /opt/airflow/dags/move_landing_to_bronze_partitioned.py
[2025-04-28T14:20:59.056+0000] {logging_mixin.py:188} INFO - [2025-04-28T14:20:59.056+0000] {dag.py:3096} INFO - Sync 1 DAGs
[2025-04-28T14:20:59.064+0000] {logging_mixin.py:188} INFO - [2025-04-28T14:20:59.063+0000] {dag.py:3954} INFO - Setting next_dagrun for move_landing_to_bronze_partitioned to None, run_after=None
[2025-04-28T14:20:59.076+0000] {processor.py:183} INFO - Processing /opt/airflow/dags/move_landing_to_bronze_partitioned.py took 0.261 seconds
[2025-04-28T14:21:30.000+0000] {processor.py:161} INFO - Started process (PID=933) to work on /opt/airflow/dags/move_landing_to_bronze_partitioned.py
[2025-04-28T14:21:30.001+0000] {processor.py:830} INFO - Processing file /opt/airflow/dags/move_landing_to_bronze_partitioned.py for tasks to queue
[2025-04-28T14:21:30.002+0000] {logging_mixin.py:188} INFO - [2025-04-28T14:21:30.002+0000] {dagbag.py:540} INFO - Filling up the DagBag from /opt/airflow/dags/move_landing_to_bronze_partitioned.py
[2025-04-28T14:21:30.222+0000] {processor.py:840} INFO - DAG(s) 'move_landing_to_bronze_partitioned' retrieved from /opt/airflow/dags/move_landing_to_bronze_partitioned.py
[2025-04-28T14:21:30.237+0000] {logging_mixin.py:188} INFO - [2025-04-28T14:21:30.236+0000] {dag.py:3096} INFO - Sync 1 DAGs
[2025-04-28T14:21:30.241+0000] {logging_mixin.py:188} INFO - [2025-04-28T14:21:30.241+0000] {dag.py:3954} INFO - Setting next_dagrun for move_landing_to_bronze_partitioned to None, run_after=None
[2025-04-28T14:21:30.251+0000] {processor.py:183} INFO - Processing /opt/airflow/dags/move_landing_to_bronze_partitioned.py took 0.254 seconds
[2025-04-28T14:22:01.183+0000] {processor.py:161} INFO - Started process (PID=968) to work on /opt/airflow/dags/move_landing_to_bronze_partitioned.py
[2025-04-28T14:22:01.183+0000] {processor.py:830} INFO - Processing file /opt/airflow/dags/move_landing_to_bronze_partitioned.py for tasks to queue
[2025-04-28T14:22:01.184+0000] {logging_mixin.py:188} INFO - [2025-04-28T14:22:01.184+0000] {dagbag.py:540} INFO - Filling up the DagBag from /opt/airflow/dags/move_landing_to_bronze_partitioned.py
[2025-04-28T14:22:01.404+0000] {processor.py:840} INFO - DAG(s) 'move_landing_to_bronze_partitioned' retrieved from /opt/airflow/dags/move_landing_to_bronze_partitioned.py
[2025-04-28T14:22:01.418+0000] {logging_mixin.py:188} INFO - [2025-04-28T14:22:01.418+0000] {dag.py:3096} INFO - Sync 1 DAGs
[2025-04-28T14:22:01.424+0000] {logging_mixin.py:188} INFO - [2025-04-28T14:22:01.424+0000] {dag.py:3954} INFO - Setting next_dagrun for move_landing_to_bronze_partitioned to None, run_after=None
[2025-04-28T14:22:01.433+0000] {processor.py:183} INFO - Processing /opt/airflow/dags/move_landing_to_bronze_partitioned.py took 0.253 seconds
[2025-04-28T14:22:32.305+0000] {processor.py:161} INFO - Started process (PID=1003) to work on /opt/airflow/dags/move_landing_to_bronze_partitioned.py
[2025-04-28T14:22:32.305+0000] {processor.py:830} INFO - Processing file /opt/airflow/dags/move_landing_to_bronze_partitioned.py for tasks to queue
[2025-04-28T14:22:32.306+0000] {logging_mixin.py:188} INFO - [2025-04-28T14:22:32.306+0000] {dagbag.py:540} INFO - Filling up the DagBag from /opt/airflow/dags/move_landing_to_bronze_partitioned.py
[2025-04-28T14:22:32.526+0000] {processor.py:840} INFO - DAG(s) 'move_landing_to_bronze_partitioned' retrieved from /opt/airflow/dags/move_landing_to_bronze_partitioned.py
[2025-04-28T14:22:32.541+0000] {logging_mixin.py:188} INFO - [2025-04-28T14:22:32.540+0000] {dag.py:3096} INFO - Sync 1 DAGs
[2025-04-28T14:22:32.546+0000] {logging_mixin.py:188} INFO - [2025-04-28T14:22:32.546+0000] {dag.py:3954} INFO - Setting next_dagrun for move_landing_to_bronze_partitioned to None, run_after=None
[2025-04-28T14:22:32.556+0000] {processor.py:183} INFO - Processing /opt/airflow/dags/move_landing_to_bronze_partitioned.py took 0.254 seconds
[2025-04-28T14:23:03.487+0000] {processor.py:161} INFO - Started process (PID=1038) to work on /opt/airflow/dags/move_landing_to_bronze_partitioned.py
[2025-04-28T14:23:03.487+0000] {processor.py:830} INFO - Processing file /opt/airflow/dags/move_landing_to_bronze_partitioned.py for tasks to queue
[2025-04-28T14:23:03.489+0000] {logging_mixin.py:188} INFO - [2025-04-28T14:23:03.488+0000] {dagbag.py:540} INFO - Filling up the DagBag from /opt/airflow/dags/move_landing_to_bronze_partitioned.py
[2025-04-28T14:23:03.710+0000] {processor.py:840} INFO - DAG(s) 'move_landing_to_bronze_partitioned' retrieved from /opt/airflow/dags/move_landing_to_bronze_partitioned.py
[2025-04-28T14:23:03.722+0000] {logging_mixin.py:188} INFO - [2025-04-28T14:23:03.722+0000] {dag.py:3096} INFO - Sync 1 DAGs
[2025-04-28T14:23:03.727+0000] {logging_mixin.py:188} INFO - [2025-04-28T14:23:03.727+0000] {dag.py:3954} INFO - Setting next_dagrun for move_landing_to_bronze_partitioned to None, run_after=None
[2025-04-28T14:23:03.736+0000] {processor.py:183} INFO - Processing /opt/airflow/dags/move_landing_to_bronze_partitioned.py took 0.252 seconds
[2025-04-28T14:23:34.652+0000] {processor.py:161} INFO - Started process (PID=1076) to work on /opt/airflow/dags/move_landing_to_bronze_partitioned.py
[2025-04-28T14:23:34.652+0000] {processor.py:830} INFO - Processing file /opt/airflow/dags/move_landing_to_bronze_partitioned.py for tasks to queue
[2025-04-28T14:23:34.653+0000] {logging_mixin.py:188} INFO - [2025-04-28T14:23:34.653+0000] {dagbag.py:540} INFO - Filling up the DagBag from /opt/airflow/dags/move_landing_to_bronze_partitioned.py
[2025-04-28T14:23:34.858+0000] {processor.py:840} INFO - DAG(s) 'move_landing_to_bronze_partitioned' retrieved from /opt/airflow/dags/move_landing_to_bronze_partitioned.py
[2025-04-28T14:23:34.871+0000] {logging_mixin.py:188} INFO - [2025-04-28T14:23:34.871+0000] {dag.py:3096} INFO - Sync 1 DAGs
[2025-04-28T14:23:34.877+0000] {logging_mixin.py:188} INFO - [2025-04-28T14:23:34.877+0000] {dag.py:3954} INFO - Setting next_dagrun for move_landing_to_bronze_partitioned to None, run_after=None
[2025-04-28T14:23:34.884+0000] {processor.py:183} INFO - Processing /opt/airflow/dags/move_landing_to_bronze_partitioned.py took 0.235 seconds
[2025-04-28T14:24:05.779+0000] {processor.py:161} INFO - Started process (PID=1108) to work on /opt/airflow/dags/move_landing_to_bronze_partitioned.py
[2025-04-28T14:24:05.779+0000] {processor.py:830} INFO - Processing file /opt/airflow/dags/move_landing_to_bronze_partitioned.py for tasks to queue
[2025-04-28T14:24:05.780+0000] {logging_mixin.py:188} INFO - [2025-04-28T14:24:05.780+0000] {dagbag.py:540} INFO - Filling up the DagBag from /opt/airflow/dags/move_landing_to_bronze_partitioned.py
[2025-04-28T14:24:05.998+0000] {processor.py:840} INFO - DAG(s) 'move_landing_to_bronze_partitioned' retrieved from /opt/airflow/dags/move_landing_to_bronze_partitioned.py
[2025-04-28T14:24:06.011+0000] {logging_mixin.py:188} INFO - [2025-04-28T14:24:06.011+0000] {dag.py:3096} INFO - Sync 1 DAGs
[2025-04-28T14:24:06.017+0000] {logging_mixin.py:188} INFO - [2025-04-28T14:24:06.017+0000] {dag.py:3954} INFO - Setting next_dagrun for move_landing_to_bronze_partitioned to None, run_after=None
[2025-04-28T14:24:06.026+0000] {processor.py:183} INFO - Processing /opt/airflow/dags/move_landing_to_bronze_partitioned.py took 0.250 seconds
[2025-04-28T14:24:36.954+0000] {processor.py:161} INFO - Started process (PID=1143) to work on /opt/airflow/dags/move_landing_to_bronze_partitioned.py
[2025-04-28T14:24:36.955+0000] {processor.py:830} INFO - Processing file /opt/airflow/dags/move_landing_to_bronze_partitioned.py for tasks to queue
[2025-04-28T14:24:36.956+0000] {logging_mixin.py:188} INFO - [2025-04-28T14:24:36.955+0000] {dagbag.py:540} INFO - Filling up the DagBag from /opt/airflow/dags/move_landing_to_bronze_partitioned.py
[2025-04-28T14:24:37.177+0000] {processor.py:840} INFO - DAG(s) 'move_landing_to_bronze_partitioned' retrieved from /opt/airflow/dags/move_landing_to_bronze_partitioned.py
[2025-04-28T14:24:37.190+0000] {logging_mixin.py:188} INFO - [2025-04-28T14:24:37.189+0000] {dag.py:3096} INFO - Sync 1 DAGs
[2025-04-28T14:24:37.194+0000] {logging_mixin.py:188} INFO - [2025-04-28T14:24:37.194+0000] {dag.py:3954} INFO - Setting next_dagrun for move_landing_to_bronze_partitioned to None, run_after=None
[2025-04-28T14:24:37.205+0000] {processor.py:183} INFO - Processing /opt/airflow/dags/move_landing_to_bronze_partitioned.py took 0.254 seconds
[2025-04-28T14:25:08.105+0000] {processor.py:161} INFO - Started process (PID=1179) to work on /opt/airflow/dags/move_landing_to_bronze_partitioned.py
[2025-04-28T14:25:08.107+0000] {processor.py:830} INFO - Processing file /opt/airflow/dags/move_landing_to_bronze_partitioned.py for tasks to queue
[2025-04-28T14:25:08.108+0000] {logging_mixin.py:188} INFO - [2025-04-28T14:25:08.108+0000] {dagbag.py:540} INFO - Filling up the DagBag from /opt/airflow/dags/move_landing_to_bronze_partitioned.py
[2025-04-28T14:25:08.312+0000] {processor.py:840} INFO - DAG(s) 'move_landing_to_bronze_partitioned' retrieved from /opt/airflow/dags/move_landing_to_bronze_partitioned.py
[2025-04-28T14:25:08.322+0000] {logging_mixin.py:188} INFO - [2025-04-28T14:25:08.322+0000] {dag.py:3096} INFO - Sync 1 DAGs
[2025-04-28T14:25:08.327+0000] {logging_mixin.py:188} INFO - [2025-04-28T14:25:08.327+0000] {dag.py:3954} INFO - Setting next_dagrun for move_landing_to_bronze_partitioned to None, run_after=None
[2025-04-28T14:25:08.335+0000] {processor.py:183} INFO - Processing /opt/airflow/dags/move_landing_to_bronze_partitioned.py took 0.232 seconds
[2025-04-28T14:25:39.272+0000] {processor.py:161} INFO - Started process (PID=1213) to work on /opt/airflow/dags/move_landing_to_bronze_partitioned.py
[2025-04-28T14:25:39.273+0000] {processor.py:830} INFO - Processing file /opt/airflow/dags/move_landing_to_bronze_partitioned.py for tasks to queue
[2025-04-28T14:25:39.274+0000] {logging_mixin.py:188} INFO - [2025-04-28T14:25:39.274+0000] {dagbag.py:540} INFO - Filling up the DagBag from /opt/airflow/dags/move_landing_to_bronze_partitioned.py
[2025-04-28T14:25:39.495+0000] {processor.py:840} INFO - DAG(s) 'move_landing_to_bronze_partitioned' retrieved from /opt/airflow/dags/move_landing_to_bronze_partitioned.py
[2025-04-28T14:25:39.508+0000] {logging_mixin.py:188} INFO - [2025-04-28T14:25:39.507+0000] {dag.py:3096} INFO - Sync 1 DAGs
[2025-04-28T14:25:39.512+0000] {logging_mixin.py:188} INFO - [2025-04-28T14:25:39.512+0000] {dag.py:3954} INFO - Setting next_dagrun for move_landing_to_bronze_partitioned to None, run_after=None
[2025-04-28T14:25:39.524+0000] {processor.py:183} INFO - Processing /opt/airflow/dags/move_landing_to_bronze_partitioned.py took 0.254 seconds
[2025-04-28T14:26:10.520+0000] {processor.py:161} INFO - Started process (PID=1248) to work on /opt/airflow/dags/move_landing_to_bronze_partitioned.py
[2025-04-28T14:26:10.521+0000] {processor.py:830} INFO - Processing file /opt/airflow/dags/move_landing_to_bronze_partitioned.py for tasks to queue
[2025-04-28T14:26:10.522+0000] {logging_mixin.py:188} INFO - [2025-04-28T14:26:10.522+0000] {dagbag.py:540} INFO - Filling up the DagBag from /opt/airflow/dags/move_landing_to_bronze_partitioned.py
[2025-04-28T14:26:10.771+0000] {processor.py:840} INFO - DAG(s) 'move_landing_to_bronze_partitioned' retrieved from /opt/airflow/dags/move_landing_to_bronze_partitioned.py
[2025-04-28T14:26:10.785+0000] {logging_mixin.py:188} INFO - [2025-04-28T14:26:10.785+0000] {dag.py:3096} INFO - Sync 1 DAGs
[2025-04-28T14:26:10.792+0000] {logging_mixin.py:188} INFO - [2025-04-28T14:26:10.792+0000] {dag.py:3954} INFO - Setting next_dagrun for move_landing_to_bronze_partitioned to None, run_after=None
[2025-04-28T14:26:10.804+0000] {processor.py:183} INFO - Processing /opt/airflow/dags/move_landing_to_bronze_partitioned.py took 0.288 seconds
[2025-04-28T14:26:41.712+0000] {processor.py:161} INFO - Started process (PID=1283) to work on /opt/airflow/dags/move_landing_to_bronze_partitioned.py
[2025-04-28T14:26:41.712+0000] {processor.py:830} INFO - Processing file /opt/airflow/dags/move_landing_to_bronze_partitioned.py for tasks to queue
[2025-04-28T14:26:41.713+0000] {logging_mixin.py:188} INFO - [2025-04-28T14:26:41.713+0000] {dagbag.py:540} INFO - Filling up the DagBag from /opt/airflow/dags/move_landing_to_bronze_partitioned.py
[2025-04-28T14:26:41.935+0000] {processor.py:840} INFO - DAG(s) 'move_landing_to_bronze_partitioned' retrieved from /opt/airflow/dags/move_landing_to_bronze_partitioned.py
[2025-04-28T14:26:41.947+0000] {logging_mixin.py:188} INFO - [2025-04-28T14:26:41.947+0000] {dag.py:3096} INFO - Sync 1 DAGs
[2025-04-28T14:26:41.952+0000] {logging_mixin.py:188} INFO - [2025-04-28T14:26:41.952+0000] {dag.py:3954} INFO - Setting next_dagrun for move_landing_to_bronze_partitioned to None, run_after=None
[2025-04-28T14:26:41.962+0000] {processor.py:183} INFO - Processing /opt/airflow/dags/move_landing_to_bronze_partitioned.py took 0.253 seconds
[2025-04-28T14:27:12.841+0000] {processor.py:161} INFO - Started process (PID=1318) to work on /opt/airflow/dags/move_landing_to_bronze_partitioned.py
[2025-04-28T14:27:12.841+0000] {processor.py:830} INFO - Processing file /opt/airflow/dags/move_landing_to_bronze_partitioned.py for tasks to queue
[2025-04-28T14:27:12.842+0000] {logging_mixin.py:188} INFO - [2025-04-28T14:27:12.842+0000] {dagbag.py:540} INFO - Filling up the DagBag from /opt/airflow/dags/move_landing_to_bronze_partitioned.py
[2025-04-28T14:27:13.065+0000] {processor.py:840} INFO - DAG(s) 'move_landing_to_bronze_partitioned' retrieved from /opt/airflow/dags/move_landing_to_bronze_partitioned.py
[2025-04-28T14:27:13.078+0000] {logging_mixin.py:188} INFO - [2025-04-28T14:27:13.078+0000] {dag.py:3096} INFO - Sync 1 DAGs
[2025-04-28T14:27:13.083+0000] {logging_mixin.py:188} INFO - [2025-04-28T14:27:13.083+0000] {dag.py:3954} INFO - Setting next_dagrun for move_landing_to_bronze_partitioned to None, run_after=None
[2025-04-28T14:27:13.094+0000] {processor.py:183} INFO - Processing /opt/airflow/dags/move_landing_to_bronze_partitioned.py took 0.256 seconds
[2025-04-28T14:27:44.031+0000] {processor.py:161} INFO - Started process (PID=1359) to work on /opt/airflow/dags/move_landing_to_bronze_partitioned.py
[2025-04-28T14:27:44.032+0000] {processor.py:830} INFO - Processing file /opt/airflow/dags/move_landing_to_bronze_partitioned.py for tasks to queue
[2025-04-28T14:27:44.033+0000] {logging_mixin.py:188} INFO - [2025-04-28T14:27:44.033+0000] {dagbag.py:540} INFO - Filling up the DagBag from /opt/airflow/dags/move_landing_to_bronze_partitioned.py
[2025-04-28T14:27:44.249+0000] {processor.py:840} INFO - DAG(s) 'move_landing_to_bronze_partitioned' retrieved from /opt/airflow/dags/move_landing_to_bronze_partitioned.py
[2025-04-28T14:27:44.260+0000] {logging_mixin.py:188} INFO - [2025-04-28T14:27:44.260+0000] {dag.py:3096} INFO - Sync 1 DAGs
[2025-04-28T14:27:44.265+0000] {logging_mixin.py:188} INFO - [2025-04-28T14:27:44.265+0000] {dag.py:3954} INFO - Setting next_dagrun for move_landing_to_bronze_partitioned to None, run_after=None
[2025-04-28T14:27:44.272+0000] {processor.py:183} INFO - Processing /opt/airflow/dags/move_landing_to_bronze_partitioned.py took 0.244 seconds
[2025-04-28T14:28:15.145+0000] {processor.py:161} INFO - Started process (PID=1393) to work on /opt/airflow/dags/move_landing_to_bronze_partitioned.py
[2025-04-28T14:28:15.146+0000] {processor.py:830} INFO - Processing file /opt/airflow/dags/move_landing_to_bronze_partitioned.py for tasks to queue
[2025-04-28T14:28:15.147+0000] {logging_mixin.py:188} INFO - [2025-04-28T14:28:15.147+0000] {dagbag.py:540} INFO - Filling up the DagBag from /opt/airflow/dags/move_landing_to_bronze_partitioned.py
[2025-04-28T14:28:15.366+0000] {processor.py:840} INFO - DAG(s) 'move_landing_to_bronze_partitioned' retrieved from /opt/airflow/dags/move_landing_to_bronze_partitioned.py
[2025-04-28T14:28:15.381+0000] {logging_mixin.py:188} INFO - [2025-04-28T14:28:15.381+0000] {dag.py:3096} INFO - Sync 1 DAGs
[2025-04-28T14:28:15.386+0000] {logging_mixin.py:188} INFO - [2025-04-28T14:28:15.385+0000] {dag.py:3954} INFO - Setting next_dagrun for move_landing_to_bronze_partitioned to None, run_after=None
[2025-04-28T14:28:15.396+0000] {processor.py:183} INFO - Processing /opt/airflow/dags/move_landing_to_bronze_partitioned.py took 0.253 seconds
[2025-04-28T14:28:46.258+0000] {processor.py:161} INFO - Started process (PID=1428) to work on /opt/airflow/dags/move_landing_to_bronze_partitioned.py
[2025-04-28T14:28:46.259+0000] {processor.py:830} INFO - Processing file /opt/airflow/dags/move_landing_to_bronze_partitioned.py for tasks to queue
[2025-04-28T14:28:46.260+0000] {logging_mixin.py:188} INFO - [2025-04-28T14:28:46.259+0000] {dagbag.py:540} INFO - Filling up the DagBag from /opt/airflow/dags/move_landing_to_bronze_partitioned.py
[2025-04-28T14:28:46.485+0000] {processor.py:840} INFO - DAG(s) 'move_landing_to_bronze_partitioned' retrieved from /opt/airflow/dags/move_landing_to_bronze_partitioned.py
[2025-04-28T14:28:46.499+0000] {logging_mixin.py:188} INFO - [2025-04-28T14:28:46.499+0000] {dag.py:3096} INFO - Sync 1 DAGs
[2025-04-28T14:28:46.505+0000] {logging_mixin.py:188} INFO - [2025-04-28T14:28:46.505+0000] {dag.py:3954} INFO - Setting next_dagrun for move_landing_to_bronze_partitioned to None, run_after=None
[2025-04-28T14:28:46.515+0000] {processor.py:183} INFO - Processing /opt/airflow/dags/move_landing_to_bronze_partitioned.py took 0.260 seconds
[2025-04-28T14:29:17.418+0000] {processor.py:161} INFO - Started process (PID=1463) to work on /opt/airflow/dags/move_landing_to_bronze_partitioned.py
[2025-04-28T14:29:17.419+0000] {processor.py:830} INFO - Processing file /opt/airflow/dags/move_landing_to_bronze_partitioned.py for tasks to queue
[2025-04-28T14:29:17.420+0000] {logging_mixin.py:188} INFO - [2025-04-28T14:29:17.420+0000] {dagbag.py:540} INFO - Filling up the DagBag from /opt/airflow/dags/move_landing_to_bronze_partitioned.py
[2025-04-28T14:29:17.641+0000] {processor.py:840} INFO - DAG(s) 'move_landing_to_bronze_partitioned' retrieved from /opt/airflow/dags/move_landing_to_bronze_partitioned.py
[2025-04-28T14:29:17.653+0000] {logging_mixin.py:188} INFO - [2025-04-28T14:29:17.653+0000] {dag.py:3096} INFO - Sync 1 DAGs
[2025-04-28T14:29:17.657+0000] {logging_mixin.py:188} INFO - [2025-04-28T14:29:17.657+0000] {dag.py:3954} INFO - Setting next_dagrun for move_landing_to_bronze_partitioned to None, run_after=None
[2025-04-28T14:29:17.670+0000] {processor.py:183} INFO - Processing /opt/airflow/dags/move_landing_to_bronze_partitioned.py took 0.254 seconds
[2025-04-28T14:29:48.595+0000] {processor.py:161} INFO - Started process (PID=1501) to work on /opt/airflow/dags/move_landing_to_bronze_partitioned.py
[2025-04-28T14:29:48.596+0000] {processor.py:830} INFO - Processing file /opt/airflow/dags/move_landing_to_bronze_partitioned.py for tasks to queue
[2025-04-28T14:29:48.597+0000] {logging_mixin.py:188} INFO - [2025-04-28T14:29:48.596+0000] {dagbag.py:540} INFO - Filling up the DagBag from /opt/airflow/dags/move_landing_to_bronze_partitioned.py
[2025-04-28T14:29:48.800+0000] {processor.py:840} INFO - DAG(s) 'move_landing_to_bronze_partitioned' retrieved from /opt/airflow/dags/move_landing_to_bronze_partitioned.py
[2025-04-28T14:29:48.811+0000] {logging_mixin.py:188} INFO - [2025-04-28T14:29:48.810+0000] {dag.py:3096} INFO - Sync 1 DAGs
[2025-04-28T14:29:48.815+0000] {logging_mixin.py:188} INFO - [2025-04-28T14:29:48.815+0000] {dag.py:3954} INFO - Setting next_dagrun for move_landing_to_bronze_partitioned to None, run_after=None
[2025-04-28T14:29:48.822+0000] {processor.py:183} INFO - Processing /opt/airflow/dags/move_landing_to_bronze_partitioned.py took 0.230 seconds
[2025-04-28T14:30:19.723+0000] {processor.py:161} INFO - Started process (PID=1536) to work on /opt/airflow/dags/move_landing_to_bronze_partitioned.py
[2025-04-28T14:30:19.724+0000] {processor.py:830} INFO - Processing file /opt/airflow/dags/move_landing_to_bronze_partitioned.py for tasks to queue
[2025-04-28T14:30:19.725+0000] {logging_mixin.py:188} INFO - [2025-04-28T14:30:19.724+0000] {dagbag.py:540} INFO - Filling up the DagBag from /opt/airflow/dags/move_landing_to_bronze_partitioned.py
[2025-04-28T14:30:19.926+0000] {processor.py:840} INFO - DAG(s) 'move_landing_to_bronze_partitioned' retrieved from /opt/airflow/dags/move_landing_to_bronze_partitioned.py
[2025-04-28T14:30:19.937+0000] {logging_mixin.py:188} INFO - [2025-04-28T14:30:19.937+0000] {dag.py:3096} INFO - Sync 1 DAGs
[2025-04-28T14:30:19.941+0000] {logging_mixin.py:188} INFO - [2025-04-28T14:30:19.941+0000] {dag.py:3954} INFO - Setting next_dagrun for move_landing_to_bronze_partitioned to None, run_after=None
[2025-04-28T14:30:19.949+0000] {processor.py:183} INFO - Processing /opt/airflow/dags/move_landing_to_bronze_partitioned.py took 0.229 seconds
[2025-04-28T14:30:50.869+0000] {processor.py:161} INFO - Started process (PID=1571) to work on /opt/airflow/dags/move_landing_to_bronze_partitioned.py
[2025-04-28T14:30:50.869+0000] {processor.py:830} INFO - Processing file /opt/airflow/dags/move_landing_to_bronze_partitioned.py for tasks to queue
[2025-04-28T14:30:50.870+0000] {logging_mixin.py:188} INFO - [2025-04-28T14:30:50.870+0000] {dagbag.py:540} INFO - Filling up the DagBag from /opt/airflow/dags/move_landing_to_bronze_partitioned.py
[2025-04-28T14:30:51.071+0000] {processor.py:840} INFO - DAG(s) 'move_landing_to_bronze_partitioned' retrieved from /opt/airflow/dags/move_landing_to_bronze_partitioned.py
[2025-04-28T14:30:51.081+0000] {logging_mixin.py:188} INFO - [2025-04-28T14:30:51.081+0000] {dag.py:3096} INFO - Sync 1 DAGs
[2025-04-28T14:30:51.086+0000] {logging_mixin.py:188} INFO - [2025-04-28T14:30:51.086+0000] {dag.py:3954} INFO - Setting next_dagrun for move_landing_to_bronze_partitioned to None, run_after=None
[2025-04-28T14:30:51.092+0000] {processor.py:183} INFO - Processing /opt/airflow/dags/move_landing_to_bronze_partitioned.py took 0.227 seconds
[2025-04-28T14:31:21.956+0000] {processor.py:161} INFO - Started process (PID=1603) to work on /opt/airflow/dags/move_landing_to_bronze_partitioned.py
[2025-04-28T14:31:21.956+0000] {processor.py:830} INFO - Processing file /opt/airflow/dags/move_landing_to_bronze_partitioned.py for tasks to queue
[2025-04-28T14:31:21.957+0000] {logging_mixin.py:188} INFO - [2025-04-28T14:31:21.957+0000] {dagbag.py:540} INFO - Filling up the DagBag from /opt/airflow/dags/move_landing_to_bronze_partitioned.py
[2025-04-28T14:31:22.175+0000] {processor.py:840} INFO - DAG(s) 'move_landing_to_bronze_partitioned' retrieved from /opt/airflow/dags/move_landing_to_bronze_partitioned.py
[2025-04-28T14:31:22.187+0000] {logging_mixin.py:188} INFO - [2025-04-28T14:31:22.187+0000] {dag.py:3096} INFO - Sync 1 DAGs
[2025-04-28T14:31:22.193+0000] {logging_mixin.py:188} INFO - [2025-04-28T14:31:22.193+0000] {dag.py:3954} INFO - Setting next_dagrun for move_landing_to_bronze_partitioned to None, run_after=None
[2025-04-28T14:31:22.204+0000] {processor.py:183} INFO - Processing /opt/airflow/dags/move_landing_to_bronze_partitioned.py took 0.251 seconds
[2025-04-28T14:31:53.059+0000] {processor.py:161} INFO - Started process (PID=1638) to work on /opt/airflow/dags/move_landing_to_bronze_partitioned.py
[2025-04-28T14:31:53.060+0000] {processor.py:830} INFO - Processing file /opt/airflow/dags/move_landing_to_bronze_partitioned.py for tasks to queue
[2025-04-28T14:31:53.061+0000] {logging_mixin.py:188} INFO - [2025-04-28T14:31:53.061+0000] {dagbag.py:540} INFO - Filling up the DagBag from /opt/airflow/dags/move_landing_to_bronze_partitioned.py
[2025-04-28T14:31:53.279+0000] {processor.py:840} INFO - DAG(s) 'move_landing_to_bronze_partitioned' retrieved from /opt/airflow/dags/move_landing_to_bronze_partitioned.py
[2025-04-28T14:31:53.294+0000] {logging_mixin.py:188} INFO - [2025-04-28T14:31:53.293+0000] {dag.py:3096} INFO - Sync 1 DAGs
[2025-04-28T14:31:53.298+0000] {logging_mixin.py:188} INFO - [2025-04-28T14:31:53.298+0000] {dag.py:3954} INFO - Setting next_dagrun for move_landing_to_bronze_partitioned to None, run_after=None
[2025-04-28T14:31:53.307+0000] {processor.py:183} INFO - Processing /opt/airflow/dags/move_landing_to_bronze_partitioned.py took 0.250 seconds
[2025-04-28T14:32:24.173+0000] {processor.py:161} INFO - Started process (PID=1673) to work on /opt/airflow/dags/move_landing_to_bronze_partitioned.py
[2025-04-28T14:32:24.174+0000] {processor.py:830} INFO - Processing file /opt/airflow/dags/move_landing_to_bronze_partitioned.py for tasks to queue
[2025-04-28T14:32:24.175+0000] {logging_mixin.py:188} INFO - [2025-04-28T14:32:24.175+0000] {dagbag.py:540} INFO - Filling up the DagBag from /opt/airflow/dags/move_landing_to_bronze_partitioned.py
[2025-04-28T14:32:24.391+0000] {processor.py:840} INFO - DAG(s) 'move_landing_to_bronze_partitioned' retrieved from /opt/airflow/dags/move_landing_to_bronze_partitioned.py
[2025-04-28T14:32:24.407+0000] {logging_mixin.py:188} INFO - [2025-04-28T14:32:24.407+0000] {dag.py:3096} INFO - Sync 1 DAGs
[2025-04-28T14:32:24.412+0000] {logging_mixin.py:188} INFO - [2025-04-28T14:32:24.412+0000] {dag.py:3954} INFO - Setting next_dagrun for move_landing_to_bronze_partitioned to None, run_after=None
[2025-04-28T14:32:24.423+0000] {processor.py:183} INFO - Processing /opt/airflow/dags/move_landing_to_bronze_partitioned.py took 0.252 seconds
[2025-04-28T14:32:55.255+0000] {processor.py:161} INFO - Started process (PID=1708) to work on /opt/airflow/dags/move_landing_to_bronze_partitioned.py
[2025-04-28T14:32:55.256+0000] {processor.py:830} INFO - Processing file /opt/airflow/dags/move_landing_to_bronze_partitioned.py for tasks to queue
[2025-04-28T14:32:55.257+0000] {logging_mixin.py:188} INFO - [2025-04-28T14:32:55.257+0000] {dagbag.py:540} INFO - Filling up the DagBag from /opt/airflow/dags/move_landing_to_bronze_partitioned.py
[2025-04-28T14:32:55.477+0000] {processor.py:840} INFO - DAG(s) 'move_landing_to_bronze_partitioned' retrieved from /opt/airflow/dags/move_landing_to_bronze_partitioned.py
[2025-04-28T14:32:55.491+0000] {logging_mixin.py:188} INFO - [2025-04-28T14:32:55.491+0000] {dag.py:3096} INFO - Sync 1 DAGs
[2025-04-28T14:32:55.496+0000] {logging_mixin.py:188} INFO - [2025-04-28T14:32:55.495+0000] {dag.py:3954} INFO - Setting next_dagrun for move_landing_to_bronze_partitioned to None, run_after=None
[2025-04-28T14:32:55.505+0000] {processor.py:183} INFO - Processing /opt/airflow/dags/move_landing_to_bronze_partitioned.py took 0.253 seconds
[2025-04-28T14:33:26.380+0000] {processor.py:161} INFO - Started process (PID=1743) to work on /opt/airflow/dags/move_landing_to_bronze_partitioned.py
[2025-04-28T14:33:26.380+0000] {processor.py:830} INFO - Processing file /opt/airflow/dags/move_landing_to_bronze_partitioned.py for tasks to queue
[2025-04-28T14:33:26.381+0000] {logging_mixin.py:188} INFO - [2025-04-28T14:33:26.381+0000] {dagbag.py:540} INFO - Filling up the DagBag from /opt/airflow/dags/move_landing_to_bronze_partitioned.py
[2025-04-28T14:33:26.598+0000] {processor.py:840} INFO - DAG(s) 'move_landing_to_bronze_partitioned' retrieved from /opt/airflow/dags/move_landing_to_bronze_partitioned.py
[2025-04-28T14:33:26.612+0000] {logging_mixin.py:188} INFO - [2025-04-28T14:33:26.612+0000] {dag.py:3096} INFO - Sync 1 DAGs
[2025-04-28T14:33:26.616+0000] {logging_mixin.py:188} INFO - [2025-04-28T14:33:26.616+0000] {dag.py:3954} INFO - Setting next_dagrun for move_landing_to_bronze_partitioned to None, run_after=None
[2025-04-28T14:33:26.627+0000] {processor.py:183} INFO - Processing /opt/airflow/dags/move_landing_to_bronze_partitioned.py took 0.250 seconds
[2025-04-28T14:33:57.558+0000] {processor.py:161} INFO - Started process (PID=1778) to work on /opt/airflow/dags/move_landing_to_bronze_partitioned.py
[2025-04-28T14:33:57.559+0000] {processor.py:830} INFO - Processing file /opt/airflow/dags/move_landing_to_bronze_partitioned.py for tasks to queue
[2025-04-28T14:33:57.560+0000] {logging_mixin.py:188} INFO - [2025-04-28T14:33:57.560+0000] {dagbag.py:540} INFO - Filling up the DagBag from /opt/airflow/dags/move_landing_to_bronze_partitioned.py
[2025-04-28T14:33:57.776+0000] {processor.py:840} INFO - DAG(s) 'move_landing_to_bronze_partitioned' retrieved from /opt/airflow/dags/move_landing_to_bronze_partitioned.py
[2025-04-28T14:33:57.791+0000] {logging_mixin.py:188} INFO - [2025-04-28T14:33:57.790+0000] {dag.py:3096} INFO - Sync 1 DAGs
[2025-04-28T14:33:57.796+0000] {logging_mixin.py:188} INFO - [2025-04-28T14:33:57.796+0000] {dag.py:3954} INFO - Setting next_dagrun for move_landing_to_bronze_partitioned to None, run_after=None
[2025-04-28T14:33:57.805+0000] {processor.py:183} INFO - Processing /opt/airflow/dags/move_landing_to_bronze_partitioned.py took 0.249 seconds
[2025-04-28T14:34:28.703+0000] {processor.py:161} INFO - Started process (PID=1813) to work on /opt/airflow/dags/move_landing_to_bronze_partitioned.py
[2025-04-28T14:34:28.703+0000] {processor.py:830} INFO - Processing file /opt/airflow/dags/move_landing_to_bronze_partitioned.py for tasks to queue
[2025-04-28T14:34:28.704+0000] {logging_mixin.py:188} INFO - [2025-04-28T14:34:28.704+0000] {dagbag.py:540} INFO - Filling up the DagBag from /opt/airflow/dags/move_landing_to_bronze_partitioned.py
[2025-04-28T14:34:28.918+0000] {processor.py:840} INFO - DAG(s) 'move_landing_to_bronze_partitioned' retrieved from /opt/airflow/dags/move_landing_to_bronze_partitioned.py
[2025-04-28T14:34:28.930+0000] {logging_mixin.py:188} INFO - [2025-04-28T14:34:28.930+0000] {dag.py:3096} INFO - Sync 1 DAGs
[2025-04-28T14:34:28.935+0000] {logging_mixin.py:188} INFO - [2025-04-28T14:34:28.935+0000] {dag.py:3954} INFO - Setting next_dagrun for move_landing_to_bronze_partitioned to None, run_after=None
[2025-04-28T14:34:28.947+0000] {processor.py:183} INFO - Processing /opt/airflow/dags/move_landing_to_bronze_partitioned.py took 0.246 seconds
[2025-04-28T14:34:59.914+0000] {processor.py:161} INFO - Started process (PID=1848) to work on /opt/airflow/dags/move_landing_to_bronze_partitioned.py
[2025-04-28T14:34:59.915+0000] {processor.py:830} INFO - Processing file /opt/airflow/dags/move_landing_to_bronze_partitioned.py for tasks to queue
[2025-04-28T14:34:59.916+0000] {logging_mixin.py:188} INFO - [2025-04-28T14:34:59.916+0000] {dagbag.py:540} INFO - Filling up the DagBag from /opt/airflow/dags/move_landing_to_bronze_partitioned.py
[2025-04-28T14:35:00.135+0000] {processor.py:840} INFO - DAG(s) 'move_landing_to_bronze_partitioned' retrieved from /opt/airflow/dags/move_landing_to_bronze_partitioned.py
[2025-04-28T14:35:00.148+0000] {logging_mixin.py:188} INFO - [2025-04-28T14:35:00.148+0000] {dag.py:3096} INFO - Sync 1 DAGs
[2025-04-28T14:35:00.154+0000] {logging_mixin.py:188} INFO - [2025-04-28T14:35:00.154+0000] {dag.py:3954} INFO - Setting next_dagrun for move_landing_to_bronze_partitioned to None, run_after=None
[2025-04-28T14:35:00.165+0000] {processor.py:183} INFO - Processing /opt/airflow/dags/move_landing_to_bronze_partitioned.py took 0.254 seconds
[2025-04-28T14:35:31.055+0000] {processor.py:161} INFO - Started process (PID=1883) to work on /opt/airflow/dags/move_landing_to_bronze_partitioned.py
[2025-04-28T14:35:31.056+0000] {processor.py:830} INFO - Processing file /opt/airflow/dags/move_landing_to_bronze_partitioned.py for tasks to queue
[2025-04-28T14:35:31.057+0000] {logging_mixin.py:188} INFO - [2025-04-28T14:35:31.057+0000] {dagbag.py:540} INFO - Filling up the DagBag from /opt/airflow/dags/move_landing_to_bronze_partitioned.py
[2025-04-28T14:35:31.275+0000] {processor.py:840} INFO - DAG(s) 'move_landing_to_bronze_partitioned' retrieved from /opt/airflow/dags/move_landing_to_bronze_partitioned.py
[2025-04-28T14:35:31.286+0000] {logging_mixin.py:188} INFO - [2025-04-28T14:35:31.286+0000] {dag.py:3096} INFO - Sync 1 DAGs
[2025-04-28T14:35:31.291+0000] {logging_mixin.py:188} INFO - [2025-04-28T14:35:31.291+0000] {dag.py:3954} INFO - Setting next_dagrun for move_landing_to_bronze_partitioned to None, run_after=None
[2025-04-28T14:35:31.301+0000] {processor.py:183} INFO - Processing /opt/airflow/dags/move_landing_to_bronze_partitioned.py took 0.249 seconds
[2025-04-28T14:36:02.169+0000] {processor.py:161} INFO - Started process (PID=1918) to work on /opt/airflow/dags/move_landing_to_bronze_partitioned.py
[2025-04-28T14:36:02.169+0000] {processor.py:830} INFO - Processing file /opt/airflow/dags/move_landing_to_bronze_partitioned.py for tasks to queue
[2025-04-28T14:36:02.170+0000] {logging_mixin.py:188} INFO - [2025-04-28T14:36:02.170+0000] {dagbag.py:540} INFO - Filling up the DagBag from /opt/airflow/dags/move_landing_to_bronze_partitioned.py
[2025-04-28T14:36:02.385+0000] {processor.py:840} INFO - DAG(s) 'move_landing_to_bronze_partitioned' retrieved from /opt/airflow/dags/move_landing_to_bronze_partitioned.py
[2025-04-28T14:36:02.398+0000] {logging_mixin.py:188} INFO - [2025-04-28T14:36:02.398+0000] {dag.py:3096} INFO - Sync 1 DAGs
[2025-04-28T14:36:02.404+0000] {logging_mixin.py:188} INFO - [2025-04-28T14:36:02.404+0000] {dag.py:3954} INFO - Setting next_dagrun for move_landing_to_bronze_partitioned to None, run_after=None
[2025-04-28T14:36:02.415+0000] {processor.py:183} INFO - Processing /opt/airflow/dags/move_landing_to_bronze_partitioned.py took 0.249 seconds
[2025-04-28T14:36:33.287+0000] {processor.py:161} INFO - Started process (PID=1956) to work on /opt/airflow/dags/move_landing_to_bronze_partitioned.py
[2025-04-28T14:36:33.288+0000] {processor.py:830} INFO - Processing file /opt/airflow/dags/move_landing_to_bronze_partitioned.py for tasks to queue
[2025-04-28T14:36:33.288+0000] {logging_mixin.py:188} INFO - [2025-04-28T14:36:33.288+0000] {dagbag.py:540} INFO - Filling up the DagBag from /opt/airflow/dags/move_landing_to_bronze_partitioned.py
[2025-04-28T14:36:33.485+0000] {processor.py:840} INFO - DAG(s) 'move_landing_to_bronze_partitioned' retrieved from /opt/airflow/dags/move_landing_to_bronze_partitioned.py
[2025-04-28T14:36:33.495+0000] {logging_mixin.py:188} INFO - [2025-04-28T14:36:33.495+0000] {dag.py:3096} INFO - Sync 1 DAGs
[2025-04-28T14:36:33.500+0000] {logging_mixin.py:188} INFO - [2025-04-28T14:36:33.499+0000] {dag.py:3954} INFO - Setting next_dagrun for move_landing_to_bronze_partitioned to None, run_after=None
[2025-04-28T14:36:33.507+0000] {processor.py:183} INFO - Processing /opt/airflow/dags/move_landing_to_bronze_partitioned.py took 0.223 seconds
[2025-04-28T14:37:04.402+0000] {processor.py:161} INFO - Started process (PID=1988) to work on /opt/airflow/dags/move_landing_to_bronze_partitioned.py
[2025-04-28T14:37:04.402+0000] {processor.py:830} INFO - Processing file /opt/airflow/dags/move_landing_to_bronze_partitioned.py for tasks to queue
[2025-04-28T14:37:04.403+0000] {logging_mixin.py:188} INFO - [2025-04-28T14:37:04.403+0000] {dagbag.py:540} INFO - Filling up the DagBag from /opt/airflow/dags/move_landing_to_bronze_partitioned.py
[2025-04-28T14:37:04.619+0000] {processor.py:840} INFO - DAG(s) 'move_landing_to_bronze_partitioned' retrieved from /opt/airflow/dags/move_landing_to_bronze_partitioned.py
[2025-04-28T14:37:04.632+0000] {logging_mixin.py:188} INFO - [2025-04-28T14:37:04.632+0000] {dag.py:3096} INFO - Sync 1 DAGs
[2025-04-28T14:37:04.637+0000] {logging_mixin.py:188} INFO - [2025-04-28T14:37:04.637+0000] {dag.py:3954} INFO - Setting next_dagrun for move_landing_to_bronze_partitioned to None, run_after=None
[2025-04-28T14:37:04.650+0000] {processor.py:183} INFO - Processing /opt/airflow/dags/move_landing_to_bronze_partitioned.py took 0.251 seconds
[2025-04-28T14:37:35.554+0000] {processor.py:161} INFO - Started process (PID=2023) to work on /opt/airflow/dags/move_landing_to_bronze_partitioned.py
[2025-04-28T14:37:35.555+0000] {processor.py:830} INFO - Processing file /opt/airflow/dags/move_landing_to_bronze_partitioned.py for tasks to queue
[2025-04-28T14:37:35.555+0000] {logging_mixin.py:188} INFO - [2025-04-28T14:37:35.555+0000] {dagbag.py:540} INFO - Filling up the DagBag from /opt/airflow/dags/move_landing_to_bronze_partitioned.py
[2025-04-28T14:37:35.813+0000] {processor.py:840} INFO - DAG(s) 'move_landing_to_bronze_partitioned' retrieved from /opt/airflow/dags/move_landing_to_bronze_partitioned.py
[2025-04-28T14:37:35.826+0000] {logging_mixin.py:188} INFO - [2025-04-28T14:37:35.826+0000] {dag.py:3096} INFO - Sync 1 DAGs
[2025-04-28T14:37:35.833+0000] {logging_mixin.py:188} INFO - [2025-04-28T14:37:35.833+0000] {dag.py:3954} INFO - Setting next_dagrun for move_landing_to_bronze_partitioned to None, run_after=None
[2025-04-28T14:37:35.845+0000] {processor.py:183} INFO - Processing /opt/airflow/dags/move_landing_to_bronze_partitioned.py took 0.294 seconds
[2025-04-28T14:38:06.721+0000] {processor.py:161} INFO - Started process (PID=2058) to work on /opt/airflow/dags/move_landing_to_bronze_partitioned.py
[2025-04-28T14:38:06.722+0000] {processor.py:830} INFO - Processing file /opt/airflow/dags/move_landing_to_bronze_partitioned.py for tasks to queue
[2025-04-28T14:38:06.724+0000] {logging_mixin.py:188} INFO - [2025-04-28T14:38:06.723+0000] {dagbag.py:540} INFO - Filling up the DagBag from /opt/airflow/dags/move_landing_to_bronze_partitioned.py
[2025-04-28T14:38:06.939+0000] {processor.py:840} INFO - DAG(s) 'move_landing_to_bronze_partitioned' retrieved from /opt/airflow/dags/move_landing_to_bronze_partitioned.py
[2025-04-28T14:38:06.951+0000] {logging_mixin.py:188} INFO - [2025-04-28T14:38:06.951+0000] {dag.py:3096} INFO - Sync 1 DAGs
[2025-04-28T14:38:06.956+0000] {logging_mixin.py:188} INFO - [2025-04-28T14:38:06.956+0000] {dag.py:3954} INFO - Setting next_dagrun for move_landing_to_bronze_partitioned to None, run_after=None
[2025-04-28T14:38:06.966+0000] {processor.py:183} INFO - Processing /opt/airflow/dags/move_landing_to_bronze_partitioned.py took 0.247 seconds
[2025-04-28T14:38:37.848+0000] {processor.py:161} INFO - Started process (PID=2093) to work on /opt/airflow/dags/move_landing_to_bronze_partitioned.py
[2025-04-28T14:38:37.848+0000] {processor.py:830} INFO - Processing file /opt/airflow/dags/move_landing_to_bronze_partitioned.py for tasks to queue
[2025-04-28T14:38:37.850+0000] {logging_mixin.py:188} INFO - [2025-04-28T14:38:37.850+0000] {dagbag.py:540} INFO - Filling up the DagBag from /opt/airflow/dags/move_landing_to_bronze_partitioned.py
[2025-04-28T14:38:38.064+0000] {processor.py:840} INFO - DAG(s) 'move_landing_to_bronze_partitioned' retrieved from /opt/airflow/dags/move_landing_to_bronze_partitioned.py
[2025-04-28T14:38:38.076+0000] {logging_mixin.py:188} INFO - [2025-04-28T14:38:38.076+0000] {dag.py:3096} INFO - Sync 1 DAGs
[2025-04-28T14:38:38.080+0000] {logging_mixin.py:188} INFO - [2025-04-28T14:38:38.080+0000] {dag.py:3954} INFO - Setting next_dagrun for move_landing_to_bronze_partitioned to None, run_after=None
[2025-04-28T14:38:38.091+0000] {processor.py:183} INFO - Processing /opt/airflow/dags/move_landing_to_bronze_partitioned.py took 0.246 seconds
[2025-04-28T14:39:08.971+0000] {processor.py:161} INFO - Started process (PID=2128) to work on /opt/airflow/dags/move_landing_to_bronze_partitioned.py
[2025-04-28T14:39:08.971+0000] {processor.py:830} INFO - Processing file /opt/airflow/dags/move_landing_to_bronze_partitioned.py for tasks to queue
[2025-04-28T14:39:08.973+0000] {logging_mixin.py:188} INFO - [2025-04-28T14:39:08.972+0000] {dagbag.py:540} INFO - Filling up the DagBag from /opt/airflow/dags/move_landing_to_bronze_partitioned.py
[2025-04-28T14:39:09.190+0000] {processor.py:840} INFO - DAG(s) 'move_landing_to_bronze_partitioned' retrieved from /opt/airflow/dags/move_landing_to_bronze_partitioned.py
[2025-04-28T14:39:09.201+0000] {logging_mixin.py:188} INFO - [2025-04-28T14:39:09.201+0000] {dag.py:3096} INFO - Sync 1 DAGs
[2025-04-28T14:39:09.207+0000] {logging_mixin.py:188} INFO - [2025-04-28T14:39:09.206+0000] {dag.py:3954} INFO - Setting next_dagrun for move_landing_to_bronze_partitioned to None, run_after=None
[2025-04-28T14:39:09.217+0000] {processor.py:183} INFO - Processing /opt/airflow/dags/move_landing_to_bronze_partitioned.py took 0.249 seconds
[2025-04-28T14:39:40.067+0000] {processor.py:161} INFO - Started process (PID=2163) to work on /opt/airflow/dags/move_landing_to_bronze_partitioned.py
[2025-04-28T14:39:40.068+0000] {processor.py:830} INFO - Processing file /opt/airflow/dags/move_landing_to_bronze_partitioned.py for tasks to queue
[2025-04-28T14:39:40.068+0000] {logging_mixin.py:188} INFO - [2025-04-28T14:39:40.068+0000] {dagbag.py:540} INFO - Filling up the DagBag from /opt/airflow/dags/move_landing_to_bronze_partitioned.py
[2025-04-28T14:39:40.285+0000] {processor.py:840} INFO - DAG(s) 'move_landing_to_bronze_partitioned' retrieved from /opt/airflow/dags/move_landing_to_bronze_partitioned.py
[2025-04-28T14:39:40.298+0000] {logging_mixin.py:188} INFO - [2025-04-28T14:39:40.297+0000] {dag.py:3096} INFO - Sync 1 DAGs
[2025-04-28T14:39:40.304+0000] {logging_mixin.py:188} INFO - [2025-04-28T14:39:40.304+0000] {dag.py:3954} INFO - Setting next_dagrun for move_landing_to_bronze_partitioned to None, run_after=None
[2025-04-28T14:39:40.317+0000] {processor.py:183} INFO - Processing /opt/airflow/dags/move_landing_to_bronze_partitioned.py took 0.253 seconds
[2025-04-28T14:40:11.146+0000] {processor.py:161} INFO - Started process (PID=2198) to work on /opt/airflow/dags/move_landing_to_bronze_partitioned.py
[2025-04-28T14:40:11.147+0000] {processor.py:830} INFO - Processing file /opt/airflow/dags/move_landing_to_bronze_partitioned.py for tasks to queue
[2025-04-28T14:40:11.148+0000] {logging_mixin.py:188} INFO - [2025-04-28T14:40:11.148+0000] {dagbag.py:540} INFO - Filling up the DagBag from /opt/airflow/dags/move_landing_to_bronze_partitioned.py
[2025-04-28T14:40:11.363+0000] {processor.py:840} INFO - DAG(s) 'move_landing_to_bronze_partitioned' retrieved from /opt/airflow/dags/move_landing_to_bronze_partitioned.py
[2025-04-28T14:40:11.374+0000] {logging_mixin.py:188} INFO - [2025-04-28T14:40:11.374+0000] {dag.py:3096} INFO - Sync 1 DAGs
[2025-04-28T14:40:11.381+0000] {logging_mixin.py:188} INFO - [2025-04-28T14:40:11.381+0000] {dag.py:3954} INFO - Setting next_dagrun for move_landing_to_bronze_partitioned to None, run_after=None
[2025-04-28T14:40:11.390+0000] {processor.py:183} INFO - Processing /opt/airflow/dags/move_landing_to_bronze_partitioned.py took 0.247 seconds
[2025-04-28T14:40:42.306+0000] {processor.py:161} INFO - Started process (PID=2233) to work on /opt/airflow/dags/move_landing_to_bronze_partitioned.py
[2025-04-28T14:40:42.307+0000] {processor.py:830} INFO - Processing file /opt/airflow/dags/move_landing_to_bronze_partitioned.py for tasks to queue
[2025-04-28T14:40:42.309+0000] {logging_mixin.py:188} INFO - [2025-04-28T14:40:42.308+0000] {dagbag.py:540} INFO - Filling up the DagBag from /opt/airflow/dags/move_landing_to_bronze_partitioned.py
[2025-04-28T14:40:42.528+0000] {processor.py:840} INFO - DAG(s) 'move_landing_to_bronze_partitioned' retrieved from /opt/airflow/dags/move_landing_to_bronze_partitioned.py
[2025-04-28T14:40:42.542+0000] {logging_mixin.py:188} INFO - [2025-04-28T14:40:42.542+0000] {dag.py:3096} INFO - Sync 1 DAGs
[2025-04-28T14:40:42.547+0000] {logging_mixin.py:188} INFO - [2025-04-28T14:40:42.547+0000] {dag.py:3954} INFO - Setting next_dagrun for move_landing_to_bronze_partitioned to None, run_after=None
[2025-04-28T14:40:42.559+0000] {processor.py:183} INFO - Processing /opt/airflow/dags/move_landing_to_bronze_partitioned.py took 0.255 seconds
[2025-04-28T14:41:13.458+0000] {processor.py:161} INFO - Started process (PID=2268) to work on /opt/airflow/dags/move_landing_to_bronze_partitioned.py
[2025-04-28T14:41:13.458+0000] {processor.py:830} INFO - Processing file /opt/airflow/dags/move_landing_to_bronze_partitioned.py for tasks to queue
[2025-04-28T14:41:13.460+0000] {logging_mixin.py:188} INFO - [2025-04-28T14:41:13.460+0000] {dagbag.py:540} INFO - Filling up the DagBag from /opt/airflow/dags/move_landing_to_bronze_partitioned.py
[2025-04-28T14:41:13.691+0000] {processor.py:840} INFO - DAG(s) 'move_landing_to_bronze_partitioned' retrieved from /opt/airflow/dags/move_landing_to_bronze_partitioned.py
[2025-04-28T14:41:13.704+0000] {logging_mixin.py:188} INFO - [2025-04-28T14:41:13.704+0000] {dag.py:3096} INFO - Sync 1 DAGs
[2025-04-28T14:41:13.709+0000] {logging_mixin.py:188} INFO - [2025-04-28T14:41:13.709+0000] {dag.py:3954} INFO - Setting next_dagrun for move_landing_to_bronze_partitioned to None, run_after=None
[2025-04-28T14:41:13.720+0000] {processor.py:183} INFO - Processing /opt/airflow/dags/move_landing_to_bronze_partitioned.py took 0.265 seconds
[2025-04-28T14:41:44.661+0000] {processor.py:161} INFO - Started process (PID=2306) to work on /opt/airflow/dags/move_landing_to_bronze_partitioned.py
[2025-04-28T14:41:44.661+0000] {processor.py:830} INFO - Processing file /opt/airflow/dags/move_landing_to_bronze_partitioned.py for tasks to queue
[2025-04-28T14:41:44.662+0000] {logging_mixin.py:188} INFO - [2025-04-28T14:41:44.662+0000] {dagbag.py:540} INFO - Filling up the DagBag from /opt/airflow/dags/move_landing_to_bronze_partitioned.py
[2025-04-28T14:41:44.874+0000] {processor.py:840} INFO - DAG(s) 'move_landing_to_bronze_partitioned' retrieved from /opt/airflow/dags/move_landing_to_bronze_partitioned.py
[2025-04-28T14:41:44.885+0000] {logging_mixin.py:188} INFO - [2025-04-28T14:41:44.885+0000] {dag.py:3096} INFO - Sync 1 DAGs
[2025-04-28T14:41:44.889+0000] {logging_mixin.py:188} INFO - [2025-04-28T14:41:44.889+0000] {dag.py:3954} INFO - Setting next_dagrun for move_landing_to_bronze_partitioned to None, run_after=None
[2025-04-28T14:41:44.897+0000] {processor.py:183} INFO - Processing /opt/airflow/dags/move_landing_to_bronze_partitioned.py took 0.239 seconds
[2025-04-28T14:42:15.831+0000] {processor.py:161} INFO - Started process (PID=2341) to work on /opt/airflow/dags/move_landing_to_bronze_partitioned.py
[2025-04-28T14:42:15.832+0000] {processor.py:830} INFO - Processing file /opt/airflow/dags/move_landing_to_bronze_partitioned.py for tasks to queue
[2025-04-28T14:42:15.833+0000] {logging_mixin.py:188} INFO - [2025-04-28T14:42:15.832+0000] {dagbag.py:540} INFO - Filling up the DagBag from /opt/airflow/dags/move_landing_to_bronze_partitioned.py
[2025-04-28T14:42:16.030+0000] {processor.py:840} INFO - DAG(s) 'move_landing_to_bronze_partitioned' retrieved from /opt/airflow/dags/move_landing_to_bronze_partitioned.py
[2025-04-28T14:42:16.041+0000] {logging_mixin.py:188} INFO - [2025-04-28T14:42:16.041+0000] {dag.py:3096} INFO - Sync 1 DAGs
[2025-04-28T14:42:16.045+0000] {logging_mixin.py:188} INFO - [2025-04-28T14:42:16.045+0000] {dag.py:3954} INFO - Setting next_dagrun for move_landing_to_bronze_partitioned to None, run_after=None
[2025-04-28T14:42:16.054+0000] {processor.py:183} INFO - Processing /opt/airflow/dags/move_landing_to_bronze_partitioned.py took 0.225 seconds
[2025-04-28T14:42:46.963+0000] {processor.py:161} INFO - Started process (PID=2373) to work on /opt/airflow/dags/move_landing_to_bronze_partitioned.py
[2025-04-28T14:42:46.964+0000] {processor.py:830} INFO - Processing file /opt/airflow/dags/move_landing_to_bronze_partitioned.py for tasks to queue
[2025-04-28T14:42:46.964+0000] {logging_mixin.py:188} INFO - [2025-04-28T14:42:46.964+0000] {dagbag.py:540} INFO - Filling up the DagBag from /opt/airflow/dags/move_landing_to_bronze_partitioned.py
[2025-04-28T14:42:47.186+0000] {processor.py:840} INFO - DAG(s) 'move_landing_to_bronze_partitioned' retrieved from /opt/airflow/dags/move_landing_to_bronze_partitioned.py
[2025-04-28T14:42:47.200+0000] {logging_mixin.py:188} INFO - [2025-04-28T14:42:47.199+0000] {dag.py:3096} INFO - Sync 1 DAGs
[2025-04-28T14:42:47.205+0000] {logging_mixin.py:188} INFO - [2025-04-28T14:42:47.205+0000] {dag.py:3954} INFO - Setting next_dagrun for move_landing_to_bronze_partitioned to None, run_after=None
[2025-04-28T14:42:47.218+0000] {processor.py:183} INFO - Processing /opt/airflow/dags/move_landing_to_bronze_partitioned.py took 0.258 seconds
[2025-04-28T14:43:18.178+0000] {processor.py:161} INFO - Started process (PID=2414) to work on /opt/airflow/dags/move_landing_to_bronze_partitioned.py
[2025-04-28T14:43:18.180+0000] {processor.py:830} INFO - Processing file /opt/airflow/dags/move_landing_to_bronze_partitioned.py for tasks to queue
[2025-04-28T14:43:18.181+0000] {logging_mixin.py:188} INFO - [2025-04-28T14:43:18.181+0000] {dagbag.py:540} INFO - Filling up the DagBag from /opt/airflow/dags/move_landing_to_bronze_partitioned.py
[2025-04-28T14:43:18.398+0000] {processor.py:840} INFO - DAG(s) 'move_landing_to_bronze_partitioned' retrieved from /opt/airflow/dags/move_landing_to_bronze_partitioned.py
[2025-04-28T14:43:18.408+0000] {logging_mixin.py:188} INFO - [2025-04-28T14:43:18.408+0000] {dag.py:3096} INFO - Sync 1 DAGs
[2025-04-28T14:43:18.413+0000] {logging_mixin.py:188} INFO - [2025-04-28T14:43:18.413+0000] {dag.py:3954} INFO - Setting next_dagrun for move_landing_to_bronze_partitioned to None, run_after=None
[2025-04-28T14:43:18.420+0000] {processor.py:183} INFO - Processing /opt/airflow/dags/move_landing_to_bronze_partitioned.py took 0.245 seconds
[2025-04-28T14:43:49.339+0000] {processor.py:161} INFO - Started process (PID=2451) to work on /opt/airflow/dags/move_landing_to_bronze_partitioned.py
[2025-04-28T14:43:49.340+0000] {processor.py:830} INFO - Processing file /opt/airflow/dags/move_landing_to_bronze_partitioned.py for tasks to queue
[2025-04-28T14:43:49.341+0000] {logging_mixin.py:188} INFO - [2025-04-28T14:43:49.340+0000] {dagbag.py:540} INFO - Filling up the DagBag from /opt/airflow/dags/move_landing_to_bronze_partitioned.py
[2025-04-28T14:43:49.543+0000] {processor.py:840} INFO - DAG(s) 'move_landing_to_bronze_partitioned' retrieved from /opt/airflow/dags/move_landing_to_bronze_partitioned.py
[2025-04-28T14:43:49.553+0000] {logging_mixin.py:188} INFO - [2025-04-28T14:43:49.553+0000] {dag.py:3096} INFO - Sync 1 DAGs
[2025-04-28T14:43:49.558+0000] {logging_mixin.py:188} INFO - [2025-04-28T14:43:49.558+0000] {dag.py:3954} INFO - Setting next_dagrun for move_landing_to_bronze_partitioned to None, run_after=None
[2025-04-28T14:43:49.565+0000] {processor.py:183} INFO - Processing /opt/airflow/dags/move_landing_to_bronze_partitioned.py took 0.229 seconds
[2025-04-28T14:44:20.237+0000] {processor.py:161} INFO - Started process (PID=2483) to work on /opt/airflow/dags/move_landing_to_bronze_partitioned.py
[2025-04-28T14:44:20.238+0000] {processor.py:830} INFO - Processing file /opt/airflow/dags/move_landing_to_bronze_partitioned.py for tasks to queue
[2025-04-28T14:44:20.239+0000] {logging_mixin.py:188} INFO - [2025-04-28T14:44:20.239+0000] {dagbag.py:540} INFO - Filling up the DagBag from /opt/airflow/dags/move_landing_to_bronze_partitioned.py
[2025-04-28T14:44:20.460+0000] {processor.py:840} INFO - DAG(s) 'move_landing_to_bronze_partitioned' retrieved from /opt/airflow/dags/move_landing_to_bronze_partitioned.py
[2025-04-28T14:44:20.472+0000] {logging_mixin.py:188} INFO - [2025-04-28T14:44:20.472+0000] {dag.py:3096} INFO - Sync 1 DAGs
[2025-04-28T14:44:20.477+0000] {logging_mixin.py:188} INFO - [2025-04-28T14:44:20.476+0000] {dag.py:3954} INFO - Setting next_dagrun for move_landing_to_bronze_partitioned to None, run_after=None
[2025-04-28T14:44:20.486+0000] {processor.py:183} INFO - Processing /opt/airflow/dags/move_landing_to_bronze_partitioned.py took 0.252 seconds
[2025-04-28T14:44:51.327+0000] {processor.py:161} INFO - Started process (PID=2518) to work on /opt/airflow/dags/move_landing_to_bronze_partitioned.py
[2025-04-28T14:44:51.328+0000] {processor.py:830} INFO - Processing file /opt/airflow/dags/move_landing_to_bronze_partitioned.py for tasks to queue
[2025-04-28T14:44:51.329+0000] {logging_mixin.py:188} INFO - [2025-04-28T14:44:51.329+0000] {dagbag.py:540} INFO - Filling up the DagBag from /opt/airflow/dags/move_landing_to_bronze_partitioned.py
[2025-04-28T14:44:51.549+0000] {processor.py:840} INFO - DAG(s) 'move_landing_to_bronze_partitioned' retrieved from /opt/airflow/dags/move_landing_to_bronze_partitioned.py
[2025-04-28T14:44:51.561+0000] {logging_mixin.py:188} INFO - [2025-04-28T14:44:51.561+0000] {dag.py:3096} INFO - Sync 1 DAGs
[2025-04-28T14:44:51.566+0000] {logging_mixin.py:188} INFO - [2025-04-28T14:44:51.566+0000] {dag.py:3954} INFO - Setting next_dagrun for move_landing_to_bronze_partitioned to None, run_after=None
[2025-04-28T14:44:51.576+0000] {processor.py:183} INFO - Processing /opt/airflow/dags/move_landing_to_bronze_partitioned.py took 0.251 seconds
[2025-04-28T14:45:22.426+0000] {processor.py:161} INFO - Started process (PID=2553) to work on /opt/airflow/dags/move_landing_to_bronze_partitioned.py
[2025-04-28T14:45:22.427+0000] {processor.py:830} INFO - Processing file /opt/airflow/dags/move_landing_to_bronze_partitioned.py for tasks to queue
[2025-04-28T14:45:22.428+0000] {logging_mixin.py:188} INFO - [2025-04-28T14:45:22.428+0000] {dagbag.py:540} INFO - Filling up the DagBag from /opt/airflow/dags/move_landing_to_bronze_partitioned.py
[2025-04-28T14:45:22.647+0000] {processor.py:840} INFO - DAG(s) 'move_landing_to_bronze_partitioned' retrieved from /opt/airflow/dags/move_landing_to_bronze_partitioned.py
[2025-04-28T14:45:22.660+0000] {logging_mixin.py:188} INFO - [2025-04-28T14:45:22.660+0000] {dag.py:3096} INFO - Sync 1 DAGs
[2025-04-28T14:45:22.666+0000] {logging_mixin.py:188} INFO - [2025-04-28T14:45:22.665+0000] {dag.py:3954} INFO - Setting next_dagrun for move_landing_to_bronze_partitioned to None, run_after=None
[2025-04-28T14:45:22.677+0000] {processor.py:183} INFO - Processing /opt/airflow/dags/move_landing_to_bronze_partitioned.py took 0.254 seconds
[2025-04-28T14:45:53.575+0000] {processor.py:161} INFO - Started process (PID=2588) to work on /opt/airflow/dags/move_landing_to_bronze_partitioned.py
[2025-04-28T14:45:53.576+0000] {processor.py:830} INFO - Processing file /opt/airflow/dags/move_landing_to_bronze_partitioned.py for tasks to queue
[2025-04-28T14:45:53.577+0000] {logging_mixin.py:188} INFO - [2025-04-28T14:45:53.576+0000] {dagbag.py:540} INFO - Filling up the DagBag from /opt/airflow/dags/move_landing_to_bronze_partitioned.py
[2025-04-28T14:45:53.795+0000] {processor.py:840} INFO - DAG(s) 'move_landing_to_bronze_partitioned' retrieved from /opt/airflow/dags/move_landing_to_bronze_partitioned.py
[2025-04-28T14:45:53.811+0000] {logging_mixin.py:188} INFO - [2025-04-28T14:45:53.811+0000] {dag.py:3096} INFO - Sync 1 DAGs
[2025-04-28T14:45:53.815+0000] {logging_mixin.py:188} INFO - [2025-04-28T14:45:53.815+0000] {dag.py:3954} INFO - Setting next_dagrun for move_landing_to_bronze_partitioned to None, run_after=None
[2025-04-28T14:45:53.825+0000] {processor.py:183} INFO - Processing /opt/airflow/dags/move_landing_to_bronze_partitioned.py took 0.253 seconds
[2025-04-28T14:46:24.686+0000] {processor.py:161} INFO - Started process (PID=2623) to work on /opt/airflow/dags/move_landing_to_bronze_partitioned.py
[2025-04-28T14:46:24.687+0000] {processor.py:830} INFO - Processing file /opt/airflow/dags/move_landing_to_bronze_partitioned.py for tasks to queue
[2025-04-28T14:46:24.688+0000] {logging_mixin.py:188} INFO - [2025-04-28T14:46:24.688+0000] {dagbag.py:540} INFO - Filling up the DagBag from /opt/airflow/dags/move_landing_to_bronze_partitioned.py
[2025-04-28T14:46:24.903+0000] {processor.py:840} INFO - DAG(s) 'move_landing_to_bronze_partitioned' retrieved from /opt/airflow/dags/move_landing_to_bronze_partitioned.py
[2025-04-28T14:46:24.915+0000] {logging_mixin.py:188} INFO - [2025-04-28T14:46:24.915+0000] {dag.py:3096} INFO - Sync 1 DAGs
[2025-04-28T14:46:24.921+0000] {logging_mixin.py:188} INFO - [2025-04-28T14:46:24.921+0000] {dag.py:3954} INFO - Setting next_dagrun for move_landing_to_bronze_partitioned to None, run_after=None
[2025-04-28T14:46:24.931+0000] {processor.py:183} INFO - Processing /opt/airflow/dags/move_landing_to_bronze_partitioned.py took 0.248 seconds
[2025-04-28T14:46:55.777+0000] {processor.py:161} INFO - Started process (PID=2658) to work on /opt/airflow/dags/move_landing_to_bronze_partitioned.py
[2025-04-28T14:46:55.777+0000] {processor.py:830} INFO - Processing file /opt/airflow/dags/move_landing_to_bronze_partitioned.py for tasks to queue
[2025-04-28T14:46:55.779+0000] {logging_mixin.py:188} INFO - [2025-04-28T14:46:55.778+0000] {dagbag.py:540} INFO - Filling up the DagBag from /opt/airflow/dags/move_landing_to_bronze_partitioned.py
[2025-04-28T14:46:55.998+0000] {processor.py:840} INFO - DAG(s) 'move_landing_to_bronze_partitioned' retrieved from /opt/airflow/dags/move_landing_to_bronze_partitioned.py
[2025-04-28T14:46:56.012+0000] {logging_mixin.py:188} INFO - [2025-04-28T14:46:56.012+0000] {dag.py:3096} INFO - Sync 1 DAGs
[2025-04-28T14:46:56.018+0000] {logging_mixin.py:188} INFO - [2025-04-28T14:46:56.018+0000] {dag.py:3954} INFO - Setting next_dagrun for move_landing_to_bronze_partitioned to None, run_after=None
[2025-04-28T14:46:56.027+0000] {processor.py:183} INFO - Processing /opt/airflow/dags/move_landing_to_bronze_partitioned.py took 0.253 seconds
[2025-04-28T14:47:26.923+0000] {processor.py:161} INFO - Started process (PID=2693) to work on /opt/airflow/dags/move_landing_to_bronze_partitioned.py
[2025-04-28T14:47:26.923+0000] {processor.py:830} INFO - Processing file /opt/airflow/dags/move_landing_to_bronze_partitioned.py for tasks to queue
[2025-04-28T14:47:26.924+0000] {logging_mixin.py:188} INFO - [2025-04-28T14:47:26.924+0000] {dagbag.py:540} INFO - Filling up the DagBag from /opt/airflow/dags/move_landing_to_bronze_partitioned.py
[2025-04-28T14:47:27.138+0000] {processor.py:840} INFO - DAG(s) 'move_landing_to_bronze_partitioned' retrieved from /opt/airflow/dags/move_landing_to_bronze_partitioned.py
[2025-04-28T14:47:27.155+0000] {logging_mixin.py:188} INFO - [2025-04-28T14:47:27.155+0000] {dag.py:3096} INFO - Sync 1 DAGs
[2025-04-28T14:47:27.161+0000] {logging_mixin.py:188} INFO - [2025-04-28T14:47:27.161+0000] {dag.py:3954} INFO - Setting next_dagrun for move_landing_to_bronze_partitioned to None, run_after=None
[2025-04-28T14:47:27.173+0000] {processor.py:183} INFO - Processing /opt/airflow/dags/move_landing_to_bronze_partitioned.py took 0.253 seconds
[2025-04-28T14:47:58.086+0000] {processor.py:161} INFO - Started process (PID=2731) to work on /opt/airflow/dags/move_landing_to_bronze_partitioned.py
[2025-04-28T14:47:58.087+0000] {processor.py:830} INFO - Processing file /opt/airflow/dags/move_landing_to_bronze_partitioned.py for tasks to queue
[2025-04-28T14:47:58.088+0000] {logging_mixin.py:188} INFO - [2025-04-28T14:47:58.088+0000] {dagbag.py:540} INFO - Filling up the DagBag from /opt/airflow/dags/move_landing_to_bronze_partitioned.py
[2025-04-28T14:47:58.286+0000] {processor.py:840} INFO - DAG(s) 'move_landing_to_bronze_partitioned' retrieved from /opt/airflow/dags/move_landing_to_bronze_partitioned.py
[2025-04-28T14:47:58.296+0000] {logging_mixin.py:188} INFO - [2025-04-28T14:47:58.296+0000] {dag.py:3096} INFO - Sync 1 DAGs
[2025-04-28T14:47:58.301+0000] {logging_mixin.py:188} INFO - [2025-04-28T14:47:58.301+0000] {dag.py:3954} INFO - Setting next_dagrun for move_landing_to_bronze_partitioned to None, run_after=None
[2025-04-28T14:47:58.308+0000] {processor.py:183} INFO - Processing /opt/airflow/dags/move_landing_to_bronze_partitioned.py took 0.225 seconds
[2025-04-28T14:48:29.200+0000] {processor.py:161} INFO - Started process (PID=2763) to work on /opt/airflow/dags/move_landing_to_bronze_partitioned.py
[2025-04-28T14:48:29.201+0000] {processor.py:830} INFO - Processing file /opt/airflow/dags/move_landing_to_bronze_partitioned.py for tasks to queue
[2025-04-28T14:48:29.202+0000] {logging_mixin.py:188} INFO - [2025-04-28T14:48:29.202+0000] {dagbag.py:540} INFO - Filling up the DagBag from /opt/airflow/dags/move_landing_to_bronze_partitioned.py
[2025-04-28T14:48:29.426+0000] {processor.py:840} INFO - DAG(s) 'move_landing_to_bronze_partitioned' retrieved from /opt/airflow/dags/move_landing_to_bronze_partitioned.py
[2025-04-28T14:48:29.445+0000] {logging_mixin.py:188} INFO - [2025-04-28T14:48:29.444+0000] {dag.py:3096} INFO - Sync 1 DAGs
[2025-04-28T14:48:29.450+0000] {logging_mixin.py:188} INFO - [2025-04-28T14:48:29.450+0000] {dag.py:3954} INFO - Setting next_dagrun for move_landing_to_bronze_partitioned to None, run_after=None
[2025-04-28T14:48:29.460+0000] {processor.py:183} INFO - Processing /opt/airflow/dags/move_landing_to_bronze_partitioned.py took 0.263 seconds
[2025-04-28T14:49:00.381+0000] {processor.py:161} INFO - Started process (PID=2801) to work on /opt/airflow/dags/move_landing_to_bronze_partitioned.py
[2025-04-28T14:49:00.381+0000] {processor.py:830} INFO - Processing file /opt/airflow/dags/move_landing_to_bronze_partitioned.py for tasks to queue
[2025-04-28T14:49:00.382+0000] {logging_mixin.py:188} INFO - [2025-04-28T14:49:00.382+0000] {dagbag.py:540} INFO - Filling up the DagBag from /opt/airflow/dags/move_landing_to_bronze_partitioned.py
[2025-04-28T14:49:00.581+0000] {processor.py:840} INFO - DAG(s) 'move_landing_to_bronze_partitioned' retrieved from /opt/airflow/dags/move_landing_to_bronze_partitioned.py
[2025-04-28T14:49:00.592+0000] {logging_mixin.py:188} INFO - [2025-04-28T14:49:00.592+0000] {dag.py:3096} INFO - Sync 1 DAGs
[2025-04-28T14:49:00.597+0000] {logging_mixin.py:188} INFO - [2025-04-28T14:49:00.597+0000] {dag.py:3954} INFO - Setting next_dagrun for move_landing_to_bronze_partitioned to None, run_after=None
[2025-04-28T14:49:00.604+0000] {processor.py:183} INFO - Processing /opt/airflow/dags/move_landing_to_bronze_partitioned.py took 0.226 seconds
[2025-04-28T14:49:31.528+0000] {processor.py:161} INFO - Started process (PID=2836) to work on /opt/airflow/dags/move_landing_to_bronze_partitioned.py
[2025-04-28T14:49:31.528+0000] {processor.py:830} INFO - Processing file /opt/airflow/dags/move_landing_to_bronze_partitioned.py for tasks to queue
[2025-04-28T14:49:31.529+0000] {logging_mixin.py:188} INFO - [2025-04-28T14:49:31.529+0000] {dagbag.py:540} INFO - Filling up the DagBag from /opt/airflow/dags/move_landing_to_bronze_partitioned.py
[2025-04-28T14:49:31.728+0000] {processor.py:840} INFO - DAG(s) 'move_landing_to_bronze_partitioned' retrieved from /opt/airflow/dags/move_landing_to_bronze_partitioned.py
[2025-04-28T14:49:31.738+0000] {logging_mixin.py:188} INFO - [2025-04-28T14:49:31.738+0000] {dag.py:3096} INFO - Sync 1 DAGs
[2025-04-28T14:49:31.743+0000] {logging_mixin.py:188} INFO - [2025-04-28T14:49:31.743+0000] {dag.py:3954} INFO - Setting next_dagrun for move_landing_to_bronze_partitioned to None, run_after=None
[2025-04-28T14:49:31.750+0000] {processor.py:183} INFO - Processing /opt/airflow/dags/move_landing_to_bronze_partitioned.py took 0.225 seconds
[2025-04-28T14:50:02.629+0000] {processor.py:161} INFO - Started process (PID=2868) to work on /opt/airflow/dags/move_landing_to_bronze_partitioned.py
[2025-04-28T14:50:02.630+0000] {processor.py:830} INFO - Processing file /opt/airflow/dags/move_landing_to_bronze_partitioned.py for tasks to queue
[2025-04-28T14:50:02.631+0000] {logging_mixin.py:188} INFO - [2025-04-28T14:50:02.630+0000] {dagbag.py:540} INFO - Filling up the DagBag from /opt/airflow/dags/move_landing_to_bronze_partitioned.py
[2025-04-28T14:50:02.856+0000] {processor.py:840} INFO - DAG(s) 'move_landing_to_bronze_partitioned' retrieved from /opt/airflow/dags/move_landing_to_bronze_partitioned.py
[2025-04-28T14:50:02.869+0000] {logging_mixin.py:188} INFO - [2025-04-28T14:50:02.869+0000] {dag.py:3096} INFO - Sync 1 DAGs
[2025-04-28T14:50:02.874+0000] {logging_mixin.py:188} INFO - [2025-04-28T14:50:02.874+0000] {dag.py:3954} INFO - Setting next_dagrun for move_landing_to_bronze_partitioned to None, run_after=None
[2025-04-28T14:50:02.886+0000] {processor.py:183} INFO - Processing /opt/airflow/dags/move_landing_to_bronze_partitioned.py took 0.260 seconds
[2025-04-28T14:50:33.698+0000] {processor.py:161} INFO - Started process (PID=2903) to work on /opt/airflow/dags/move_landing_to_bronze_partitioned.py
[2025-04-28T14:50:33.698+0000] {processor.py:830} INFO - Processing file /opt/airflow/dags/move_landing_to_bronze_partitioned.py for tasks to queue
[2025-04-28T14:50:33.700+0000] {logging_mixin.py:188} INFO - [2025-04-28T14:50:33.699+0000] {dagbag.py:540} INFO - Filling up the DagBag from /opt/airflow/dags/move_landing_to_bronze_partitioned.py
[2025-04-28T14:50:33.918+0000] {processor.py:840} INFO - DAG(s) 'move_landing_to_bronze_partitioned' retrieved from /opt/airflow/dags/move_landing_to_bronze_partitioned.py
[2025-04-28T14:50:33.935+0000] {logging_mixin.py:188} INFO - [2025-04-28T14:50:33.934+0000] {dag.py:3096} INFO - Sync 1 DAGs
[2025-04-28T14:50:33.942+0000] {logging_mixin.py:188} INFO - [2025-04-28T14:50:33.942+0000] {dag.py:3954} INFO - Setting next_dagrun for move_landing_to_bronze_partitioned to None, run_after=None
[2025-04-28T14:50:33.953+0000] {processor.py:183} INFO - Processing /opt/airflow/dags/move_landing_to_bronze_partitioned.py took 0.259 seconds
[2025-04-28T14:51:04.571+0000] {processor.py:161} INFO - Started process (PID=2941) to work on /opt/airflow/dags/move_landing_to_bronze_partitioned.py
[2025-04-28T14:51:04.571+0000] {processor.py:830} INFO - Processing file /opt/airflow/dags/move_landing_to_bronze_partitioned.py for tasks to queue
[2025-04-28T14:51:04.572+0000] {logging_mixin.py:188} INFO - [2025-04-28T14:51:04.572+0000] {dagbag.py:540} INFO - Filling up the DagBag from /opt/airflow/dags/move_landing_to_bronze_partitioned.py
[2025-04-28T14:51:04.790+0000] {processor.py:840} INFO - DAG(s) 'move_landing_to_bronze_partitioned' retrieved from /opt/airflow/dags/move_landing_to_bronze_partitioned.py
[2025-04-28T14:51:04.802+0000] {logging_mixin.py:188} INFO - [2025-04-28T14:51:04.802+0000] {dag.py:3096} INFO - Sync 1 DAGs
[2025-04-28T14:51:04.807+0000] {logging_mixin.py:188} INFO - [2025-04-28T14:51:04.807+0000] {dag.py:3954} INFO - Setting next_dagrun for move_landing_to_bronze_partitioned to None, run_after=None
[2025-04-28T14:51:04.815+0000] {processor.py:183} INFO - Processing /opt/airflow/dags/move_landing_to_bronze_partitioned.py took 0.247 seconds
[2025-04-28T14:51:35.658+0000] {processor.py:161} INFO - Started process (PID=2973) to work on /opt/airflow/dags/move_landing_to_bronze_partitioned.py
[2025-04-28T14:51:35.659+0000] {processor.py:830} INFO - Processing file /opt/airflow/dags/move_landing_to_bronze_partitioned.py for tasks to queue
[2025-04-28T14:51:35.660+0000] {logging_mixin.py:188} INFO - [2025-04-28T14:51:35.660+0000] {dagbag.py:540} INFO - Filling up the DagBag from /opt/airflow/dags/move_landing_to_bronze_partitioned.py
[2025-04-28T14:51:35.877+0000] {processor.py:840} INFO - DAG(s) 'move_landing_to_bronze_partitioned' retrieved from /opt/airflow/dags/move_landing_to_bronze_partitioned.py
[2025-04-28T14:51:35.892+0000] {logging_mixin.py:188} INFO - [2025-04-28T14:51:35.892+0000] {dag.py:3096} INFO - Sync 1 DAGs
[2025-04-28T14:51:35.898+0000] {logging_mixin.py:188} INFO - [2025-04-28T14:51:35.898+0000] {dag.py:3954} INFO - Setting next_dagrun for move_landing_to_bronze_partitioned to None, run_after=None
[2025-04-28T14:51:35.907+0000] {processor.py:183} INFO - Processing /opt/airflow/dags/move_landing_to_bronze_partitioned.py took 0.252 seconds
[2025-04-28T14:52:06.801+0000] {processor.py:161} INFO - Started process (PID=3008) to work on /opt/airflow/dags/move_landing_to_bronze_partitioned.py
[2025-04-28T14:52:06.802+0000] {processor.py:830} INFO - Processing file /opt/airflow/dags/move_landing_to_bronze_partitioned.py for tasks to queue
[2025-04-28T14:52:06.803+0000] {logging_mixin.py:188} INFO - [2025-04-28T14:52:06.803+0000] {dagbag.py:540} INFO - Filling up the DagBag from /opt/airflow/dags/move_landing_to_bronze_partitioned.py
[2025-04-28T14:52:07.019+0000] {processor.py:840} INFO - DAG(s) 'move_landing_to_bronze_partitioned' retrieved from /opt/airflow/dags/move_landing_to_bronze_partitioned.py
[2025-04-28T14:52:07.031+0000] {logging_mixin.py:188} INFO - [2025-04-28T14:52:07.031+0000] {dag.py:3096} INFO - Sync 1 DAGs
[2025-04-28T14:52:07.036+0000] {logging_mixin.py:188} INFO - [2025-04-28T14:52:07.035+0000] {dag.py:3954} INFO - Setting next_dagrun for move_landing_to_bronze_partitioned to None, run_after=None
[2025-04-28T14:52:07.045+0000] {processor.py:183} INFO - Processing /opt/airflow/dags/move_landing_to_bronze_partitioned.py took 0.246 seconds
[2025-04-28T14:52:37.951+0000] {processor.py:161} INFO - Started process (PID=3043) to work on /opt/airflow/dags/move_landing_to_bronze_partitioned.py
[2025-04-28T14:52:37.952+0000] {processor.py:830} INFO - Processing file /opt/airflow/dags/move_landing_to_bronze_partitioned.py for tasks to queue
[2025-04-28T14:52:37.953+0000] {logging_mixin.py:188} INFO - [2025-04-28T14:52:37.953+0000] {dagbag.py:540} INFO - Filling up the DagBag from /opt/airflow/dags/move_landing_to_bronze_partitioned.py
[2025-04-28T14:52:38.171+0000] {processor.py:840} INFO - DAG(s) 'move_landing_to_bronze_partitioned' retrieved from /opt/airflow/dags/move_landing_to_bronze_partitioned.py
[2025-04-28T14:52:38.184+0000] {logging_mixin.py:188} INFO - [2025-04-28T14:52:38.183+0000] {dag.py:3096} INFO - Sync 1 DAGs
[2025-04-28T14:52:38.189+0000] {logging_mixin.py:188} INFO - [2025-04-28T14:52:38.189+0000] {dag.py:3954} INFO - Setting next_dagrun for move_landing_to_bronze_partitioned to None, run_after=None
[2025-04-28T14:52:38.199+0000] {processor.py:183} INFO - Processing /opt/airflow/dags/move_landing_to_bronze_partitioned.py took 0.251 seconds
[2025-04-28T14:53:08.841+0000] {processor.py:161} INFO - Started process (PID=3078) to work on /opt/airflow/dags/move_landing_to_bronze_partitioned.py
[2025-04-28T14:53:08.842+0000] {processor.py:830} INFO - Processing file /opt/airflow/dags/move_landing_to_bronze_partitioned.py for tasks to queue
[2025-04-28T14:53:08.844+0000] {logging_mixin.py:188} INFO - [2025-04-28T14:53:08.843+0000] {dagbag.py:540} INFO - Filling up the DagBag from /opt/airflow/dags/move_landing_to_bronze_partitioned.py
[2025-04-28T14:53:09.058+0000] {processor.py:840} INFO - DAG(s) 'move_landing_to_bronze_partitioned' retrieved from /opt/airflow/dags/move_landing_to_bronze_partitioned.py
[2025-04-28T14:53:09.071+0000] {logging_mixin.py:188} INFO - [2025-04-28T14:53:09.071+0000] {dag.py:3096} INFO - Sync 1 DAGs
[2025-04-28T14:53:09.076+0000] {logging_mixin.py:188} INFO - [2025-04-28T14:53:09.076+0000] {dag.py:3954} INFO - Setting next_dagrun for move_landing_to_bronze_partitioned to None, run_after=None
[2025-04-28T14:53:09.090+0000] {processor.py:183} INFO - Processing /opt/airflow/dags/move_landing_to_bronze_partitioned.py took 0.251 seconds
[2025-04-28T14:53:40.010+0000] {processor.py:161} INFO - Started process (PID=3113) to work on /opt/airflow/dags/move_landing_to_bronze_partitioned.py
[2025-04-28T14:53:40.011+0000] {processor.py:830} INFO - Processing file /opt/airflow/dags/move_landing_to_bronze_partitioned.py for tasks to queue
[2025-04-28T14:53:40.013+0000] {logging_mixin.py:188} INFO - [2025-04-28T14:53:40.012+0000] {dagbag.py:540} INFO - Filling up the DagBag from /opt/airflow/dags/move_landing_to_bronze_partitioned.py
[2025-04-28T14:53:40.225+0000] {processor.py:840} INFO - DAG(s) 'move_landing_to_bronze_partitioned' retrieved from /opt/airflow/dags/move_landing_to_bronze_partitioned.py
[2025-04-28T14:53:40.240+0000] {logging_mixin.py:188} INFO - [2025-04-28T14:53:40.239+0000] {dag.py:3096} INFO - Sync 1 DAGs
[2025-04-28T14:53:40.245+0000] {logging_mixin.py:188} INFO - [2025-04-28T14:53:40.245+0000] {dag.py:3954} INFO - Setting next_dagrun for move_landing_to_bronze_partitioned to None, run_after=None
[2025-04-28T14:53:40.256+0000] {processor.py:183} INFO - Processing /opt/airflow/dags/move_landing_to_bronze_partitioned.py took 0.248 seconds
[2025-04-28T14:54:10.549+0000] {processor.py:161} INFO - Started process (PID=3151) to work on /opt/airflow/dags/move_landing_to_bronze_partitioned.py
[2025-04-28T14:54:10.550+0000] {processor.py:830} INFO - Processing file /opt/airflow/dags/move_landing_to_bronze_partitioned.py for tasks to queue
[2025-04-28T14:54:10.551+0000] {logging_mixin.py:188} INFO - [2025-04-28T14:54:10.550+0000] {dagbag.py:540} INFO - Filling up the DagBag from /opt/airflow/dags/move_landing_to_bronze_partitioned.py
[2025-04-28T14:54:10.743+0000] {processor.py:840} INFO - DAG(s) 'move_landing_to_bronze_partitioned' retrieved from /opt/airflow/dags/move_landing_to_bronze_partitioned.py
[2025-04-28T14:54:10.753+0000] {logging_mixin.py:188} INFO - [2025-04-28T14:54:10.753+0000] {dag.py:3096} INFO - Sync 1 DAGs
[2025-04-28T14:54:10.757+0000] {logging_mixin.py:188} INFO - [2025-04-28T14:54:10.757+0000] {dag.py:3954} INFO - Setting next_dagrun for move_landing_to_bronze_partitioned to None, run_after=None
[2025-04-28T14:54:10.764+0000] {processor.py:183} INFO - Processing /opt/airflow/dags/move_landing_to_bronze_partitioned.py took 0.218 seconds
[2025-04-28T14:54:41.376+0000] {processor.py:161} INFO - Started process (PID=3183) to work on /opt/airflow/dags/move_landing_to_bronze_partitioned.py
[2025-04-28T14:54:41.377+0000] {processor.py:830} INFO - Processing file /opt/airflow/dags/move_landing_to_bronze_partitioned.py for tasks to queue
[2025-04-28T14:54:41.378+0000] {logging_mixin.py:188} INFO - [2025-04-28T14:54:41.378+0000] {dagbag.py:540} INFO - Filling up the DagBag from /opt/airflow/dags/move_landing_to_bronze_partitioned.py
[2025-04-28T14:54:41.519+0000] {processor.py:840} INFO - DAG(s) 'move_landing_to_bronze_partitioned' retrieved from /opt/airflow/dags/move_landing_to_bronze_partitioned.py
[2025-04-28T14:54:41.533+0000] {logging_mixin.py:188} INFO - [2025-04-28T14:54:41.533+0000] {dag.py:3096} INFO - Sync 1 DAGs
[2025-04-28T14:54:41.541+0000] {logging_mixin.py:188} INFO - [2025-04-28T14:54:41.541+0000] {dag.py:3954} INFO - Setting next_dagrun for move_landing_to_bronze_partitioned to None, run_after=None
[2025-04-28T14:54:41.552+0000] {processor.py:183} INFO - Processing /opt/airflow/dags/move_landing_to_bronze_partitioned.py took 0.180 seconds
[2025-04-28T14:55:12.171+0000] {processor.py:161} INFO - Started process (PID=3218) to work on /opt/airflow/dags/move_landing_to_bronze_partitioned.py
[2025-04-28T14:55:12.172+0000] {processor.py:830} INFO - Processing file /opt/airflow/dags/move_landing_to_bronze_partitioned.py for tasks to queue
[2025-04-28T14:55:12.173+0000] {logging_mixin.py:188} INFO - [2025-04-28T14:55:12.173+0000] {dagbag.py:540} INFO - Filling up the DagBag from /opt/airflow/dags/move_landing_to_bronze_partitioned.py
[2025-04-28T14:55:12.317+0000] {processor.py:840} INFO - DAG(s) 'move_landing_to_bronze_partitioned' retrieved from /opt/airflow/dags/move_landing_to_bronze_partitioned.py
[2025-04-28T14:55:12.333+0000] {logging_mixin.py:188} INFO - [2025-04-28T14:55:12.333+0000] {dag.py:3096} INFO - Sync 1 DAGs
[2025-04-28T14:55:12.340+0000] {logging_mixin.py:188} INFO - [2025-04-28T14:55:12.340+0000] {dag.py:3954} INFO - Setting next_dagrun for move_landing_to_bronze_partitioned to None, run_after=None
[2025-04-28T14:55:12.350+0000] {processor.py:183} INFO - Processing /opt/airflow/dags/move_landing_to_bronze_partitioned.py took 0.184 seconds
[2025-04-28T14:55:42.933+0000] {processor.py:161} INFO - Started process (PID=3253) to work on /opt/airflow/dags/move_landing_to_bronze_partitioned.py
[2025-04-28T14:55:42.933+0000] {processor.py:830} INFO - Processing file /opt/airflow/dags/move_landing_to_bronze_partitioned.py for tasks to queue
[2025-04-28T14:55:42.934+0000] {logging_mixin.py:188} INFO - [2025-04-28T14:55:42.934+0000] {dagbag.py:540} INFO - Filling up the DagBag from /opt/airflow/dags/move_landing_to_bronze_partitioned.py
[2025-04-28T14:55:43.080+0000] {processor.py:840} INFO - DAG(s) 'move_landing_to_bronze_partitioned' retrieved from /opt/airflow/dags/move_landing_to_bronze_partitioned.py
[2025-04-28T14:55:43.094+0000] {logging_mixin.py:188} INFO - [2025-04-28T14:55:43.093+0000] {dag.py:3096} INFO - Sync 1 DAGs
[2025-04-28T14:55:43.101+0000] {logging_mixin.py:188} INFO - [2025-04-28T14:55:43.101+0000] {dag.py:3954} INFO - Setting next_dagrun for move_landing_to_bronze_partitioned to None, run_after=None
[2025-04-28T14:55:43.111+0000] {processor.py:183} INFO - Processing /opt/airflow/dags/move_landing_to_bronze_partitioned.py took 0.183 seconds
[2025-04-28T14:56:13.679+0000] {processor.py:161} INFO - Started process (PID=3288) to work on /opt/airflow/dags/move_landing_to_bronze_partitioned.py
[2025-04-28T14:56:13.681+0000] {processor.py:830} INFO - Processing file /opt/airflow/dags/move_landing_to_bronze_partitioned.py for tasks to queue
[2025-04-28T14:56:13.682+0000] {logging_mixin.py:188} INFO - [2025-04-28T14:56:13.682+0000] {dagbag.py:540} INFO - Filling up the DagBag from /opt/airflow/dags/move_landing_to_bronze_partitioned.py
[2025-04-28T14:56:13.826+0000] {processor.py:840} INFO - DAG(s) 'move_landing_to_bronze_partitioned' retrieved from /opt/airflow/dags/move_landing_to_bronze_partitioned.py
[2025-04-28T14:56:13.839+0000] {logging_mixin.py:188} INFO - [2025-04-28T14:56:13.839+0000] {dag.py:3096} INFO - Sync 1 DAGs
[2025-04-28T14:56:13.848+0000] {logging_mixin.py:188} INFO - [2025-04-28T14:56:13.848+0000] {dag.py:3954} INFO - Setting next_dagrun for move_landing_to_bronze_partitioned to None, run_after=None
[2025-04-28T14:56:13.858+0000] {processor.py:183} INFO - Processing /opt/airflow/dags/move_landing_to_bronze_partitioned.py took 0.184 seconds
[2025-04-28T14:56:44.462+0000] {processor.py:161} INFO - Started process (PID=3323) to work on /opt/airflow/dags/move_landing_to_bronze_partitioned.py
[2025-04-28T14:56:44.464+0000] {processor.py:830} INFO - Processing file /opt/airflow/dags/move_landing_to_bronze_partitioned.py for tasks to queue
[2025-04-28T14:56:44.464+0000] {logging_mixin.py:188} INFO - [2025-04-28T14:56:44.464+0000] {dagbag.py:540} INFO - Filling up the DagBag from /opt/airflow/dags/move_landing_to_bronze_partitioned.py
[2025-04-28T14:56:44.609+0000] {processor.py:840} INFO - DAG(s) 'move_landing_to_bronze_partitioned' retrieved from /opt/airflow/dags/move_landing_to_bronze_partitioned.py
[2025-04-28T14:56:44.622+0000] {logging_mixin.py:188} INFO - [2025-04-28T14:56:44.622+0000] {dag.py:3096} INFO - Sync 1 DAGs
[2025-04-28T14:56:44.627+0000] {logging_mixin.py:188} INFO - [2025-04-28T14:56:44.627+0000] {dag.py:3954} INFO - Setting next_dagrun for move_landing_to_bronze_partitioned to None, run_after=None
[2025-04-28T14:56:44.640+0000] {processor.py:183} INFO - Processing /opt/airflow/dags/move_landing_to_bronze_partitioned.py took 0.183 seconds
[2025-04-28T14:57:15.178+0000] {processor.py:161} INFO - Started process (PID=3358) to work on /opt/airflow/dags/move_landing_to_bronze_partitioned.py
[2025-04-28T14:57:15.179+0000] {processor.py:830} INFO - Processing file /opt/airflow/dags/move_landing_to_bronze_partitioned.py for tasks to queue
[2025-04-28T14:57:15.184+0000] {logging_mixin.py:188} INFO - [2025-04-28T14:57:15.180+0000] {dagbag.py:540} INFO - Filling up the DagBag from /opt/airflow/dags/move_landing_to_bronze_partitioned.py
[2025-04-28T14:57:15.403+0000] {processor.py:840} INFO - DAG(s) 'move_landing_to_bronze_partitioned' retrieved from /opt/airflow/dags/move_landing_to_bronze_partitioned.py
[2025-04-28T14:57:15.418+0000] {logging_mixin.py:188} INFO - [2025-04-28T14:57:15.418+0000] {dag.py:3096} INFO - Sync 1 DAGs
[2025-04-28T14:57:15.425+0000] {logging_mixin.py:188} INFO - [2025-04-28T14:57:15.425+0000] {dag.py:3954} INFO - Setting next_dagrun for move_landing_to_bronze_partitioned to None, run_after=None
[2025-04-28T14:57:15.436+0000] {processor.py:183} INFO - Processing /opt/airflow/dags/move_landing_to_bronze_partitioned.py took 0.261 seconds
[2025-04-28T14:57:45.941+0000] {processor.py:161} INFO - Started process (PID=3393) to work on /opt/airflow/dags/move_landing_to_bronze_partitioned.py
[2025-04-28T14:57:45.942+0000] {processor.py:830} INFO - Processing file /opt/airflow/dags/move_landing_to_bronze_partitioned.py for tasks to queue
[2025-04-28T14:57:45.947+0000] {logging_mixin.py:188} INFO - [2025-04-28T14:57:45.947+0000] {dagbag.py:540} INFO - Filling up the DagBag from /opt/airflow/dags/move_landing_to_bronze_partitioned.py
[2025-04-28T14:57:46.094+0000] {processor.py:840} INFO - DAG(s) 'move_landing_to_bronze_partitioned' retrieved from /opt/airflow/dags/move_landing_to_bronze_partitioned.py
[2025-04-28T14:57:46.108+0000] {logging_mixin.py:188} INFO - [2025-04-28T14:57:46.108+0000] {dag.py:3096} INFO - Sync 1 DAGs
[2025-04-28T14:57:46.115+0000] {logging_mixin.py:188} INFO - [2025-04-28T14:57:46.115+0000] {dag.py:3954} INFO - Setting next_dagrun for move_landing_to_bronze_partitioned to None, run_after=None
[2025-04-28T14:57:46.125+0000] {processor.py:183} INFO - Processing /opt/airflow/dags/move_landing_to_bronze_partitioned.py took 0.187 seconds
[2025-04-28T14:58:16.646+0000] {processor.py:161} INFO - Started process (PID=3428) to work on /opt/airflow/dags/move_landing_to_bronze_partitioned.py
[2025-04-28T14:58:16.648+0000] {processor.py:830} INFO - Processing file /opt/airflow/dags/move_landing_to_bronze_partitioned.py for tasks to queue
[2025-04-28T14:58:16.651+0000] {logging_mixin.py:188} INFO - [2025-04-28T14:58:16.650+0000] {dagbag.py:540} INFO - Filling up the DagBag from /opt/airflow/dags/move_landing_to_bronze_partitioned.py
[2025-04-28T14:58:16.802+0000] {processor.py:840} INFO - DAG(s) 'move_landing_to_bronze_partitioned' retrieved from /opt/airflow/dags/move_landing_to_bronze_partitioned.py
[2025-04-28T14:58:16.821+0000] {logging_mixin.py:188} INFO - [2025-04-28T14:58:16.821+0000] {dag.py:3096} INFO - Sync 1 DAGs
[2025-04-28T14:58:16.826+0000] {logging_mixin.py:188} INFO - [2025-04-28T14:58:16.826+0000] {dag.py:3954} INFO - Setting next_dagrun for move_landing_to_bronze_partitioned to None, run_after=None
[2025-04-28T14:58:16.837+0000] {processor.py:183} INFO - Processing /opt/airflow/dags/move_landing_to_bronze_partitioned.py took 0.197 seconds
[2025-04-28T14:58:47.395+0000] {processor.py:161} INFO - Started process (PID=3463) to work on /opt/airflow/dags/move_landing_to_bronze_partitioned.py
[2025-04-28T14:58:47.400+0000] {processor.py:830} INFO - Processing file /opt/airflow/dags/move_landing_to_bronze_partitioned.py for tasks to queue
[2025-04-28T14:58:47.403+0000] {logging_mixin.py:188} INFO - [2025-04-28T14:58:47.403+0000] {dagbag.py:540} INFO - Filling up the DagBag from /opt/airflow/dags/move_landing_to_bronze_partitioned.py
[2025-04-28T14:58:47.543+0000] {processor.py:840} INFO - DAG(s) 'move_landing_to_bronze_partitioned' retrieved from /opt/airflow/dags/move_landing_to_bronze_partitioned.py
[2025-04-28T14:58:47.557+0000] {logging_mixin.py:188} INFO - [2025-04-28T14:58:47.557+0000] {dag.py:3096} INFO - Sync 1 DAGs
[2025-04-28T14:58:47.564+0000] {logging_mixin.py:188} INFO - [2025-04-28T14:58:47.564+0000] {dag.py:3954} INFO - Setting next_dagrun for move_landing_to_bronze_partitioned to None, run_after=None
[2025-04-28T14:58:47.574+0000] {processor.py:183} INFO - Processing /opt/airflow/dags/move_landing_to_bronze_partitioned.py took 0.183 seconds
[2025-04-28T14:59:18.218+0000] {processor.py:161} INFO - Started process (PID=3498) to work on /opt/airflow/dags/move_landing_to_bronze_partitioned.py
[2025-04-28T14:59:18.219+0000] {processor.py:830} INFO - Processing file /opt/airflow/dags/move_landing_to_bronze_partitioned.py for tasks to queue
[2025-04-28T14:59:18.222+0000] {logging_mixin.py:188} INFO - [2025-04-28T14:59:18.222+0000] {dagbag.py:540} INFO - Filling up the DagBag from /opt/airflow/dags/move_landing_to_bronze_partitioned.py
[2025-04-28T14:59:18.366+0000] {processor.py:840} INFO - DAG(s) 'move_landing_to_bronze_partitioned' retrieved from /opt/airflow/dags/move_landing_to_bronze_partitioned.py
[2025-04-28T14:59:18.381+0000] {logging_mixin.py:188} INFO - [2025-04-28T14:59:18.380+0000] {dag.py:3096} INFO - Sync 1 DAGs
[2025-04-28T14:59:18.388+0000] {logging_mixin.py:188} INFO - [2025-04-28T14:59:18.387+0000] {dag.py:3954} INFO - Setting next_dagrun for move_landing_to_bronze_partitioned to None, run_after=None
[2025-04-28T14:59:18.399+0000] {processor.py:183} INFO - Processing /opt/airflow/dags/move_landing_to_bronze_partitioned.py took 0.184 seconds
[2025-04-28T14:59:49.005+0000] {processor.py:161} INFO - Started process (PID=3533) to work on /opt/airflow/dags/move_landing_to_bronze_partitioned.py
[2025-04-28T14:59:49.006+0000] {processor.py:830} INFO - Processing file /opt/airflow/dags/move_landing_to_bronze_partitioned.py for tasks to queue
[2025-04-28T14:59:49.008+0000] {logging_mixin.py:188} INFO - [2025-04-28T14:59:49.008+0000] {dagbag.py:540} INFO - Filling up the DagBag from /opt/airflow/dags/move_landing_to_bronze_partitioned.py
[2025-04-28T14:59:49.153+0000] {processor.py:840} INFO - DAG(s) 'move_landing_to_bronze_partitioned' retrieved from /opt/airflow/dags/move_landing_to_bronze_partitioned.py
[2025-04-28T14:59:49.168+0000] {logging_mixin.py:188} INFO - [2025-04-28T14:59:49.168+0000] {dag.py:3096} INFO - Sync 1 DAGs
[2025-04-28T14:59:49.178+0000] {logging_mixin.py:188} INFO - [2025-04-28T14:59:49.178+0000] {dag.py:3954} INFO - Setting next_dagrun for move_landing_to_bronze_partitioned to None, run_after=None
[2025-04-28T14:59:49.190+0000] {processor.py:183} INFO - Processing /opt/airflow/dags/move_landing_to_bronze_partitioned.py took 0.189 seconds
[2025-04-28T15:00:19.788+0000] {processor.py:161} INFO - Started process (PID=3568) to work on /opt/airflow/dags/move_landing_to_bronze_partitioned.py
[2025-04-28T15:00:19.789+0000] {processor.py:830} INFO - Processing file /opt/airflow/dags/move_landing_to_bronze_partitioned.py for tasks to queue
[2025-04-28T15:00:19.792+0000] {logging_mixin.py:188} INFO - [2025-04-28T15:00:19.792+0000] {dagbag.py:540} INFO - Filling up the DagBag from /opt/airflow/dags/move_landing_to_bronze_partitioned.py
[2025-04-28T15:00:19.942+0000] {processor.py:840} INFO - DAG(s) 'move_landing_to_bronze_partitioned' retrieved from /opt/airflow/dags/move_landing_to_bronze_partitioned.py
[2025-04-28T15:00:19.957+0000] {logging_mixin.py:188} INFO - [2025-04-28T15:00:19.957+0000] {dag.py:3096} INFO - Sync 1 DAGs
[2025-04-28T15:00:19.966+0000] {logging_mixin.py:188} INFO - [2025-04-28T15:00:19.966+0000] {dag.py:3954} INFO - Setting next_dagrun for move_landing_to_bronze_partitioned to None, run_after=None
[2025-04-28T15:00:19.978+0000] {processor.py:183} INFO - Processing /opt/airflow/dags/move_landing_to_bronze_partitioned.py took 0.196 seconds
[2025-04-28T15:00:50.510+0000] {processor.py:161} INFO - Started process (PID=3603) to work on /opt/airflow/dags/move_landing_to_bronze_partitioned.py
[2025-04-28T15:00:50.511+0000] {processor.py:830} INFO - Processing file /opt/airflow/dags/move_landing_to_bronze_partitioned.py for tasks to queue
[2025-04-28T15:00:50.512+0000] {logging_mixin.py:188} INFO - [2025-04-28T15:00:50.512+0000] {dagbag.py:540} INFO - Filling up the DagBag from /opt/airflow/dags/move_landing_to_bronze_partitioned.py
[2025-04-28T15:00:50.682+0000] {processor.py:840} INFO - DAG(s) 'move_landing_to_bronze_partitioned' retrieved from /opt/airflow/dags/move_landing_to_bronze_partitioned.py
[2025-04-28T15:00:50.711+0000] {logging_mixin.py:188} INFO - [2025-04-28T15:00:50.710+0000] {dag.py:3096} INFO - Sync 1 DAGs
[2025-04-28T15:00:50.718+0000] {logging_mixin.py:188} INFO - [2025-04-28T15:00:50.718+0000] {dag.py:3954} INFO - Setting next_dagrun for move_landing_to_bronze_partitioned to None, run_after=None
[2025-04-28T15:00:50.730+0000] {processor.py:183} INFO - Processing /opt/airflow/dags/move_landing_to_bronze_partitioned.py took 0.224 seconds
[2025-04-28T15:01:21.319+0000] {processor.py:161} INFO - Started process (PID=3638) to work on /opt/airflow/dags/move_landing_to_bronze_partitioned.py
[2025-04-28T15:01:21.320+0000] {processor.py:830} INFO - Processing file /opt/airflow/dags/move_landing_to_bronze_partitioned.py for tasks to queue
[2025-04-28T15:01:21.321+0000] {logging_mixin.py:188} INFO - [2025-04-28T15:01:21.321+0000] {dagbag.py:540} INFO - Filling up the DagBag from /opt/airflow/dags/move_landing_to_bronze_partitioned.py
[2025-04-28T15:01:21.466+0000] {processor.py:840} INFO - DAG(s) 'move_landing_to_bronze_partitioned' retrieved from /opt/airflow/dags/move_landing_to_bronze_partitioned.py
[2025-04-28T15:01:21.487+0000] {logging_mixin.py:188} INFO - [2025-04-28T15:01:21.487+0000] {dag.py:3096} INFO - Sync 1 DAGs
[2025-04-28T15:01:21.493+0000] {logging_mixin.py:188} INFO - [2025-04-28T15:01:21.493+0000] {dag.py:3954} INFO - Setting next_dagrun for move_landing_to_bronze_partitioned to None, run_after=None
[2025-04-28T15:01:21.502+0000] {processor.py:183} INFO - Processing /opt/airflow/dags/move_landing_to_bronze_partitioned.py took 0.189 seconds
[2025-04-28T15:01:52.087+0000] {processor.py:161} INFO - Started process (PID=3673) to work on /opt/airflow/dags/move_landing_to_bronze_partitioned.py
[2025-04-28T15:01:52.088+0000] {processor.py:830} INFO - Processing file /opt/airflow/dags/move_landing_to_bronze_partitioned.py for tasks to queue
[2025-04-28T15:01:52.089+0000] {logging_mixin.py:188} INFO - [2025-04-28T15:01:52.089+0000] {dagbag.py:540} INFO - Filling up the DagBag from /opt/airflow/dags/move_landing_to_bronze_partitioned.py
[2025-04-28T15:01:52.258+0000] {processor.py:840} INFO - DAG(s) 'move_landing_to_bronze_partitioned' retrieved from /opt/airflow/dags/move_landing_to_bronze_partitioned.py
[2025-04-28T15:01:52.275+0000] {logging_mixin.py:188} INFO - [2025-04-28T15:01:52.274+0000] {dag.py:3096} INFO - Sync 1 DAGs
[2025-04-28T15:01:52.283+0000] {logging_mixin.py:188} INFO - [2025-04-28T15:01:52.282+0000] {dag.py:3954} INFO - Setting next_dagrun for move_landing_to_bronze_partitioned to None, run_after=None
[2025-04-28T15:01:52.294+0000] {processor.py:183} INFO - Processing /opt/airflow/dags/move_landing_to_bronze_partitioned.py took 0.211 seconds
[2025-04-28T15:02:22.870+0000] {processor.py:161} INFO - Started process (PID=3708) to work on /opt/airflow/dags/move_landing_to_bronze_partitioned.py
[2025-04-28T15:02:22.871+0000] {processor.py:830} INFO - Processing file /opt/airflow/dags/move_landing_to_bronze_partitioned.py for tasks to queue
[2025-04-28T15:02:22.875+0000] {logging_mixin.py:188} INFO - [2025-04-28T15:02:22.875+0000] {dagbag.py:540} INFO - Filling up the DagBag from /opt/airflow/dags/move_landing_to_bronze_partitioned.py
[2025-04-28T15:02:23.023+0000] {processor.py:840} INFO - DAG(s) 'move_landing_to_bronze_partitioned' retrieved from /opt/airflow/dags/move_landing_to_bronze_partitioned.py
[2025-04-28T15:02:23.038+0000] {logging_mixin.py:188} INFO - [2025-04-28T15:02:23.038+0000] {dag.py:3096} INFO - Sync 1 DAGs
[2025-04-28T15:02:23.046+0000] {logging_mixin.py:188} INFO - [2025-04-28T15:02:23.046+0000] {dag.py:3954} INFO - Setting next_dagrun for move_landing_to_bronze_partitioned to None, run_after=None
[2025-04-28T15:02:23.058+0000] {processor.py:183} INFO - Processing /opt/airflow/dags/move_landing_to_bronze_partitioned.py took 0.195 seconds
[2025-04-28T15:02:53.601+0000] {processor.py:161} INFO - Started process (PID=3743) to work on /opt/airflow/dags/move_landing_to_bronze_partitioned.py
[2025-04-28T15:02:53.603+0000] {processor.py:830} INFO - Processing file /opt/airflow/dags/move_landing_to_bronze_partitioned.py for tasks to queue
[2025-04-28T15:02:53.605+0000] {logging_mixin.py:188} INFO - [2025-04-28T15:02:53.604+0000] {dagbag.py:540} INFO - Filling up the DagBag from /opt/airflow/dags/move_landing_to_bronze_partitioned.py
[2025-04-28T15:02:53.760+0000] {processor.py:840} INFO - DAG(s) 'move_landing_to_bronze_partitioned' retrieved from /opt/airflow/dags/move_landing_to_bronze_partitioned.py
[2025-04-28T15:02:53.776+0000] {logging_mixin.py:188} INFO - [2025-04-28T15:02:53.776+0000] {dag.py:3096} INFO - Sync 1 DAGs
[2025-04-28T15:02:53.781+0000] {logging_mixin.py:188} INFO - [2025-04-28T15:02:53.781+0000] {dag.py:3954} INFO - Setting next_dagrun for move_landing_to_bronze_partitioned to None, run_after=None
[2025-04-28T15:02:53.792+0000] {processor.py:183} INFO - Processing /opt/airflow/dags/move_landing_to_bronze_partitioned.py took 0.198 seconds
[2025-04-28T15:03:24.382+0000] {processor.py:161} INFO - Started process (PID=3778) to work on /opt/airflow/dags/move_landing_to_bronze_partitioned.py
[2025-04-28T15:03:24.383+0000] {processor.py:830} INFO - Processing file /opt/airflow/dags/move_landing_to_bronze_partitioned.py for tasks to queue
[2025-04-28T15:03:24.385+0000] {logging_mixin.py:188} INFO - [2025-04-28T15:03:24.385+0000] {dagbag.py:540} INFO - Filling up the DagBag from /opt/airflow/dags/move_landing_to_bronze_partitioned.py
[2025-04-28T15:03:24.538+0000] {processor.py:840} INFO - DAG(s) 'move_landing_to_bronze_partitioned' retrieved from /opt/airflow/dags/move_landing_to_bronze_partitioned.py
[2025-04-28T15:03:24.555+0000] {logging_mixin.py:188} INFO - [2025-04-28T15:03:24.554+0000] {dag.py:3096} INFO - Sync 1 DAGs
[2025-04-28T15:03:24.561+0000] {logging_mixin.py:188} INFO - [2025-04-28T15:03:24.561+0000] {dag.py:3954} INFO - Setting next_dagrun for move_landing_to_bronze_partitioned to None, run_after=None
[2025-04-28T15:03:24.573+0000] {processor.py:183} INFO - Processing /opt/airflow/dags/move_landing_to_bronze_partitioned.py took 0.197 seconds
[2025-04-28T15:03:55.179+0000] {processor.py:161} INFO - Started process (PID=3813) to work on /opt/airflow/dags/move_landing_to_bronze_partitioned.py
[2025-04-28T15:03:55.180+0000] {processor.py:830} INFO - Processing file /opt/airflow/dags/move_landing_to_bronze_partitioned.py for tasks to queue
[2025-04-28T15:03:55.182+0000] {logging_mixin.py:188} INFO - [2025-04-28T15:03:55.182+0000] {dagbag.py:540} INFO - Filling up the DagBag from /opt/airflow/dags/move_landing_to_bronze_partitioned.py
[2025-04-28T15:03:55.334+0000] {processor.py:840} INFO - DAG(s) 'move_landing_to_bronze_partitioned' retrieved from /opt/airflow/dags/move_landing_to_bronze_partitioned.py
[2025-04-28T15:03:55.348+0000] {logging_mixin.py:188} INFO - [2025-04-28T15:03:55.348+0000] {dag.py:3096} INFO - Sync 1 DAGs
[2025-04-28T15:03:55.356+0000] {logging_mixin.py:188} INFO - [2025-04-28T15:03:55.356+0000] {dag.py:3954} INFO - Setting next_dagrun for move_landing_to_bronze_partitioned to None, run_after=None
[2025-04-28T15:03:55.367+0000] {processor.py:183} INFO - Processing /opt/airflow/dags/move_landing_to_bronze_partitioned.py took 0.192 seconds
[2025-04-28T15:04:25.940+0000] {processor.py:161} INFO - Started process (PID=3848) to work on /opt/airflow/dags/move_landing_to_bronze_partitioned.py
[2025-04-28T15:04:25.941+0000] {processor.py:830} INFO - Processing file /opt/airflow/dags/move_landing_to_bronze_partitioned.py for tasks to queue
[2025-04-28T15:04:25.943+0000] {logging_mixin.py:188} INFO - [2025-04-28T15:04:25.943+0000] {dagbag.py:540} INFO - Filling up the DagBag from /opt/airflow/dags/move_landing_to_bronze_partitioned.py
[2025-04-28T15:04:26.090+0000] {processor.py:840} INFO - DAG(s) 'move_landing_to_bronze_partitioned' retrieved from /opt/airflow/dags/move_landing_to_bronze_partitioned.py
[2025-04-28T15:04:26.103+0000] {logging_mixin.py:188} INFO - [2025-04-28T15:04:26.103+0000] {dag.py:3096} INFO - Sync 1 DAGs
[2025-04-28T15:04:26.111+0000] {logging_mixin.py:188} INFO - [2025-04-28T15:04:26.111+0000] {dag.py:3954} INFO - Setting next_dagrun for move_landing_to_bronze_partitioned to None, run_after=None
[2025-04-28T15:04:26.121+0000] {processor.py:183} INFO - Processing /opt/airflow/dags/move_landing_to_bronze_partitioned.py took 0.187 seconds
[2025-04-28T15:04:56.702+0000] {processor.py:161} INFO - Started process (PID=3883) to work on /opt/airflow/dags/move_landing_to_bronze_partitioned.py
[2025-04-28T15:04:56.702+0000] {processor.py:830} INFO - Processing file /opt/airflow/dags/move_landing_to_bronze_partitioned.py for tasks to queue
[2025-04-28T15:04:56.707+0000] {logging_mixin.py:188} INFO - [2025-04-28T15:04:56.707+0000] {dagbag.py:540} INFO - Filling up the DagBag from /opt/airflow/dags/move_landing_to_bronze_partitioned.py
[2025-04-28T15:04:56.845+0000] {processor.py:840} INFO - DAG(s) 'move_landing_to_bronze_partitioned' retrieved from /opt/airflow/dags/move_landing_to_bronze_partitioned.py
[2025-04-28T15:04:56.859+0000] {logging_mixin.py:188} INFO - [2025-04-28T15:04:56.859+0000] {dag.py:3096} INFO - Sync 1 DAGs
[2025-04-28T15:04:56.867+0000] {logging_mixin.py:188} INFO - [2025-04-28T15:04:56.867+0000] {dag.py:3954} INFO - Setting next_dagrun for move_landing_to_bronze_partitioned to None, run_after=None
[2025-04-28T15:04:56.877+0000] {processor.py:183} INFO - Processing /opt/airflow/dags/move_landing_to_bronze_partitioned.py took 0.179 seconds
[2025-04-28T15:05:27.461+0000] {processor.py:161} INFO - Started process (PID=3918) to work on /opt/airflow/dags/move_landing_to_bronze_partitioned.py
[2025-04-28T15:05:27.461+0000] {processor.py:830} INFO - Processing file /opt/airflow/dags/move_landing_to_bronze_partitioned.py for tasks to queue
[2025-04-28T15:05:27.464+0000] {logging_mixin.py:188} INFO - [2025-04-28T15:05:27.464+0000] {dagbag.py:540} INFO - Filling up the DagBag from /opt/airflow/dags/move_landing_to_bronze_partitioned.py
[2025-04-28T15:05:27.608+0000] {processor.py:840} INFO - DAG(s) 'move_landing_to_bronze_partitioned' retrieved from /opt/airflow/dags/move_landing_to_bronze_partitioned.py
[2025-04-28T15:05:27.622+0000] {logging_mixin.py:188} INFO - [2025-04-28T15:05:27.622+0000] {dag.py:3096} INFO - Sync 1 DAGs
[2025-04-28T15:05:27.628+0000] {logging_mixin.py:188} INFO - [2025-04-28T15:05:27.628+0000] {dag.py:3954} INFO - Setting next_dagrun for move_landing_to_bronze_partitioned to None, run_after=None
[2025-04-28T15:05:27.640+0000] {processor.py:183} INFO - Processing /opt/airflow/dags/move_landing_to_bronze_partitioned.py took 0.185 seconds
[2025-04-28T15:05:58.245+0000] {processor.py:161} INFO - Started process (PID=3953) to work on /opt/airflow/dags/move_landing_to_bronze_partitioned.py
[2025-04-28T15:05:58.245+0000] {processor.py:830} INFO - Processing file /opt/airflow/dags/move_landing_to_bronze_partitioned.py for tasks to queue
[2025-04-28T15:05:58.246+0000] {logging_mixin.py:188} INFO - [2025-04-28T15:05:58.246+0000] {dagbag.py:540} INFO - Filling up the DagBag from /opt/airflow/dags/move_landing_to_bronze_partitioned.py
[2025-04-28T15:05:58.389+0000] {processor.py:840} INFO - DAG(s) 'move_landing_to_bronze_partitioned' retrieved from /opt/airflow/dags/move_landing_to_bronze_partitioned.py
[2025-04-28T15:05:58.406+0000] {logging_mixin.py:188} INFO - [2025-04-28T15:05:58.405+0000] {dag.py:3096} INFO - Sync 1 DAGs
[2025-04-28T15:05:58.411+0000] {logging_mixin.py:188} INFO - [2025-04-28T15:05:58.411+0000] {dag.py:3954} INFO - Setting next_dagrun for move_landing_to_bronze_partitioned to None, run_after=None
[2025-04-28T15:05:58.426+0000] {processor.py:183} INFO - Processing /opt/airflow/dags/move_landing_to_bronze_partitioned.py took 0.184 seconds
[2025-04-28T15:06:29.015+0000] {processor.py:161} INFO - Started process (PID=3988) to work on /opt/airflow/dags/move_landing_to_bronze_partitioned.py
[2025-04-28T15:06:29.016+0000] {processor.py:830} INFO - Processing file /opt/airflow/dags/move_landing_to_bronze_partitioned.py for tasks to queue
[2025-04-28T15:06:29.018+0000] {logging_mixin.py:188} INFO - [2025-04-28T15:06:29.018+0000] {dagbag.py:540} INFO - Filling up the DagBag from /opt/airflow/dags/move_landing_to_bronze_partitioned.py
[2025-04-28T15:06:29.166+0000] {processor.py:840} INFO - DAG(s) 'move_landing_to_bronze_partitioned' retrieved from /opt/airflow/dags/move_landing_to_bronze_partitioned.py
[2025-04-28T15:06:29.180+0000] {logging_mixin.py:188} INFO - [2025-04-28T15:06:29.180+0000] {dag.py:3096} INFO - Sync 1 DAGs
[2025-04-28T15:06:29.186+0000] {logging_mixin.py:188} INFO - [2025-04-28T15:06:29.186+0000] {dag.py:3954} INFO - Setting next_dagrun for move_landing_to_bronze_partitioned to None, run_after=None
[2025-04-28T15:06:29.197+0000] {processor.py:183} INFO - Processing /opt/airflow/dags/move_landing_to_bronze_partitioned.py took 0.187 seconds
[2025-04-28T15:06:59.836+0000] {processor.py:161} INFO - Started process (PID=4023) to work on /opt/airflow/dags/move_landing_to_bronze_partitioned.py
[2025-04-28T15:06:59.837+0000] {processor.py:830} INFO - Processing file /opt/airflow/dags/move_landing_to_bronze_partitioned.py for tasks to queue
[2025-04-28T15:06:59.841+0000] {logging_mixin.py:188} INFO - [2025-04-28T15:06:59.841+0000] {dagbag.py:540} INFO - Filling up the DagBag from /opt/airflow/dags/move_landing_to_bronze_partitioned.py
[2025-04-28T15:06:59.986+0000] {processor.py:840} INFO - DAG(s) 'move_landing_to_bronze_partitioned' retrieved from /opt/airflow/dags/move_landing_to_bronze_partitioned.py
[2025-04-28T15:07:00.003+0000] {logging_mixin.py:188} INFO - [2025-04-28T15:07:00.002+0000] {dag.py:3096} INFO - Sync 1 DAGs
[2025-04-28T15:07:00.011+0000] {logging_mixin.py:188} INFO - [2025-04-28T15:07:00.011+0000] {dag.py:3954} INFO - Setting next_dagrun for move_landing_to_bronze_partitioned to None, run_after=None
[2025-04-28T15:07:00.020+0000] {processor.py:183} INFO - Processing /opt/airflow/dags/move_landing_to_bronze_partitioned.py took 0.188 seconds
[2025-04-28T15:07:30.582+0000] {processor.py:161} INFO - Started process (PID=4058) to work on /opt/airflow/dags/move_landing_to_bronze_partitioned.py
[2025-04-28T15:07:30.584+0000] {processor.py:830} INFO - Processing file /opt/airflow/dags/move_landing_to_bronze_partitioned.py for tasks to queue
[2025-04-28T15:07:30.586+0000] {logging_mixin.py:188} INFO - [2025-04-28T15:07:30.586+0000] {dagbag.py:540} INFO - Filling up the DagBag from /opt/airflow/dags/move_landing_to_bronze_partitioned.py
[2025-04-28T15:07:30.733+0000] {processor.py:840} INFO - DAG(s) 'move_landing_to_bronze_partitioned' retrieved from /opt/airflow/dags/move_landing_to_bronze_partitioned.py
[2025-04-28T15:07:30.751+0000] {logging_mixin.py:188} INFO - [2025-04-28T15:07:30.751+0000] {dag.py:3096} INFO - Sync 1 DAGs
[2025-04-28T15:07:30.756+0000] {logging_mixin.py:188} INFO - [2025-04-28T15:07:30.756+0000] {dag.py:3954} INFO - Setting next_dagrun for move_landing_to_bronze_partitioned to None, run_after=None
[2025-04-28T15:07:30.767+0000] {processor.py:183} INFO - Processing /opt/airflow/dags/move_landing_to_bronze_partitioned.py took 0.191 seconds
[2025-04-28T15:08:01.351+0000] {processor.py:161} INFO - Started process (PID=4093) to work on /opt/airflow/dags/move_landing_to_bronze_partitioned.py
[2025-04-28T15:08:01.352+0000] {processor.py:830} INFO - Processing file /opt/airflow/dags/move_landing_to_bronze_partitioned.py for tasks to queue
[2025-04-28T15:08:01.353+0000] {logging_mixin.py:188} INFO - [2025-04-28T15:08:01.353+0000] {dagbag.py:540} INFO - Filling up the DagBag from /opt/airflow/dags/move_landing_to_bronze_partitioned.py
[2025-04-28T15:08:01.495+0000] {processor.py:840} INFO - DAG(s) 'move_landing_to_bronze_partitioned' retrieved from /opt/airflow/dags/move_landing_to_bronze_partitioned.py
[2025-04-28T15:08:01.514+0000] {logging_mixin.py:188} INFO - [2025-04-28T15:08:01.514+0000] {dag.py:3096} INFO - Sync 1 DAGs
[2025-04-28T15:08:01.519+0000] {logging_mixin.py:188} INFO - [2025-04-28T15:08:01.519+0000] {dag.py:3954} INFO - Setting next_dagrun for move_landing_to_bronze_partitioned to None, run_after=None
[2025-04-28T15:08:01.528+0000] {processor.py:183} INFO - Processing /opt/airflow/dags/move_landing_to_bronze_partitioned.py took 0.182 seconds
[2025-04-28T15:08:32.123+0000] {processor.py:161} INFO - Started process (PID=4128) to work on /opt/airflow/dags/move_landing_to_bronze_partitioned.py
[2025-04-28T15:08:32.125+0000] {processor.py:830} INFO - Processing file /opt/airflow/dags/move_landing_to_bronze_partitioned.py for tasks to queue
[2025-04-28T15:08:32.126+0000] {logging_mixin.py:188} INFO - [2025-04-28T15:08:32.126+0000] {dagbag.py:540} INFO - Filling up the DagBag from /opt/airflow/dags/move_landing_to_bronze_partitioned.py
[2025-04-28T15:08:32.270+0000] {processor.py:840} INFO - DAG(s) 'move_landing_to_bronze_partitioned' retrieved from /opt/airflow/dags/move_landing_to_bronze_partitioned.py
[2025-04-28T15:08:32.285+0000] {logging_mixin.py:188} INFO - [2025-04-28T15:08:32.285+0000] {dag.py:3096} INFO - Sync 1 DAGs
[2025-04-28T15:08:32.293+0000] {logging_mixin.py:188} INFO - [2025-04-28T15:08:32.293+0000] {dag.py:3954} INFO - Setting next_dagrun for move_landing_to_bronze_partitioned to None, run_after=None
[2025-04-28T15:08:32.303+0000] {processor.py:183} INFO - Processing /opt/airflow/dags/move_landing_to_bronze_partitioned.py took 0.185 seconds
[2025-04-28T15:09:02.861+0000] {processor.py:161} INFO - Started process (PID=4163) to work on /opt/airflow/dags/move_landing_to_bronze_partitioned.py
[2025-04-28T15:09:02.862+0000] {processor.py:830} INFO - Processing file /opt/airflow/dags/move_landing_to_bronze_partitioned.py for tasks to queue
[2025-04-28T15:09:02.863+0000] {logging_mixin.py:188} INFO - [2025-04-28T15:09:02.863+0000] {dagbag.py:540} INFO - Filling up the DagBag from /opt/airflow/dags/move_landing_to_bronze_partitioned.py
[2025-04-28T15:09:03.013+0000] {processor.py:840} INFO - DAG(s) 'move_landing_to_bronze_partitioned' retrieved from /opt/airflow/dags/move_landing_to_bronze_partitioned.py
[2025-04-28T15:09:03.028+0000] {logging_mixin.py:188} INFO - [2025-04-28T15:09:03.028+0000] {dag.py:3096} INFO - Sync 1 DAGs
[2025-04-28T15:09:03.035+0000] {logging_mixin.py:188} INFO - [2025-04-28T15:09:03.035+0000] {dag.py:3954} INFO - Setting next_dagrun for move_landing_to_bronze_partitioned to None, run_after=None
[2025-04-28T15:09:03.048+0000] {processor.py:183} INFO - Processing /opt/airflow/dags/move_landing_to_bronze_partitioned.py took 0.189 seconds
[2025-04-28T15:09:33.622+0000] {processor.py:161} INFO - Started process (PID=4198) to work on /opt/airflow/dags/move_landing_to_bronze_partitioned.py
[2025-04-28T15:09:33.623+0000] {processor.py:830} INFO - Processing file /opt/airflow/dags/move_landing_to_bronze_partitioned.py for tasks to queue
[2025-04-28T15:09:33.624+0000] {logging_mixin.py:188} INFO - [2025-04-28T15:09:33.624+0000] {dagbag.py:540} INFO - Filling up the DagBag from /opt/airflow/dags/move_landing_to_bronze_partitioned.py
[2025-04-28T15:09:33.774+0000] {processor.py:840} INFO - DAG(s) 'move_landing_to_bronze_partitioned' retrieved from /opt/airflow/dags/move_landing_to_bronze_partitioned.py
[2025-04-28T15:09:33.789+0000] {logging_mixin.py:188} INFO - [2025-04-28T15:09:33.789+0000] {dag.py:3096} INFO - Sync 1 DAGs
[2025-04-28T15:09:33.795+0000] {logging_mixin.py:188} INFO - [2025-04-28T15:09:33.795+0000] {dag.py:3954} INFO - Setting next_dagrun for move_landing_to_bronze_partitioned to None, run_after=None
[2025-04-28T15:09:33.807+0000] {processor.py:183} INFO - Processing /opt/airflow/dags/move_landing_to_bronze_partitioned.py took 0.191 seconds
[2025-04-28T15:10:04.322+0000] {processor.py:161} INFO - Started process (PID=4233) to work on /opt/airflow/dags/move_landing_to_bronze_partitioned.py
[2025-04-28T15:10:04.323+0000] {processor.py:830} INFO - Processing file /opt/airflow/dags/move_landing_to_bronze_partitioned.py for tasks to queue
[2025-04-28T15:10:04.324+0000] {logging_mixin.py:188} INFO - [2025-04-28T15:10:04.324+0000] {dagbag.py:540} INFO - Filling up the DagBag from /opt/airflow/dags/move_landing_to_bronze_partitioned.py
[2025-04-28T15:10:04.474+0000] {processor.py:840} INFO - DAG(s) 'move_landing_to_bronze_partitioned' retrieved from /opt/airflow/dags/move_landing_to_bronze_partitioned.py
[2025-04-28T15:10:04.489+0000] {logging_mixin.py:188} INFO - [2025-04-28T15:10:04.488+0000] {dag.py:3096} INFO - Sync 1 DAGs
[2025-04-28T15:10:04.494+0000] {logging_mixin.py:188} INFO - [2025-04-28T15:10:04.494+0000] {dag.py:3954} INFO - Setting next_dagrun for move_landing_to_bronze_partitioned to None, run_after=None
[2025-04-28T15:10:04.507+0000] {processor.py:183} INFO - Processing /opt/airflow/dags/move_landing_to_bronze_partitioned.py took 0.189 seconds
[2025-04-28T15:10:35.091+0000] {processor.py:161} INFO - Started process (PID=4268) to work on /opt/airflow/dags/move_landing_to_bronze_partitioned.py
[2025-04-28T15:10:35.092+0000] {processor.py:830} INFO - Processing file /opt/airflow/dags/move_landing_to_bronze_partitioned.py for tasks to queue
[2025-04-28T15:10:35.093+0000] {logging_mixin.py:188} INFO - [2025-04-28T15:10:35.093+0000] {dagbag.py:540} INFO - Filling up the DagBag from /opt/airflow/dags/move_landing_to_bronze_partitioned.py
[2025-04-28T15:10:35.241+0000] {processor.py:840} INFO - DAG(s) 'move_landing_to_bronze_partitioned' retrieved from /opt/airflow/dags/move_landing_to_bronze_partitioned.py
[2025-04-28T15:10:35.258+0000] {logging_mixin.py:188} INFO - [2025-04-28T15:10:35.257+0000] {dag.py:3096} INFO - Sync 1 DAGs
[2025-04-28T15:10:35.263+0000] {logging_mixin.py:188} INFO - [2025-04-28T15:10:35.263+0000] {dag.py:3954} INFO - Setting next_dagrun for move_landing_to_bronze_partitioned to None, run_after=None
[2025-04-28T15:10:35.275+0000] {processor.py:183} INFO - Processing /opt/airflow/dags/move_landing_to_bronze_partitioned.py took 0.189 seconds
[2025-04-28T15:11:05.801+0000] {processor.py:161} INFO - Started process (PID=4303) to work on /opt/airflow/dags/move_landing_to_bronze_partitioned.py
[2025-04-28T15:11:05.802+0000] {processor.py:830} INFO - Processing file /opt/airflow/dags/move_landing_to_bronze_partitioned.py for tasks to queue
[2025-04-28T15:11:05.804+0000] {logging_mixin.py:188} INFO - [2025-04-28T15:11:05.804+0000] {dagbag.py:540} INFO - Filling up the DagBag from /opt/airflow/dags/move_landing_to_bronze_partitioned.py
[2025-04-28T15:11:05.959+0000] {processor.py:840} INFO - DAG(s) 'move_landing_to_bronze_partitioned' retrieved from /opt/airflow/dags/move_landing_to_bronze_partitioned.py
[2025-04-28T15:11:05.973+0000] {logging_mixin.py:188} INFO - [2025-04-28T15:11:05.972+0000] {dag.py:3096} INFO - Sync 1 DAGs
[2025-04-28T15:11:05.978+0000] {logging_mixin.py:188} INFO - [2025-04-28T15:11:05.978+0000] {dag.py:3954} INFO - Setting next_dagrun for move_landing_to_bronze_partitioned to None, run_after=None
[2025-04-28T15:11:05.990+0000] {processor.py:183} INFO - Processing /opt/airflow/dags/move_landing_to_bronze_partitioned.py took 0.195 seconds
[2025-04-28T15:11:36.572+0000] {processor.py:161} INFO - Started process (PID=4338) to work on /opt/airflow/dags/move_landing_to_bronze_partitioned.py
[2025-04-28T15:11:36.572+0000] {processor.py:830} INFO - Processing file /opt/airflow/dags/move_landing_to_bronze_partitioned.py for tasks to queue
[2025-04-28T15:11:36.574+0000] {logging_mixin.py:188} INFO - [2025-04-28T15:11:36.574+0000] {dagbag.py:540} INFO - Filling up the DagBag from /opt/airflow/dags/move_landing_to_bronze_partitioned.py
[2025-04-28T15:11:36.721+0000] {processor.py:840} INFO - DAG(s) 'move_landing_to_bronze_partitioned' retrieved from /opt/airflow/dags/move_landing_to_bronze_partitioned.py
[2025-04-28T15:11:36.736+0000] {logging_mixin.py:188} INFO - [2025-04-28T15:11:36.735+0000] {dag.py:3096} INFO - Sync 1 DAGs
[2025-04-28T15:11:36.741+0000] {logging_mixin.py:188} INFO - [2025-04-28T15:11:36.741+0000] {dag.py:3954} INFO - Setting next_dagrun for move_landing_to_bronze_partitioned to None, run_after=None
[2025-04-28T15:11:36.752+0000] {processor.py:183} INFO - Processing /opt/airflow/dags/move_landing_to_bronze_partitioned.py took 0.186 seconds
[2025-04-28T15:12:07.436+0000] {processor.py:161} INFO - Started process (PID=4373) to work on /opt/airflow/dags/move_landing_to_bronze_partitioned.py
[2025-04-28T15:12:07.437+0000] {processor.py:830} INFO - Processing file /opt/airflow/dags/move_landing_to_bronze_partitioned.py for tasks to queue
[2025-04-28T15:12:07.438+0000] {logging_mixin.py:188} INFO - [2025-04-28T15:12:07.438+0000] {dagbag.py:540} INFO - Filling up the DagBag from /opt/airflow/dags/move_landing_to_bronze_partitioned.py
[2025-04-28T15:12:07.586+0000] {processor.py:840} INFO - DAG(s) 'move_landing_to_bronze_partitioned' retrieved from /opt/airflow/dags/move_landing_to_bronze_partitioned.py
[2025-04-28T15:12:07.629+0000] {logging_mixin.py:188} INFO - [2025-04-28T15:12:07.628+0000] {dag.py:3096} INFO - Sync 1 DAGs
[2025-04-28T15:12:07.639+0000] {logging_mixin.py:188} INFO - [2025-04-28T15:12:07.638+0000] {dag.py:3954} INFO - Setting next_dagrun for move_landing_to_bronze_partitioned to None, run_after=None
[2025-04-28T15:12:07.652+0000] {processor.py:183} INFO - Processing /opt/airflow/dags/move_landing_to_bronze_partitioned.py took 0.221 seconds
[2025-04-28T15:12:38.207+0000] {processor.py:161} INFO - Started process (PID=4408) to work on /opt/airflow/dags/move_landing_to_bronze_partitioned.py
[2025-04-28T15:12:38.207+0000] {processor.py:830} INFO - Processing file /opt/airflow/dags/move_landing_to_bronze_partitioned.py for tasks to queue
[2025-04-28T15:12:38.209+0000] {logging_mixin.py:188} INFO - [2025-04-28T15:12:38.209+0000] {dagbag.py:540} INFO - Filling up the DagBag from /opt/airflow/dags/move_landing_to_bronze_partitioned.py
[2025-04-28T15:12:38.352+0000] {processor.py:840} INFO - DAG(s) 'move_landing_to_bronze_partitioned' retrieved from /opt/airflow/dags/move_landing_to_bronze_partitioned.py
[2025-04-28T15:12:38.366+0000] {logging_mixin.py:188} INFO - [2025-04-28T15:12:38.365+0000] {dag.py:3096} INFO - Sync 1 DAGs
[2025-04-28T15:12:38.372+0000] {logging_mixin.py:188} INFO - [2025-04-28T15:12:38.372+0000] {dag.py:3954} INFO - Setting next_dagrun for move_landing_to_bronze_partitioned to None, run_after=None
[2025-04-28T15:12:38.382+0000] {processor.py:183} INFO - Processing /opt/airflow/dags/move_landing_to_bronze_partitioned.py took 0.181 seconds
[2025-04-28T15:13:08.933+0000] {processor.py:161} INFO - Started process (PID=4443) to work on /opt/airflow/dags/move_landing_to_bronze_partitioned.py
[2025-04-28T15:13:08.934+0000] {processor.py:830} INFO - Processing file /opt/airflow/dags/move_landing_to_bronze_partitioned.py for tasks to queue
[2025-04-28T15:13:08.936+0000] {logging_mixin.py:188} INFO - [2025-04-28T15:13:08.936+0000] {dagbag.py:540} INFO - Filling up the DagBag from /opt/airflow/dags/move_landing_to_bronze_partitioned.py
[2025-04-28T15:13:09.088+0000] {processor.py:840} INFO - DAG(s) 'move_landing_to_bronze_partitioned' retrieved from /opt/airflow/dags/move_landing_to_bronze_partitioned.py
[2025-04-28T15:13:09.101+0000] {logging_mixin.py:188} INFO - [2025-04-28T15:13:09.101+0000] {dag.py:3096} INFO - Sync 1 DAGs
[2025-04-28T15:13:09.108+0000] {logging_mixin.py:188} INFO - [2025-04-28T15:13:09.108+0000] {dag.py:3954} INFO - Setting next_dagrun for move_landing_to_bronze_partitioned to None, run_after=None
[2025-04-28T15:13:09.120+0000] {processor.py:183} INFO - Processing /opt/airflow/dags/move_landing_to_bronze_partitioned.py took 0.191 seconds
[2025-04-28T15:13:39.609+0000] {processor.py:161} INFO - Started process (PID=4478) to work on /opt/airflow/dags/move_landing_to_bronze_partitioned.py
[2025-04-28T15:13:39.610+0000] {processor.py:830} INFO - Processing file /opt/airflow/dags/move_landing_to_bronze_partitioned.py for tasks to queue
[2025-04-28T15:13:39.613+0000] {logging_mixin.py:188} INFO - [2025-04-28T15:13:39.613+0000] {dagbag.py:540} INFO - Filling up the DagBag from /opt/airflow/dags/move_landing_to_bronze_partitioned.py
[2025-04-28T15:13:39.760+0000] {processor.py:840} INFO - DAG(s) 'move_landing_to_bronze_partitioned' retrieved from /opt/airflow/dags/move_landing_to_bronze_partitioned.py
[2025-04-28T15:13:39.775+0000] {logging_mixin.py:188} INFO - [2025-04-28T15:13:39.775+0000] {dag.py:3096} INFO - Sync 1 DAGs
[2025-04-28T15:13:39.781+0000] {logging_mixin.py:188} INFO - [2025-04-28T15:13:39.781+0000] {dag.py:3954} INFO - Setting next_dagrun for move_landing_to_bronze_partitioned to None, run_after=None
[2025-04-28T15:13:39.792+0000] {processor.py:183} INFO - Processing /opt/airflow/dags/move_landing_to_bronze_partitioned.py took 0.187 seconds
[2025-04-28T15:14:10.342+0000] {processor.py:161} INFO - Started process (PID=4513) to work on /opt/airflow/dags/move_landing_to_bronze_partitioned.py
[2025-04-28T15:14:10.343+0000] {processor.py:830} INFO - Processing file /opt/airflow/dags/move_landing_to_bronze_partitioned.py for tasks to queue
[2025-04-28T15:14:10.344+0000] {logging_mixin.py:188} INFO - [2025-04-28T15:14:10.344+0000] {dagbag.py:540} INFO - Filling up the DagBag from /opt/airflow/dags/move_landing_to_bronze_partitioned.py
[2025-04-28T15:14:10.497+0000] {processor.py:840} INFO - DAG(s) 'move_landing_to_bronze_partitioned' retrieved from /opt/airflow/dags/move_landing_to_bronze_partitioned.py
[2025-04-28T15:14:10.513+0000] {logging_mixin.py:188} INFO - [2025-04-28T15:14:10.513+0000] {dag.py:3096} INFO - Sync 1 DAGs
[2025-04-28T15:14:10.520+0000] {logging_mixin.py:188} INFO - [2025-04-28T15:14:10.519+0000] {dag.py:3954} INFO - Setting next_dagrun for move_landing_to_bronze_partitioned to None, run_after=None
[2025-04-28T15:14:10.531+0000] {processor.py:183} INFO - Processing /opt/airflow/dags/move_landing_to_bronze_partitioned.py took 0.194 seconds
[2025-04-28T15:14:41.086+0000] {processor.py:161} INFO - Started process (PID=4548) to work on /opt/airflow/dags/move_landing_to_bronze_partitioned.py
[2025-04-28T15:14:41.087+0000] {processor.py:830} INFO - Processing file /opt/airflow/dags/move_landing_to_bronze_partitioned.py for tasks to queue
[2025-04-28T15:14:41.088+0000] {logging_mixin.py:188} INFO - [2025-04-28T15:14:41.088+0000] {dagbag.py:540} INFO - Filling up the DagBag from /opt/airflow/dags/move_landing_to_bronze_partitioned.py
[2025-04-28T15:14:41.240+0000] {processor.py:840} INFO - DAG(s) 'move_landing_to_bronze_partitioned' retrieved from /opt/airflow/dags/move_landing_to_bronze_partitioned.py
[2025-04-28T15:14:41.255+0000] {logging_mixin.py:188} INFO - [2025-04-28T15:14:41.254+0000] {dag.py:3096} INFO - Sync 1 DAGs
[2025-04-28T15:14:41.260+0000] {logging_mixin.py:188} INFO - [2025-04-28T15:14:41.260+0000] {dag.py:3954} INFO - Setting next_dagrun for move_landing_to_bronze_partitioned to None, run_after=None
[2025-04-28T15:14:41.272+0000] {processor.py:183} INFO - Processing /opt/airflow/dags/move_landing_to_bronze_partitioned.py took 0.191 seconds
[2025-04-28T15:15:11.905+0000] {processor.py:161} INFO - Started process (PID=4583) to work on /opt/airflow/dags/move_landing_to_bronze_partitioned.py
[2025-04-28T15:15:11.906+0000] {processor.py:830} INFO - Processing file /opt/airflow/dags/move_landing_to_bronze_partitioned.py for tasks to queue
[2025-04-28T15:15:11.908+0000] {logging_mixin.py:188} INFO - [2025-04-28T15:15:11.907+0000] {dagbag.py:540} INFO - Filling up the DagBag from /opt/airflow/dags/move_landing_to_bronze_partitioned.py
[2025-04-28T15:15:12.059+0000] {processor.py:840} INFO - DAG(s) 'move_landing_to_bronze_partitioned' retrieved from /opt/airflow/dags/move_landing_to_bronze_partitioned.py
[2025-04-28T15:15:12.074+0000] {logging_mixin.py:188} INFO - [2025-04-28T15:15:12.074+0000] {dag.py:3096} INFO - Sync 1 DAGs
[2025-04-28T15:15:12.081+0000] {logging_mixin.py:188} INFO - [2025-04-28T15:15:12.080+0000] {dag.py:3954} INFO - Setting next_dagrun for move_landing_to_bronze_partitioned to None, run_after=None
[2025-04-28T15:15:12.092+0000] {processor.py:183} INFO - Processing /opt/airflow/dags/move_landing_to_bronze_partitioned.py took 0.194 seconds
[2025-04-28T15:15:42.621+0000] {processor.py:161} INFO - Started process (PID=4618) to work on /opt/airflow/dags/move_landing_to_bronze_partitioned.py
[2025-04-28T15:15:42.622+0000] {processor.py:830} INFO - Processing file /opt/airflow/dags/move_landing_to_bronze_partitioned.py for tasks to queue
[2025-04-28T15:15:42.623+0000] {logging_mixin.py:188} INFO - [2025-04-28T15:15:42.623+0000] {dagbag.py:540} INFO - Filling up the DagBag from /opt/airflow/dags/move_landing_to_bronze_partitioned.py
[2025-04-28T15:15:42.776+0000] {processor.py:840} INFO - DAG(s) 'move_landing_to_bronze_partitioned' retrieved from /opt/airflow/dags/move_landing_to_bronze_partitioned.py
[2025-04-28T15:15:42.791+0000] {logging_mixin.py:188} INFO - [2025-04-28T15:15:42.791+0000] {dag.py:3096} INFO - Sync 1 DAGs
[2025-04-28T15:15:42.800+0000] {logging_mixin.py:188} INFO - [2025-04-28T15:15:42.800+0000] {dag.py:3954} INFO - Setting next_dagrun for move_landing_to_bronze_partitioned to None, run_after=None
[2025-04-28T15:15:42.810+0000] {processor.py:183} INFO - Processing /opt/airflow/dags/move_landing_to_bronze_partitioned.py took 0.194 seconds
[2025-04-28T15:16:13.383+0000] {processor.py:161} INFO - Started process (PID=4653) to work on /opt/airflow/dags/move_landing_to_bronze_partitioned.py
[2025-04-28T15:16:13.388+0000] {processor.py:830} INFO - Processing file /opt/airflow/dags/move_landing_to_bronze_partitioned.py for tasks to queue
[2025-04-28T15:16:13.389+0000] {logging_mixin.py:188} INFO - [2025-04-28T15:16:13.389+0000] {dagbag.py:540} INFO - Filling up the DagBag from /opt/airflow/dags/move_landing_to_bronze_partitioned.py
[2025-04-28T15:16:13.538+0000] {processor.py:840} INFO - DAG(s) 'move_landing_to_bronze_partitioned' retrieved from /opt/airflow/dags/move_landing_to_bronze_partitioned.py
[2025-04-28T15:16:13.552+0000] {logging_mixin.py:188} INFO - [2025-04-28T15:16:13.551+0000] {dag.py:3096} INFO - Sync 1 DAGs
[2025-04-28T15:16:13.557+0000] {logging_mixin.py:188} INFO - [2025-04-28T15:16:13.557+0000] {dag.py:3954} INFO - Setting next_dagrun for move_landing_to_bronze_partitioned to None, run_after=None
[2025-04-28T15:16:13.569+0000] {processor.py:183} INFO - Processing /opt/airflow/dags/move_landing_to_bronze_partitioned.py took 0.191 seconds
[2025-04-28T15:16:44.189+0000] {processor.py:161} INFO - Started process (PID=4688) to work on /opt/airflow/dags/move_landing_to_bronze_partitioned.py
[2025-04-28T15:16:44.190+0000] {processor.py:830} INFO - Processing file /opt/airflow/dags/move_landing_to_bronze_partitioned.py for tasks to queue
[2025-04-28T15:16:44.192+0000] {logging_mixin.py:188} INFO - [2025-04-28T15:16:44.192+0000] {dagbag.py:540} INFO - Filling up the DagBag from /opt/airflow/dags/move_landing_to_bronze_partitioned.py
[2025-04-28T15:16:44.345+0000] {processor.py:840} INFO - DAG(s) 'move_landing_to_bronze_partitioned' retrieved from /opt/airflow/dags/move_landing_to_bronze_partitioned.py
[2025-04-28T15:16:44.360+0000] {logging_mixin.py:188} INFO - [2025-04-28T15:16:44.360+0000] {dag.py:3096} INFO - Sync 1 DAGs
[2025-04-28T15:16:44.366+0000] {logging_mixin.py:188} INFO - [2025-04-28T15:16:44.366+0000] {dag.py:3954} INFO - Setting next_dagrun for move_landing_to_bronze_partitioned to None, run_after=None
[2025-04-28T15:16:44.377+0000] {processor.py:183} INFO - Processing /opt/airflow/dags/move_landing_to_bronze_partitioned.py took 0.195 seconds
[2025-04-28T15:17:14.915+0000] {processor.py:161} INFO - Started process (PID=4723) to work on /opt/airflow/dags/move_landing_to_bronze_partitioned.py
[2025-04-28T15:17:14.916+0000] {processor.py:830} INFO - Processing file /opt/airflow/dags/move_landing_to_bronze_partitioned.py for tasks to queue
[2025-04-28T15:17:14.918+0000] {logging_mixin.py:188} INFO - [2025-04-28T15:17:14.917+0000] {dagbag.py:540} INFO - Filling up the DagBag from /opt/airflow/dags/move_landing_to_bronze_partitioned.py
[2025-04-28T15:17:15.071+0000] {processor.py:840} INFO - DAG(s) 'move_landing_to_bronze_partitioned' retrieved from /opt/airflow/dags/move_landing_to_bronze_partitioned.py
[2025-04-28T15:17:15.089+0000] {logging_mixin.py:188} INFO - [2025-04-28T15:17:15.089+0000] {dag.py:3096} INFO - Sync 1 DAGs
[2025-04-28T15:17:15.096+0000] {logging_mixin.py:188} INFO - [2025-04-28T15:17:15.096+0000] {dag.py:3954} INFO - Setting next_dagrun for move_landing_to_bronze_partitioned to None, run_after=None
[2025-04-28T15:17:15.109+0000] {processor.py:183} INFO - Processing /opt/airflow/dags/move_landing_to_bronze_partitioned.py took 0.197 seconds
[2025-04-28T15:17:45.623+0000] {processor.py:161} INFO - Started process (PID=4758) to work on /opt/airflow/dags/move_landing_to_bronze_partitioned.py
[2025-04-28T15:17:45.624+0000] {processor.py:830} INFO - Processing file /opt/airflow/dags/move_landing_to_bronze_partitioned.py for tasks to queue
[2025-04-28T15:17:45.625+0000] {logging_mixin.py:188} INFO - [2025-04-28T15:17:45.625+0000] {dagbag.py:540} INFO - Filling up the DagBag from /opt/airflow/dags/move_landing_to_bronze_partitioned.py
[2025-04-28T15:17:45.777+0000] {processor.py:840} INFO - DAG(s) 'move_landing_to_bronze_partitioned' retrieved from /opt/airflow/dags/move_landing_to_bronze_partitioned.py
[2025-04-28T15:17:45.791+0000] {logging_mixin.py:188} INFO - [2025-04-28T15:17:45.790+0000] {dag.py:3096} INFO - Sync 1 DAGs
[2025-04-28T15:17:45.798+0000] {logging_mixin.py:188} INFO - [2025-04-28T15:17:45.797+0000] {dag.py:3954} INFO - Setting next_dagrun for move_landing_to_bronze_partitioned to None, run_after=None
[2025-04-28T15:17:45.810+0000] {processor.py:183} INFO - Processing /opt/airflow/dags/move_landing_to_bronze_partitioned.py took 0.191 seconds
[2025-04-28T15:18:16.392+0000] {processor.py:161} INFO - Started process (PID=4793) to work on /opt/airflow/dags/move_landing_to_bronze_partitioned.py
[2025-04-28T15:18:16.393+0000] {processor.py:830} INFO - Processing file /opt/airflow/dags/move_landing_to_bronze_partitioned.py for tasks to queue
[2025-04-28T15:18:16.394+0000] {logging_mixin.py:188} INFO - [2025-04-28T15:18:16.394+0000] {dagbag.py:540} INFO - Filling up the DagBag from /opt/airflow/dags/move_landing_to_bronze_partitioned.py
[2025-04-28T15:18:16.539+0000] {processor.py:840} INFO - DAG(s) 'move_landing_to_bronze_partitioned' retrieved from /opt/airflow/dags/move_landing_to_bronze_partitioned.py
[2025-04-28T15:18:16.555+0000] {logging_mixin.py:188} INFO - [2025-04-28T15:18:16.555+0000] {dag.py:3096} INFO - Sync 1 DAGs
[2025-04-28T15:18:16.563+0000] {logging_mixin.py:188} INFO - [2025-04-28T15:18:16.563+0000] {dag.py:3954} INFO - Setting next_dagrun for move_landing_to_bronze_partitioned to None, run_after=None
[2025-04-28T15:18:16.575+0000] {processor.py:183} INFO - Processing /opt/airflow/dags/move_landing_to_bronze_partitioned.py took 0.188 seconds
[2025-04-28T15:18:47.196+0000] {processor.py:161} INFO - Started process (PID=4828) to work on /opt/airflow/dags/move_landing_to_bronze_partitioned.py
[2025-04-28T15:18:47.198+0000] {processor.py:830} INFO - Processing file /opt/airflow/dags/move_landing_to_bronze_partitioned.py for tasks to queue
[2025-04-28T15:18:47.200+0000] {logging_mixin.py:188} INFO - [2025-04-28T15:18:47.199+0000] {dagbag.py:540} INFO - Filling up the DagBag from /opt/airflow/dags/move_landing_to_bronze_partitioned.py
[2025-04-28T15:18:47.346+0000] {processor.py:840} INFO - DAG(s) 'move_landing_to_bronze_partitioned' retrieved from /opt/airflow/dags/move_landing_to_bronze_partitioned.py
[2025-04-28T15:18:47.362+0000] {logging_mixin.py:188} INFO - [2025-04-28T15:18:47.361+0000] {dag.py:3096} INFO - Sync 1 DAGs
[2025-04-28T15:18:47.370+0000] {logging_mixin.py:188} INFO - [2025-04-28T15:18:47.369+0000] {dag.py:3954} INFO - Setting next_dagrun for move_landing_to_bronze_partitioned to None, run_after=None
[2025-04-28T15:18:47.379+0000] {processor.py:183} INFO - Processing /opt/airflow/dags/move_landing_to_bronze_partitioned.py took 0.190 seconds
[2025-04-28T15:19:17.931+0000] {processor.py:161} INFO - Started process (PID=4863) to work on /opt/airflow/dags/move_landing_to_bronze_partitioned.py
[2025-04-28T15:19:17.932+0000] {processor.py:830} INFO - Processing file /opt/airflow/dags/move_landing_to_bronze_partitioned.py for tasks to queue
[2025-04-28T15:19:17.933+0000] {logging_mixin.py:188} INFO - [2025-04-28T15:19:17.933+0000] {dagbag.py:540} INFO - Filling up the DagBag from /opt/airflow/dags/move_landing_to_bronze_partitioned.py
[2025-04-28T15:19:18.089+0000] {processor.py:840} INFO - DAG(s) 'move_landing_to_bronze_partitioned' retrieved from /opt/airflow/dags/move_landing_to_bronze_partitioned.py
[2025-04-28T15:19:18.103+0000] {logging_mixin.py:188} INFO - [2025-04-28T15:19:18.103+0000] {dag.py:3096} INFO - Sync 1 DAGs
[2025-04-28T15:19:18.112+0000] {logging_mixin.py:188} INFO - [2025-04-28T15:19:18.112+0000] {dag.py:3954} INFO - Setting next_dagrun for move_landing_to_bronze_partitioned to None, run_after=None
[2025-04-28T15:19:18.124+0000] {processor.py:183} INFO - Processing /opt/airflow/dags/move_landing_to_bronze_partitioned.py took 0.196 seconds
[2025-04-28T15:19:48.710+0000] {processor.py:161} INFO - Started process (PID=4898) to work on /opt/airflow/dags/move_landing_to_bronze_partitioned.py
[2025-04-28T15:19:48.711+0000] {processor.py:830} INFO - Processing file /opt/airflow/dags/move_landing_to_bronze_partitioned.py for tasks to queue
[2025-04-28T15:19:48.712+0000] {logging_mixin.py:188} INFO - [2025-04-28T15:19:48.712+0000] {dagbag.py:540} INFO - Filling up the DagBag from /opt/airflow/dags/move_landing_to_bronze_partitioned.py
[2025-04-28T15:19:48.857+0000] {processor.py:840} INFO - DAG(s) 'move_landing_to_bronze_partitioned' retrieved from /opt/airflow/dags/move_landing_to_bronze_partitioned.py
[2025-04-28T15:19:48.872+0000] {logging_mixin.py:188} INFO - [2025-04-28T15:19:48.872+0000] {dag.py:3096} INFO - Sync 1 DAGs
[2025-04-28T15:19:48.881+0000] {logging_mixin.py:188} INFO - [2025-04-28T15:19:48.880+0000] {dag.py:3954} INFO - Setting next_dagrun for move_landing_to_bronze_partitioned to None, run_after=None
[2025-04-28T15:19:48.892+0000] {processor.py:183} INFO - Processing /opt/airflow/dags/move_landing_to_bronze_partitioned.py took 0.187 seconds
[2025-04-28T15:20:19.472+0000] {processor.py:161} INFO - Started process (PID=4933) to work on /opt/airflow/dags/move_landing_to_bronze_partitioned.py
[2025-04-28T15:20:19.473+0000] {processor.py:830} INFO - Processing file /opt/airflow/dags/move_landing_to_bronze_partitioned.py for tasks to queue
[2025-04-28T15:20:19.476+0000] {logging_mixin.py:188} INFO - [2025-04-28T15:20:19.476+0000] {dagbag.py:540} INFO - Filling up the DagBag from /opt/airflow/dags/move_landing_to_bronze_partitioned.py
[2025-04-28T15:20:19.620+0000] {processor.py:840} INFO - DAG(s) 'move_landing_to_bronze_partitioned' retrieved from /opt/airflow/dags/move_landing_to_bronze_partitioned.py
[2025-04-28T15:20:19.634+0000] {logging_mixin.py:188} INFO - [2025-04-28T15:20:19.633+0000] {dag.py:3096} INFO - Sync 1 DAGs
[2025-04-28T15:20:19.639+0000] {logging_mixin.py:188} INFO - [2025-04-28T15:20:19.639+0000] {dag.py:3954} INFO - Setting next_dagrun for move_landing_to_bronze_partitioned to None, run_after=None
[2025-04-28T15:20:19.651+0000] {processor.py:183} INFO - Processing /opt/airflow/dags/move_landing_to_bronze_partitioned.py took 0.184 seconds
[2025-04-28T15:20:50.244+0000] {processor.py:161} INFO - Started process (PID=4968) to work on /opt/airflow/dags/move_landing_to_bronze_partitioned.py
[2025-04-28T15:20:50.245+0000] {processor.py:830} INFO - Processing file /opt/airflow/dags/move_landing_to_bronze_partitioned.py for tasks to queue
[2025-04-28T15:20:50.247+0000] {logging_mixin.py:188} INFO - [2025-04-28T15:20:50.247+0000] {dagbag.py:540} INFO - Filling up the DagBag from /opt/airflow/dags/move_landing_to_bronze_partitioned.py
[2025-04-28T15:20:50.401+0000] {processor.py:840} INFO - DAG(s) 'move_landing_to_bronze_partitioned' retrieved from /opt/airflow/dags/move_landing_to_bronze_partitioned.py
[2025-04-28T15:20:50.415+0000] {logging_mixin.py:188} INFO - [2025-04-28T15:20:50.414+0000] {dag.py:3096} INFO - Sync 1 DAGs
[2025-04-28T15:20:50.420+0000] {logging_mixin.py:188} INFO - [2025-04-28T15:20:50.420+0000] {dag.py:3954} INFO - Setting next_dagrun for move_landing_to_bronze_partitioned to None, run_after=None
[2025-04-28T15:20:50.431+0000] {processor.py:183} INFO - Processing /opt/airflow/dags/move_landing_to_bronze_partitioned.py took 0.192 seconds
[2025-04-28T15:21:21.040+0000] {processor.py:161} INFO - Started process (PID=5003) to work on /opt/airflow/dags/move_landing_to_bronze_partitioned.py
[2025-04-28T15:21:21.042+0000] {processor.py:830} INFO - Processing file /opt/airflow/dags/move_landing_to_bronze_partitioned.py for tasks to queue
[2025-04-28T15:21:21.044+0000] {logging_mixin.py:188} INFO - [2025-04-28T15:21:21.043+0000] {dagbag.py:540} INFO - Filling up the DagBag from /opt/airflow/dags/move_landing_to_bronze_partitioned.py
[2025-04-28T15:21:21.191+0000] {processor.py:840} INFO - DAG(s) 'move_landing_to_bronze_partitioned' retrieved from /opt/airflow/dags/move_landing_to_bronze_partitioned.py
[2025-04-28T15:21:21.206+0000] {logging_mixin.py:188} INFO - [2025-04-28T15:21:21.206+0000] {dag.py:3096} INFO - Sync 1 DAGs
[2025-04-28T15:21:21.211+0000] {logging_mixin.py:188} INFO - [2025-04-28T15:21:21.211+0000] {dag.py:3954} INFO - Setting next_dagrun for move_landing_to_bronze_partitioned to None, run_after=None
[2025-04-28T15:21:21.226+0000] {processor.py:183} INFO - Processing /opt/airflow/dags/move_landing_to_bronze_partitioned.py took 0.191 seconds
[2025-04-28T15:21:51.816+0000] {processor.py:161} INFO - Started process (PID=5038) to work on /opt/airflow/dags/move_landing_to_bronze_partitioned.py
[2025-04-28T15:21:51.817+0000] {processor.py:830} INFO - Processing file /opt/airflow/dags/move_landing_to_bronze_partitioned.py for tasks to queue
[2025-04-28T15:21:51.820+0000] {logging_mixin.py:188} INFO - [2025-04-28T15:21:51.820+0000] {dagbag.py:540} INFO - Filling up the DagBag from /opt/airflow/dags/move_landing_to_bronze_partitioned.py
[2025-04-28T15:21:51.966+0000] {processor.py:840} INFO - DAG(s) 'move_landing_to_bronze_partitioned' retrieved from /opt/airflow/dags/move_landing_to_bronze_partitioned.py
[2025-04-28T15:21:51.980+0000] {logging_mixin.py:188} INFO - [2025-04-28T15:21:51.980+0000] {dag.py:3096} INFO - Sync 1 DAGs
[2025-04-28T15:21:51.986+0000] {logging_mixin.py:188} INFO - [2025-04-28T15:21:51.985+0000] {dag.py:3954} INFO - Setting next_dagrun for move_landing_to_bronze_partitioned to None, run_after=None
[2025-04-28T15:21:51.996+0000] {processor.py:183} INFO - Processing /opt/airflow/dags/move_landing_to_bronze_partitioned.py took 0.186 seconds
[2025-04-28T15:22:22.555+0000] {processor.py:161} INFO - Started process (PID=5073) to work on /opt/airflow/dags/move_landing_to_bronze_partitioned.py
[2025-04-28T15:22:22.556+0000] {processor.py:830} INFO - Processing file /opt/airflow/dags/move_landing_to_bronze_partitioned.py for tasks to queue
[2025-04-28T15:22:22.558+0000] {logging_mixin.py:188} INFO - [2025-04-28T15:22:22.558+0000] {dagbag.py:540} INFO - Filling up the DagBag from /opt/airflow/dags/move_landing_to_bronze_partitioned.py
[2025-04-28T15:22:22.702+0000] {processor.py:840} INFO - DAG(s) 'move_landing_to_bronze_partitioned' retrieved from /opt/airflow/dags/move_landing_to_bronze_partitioned.py
[2025-04-28T15:22:22.714+0000] {logging_mixin.py:188} INFO - [2025-04-28T15:22:22.714+0000] {dag.py:3096} INFO - Sync 1 DAGs
[2025-04-28T15:22:22.722+0000] {logging_mixin.py:188} INFO - [2025-04-28T15:22:22.722+0000] {dag.py:3954} INFO - Setting next_dagrun for move_landing_to_bronze_partitioned to None, run_after=None
[2025-04-28T15:22:22.733+0000] {processor.py:183} INFO - Processing /opt/airflow/dags/move_landing_to_bronze_partitioned.py took 0.183 seconds
[2025-04-28T15:22:53.339+0000] {processor.py:161} INFO - Started process (PID=5108) to work on /opt/airflow/dags/move_landing_to_bronze_partitioned.py
[2025-04-28T15:22:53.341+0000] {processor.py:830} INFO - Processing file /opt/airflow/dags/move_landing_to_bronze_partitioned.py for tasks to queue
[2025-04-28T15:22:53.346+0000] {logging_mixin.py:188} INFO - [2025-04-28T15:22:53.346+0000] {dagbag.py:540} INFO - Filling up the DagBag from /opt/airflow/dags/move_landing_to_bronze_partitioned.py
[2025-04-28T15:22:53.489+0000] {processor.py:840} INFO - DAG(s) 'move_landing_to_bronze_partitioned' retrieved from /opt/airflow/dags/move_landing_to_bronze_partitioned.py
[2025-04-28T15:22:53.506+0000] {logging_mixin.py:188} INFO - [2025-04-28T15:22:53.505+0000] {dag.py:3096} INFO - Sync 1 DAGs
[2025-04-28T15:22:53.513+0000] {logging_mixin.py:188} INFO - [2025-04-28T15:22:53.512+0000] {dag.py:3954} INFO - Setting next_dagrun for move_landing_to_bronze_partitioned to None, run_after=None
[2025-04-28T15:22:53.523+0000] {processor.py:183} INFO - Processing /opt/airflow/dags/move_landing_to_bronze_partitioned.py took 0.189 seconds
[2025-04-28T15:23:24.189+0000] {processor.py:161} INFO - Started process (PID=5143) to work on /opt/airflow/dags/move_landing_to_bronze_partitioned.py
[2025-04-28T15:23:24.190+0000] {processor.py:830} INFO - Processing file /opt/airflow/dags/move_landing_to_bronze_partitioned.py for tasks to queue
[2025-04-28T15:23:24.192+0000] {logging_mixin.py:188} INFO - [2025-04-28T15:23:24.192+0000] {dagbag.py:540} INFO - Filling up the DagBag from /opt/airflow/dags/move_landing_to_bronze_partitioned.py
[2025-04-28T15:23:24.338+0000] {processor.py:840} INFO - DAG(s) 'move_landing_to_bronze_partitioned' retrieved from /opt/airflow/dags/move_landing_to_bronze_partitioned.py
[2025-04-28T15:23:24.351+0000] {logging_mixin.py:188} INFO - [2025-04-28T15:23:24.351+0000] {dag.py:3096} INFO - Sync 1 DAGs
[2025-04-28T15:23:24.357+0000] {logging_mixin.py:188} INFO - [2025-04-28T15:23:24.357+0000] {dag.py:3954} INFO - Setting next_dagrun for move_landing_to_bronze_partitioned to None, run_after=None
[2025-04-28T15:23:24.371+0000] {processor.py:183} INFO - Processing /opt/airflow/dags/move_landing_to_bronze_partitioned.py took 0.187 seconds
[2025-04-28T15:23:54.925+0000] {processor.py:161} INFO - Started process (PID=5178) to work on /opt/airflow/dags/move_landing_to_bronze_partitioned.py
[2025-04-28T15:23:54.926+0000] {processor.py:830} INFO - Processing file /opt/airflow/dags/move_landing_to_bronze_partitioned.py for tasks to queue
[2025-04-28T15:23:54.928+0000] {logging_mixin.py:188} INFO - [2025-04-28T15:23:54.927+0000] {dagbag.py:540} INFO - Filling up the DagBag from /opt/airflow/dags/move_landing_to_bronze_partitioned.py
[2025-04-28T15:23:55.079+0000] {processor.py:840} INFO - DAG(s) 'move_landing_to_bronze_partitioned' retrieved from /opt/airflow/dags/move_landing_to_bronze_partitioned.py
[2025-04-28T15:23:55.095+0000] {logging_mixin.py:188} INFO - [2025-04-28T15:23:55.095+0000] {dag.py:3096} INFO - Sync 1 DAGs
[2025-04-28T15:23:55.104+0000] {logging_mixin.py:188} INFO - [2025-04-28T15:23:55.104+0000] {dag.py:3954} INFO - Setting next_dagrun for move_landing_to_bronze_partitioned to None, run_after=None
[2025-04-28T15:23:55.117+0000] {processor.py:183} INFO - Processing /opt/airflow/dags/move_landing_to_bronze_partitioned.py took 0.199 seconds
[2025-04-28T15:24:25.657+0000] {processor.py:161} INFO - Started process (PID=5213) to work on /opt/airflow/dags/move_landing_to_bronze_partitioned.py
[2025-04-28T15:24:25.658+0000] {processor.py:830} INFO - Processing file /opt/airflow/dags/move_landing_to_bronze_partitioned.py for tasks to queue
[2025-04-28T15:24:25.660+0000] {logging_mixin.py:188} INFO - [2025-04-28T15:24:25.660+0000] {dagbag.py:540} INFO - Filling up the DagBag from /opt/airflow/dags/move_landing_to_bronze_partitioned.py
[2025-04-28T15:24:25.811+0000] {processor.py:840} INFO - DAG(s) 'move_landing_to_bronze_partitioned' retrieved from /opt/airflow/dags/move_landing_to_bronze_partitioned.py
[2025-04-28T15:24:25.825+0000] {logging_mixin.py:188} INFO - [2025-04-28T15:24:25.824+0000] {dag.py:3096} INFO - Sync 1 DAGs
[2025-04-28T15:24:25.830+0000] {logging_mixin.py:188} INFO - [2025-04-28T15:24:25.830+0000] {dag.py:3954} INFO - Setting next_dagrun for move_landing_to_bronze_partitioned to None, run_after=None
[2025-04-28T15:24:25.841+0000] {processor.py:183} INFO - Processing /opt/airflow/dags/move_landing_to_bronze_partitioned.py took 0.190 seconds
[2025-04-28T15:24:56.431+0000] {processor.py:161} INFO - Started process (PID=5248) to work on /opt/airflow/dags/move_landing_to_bronze_partitioned.py
[2025-04-28T15:24:56.432+0000] {processor.py:830} INFO - Processing file /opt/airflow/dags/move_landing_to_bronze_partitioned.py for tasks to queue
[2025-04-28T15:24:56.436+0000] {logging_mixin.py:188} INFO - [2025-04-28T15:24:56.435+0000] {dagbag.py:540} INFO - Filling up the DagBag from /opt/airflow/dags/move_landing_to_bronze_partitioned.py
[2025-04-28T15:24:56.584+0000] {processor.py:840} INFO - DAG(s) 'move_landing_to_bronze_partitioned' retrieved from /opt/airflow/dags/move_landing_to_bronze_partitioned.py
[2025-04-28T15:24:56.598+0000] {logging_mixin.py:188} INFO - [2025-04-28T15:24:56.598+0000] {dag.py:3096} INFO - Sync 1 DAGs
[2025-04-28T15:24:56.603+0000] {logging_mixin.py:188} INFO - [2025-04-28T15:24:56.603+0000] {dag.py:3954} INFO - Setting next_dagrun for move_landing_to_bronze_partitioned to None, run_after=None
[2025-04-28T15:24:56.616+0000] {processor.py:183} INFO - Processing /opt/airflow/dags/move_landing_to_bronze_partitioned.py took 0.190 seconds
[2025-04-28T15:25:27.198+0000] {processor.py:161} INFO - Started process (PID=5283) to work on /opt/airflow/dags/move_landing_to_bronze_partitioned.py
[2025-04-28T15:25:27.199+0000] {processor.py:830} INFO - Processing file /opt/airflow/dags/move_landing_to_bronze_partitioned.py for tasks to queue
[2025-04-28T15:25:27.200+0000] {logging_mixin.py:188} INFO - [2025-04-28T15:25:27.200+0000] {dagbag.py:540} INFO - Filling up the DagBag from /opt/airflow/dags/move_landing_to_bronze_partitioned.py
[2025-04-28T15:25:27.342+0000] {processor.py:840} INFO - DAG(s) 'move_landing_to_bronze_partitioned' retrieved from /opt/airflow/dags/move_landing_to_bronze_partitioned.py
[2025-04-28T15:25:27.356+0000] {logging_mixin.py:188} INFO - [2025-04-28T15:25:27.355+0000] {dag.py:3096} INFO - Sync 1 DAGs
[2025-04-28T15:25:27.361+0000] {logging_mixin.py:188} INFO - [2025-04-28T15:25:27.361+0000] {dag.py:3954} INFO - Setting next_dagrun for move_landing_to_bronze_partitioned to None, run_after=None
[2025-04-28T15:25:27.374+0000] {processor.py:183} INFO - Processing /opt/airflow/dags/move_landing_to_bronze_partitioned.py took 0.180 seconds
[2025-04-28T15:25:57.944+0000] {processor.py:161} INFO - Started process (PID=5318) to work on /opt/airflow/dags/move_landing_to_bronze_partitioned.py
[2025-04-28T15:25:57.945+0000] {processor.py:830} INFO - Processing file /opt/airflow/dags/move_landing_to_bronze_partitioned.py for tasks to queue
[2025-04-28T15:25:57.947+0000] {logging_mixin.py:188} INFO - [2025-04-28T15:25:57.947+0000] {dagbag.py:540} INFO - Filling up the DagBag from /opt/airflow/dags/move_landing_to_bronze_partitioned.py
[2025-04-28T15:25:58.094+0000] {processor.py:840} INFO - DAG(s) 'move_landing_to_bronze_partitioned' retrieved from /opt/airflow/dags/move_landing_to_bronze_partitioned.py
[2025-04-28T15:25:58.110+0000] {logging_mixin.py:188} INFO - [2025-04-28T15:25:58.110+0000] {dag.py:3096} INFO - Sync 1 DAGs
[2025-04-28T15:25:58.115+0000] {logging_mixin.py:188} INFO - [2025-04-28T15:25:58.115+0000] {dag.py:3954} INFO - Setting next_dagrun for move_landing_to_bronze_partitioned to None, run_after=None
[2025-04-28T15:25:58.126+0000] {processor.py:183} INFO - Processing /opt/airflow/dags/move_landing_to_bronze_partitioned.py took 0.187 seconds
[2025-04-28T15:26:28.772+0000] {processor.py:161} INFO - Started process (PID=5353) to work on /opt/airflow/dags/move_landing_to_bronze_partitioned.py
[2025-04-28T15:26:28.772+0000] {processor.py:830} INFO - Processing file /opt/airflow/dags/move_landing_to_bronze_partitioned.py for tasks to queue
[2025-04-28T15:26:28.777+0000] {logging_mixin.py:188} INFO - [2025-04-28T15:26:28.776+0000] {dagbag.py:540} INFO - Filling up the DagBag from /opt/airflow/dags/move_landing_to_bronze_partitioned.py
[2025-04-28T15:26:28.917+0000] {processor.py:840} INFO - DAG(s) 'move_landing_to_bronze_partitioned' retrieved from /opt/airflow/dags/move_landing_to_bronze_partitioned.py
[2025-04-28T15:26:28.931+0000] {logging_mixin.py:188} INFO - [2025-04-28T15:26:28.931+0000] {dag.py:3096} INFO - Sync 1 DAGs
[2025-04-28T15:26:28.940+0000] {logging_mixin.py:188} INFO - [2025-04-28T15:26:28.940+0000] {dag.py:3954} INFO - Setting next_dagrun for move_landing_to_bronze_partitioned to None, run_after=None
[2025-04-28T15:26:28.951+0000] {processor.py:183} INFO - Processing /opt/airflow/dags/move_landing_to_bronze_partitioned.py took 0.184 seconds
[2025-04-28T15:26:59.560+0000] {processor.py:161} INFO - Started process (PID=5388) to work on /opt/airflow/dags/move_landing_to_bronze_partitioned.py
[2025-04-28T15:26:59.561+0000] {processor.py:830} INFO - Processing file /opt/airflow/dags/move_landing_to_bronze_partitioned.py for tasks to queue
[2025-04-28T15:26:59.563+0000] {logging_mixin.py:188} INFO - [2025-04-28T15:26:59.563+0000] {dagbag.py:540} INFO - Filling up the DagBag from /opt/airflow/dags/move_landing_to_bronze_partitioned.py
[2025-04-28T15:26:59.707+0000] {processor.py:840} INFO - DAG(s) 'move_landing_to_bronze_partitioned' retrieved from /opt/airflow/dags/move_landing_to_bronze_partitioned.py
[2025-04-28T15:26:59.722+0000] {logging_mixin.py:188} INFO - [2025-04-28T15:26:59.721+0000] {dag.py:3096} INFO - Sync 1 DAGs
[2025-04-28T15:26:59.727+0000] {logging_mixin.py:188} INFO - [2025-04-28T15:26:59.727+0000] {dag.py:3954} INFO - Setting next_dagrun for move_landing_to_bronze_partitioned to None, run_after=None
[2025-04-28T15:26:59.739+0000] {processor.py:183} INFO - Processing /opt/airflow/dags/move_landing_to_bronze_partitioned.py took 0.184 seconds
[2025-04-28T15:27:30.401+0000] {processor.py:161} INFO - Started process (PID=5423) to work on /opt/airflow/dags/move_landing_to_bronze_partitioned.py
[2025-04-28T15:27:30.402+0000] {processor.py:830} INFO - Processing file /opt/airflow/dags/move_landing_to_bronze_partitioned.py for tasks to queue
[2025-04-28T15:27:30.404+0000] {logging_mixin.py:188} INFO - [2025-04-28T15:27:30.403+0000] {dagbag.py:540} INFO - Filling up the DagBag from /opt/airflow/dags/move_landing_to_bronze_partitioned.py
[2025-04-28T15:27:30.548+0000] {processor.py:840} INFO - DAG(s) 'move_landing_to_bronze_partitioned' retrieved from /opt/airflow/dags/move_landing_to_bronze_partitioned.py
[2025-04-28T15:27:30.564+0000] {logging_mixin.py:188} INFO - [2025-04-28T15:27:30.564+0000] {dag.py:3096} INFO - Sync 1 DAGs
[2025-04-28T15:27:30.570+0000] {logging_mixin.py:188} INFO - [2025-04-28T15:27:30.570+0000] {dag.py:3954} INFO - Setting next_dagrun for move_landing_to_bronze_partitioned to None, run_after=None
[2025-04-28T15:27:30.580+0000] {processor.py:183} INFO - Processing /opt/airflow/dags/move_landing_to_bronze_partitioned.py took 0.184 seconds
[2025-04-28T15:28:01.120+0000] {processor.py:161} INFO - Started process (PID=5458) to work on /opt/airflow/dags/move_landing_to_bronze_partitioned.py
[2025-04-28T15:28:01.121+0000] {processor.py:830} INFO - Processing file /opt/airflow/dags/move_landing_to_bronze_partitioned.py for tasks to queue
[2025-04-28T15:28:01.122+0000] {logging_mixin.py:188} INFO - [2025-04-28T15:28:01.122+0000] {dagbag.py:540} INFO - Filling up the DagBag from /opt/airflow/dags/move_landing_to_bronze_partitioned.py
[2025-04-28T15:28:01.270+0000] {processor.py:840} INFO - DAG(s) 'move_landing_to_bronze_partitioned' retrieved from /opt/airflow/dags/move_landing_to_bronze_partitioned.py
[2025-04-28T15:28:01.284+0000] {logging_mixin.py:188} INFO - [2025-04-28T15:28:01.284+0000] {dag.py:3096} INFO - Sync 1 DAGs
[2025-04-28T15:28:01.292+0000] {logging_mixin.py:188} INFO - [2025-04-28T15:28:01.292+0000] {dag.py:3954} INFO - Setting next_dagrun for move_landing_to_bronze_partitioned to None, run_after=None
[2025-04-28T15:28:01.302+0000] {processor.py:183} INFO - Processing /opt/airflow/dags/move_landing_to_bronze_partitioned.py took 0.186 seconds
[2025-04-28T15:28:31.901+0000] {processor.py:161} INFO - Started process (PID=5493) to work on /opt/airflow/dags/move_landing_to_bronze_partitioned.py
[2025-04-28T15:28:31.902+0000] {processor.py:830} INFO - Processing file /opt/airflow/dags/move_landing_to_bronze_partitioned.py for tasks to queue
[2025-04-28T15:28:31.904+0000] {logging_mixin.py:188} INFO - [2025-04-28T15:28:31.903+0000] {dagbag.py:540} INFO - Filling up the DagBag from /opt/airflow/dags/move_landing_to_bronze_partitioned.py
[2025-04-28T15:28:32.050+0000] {processor.py:840} INFO - DAG(s) 'move_landing_to_bronze_partitioned' retrieved from /opt/airflow/dags/move_landing_to_bronze_partitioned.py
[2025-04-28T15:28:32.066+0000] {logging_mixin.py:188} INFO - [2025-04-28T15:28:32.065+0000] {dag.py:3096} INFO - Sync 1 DAGs
[2025-04-28T15:28:32.072+0000] {logging_mixin.py:188} INFO - [2025-04-28T15:28:32.072+0000] {dag.py:3954} INFO - Setting next_dagrun for move_landing_to_bronze_partitioned to None, run_after=None
[2025-04-28T15:28:32.085+0000] {processor.py:183} INFO - Processing /opt/airflow/dags/move_landing_to_bronze_partitioned.py took 0.190 seconds
[2025-04-28T15:29:02.728+0000] {processor.py:161} INFO - Started process (PID=5528) to work on /opt/airflow/dags/move_landing_to_bronze_partitioned.py
[2025-04-28T15:29:02.729+0000] {processor.py:830} INFO - Processing file /opt/airflow/dags/move_landing_to_bronze_partitioned.py for tasks to queue
[2025-04-28T15:29:02.731+0000] {logging_mixin.py:188} INFO - [2025-04-28T15:29:02.731+0000] {dagbag.py:540} INFO - Filling up the DagBag from /opt/airflow/dags/move_landing_to_bronze_partitioned.py
[2025-04-28T15:29:02.872+0000] {processor.py:840} INFO - DAG(s) 'move_landing_to_bronze_partitioned' retrieved from /opt/airflow/dags/move_landing_to_bronze_partitioned.py
[2025-04-28T15:29:02.888+0000] {logging_mixin.py:188} INFO - [2025-04-28T15:29:02.888+0000] {dag.py:3096} INFO - Sync 1 DAGs
[2025-04-28T15:29:02.895+0000] {logging_mixin.py:188} INFO - [2025-04-28T15:29:02.895+0000] {dag.py:3954} INFO - Setting next_dagrun for move_landing_to_bronze_partitioned to None, run_after=None
[2025-04-28T15:29:02.904+0000] {processor.py:183} INFO - Processing /opt/airflow/dags/move_landing_to_bronze_partitioned.py took 0.182 seconds
[2025-04-28T15:29:33.509+0000] {processor.py:161} INFO - Started process (PID=5563) to work on /opt/airflow/dags/move_landing_to_bronze_partitioned.py
[2025-04-28T15:29:33.510+0000] {processor.py:830} INFO - Processing file /opt/airflow/dags/move_landing_to_bronze_partitioned.py for tasks to queue
[2025-04-28T15:29:33.513+0000] {logging_mixin.py:188} INFO - [2025-04-28T15:29:33.512+0000] {dagbag.py:540} INFO - Filling up the DagBag from /opt/airflow/dags/move_landing_to_bronze_partitioned.py
[2025-04-28T15:29:33.651+0000] {processor.py:840} INFO - DAG(s) 'move_landing_to_bronze_partitioned' retrieved from /opt/airflow/dags/move_landing_to_bronze_partitioned.py
[2025-04-28T15:29:33.668+0000] {logging_mixin.py:188} INFO - [2025-04-28T15:29:33.668+0000] {dag.py:3096} INFO - Sync 1 DAGs
[2025-04-28T15:29:33.675+0000] {logging_mixin.py:188} INFO - [2025-04-28T15:29:33.675+0000] {dag.py:3954} INFO - Setting next_dagrun for move_landing_to_bronze_partitioned to None, run_after=None
[2025-04-28T15:29:33.685+0000] {processor.py:183} INFO - Processing /opt/airflow/dags/move_landing_to_bronze_partitioned.py took 0.180 seconds
[2025-04-28T15:30:04.295+0000] {processor.py:161} INFO - Started process (PID=5598) to work on /opt/airflow/dags/move_landing_to_bronze_partitioned.py
[2025-04-28T15:30:04.299+0000] {processor.py:830} INFO - Processing file /opt/airflow/dags/move_landing_to_bronze_partitioned.py for tasks to queue
[2025-04-28T15:30:04.301+0000] {logging_mixin.py:188} INFO - [2025-04-28T15:30:04.301+0000] {dagbag.py:540} INFO - Filling up the DagBag from /opt/airflow/dags/move_landing_to_bronze_partitioned.py
[2025-04-28T15:30:04.444+0000] {processor.py:840} INFO - DAG(s) 'move_landing_to_bronze_partitioned' retrieved from /opt/airflow/dags/move_landing_to_bronze_partitioned.py
[2025-04-28T15:30:04.459+0000] {logging_mixin.py:188} INFO - [2025-04-28T15:30:04.459+0000] {dag.py:3096} INFO - Sync 1 DAGs
[2025-04-28T15:30:04.465+0000] {logging_mixin.py:188} INFO - [2025-04-28T15:30:04.465+0000] {dag.py:3954} INFO - Setting next_dagrun for move_landing_to_bronze_partitioned to None, run_after=None
[2025-04-28T15:30:04.480+0000] {processor.py:183} INFO - Processing /opt/airflow/dags/move_landing_to_bronze_partitioned.py took 0.190 seconds
[2025-04-28T15:30:35.014+0000] {processor.py:161} INFO - Started process (PID=5633) to work on /opt/airflow/dags/move_landing_to_bronze_partitioned.py
[2025-04-28T15:30:35.014+0000] {processor.py:830} INFO - Processing file /opt/airflow/dags/move_landing_to_bronze_partitioned.py for tasks to queue
[2025-04-28T15:30:35.017+0000] {logging_mixin.py:188} INFO - [2025-04-28T15:30:35.017+0000] {dagbag.py:540} INFO - Filling up the DagBag from /opt/airflow/dags/move_landing_to_bronze_partitioned.py
[2025-04-28T15:30:35.165+0000] {processor.py:840} INFO - DAG(s) 'move_landing_to_bronze_partitioned' retrieved from /opt/airflow/dags/move_landing_to_bronze_partitioned.py
[2025-04-28T15:30:35.183+0000] {logging_mixin.py:188} INFO - [2025-04-28T15:30:35.183+0000] {dag.py:3096} INFO - Sync 1 DAGs
[2025-04-28T15:30:35.188+0000] {logging_mixin.py:188} INFO - [2025-04-28T15:30:35.188+0000] {dag.py:3954} INFO - Setting next_dagrun for move_landing_to_bronze_partitioned to None, run_after=None
[2025-04-28T15:30:35.199+0000] {processor.py:183} INFO - Processing /opt/airflow/dags/move_landing_to_bronze_partitioned.py took 0.189 seconds
[2025-04-28T15:31:05.753+0000] {processor.py:161} INFO - Started process (PID=5668) to work on /opt/airflow/dags/move_landing_to_bronze_partitioned.py
[2025-04-28T15:31:05.753+0000] {processor.py:830} INFO - Processing file /opt/airflow/dags/move_landing_to_bronze_partitioned.py for tasks to queue
[2025-04-28T15:31:05.755+0000] {logging_mixin.py:188} INFO - [2025-04-28T15:31:05.755+0000] {dagbag.py:540} INFO - Filling up the DagBag from /opt/airflow/dags/move_landing_to_bronze_partitioned.py
[2025-04-28T15:31:05.905+0000] {processor.py:840} INFO - DAG(s) 'move_landing_to_bronze_partitioned' retrieved from /opt/airflow/dags/move_landing_to_bronze_partitioned.py
[2025-04-28T15:31:05.920+0000] {logging_mixin.py:188} INFO - [2025-04-28T15:31:05.919+0000] {dag.py:3096} INFO - Sync 1 DAGs
[2025-04-28T15:31:05.926+0000] {logging_mixin.py:188} INFO - [2025-04-28T15:31:05.925+0000] {dag.py:3954} INFO - Setting next_dagrun for move_landing_to_bronze_partitioned to None, run_after=None
[2025-04-28T15:31:05.936+0000] {processor.py:183} INFO - Processing /opt/airflow/dags/move_landing_to_bronze_partitioned.py took 0.188 seconds
[2025-04-28T15:31:36.569+0000] {processor.py:161} INFO - Started process (PID=5703) to work on /opt/airflow/dags/move_landing_to_bronze_partitioned.py
[2025-04-28T15:31:36.570+0000] {processor.py:830} INFO - Processing file /opt/airflow/dags/move_landing_to_bronze_partitioned.py for tasks to queue
[2025-04-28T15:31:36.572+0000] {logging_mixin.py:188} INFO - [2025-04-28T15:31:36.571+0000] {dagbag.py:540} INFO - Filling up the DagBag from /opt/airflow/dags/move_landing_to_bronze_partitioned.py
[2025-04-28T15:31:36.716+0000] {processor.py:840} INFO - DAG(s) 'move_landing_to_bronze_partitioned' retrieved from /opt/airflow/dags/move_landing_to_bronze_partitioned.py
[2025-04-28T15:31:36.732+0000] {logging_mixin.py:188} INFO - [2025-04-28T15:31:36.732+0000] {dag.py:3096} INFO - Sync 1 DAGs
[2025-04-28T15:31:36.738+0000] {logging_mixin.py:188} INFO - [2025-04-28T15:31:36.738+0000] {dag.py:3954} INFO - Setting next_dagrun for move_landing_to_bronze_partitioned to None, run_after=None
[2025-04-28T15:31:36.750+0000] {processor.py:183} INFO - Processing /opt/airflow/dags/move_landing_to_bronze_partitioned.py took 0.186 seconds
[2025-04-28T15:32:07.335+0000] {processor.py:161} INFO - Started process (PID=5738) to work on /opt/airflow/dags/move_landing_to_bronze_partitioned.py
[2025-04-28T15:32:07.336+0000] {processor.py:830} INFO - Processing file /opt/airflow/dags/move_landing_to_bronze_partitioned.py for tasks to queue
[2025-04-28T15:32:07.337+0000] {logging_mixin.py:188} INFO - [2025-04-28T15:32:07.337+0000] {dagbag.py:540} INFO - Filling up the DagBag from /opt/airflow/dags/move_landing_to_bronze_partitioned.py
[2025-04-28T15:32:07.487+0000] {processor.py:840} INFO - DAG(s) 'move_landing_to_bronze_partitioned' retrieved from /opt/airflow/dags/move_landing_to_bronze_partitioned.py
[2025-04-28T15:32:07.504+0000] {logging_mixin.py:188} INFO - [2025-04-28T15:32:07.504+0000] {dag.py:3096} INFO - Sync 1 DAGs
[2025-04-28T15:32:07.512+0000] {logging_mixin.py:188} INFO - [2025-04-28T15:32:07.512+0000] {dag.py:3954} INFO - Setting next_dagrun for move_landing_to_bronze_partitioned to None, run_after=None
[2025-04-28T15:32:07.526+0000] {processor.py:183} INFO - Processing /opt/airflow/dags/move_landing_to_bronze_partitioned.py took 0.195 seconds
[2025-04-28T15:32:38.070+0000] {processor.py:161} INFO - Started process (PID=5773) to work on /opt/airflow/dags/move_landing_to_bronze_partitioned.py
[2025-04-28T15:32:38.070+0000] {processor.py:830} INFO - Processing file /opt/airflow/dags/move_landing_to_bronze_partitioned.py for tasks to queue
[2025-04-28T15:32:38.072+0000] {logging_mixin.py:188} INFO - [2025-04-28T15:32:38.071+0000] {dagbag.py:540} INFO - Filling up the DagBag from /opt/airflow/dags/move_landing_to_bronze_partitioned.py
[2025-04-28T15:32:38.214+0000] {processor.py:840} INFO - DAG(s) 'move_landing_to_bronze_partitioned' retrieved from /opt/airflow/dags/move_landing_to_bronze_partitioned.py
[2025-04-28T15:32:38.228+0000] {logging_mixin.py:188} INFO - [2025-04-28T15:32:38.228+0000] {dag.py:3096} INFO - Sync 1 DAGs
[2025-04-28T15:32:38.238+0000] {logging_mixin.py:188} INFO - [2025-04-28T15:32:38.238+0000] {dag.py:3954} INFO - Setting next_dagrun for move_landing_to_bronze_partitioned to None, run_after=None
[2025-04-28T15:32:38.248+0000] {processor.py:183} INFO - Processing /opt/airflow/dags/move_landing_to_bronze_partitioned.py took 0.182 seconds
[2025-04-28T15:33:08.848+0000] {processor.py:161} INFO - Started process (PID=5808) to work on /opt/airflow/dags/move_landing_to_bronze_partitioned.py
[2025-04-28T15:33:08.850+0000] {processor.py:830} INFO - Processing file /opt/airflow/dags/move_landing_to_bronze_partitioned.py for tasks to queue
[2025-04-28T15:33:08.853+0000] {logging_mixin.py:188} INFO - [2025-04-28T15:33:08.852+0000] {dagbag.py:540} INFO - Filling up the DagBag from /opt/airflow/dags/move_landing_to_bronze_partitioned.py
[2025-04-28T15:33:08.990+0000] {processor.py:840} INFO - DAG(s) 'move_landing_to_bronze_partitioned' retrieved from /opt/airflow/dags/move_landing_to_bronze_partitioned.py
[2025-04-28T15:33:09.005+0000] {logging_mixin.py:188} INFO - [2025-04-28T15:33:09.005+0000] {dag.py:3096} INFO - Sync 1 DAGs
[2025-04-28T15:33:09.012+0000] {logging_mixin.py:188} INFO - [2025-04-28T15:33:09.011+0000] {dag.py:3954} INFO - Setting next_dagrun for move_landing_to_bronze_partitioned to None, run_after=None
[2025-04-28T15:33:09.024+0000] {processor.py:183} INFO - Processing /opt/airflow/dags/move_landing_to_bronze_partitioned.py took 0.179 seconds
[2025-04-28T15:33:39.669+0000] {processor.py:161} INFO - Started process (PID=5843) to work on /opt/airflow/dags/move_landing_to_bronze_partitioned.py
[2025-04-28T15:33:39.671+0000] {processor.py:830} INFO - Processing file /opt/airflow/dags/move_landing_to_bronze_partitioned.py for tasks to queue
[2025-04-28T15:33:39.673+0000] {logging_mixin.py:188} INFO - [2025-04-28T15:33:39.672+0000] {dagbag.py:540} INFO - Filling up the DagBag from /opt/airflow/dags/move_landing_to_bronze_partitioned.py
[2025-04-28T15:33:39.820+0000] {processor.py:840} INFO - DAG(s) 'move_landing_to_bronze_partitioned' retrieved from /opt/airflow/dags/move_landing_to_bronze_partitioned.py
[2025-04-28T15:33:39.836+0000] {logging_mixin.py:188} INFO - [2025-04-28T15:33:39.836+0000] {dag.py:3096} INFO - Sync 1 DAGs
[2025-04-28T15:33:39.844+0000] {logging_mixin.py:188} INFO - [2025-04-28T15:33:39.844+0000] {dag.py:3954} INFO - Setting next_dagrun for move_landing_to_bronze_partitioned to None, run_after=None
[2025-04-28T15:33:39.854+0000] {processor.py:183} INFO - Processing /opt/airflow/dags/move_landing_to_bronze_partitioned.py took 0.189 seconds
[2025-04-28T15:34:10.429+0000] {processor.py:161} INFO - Started process (PID=5878) to work on /opt/airflow/dags/move_landing_to_bronze_partitioned.py
[2025-04-28T15:34:10.431+0000] {processor.py:830} INFO - Processing file /opt/airflow/dags/move_landing_to_bronze_partitioned.py for tasks to queue
[2025-04-28T15:34:10.433+0000] {logging_mixin.py:188} INFO - [2025-04-28T15:34:10.433+0000] {dagbag.py:540} INFO - Filling up the DagBag from /opt/airflow/dags/move_landing_to_bronze_partitioned.py
[2025-04-28T15:34:10.580+0000] {processor.py:840} INFO - DAG(s) 'move_landing_to_bronze_partitioned' retrieved from /opt/airflow/dags/move_landing_to_bronze_partitioned.py
[2025-04-28T15:34:10.594+0000] {logging_mixin.py:188} INFO - [2025-04-28T15:34:10.593+0000] {dag.py:3096} INFO - Sync 1 DAGs
[2025-04-28T15:34:10.599+0000] {logging_mixin.py:188} INFO - [2025-04-28T15:34:10.599+0000] {dag.py:3954} INFO - Setting next_dagrun for move_landing_to_bronze_partitioned to None, run_after=None
[2025-04-28T15:34:10.612+0000] {processor.py:183} INFO - Processing /opt/airflow/dags/move_landing_to_bronze_partitioned.py took 0.189 seconds
[2025-04-28T15:34:41.202+0000] {processor.py:161} INFO - Started process (PID=5913) to work on /opt/airflow/dags/move_landing_to_bronze_partitioned.py
[2025-04-28T15:34:41.202+0000] {processor.py:830} INFO - Processing file /opt/airflow/dags/move_landing_to_bronze_partitioned.py for tasks to queue
[2025-04-28T15:34:41.203+0000] {logging_mixin.py:188} INFO - [2025-04-28T15:34:41.203+0000] {dagbag.py:540} INFO - Filling up the DagBag from /opt/airflow/dags/move_landing_to_bronze_partitioned.py
[2025-04-28T15:34:41.356+0000] {processor.py:840} INFO - DAG(s) 'move_landing_to_bronze_partitioned' retrieved from /opt/airflow/dags/move_landing_to_bronze_partitioned.py
[2025-04-28T15:34:41.373+0000] {logging_mixin.py:188} INFO - [2025-04-28T15:34:41.373+0000] {dag.py:3096} INFO - Sync 1 DAGs
[2025-04-28T15:34:41.382+0000] {logging_mixin.py:188} INFO - [2025-04-28T15:34:41.382+0000] {dag.py:3954} INFO - Setting next_dagrun for move_landing_to_bronze_partitioned to None, run_after=None
[2025-04-28T15:34:41.396+0000] {processor.py:183} INFO - Processing /opt/airflow/dags/move_landing_to_bronze_partitioned.py took 0.199 seconds
[2025-04-28T15:35:12.017+0000] {processor.py:161} INFO - Started process (PID=5948) to work on /opt/airflow/dags/move_landing_to_bronze_partitioned.py
[2025-04-28T15:35:12.018+0000] {processor.py:830} INFO - Processing file /opt/airflow/dags/move_landing_to_bronze_partitioned.py for tasks to queue
[2025-04-28T15:35:12.020+0000] {logging_mixin.py:188} INFO - [2025-04-28T15:35:12.020+0000] {dagbag.py:540} INFO - Filling up the DagBag from /opt/airflow/dags/move_landing_to_bronze_partitioned.py
[2025-04-28T15:35:12.177+0000] {processor.py:840} INFO - DAG(s) 'move_landing_to_bronze_partitioned' retrieved from /opt/airflow/dags/move_landing_to_bronze_partitioned.py
[2025-04-28T15:35:12.192+0000] {logging_mixin.py:188} INFO - [2025-04-28T15:35:12.192+0000] {dag.py:3096} INFO - Sync 1 DAGs
[2025-04-28T15:35:12.198+0000] {logging_mixin.py:188} INFO - [2025-04-28T15:35:12.198+0000] {dag.py:3954} INFO - Setting next_dagrun for move_landing_to_bronze_partitioned to None, run_after=None
[2025-04-28T15:35:12.210+0000] {processor.py:183} INFO - Processing /opt/airflow/dags/move_landing_to_bronze_partitioned.py took 0.199 seconds
[2025-04-28T15:35:42.833+0000] {processor.py:161} INFO - Started process (PID=5983) to work on /opt/airflow/dags/move_landing_to_bronze_partitioned.py
[2025-04-28T15:35:42.835+0000] {processor.py:830} INFO - Processing file /opt/airflow/dags/move_landing_to_bronze_partitioned.py for tasks to queue
[2025-04-28T15:35:42.838+0000] {logging_mixin.py:188} INFO - [2025-04-28T15:35:42.838+0000] {dagbag.py:540} INFO - Filling up the DagBag from /opt/airflow/dags/move_landing_to_bronze_partitioned.py
[2025-04-28T15:35:42.983+0000] {processor.py:840} INFO - DAG(s) 'move_landing_to_bronze_partitioned' retrieved from /opt/airflow/dags/move_landing_to_bronze_partitioned.py
[2025-04-28T15:35:42.997+0000] {logging_mixin.py:188} INFO - [2025-04-28T15:35:42.996+0000] {dag.py:3096} INFO - Sync 1 DAGs
[2025-04-28T15:35:43.002+0000] {logging_mixin.py:188} INFO - [2025-04-28T15:35:43.002+0000] {dag.py:3954} INFO - Setting next_dagrun for move_landing_to_bronze_partitioned to None, run_after=None
[2025-04-28T15:35:43.015+0000] {processor.py:183} INFO - Processing /opt/airflow/dags/move_landing_to_bronze_partitioned.py took 0.187 seconds
[2025-04-28T15:36:13.615+0000] {processor.py:161} INFO - Started process (PID=6018) to work on /opt/airflow/dags/move_landing_to_bronze_partitioned.py
[2025-04-28T15:36:13.616+0000] {processor.py:830} INFO - Processing file /opt/airflow/dags/move_landing_to_bronze_partitioned.py for tasks to queue
[2025-04-28T15:36:13.617+0000] {logging_mixin.py:188} INFO - [2025-04-28T15:36:13.616+0000] {dagbag.py:540} INFO - Filling up the DagBag from /opt/airflow/dags/move_landing_to_bronze_partitioned.py
[2025-04-28T15:36:13.763+0000] {processor.py:840} INFO - DAG(s) 'move_landing_to_bronze_partitioned' retrieved from /opt/airflow/dags/move_landing_to_bronze_partitioned.py
[2025-04-28T15:36:13.779+0000] {logging_mixin.py:188} INFO - [2025-04-28T15:36:13.779+0000] {dag.py:3096} INFO - Sync 1 DAGs
[2025-04-28T15:36:13.786+0000] {logging_mixin.py:188} INFO - [2025-04-28T15:36:13.786+0000] {dag.py:3954} INFO - Setting next_dagrun for move_landing_to_bronze_partitioned to None, run_after=None
[2025-04-28T15:36:13.797+0000] {processor.py:183} INFO - Processing /opt/airflow/dags/move_landing_to_bronze_partitioned.py took 0.188 seconds
[2025-04-28T15:36:44.356+0000] {processor.py:161} INFO - Started process (PID=6053) to work on /opt/airflow/dags/move_landing_to_bronze_partitioned.py
[2025-04-28T15:36:44.356+0000] {processor.py:830} INFO - Processing file /opt/airflow/dags/move_landing_to_bronze_partitioned.py for tasks to queue
[2025-04-28T15:36:44.358+0000] {logging_mixin.py:188} INFO - [2025-04-28T15:36:44.357+0000] {dagbag.py:540} INFO - Filling up the DagBag from /opt/airflow/dags/move_landing_to_bronze_partitioned.py
[2025-04-28T15:36:44.534+0000] {processor.py:840} INFO - DAG(s) 'move_landing_to_bronze_partitioned' retrieved from /opt/airflow/dags/move_landing_to_bronze_partitioned.py
[2025-04-28T15:36:44.551+0000] {logging_mixin.py:188} INFO - [2025-04-28T15:36:44.551+0000] {dag.py:3096} INFO - Sync 1 DAGs
[2025-04-28T15:36:44.557+0000] {logging_mixin.py:188} INFO - [2025-04-28T15:36:44.557+0000] {dag.py:3954} INFO - Setting next_dagrun for move_landing_to_bronze_partitioned to None, run_after=None
[2025-04-28T15:36:44.568+0000] {processor.py:183} INFO - Processing /opt/airflow/dags/move_landing_to_bronze_partitioned.py took 0.216 seconds
[2025-04-28T15:37:15.137+0000] {processor.py:161} INFO - Started process (PID=6088) to work on /opt/airflow/dags/move_landing_to_bronze_partitioned.py
[2025-04-28T15:37:15.138+0000] {processor.py:830} INFO - Processing file /opt/airflow/dags/move_landing_to_bronze_partitioned.py for tasks to queue
[2025-04-28T15:37:15.140+0000] {logging_mixin.py:188} INFO - [2025-04-28T15:37:15.139+0000] {dagbag.py:540} INFO - Filling up the DagBag from /opt/airflow/dags/move_landing_to_bronze_partitioned.py
[2025-04-28T15:37:15.290+0000] {processor.py:840} INFO - DAG(s) 'move_landing_to_bronze_partitioned' retrieved from /opt/airflow/dags/move_landing_to_bronze_partitioned.py
[2025-04-28T15:37:15.303+0000] {logging_mixin.py:188} INFO - [2025-04-28T15:37:15.302+0000] {dag.py:3096} INFO - Sync 1 DAGs
[2025-04-28T15:37:15.308+0000] {logging_mixin.py:188} INFO - [2025-04-28T15:37:15.308+0000] {dag.py:3954} INFO - Setting next_dagrun for move_landing_to_bronze_partitioned to None, run_after=None
[2025-04-28T15:37:15.320+0000] {processor.py:183} INFO - Processing /opt/airflow/dags/move_landing_to_bronze_partitioned.py took 0.187 seconds
[2025-04-28T15:37:45.914+0000] {processor.py:161} INFO - Started process (PID=6123) to work on /opt/airflow/dags/move_landing_to_bronze_partitioned.py
[2025-04-28T15:37:45.916+0000] {processor.py:830} INFO - Processing file /opt/airflow/dags/move_landing_to_bronze_partitioned.py for tasks to queue
[2025-04-28T15:37:45.917+0000] {logging_mixin.py:188} INFO - [2025-04-28T15:37:45.917+0000] {dagbag.py:540} INFO - Filling up the DagBag from /opt/airflow/dags/move_landing_to_bronze_partitioned.py
[2025-04-28T15:37:46.074+0000] {processor.py:840} INFO - DAG(s) 'move_landing_to_bronze_partitioned' retrieved from /opt/airflow/dags/move_landing_to_bronze_partitioned.py
[2025-04-28T15:37:46.088+0000] {logging_mixin.py:188} INFO - [2025-04-28T15:37:46.088+0000] {dag.py:3096} INFO - Sync 1 DAGs
[2025-04-28T15:37:46.096+0000] {logging_mixin.py:188} INFO - [2025-04-28T15:37:46.096+0000] {dag.py:3954} INFO - Setting next_dagrun for move_landing_to_bronze_partitioned to None, run_after=None
[2025-04-28T15:37:46.109+0000] {processor.py:183} INFO - Processing /opt/airflow/dags/move_landing_to_bronze_partitioned.py took 0.198 seconds
[2025-04-28T15:38:16.687+0000] {processor.py:161} INFO - Started process (PID=6158) to work on /opt/airflow/dags/move_landing_to_bronze_partitioned.py
[2025-04-28T15:38:16.689+0000] {processor.py:830} INFO - Processing file /opt/airflow/dags/move_landing_to_bronze_partitioned.py for tasks to queue
[2025-04-28T15:38:16.692+0000] {logging_mixin.py:188} INFO - [2025-04-28T15:38:16.691+0000] {dagbag.py:540} INFO - Filling up the DagBag from /opt/airflow/dags/move_landing_to_bronze_partitioned.py
[2025-04-28T15:38:16.850+0000] {processor.py:840} INFO - DAG(s) 'move_landing_to_bronze_partitioned' retrieved from /opt/airflow/dags/move_landing_to_bronze_partitioned.py
[2025-04-28T15:38:16.867+0000] {logging_mixin.py:188} INFO - [2025-04-28T15:38:16.867+0000] {dag.py:3096} INFO - Sync 1 DAGs
[2025-04-28T15:38:16.874+0000] {logging_mixin.py:188} INFO - [2025-04-28T15:38:16.874+0000] {dag.py:3954} INFO - Setting next_dagrun for move_landing_to_bronze_partitioned to None, run_after=None
[2025-04-28T15:38:16.886+0000] {processor.py:183} INFO - Processing /opt/airflow/dags/move_landing_to_bronze_partitioned.py took 0.205 seconds
[2025-04-28T15:38:47.435+0000] {processor.py:161} INFO - Started process (PID=6193) to work on /opt/airflow/dags/move_landing_to_bronze_partitioned.py
[2025-04-28T15:38:47.437+0000] {processor.py:830} INFO - Processing file /opt/airflow/dags/move_landing_to_bronze_partitioned.py for tasks to queue
[2025-04-28T15:38:47.439+0000] {logging_mixin.py:188} INFO - [2025-04-28T15:38:47.438+0000] {dagbag.py:540} INFO - Filling up the DagBag from /opt/airflow/dags/move_landing_to_bronze_partitioned.py
[2025-04-28T15:38:47.588+0000] {processor.py:840} INFO - DAG(s) 'move_landing_to_bronze_partitioned' retrieved from /opt/airflow/dags/move_landing_to_bronze_partitioned.py
[2025-04-28T15:38:47.602+0000] {logging_mixin.py:188} INFO - [2025-04-28T15:38:47.602+0000] {dag.py:3096} INFO - Sync 1 DAGs
[2025-04-28T15:38:47.610+0000] {logging_mixin.py:188} INFO - [2025-04-28T15:38:47.610+0000] {dag.py:3954} INFO - Setting next_dagrun for move_landing_to_bronze_partitioned to None, run_after=None
[2025-04-28T15:38:47.621+0000] {processor.py:183} INFO - Processing /opt/airflow/dags/move_landing_to_bronze_partitioned.py took 0.192 seconds
[2025-04-28T15:39:18.156+0000] {processor.py:161} INFO - Started process (PID=6228) to work on /opt/airflow/dags/move_landing_to_bronze_partitioned.py
[2025-04-28T15:39:18.156+0000] {processor.py:830} INFO - Processing file /opt/airflow/dags/move_landing_to_bronze_partitioned.py for tasks to queue
[2025-04-28T15:39:18.157+0000] {logging_mixin.py:188} INFO - [2025-04-28T15:39:18.157+0000] {dagbag.py:540} INFO - Filling up the DagBag from /opt/airflow/dags/move_landing_to_bronze_partitioned.py
[2025-04-28T15:39:18.311+0000] {processor.py:840} INFO - DAG(s) 'move_landing_to_bronze_partitioned' retrieved from /opt/airflow/dags/move_landing_to_bronze_partitioned.py
[2025-04-28T15:39:18.327+0000] {logging_mixin.py:188} INFO - [2025-04-28T15:39:18.327+0000] {dag.py:3096} INFO - Sync 1 DAGs
[2025-04-28T15:39:18.333+0000] {logging_mixin.py:188} INFO - [2025-04-28T15:39:18.333+0000] {dag.py:3954} INFO - Setting next_dagrun for move_landing_to_bronze_partitioned to None, run_after=None
[2025-04-28T15:39:18.346+0000] {processor.py:183} INFO - Processing /opt/airflow/dags/move_landing_to_bronze_partitioned.py took 0.194 seconds
[2025-04-28T15:39:48.955+0000] {processor.py:161} INFO - Started process (PID=6263) to work on /opt/airflow/dags/move_landing_to_bronze_partitioned.py
[2025-04-28T15:39:48.956+0000] {processor.py:830} INFO - Processing file /opt/airflow/dags/move_landing_to_bronze_partitioned.py for tasks to queue
[2025-04-28T15:39:48.957+0000] {logging_mixin.py:188} INFO - [2025-04-28T15:39:48.957+0000] {dagbag.py:540} INFO - Filling up the DagBag from /opt/airflow/dags/move_landing_to_bronze_partitioned.py
[2025-04-28T15:39:49.109+0000] {processor.py:840} INFO - DAG(s) 'move_landing_to_bronze_partitioned' retrieved from /opt/airflow/dags/move_landing_to_bronze_partitioned.py
[2025-04-28T15:39:49.123+0000] {logging_mixin.py:188} INFO - [2025-04-28T15:39:49.123+0000] {dag.py:3096} INFO - Sync 1 DAGs
[2025-04-28T15:39:49.131+0000] {logging_mixin.py:188} INFO - [2025-04-28T15:39:49.131+0000] {dag.py:3954} INFO - Setting next_dagrun for move_landing_to_bronze_partitioned to None, run_after=None
[2025-04-28T15:39:49.142+0000] {processor.py:183} INFO - Processing /opt/airflow/dags/move_landing_to_bronze_partitioned.py took 0.191 seconds
[2025-04-28T15:40:19.640+0000] {processor.py:161} INFO - Started process (PID=6298) to work on /opt/airflow/dags/move_landing_to_bronze_partitioned.py
[2025-04-28T15:40:19.641+0000] {processor.py:830} INFO - Processing file /opt/airflow/dags/move_landing_to_bronze_partitioned.py for tasks to queue
[2025-04-28T15:40:19.642+0000] {logging_mixin.py:188} INFO - [2025-04-28T15:40:19.642+0000] {dagbag.py:540} INFO - Filling up the DagBag from /opt/airflow/dags/move_landing_to_bronze_partitioned.py
[2025-04-28T15:40:19.800+0000] {processor.py:840} INFO - DAG(s) 'move_landing_to_bronze_partitioned' retrieved from /opt/airflow/dags/move_landing_to_bronze_partitioned.py
[2025-04-28T15:40:19.814+0000] {logging_mixin.py:188} INFO - [2025-04-28T15:40:19.814+0000] {dag.py:3096} INFO - Sync 1 DAGs
[2025-04-28T15:40:19.819+0000] {logging_mixin.py:188} INFO - [2025-04-28T15:40:19.819+0000] {dag.py:3954} INFO - Setting next_dagrun for move_landing_to_bronze_partitioned to None, run_after=None
[2025-04-28T15:40:19.830+0000] {processor.py:183} INFO - Processing /opt/airflow/dags/move_landing_to_bronze_partitioned.py took 0.197 seconds
[2025-04-28T15:40:50.389+0000] {processor.py:161} INFO - Started process (PID=6333) to work on /opt/airflow/dags/move_landing_to_bronze_partitioned.py
[2025-04-28T15:40:50.390+0000] {processor.py:830} INFO - Processing file /opt/airflow/dags/move_landing_to_bronze_partitioned.py for tasks to queue
[2025-04-28T15:40:50.391+0000] {logging_mixin.py:188} INFO - [2025-04-28T15:40:50.391+0000] {dagbag.py:540} INFO - Filling up the DagBag from /opt/airflow/dags/move_landing_to_bronze_partitioned.py
[2025-04-28T15:40:50.544+0000] {processor.py:840} INFO - DAG(s) 'move_landing_to_bronze_partitioned' retrieved from /opt/airflow/dags/move_landing_to_bronze_partitioned.py
[2025-04-28T15:40:50.558+0000] {logging_mixin.py:188} INFO - [2025-04-28T15:40:50.558+0000] {dag.py:3096} INFO - Sync 1 DAGs
[2025-04-28T15:40:50.567+0000] {logging_mixin.py:188} INFO - [2025-04-28T15:40:50.566+0000] {dag.py:3954} INFO - Setting next_dagrun for move_landing_to_bronze_partitioned to None, run_after=None
[2025-04-28T15:40:50.577+0000] {processor.py:183} INFO - Processing /opt/airflow/dags/move_landing_to_bronze_partitioned.py took 0.194 seconds
[2025-04-28T15:41:21.098+0000] {processor.py:161} INFO - Started process (PID=6368) to work on /opt/airflow/dags/move_landing_to_bronze_partitioned.py
[2025-04-28T15:41:21.100+0000] {processor.py:830} INFO - Processing file /opt/airflow/dags/move_landing_to_bronze_partitioned.py for tasks to queue
[2025-04-28T15:41:21.105+0000] {logging_mixin.py:188} INFO - [2025-04-28T15:41:21.105+0000] {dagbag.py:540} INFO - Filling up the DagBag from /opt/airflow/dags/move_landing_to_bronze_partitioned.py
[2025-04-28T15:41:21.263+0000] {processor.py:840} INFO - DAG(s) 'move_landing_to_bronze_partitioned' retrieved from /opt/airflow/dags/move_landing_to_bronze_partitioned.py
[2025-04-28T15:41:21.278+0000] {logging_mixin.py:188} INFO - [2025-04-28T15:41:21.278+0000] {dag.py:3096} INFO - Sync 1 DAGs
[2025-04-28T15:41:21.285+0000] {logging_mixin.py:188} INFO - [2025-04-28T15:41:21.285+0000] {dag.py:3954} INFO - Setting next_dagrun for move_landing_to_bronze_partitioned to None, run_after=None
[2025-04-28T15:41:21.296+0000] {processor.py:183} INFO - Processing /opt/airflow/dags/move_landing_to_bronze_partitioned.py took 0.202 seconds
