[2025-04-28T01:03:26.032+0000] {processor.py:161} INFO - Started process (PID=435) to work on /opt/airflow/dags/move_bronze_to_silver_partitioned.py
[2025-04-28T01:03:26.033+0000] {processor.py:830} INFO - Processing file /opt/airflow/dags/move_bronze_to_silver_partitioned.py for tasks to queue
[2025-04-28T01:03:26.034+0000] {logging_mixin.py:188} INFO - [2025-04-28T01:03:26.034+0000] {dagbag.py:540} INFO - Filling up the DagBag from /opt/airflow/dags/move_bronze_to_silver_partitioned.py
[2025-04-28T01:03:26.270+0000] {processor.py:840} INFO - DAG(s) 'move_bronze_to_silver_partitioned' retrieved from /opt/airflow/dags/move_bronze_to_silver_partitioned.py
[2025-04-28T01:03:26.314+0000] {logging_mixin.py:188} INFO - [2025-04-28T01:03:26.314+0000] {override.py:1829} INFO - Created Permission View: can edit on DAG:move_bronze_to_silver_partitioned
[2025-04-28T01:03:26.318+0000] {logging_mixin.py:188} INFO - [2025-04-28T01:03:26.318+0000] {override.py:1829} INFO - Created Permission View: can read on DAG:move_bronze_to_silver_partitioned
[2025-04-28T01:03:26.320+0000] {logging_mixin.py:188} INFO - [2025-04-28T01:03:26.320+0000] {override.py:1829} INFO - Created Permission View: can delete on DAG:move_bronze_to_silver_partitioned
[2025-04-28T01:03:26.321+0000] {logging_mixin.py:188} INFO - [2025-04-28T01:03:26.321+0000] {dag.py:3096} INFO - Sync 1 DAGs
[2025-04-28T01:03:26.325+0000] {logging_mixin.py:188} INFO - [2025-04-28T01:03:26.325+0000] {dag.py:3118} INFO - Creating ORM DAG for move_bronze_to_silver_partitioned
[2025-04-28T01:03:26.325+0000] {logging_mixin.py:188} INFO - [2025-04-28T01:03:26.325+0000] {dag.py:3954} INFO - Setting next_dagrun for move_bronze_to_silver_partitioned to None, run_after=None
[2025-04-28T01:03:26.332+0000] {processor.py:183} INFO - Processing /opt/airflow/dags/move_bronze_to_silver_partitioned.py took 0.306 seconds
[2025-04-28T01:03:56.422+0000] {processor.py:161} INFO - Started process (PID=452) to work on /opt/airflow/dags/move_bronze_to_silver_partitioned.py
[2025-04-28T01:03:56.423+0000] {processor.py:830} INFO - Processing file /opt/airflow/dags/move_bronze_to_silver_partitioned.py for tasks to queue
[2025-04-28T01:03:56.423+0000] {logging_mixin.py:188} INFO - [2025-04-28T01:03:56.423+0000] {dagbag.py:540} INFO - Filling up the DagBag from /opt/airflow/dags/move_bronze_to_silver_partitioned.py
[2025-04-28T01:03:56.628+0000] {processor.py:840} INFO - DAG(s) 'move_bronze_to_silver_partitioned' retrieved from /opt/airflow/dags/move_bronze_to_silver_partitioned.py
[2025-04-28T01:03:56.638+0000] {logging_mixin.py:188} INFO - [2025-04-28T01:03:56.638+0000] {dag.py:3096} INFO - Sync 1 DAGs
[2025-04-28T01:03:56.642+0000] {logging_mixin.py:188} INFO - [2025-04-28T01:03:56.642+0000] {dag.py:3954} INFO - Setting next_dagrun for move_bronze_to_silver_partitioned to None, run_after=None
[2025-04-28T01:03:56.649+0000] {processor.py:183} INFO - Processing /opt/airflow/dags/move_bronze_to_silver_partitioned.py took 0.233 seconds
[2025-04-28T01:04:26.991+0000] {processor.py:161} INFO - Started process (PID=469) to work on /opt/airflow/dags/move_bronze_to_silver_partitioned.py
[2025-04-28T01:04:26.992+0000] {processor.py:830} INFO - Processing file /opt/airflow/dags/move_bronze_to_silver_partitioned.py for tasks to queue
[2025-04-28T01:04:26.993+0000] {logging_mixin.py:188} INFO - [2025-04-28T01:04:26.993+0000] {dagbag.py:540} INFO - Filling up the DagBag from /opt/airflow/dags/move_bronze_to_silver_partitioned.py
[2025-04-28T01:04:27.207+0000] {processor.py:840} INFO - DAG(s) 'move_bronze_to_silver_partitioned' retrieved from /opt/airflow/dags/move_bronze_to_silver_partitioned.py
[2025-04-28T01:04:27.218+0000] {logging_mixin.py:188} INFO - [2025-04-28T01:04:27.218+0000] {dag.py:3096} INFO - Sync 1 DAGs
[2025-04-28T01:04:27.223+0000] {logging_mixin.py:188} INFO - [2025-04-28T01:04:27.222+0000] {dag.py:3954} INFO - Setting next_dagrun for move_bronze_to_silver_partitioned to None, run_after=None
[2025-04-28T01:04:27.229+0000] {processor.py:183} INFO - Processing /opt/airflow/dags/move_bronze_to_silver_partitioned.py took 0.244 seconds
[2025-04-28T01:04:57.632+0000] {processor.py:161} INFO - Started process (PID=486) to work on /opt/airflow/dags/move_bronze_to_silver_partitioned.py
[2025-04-28T01:04:57.633+0000] {processor.py:830} INFO - Processing file /opt/airflow/dags/move_bronze_to_silver_partitioned.py for tasks to queue
[2025-04-28T01:04:57.633+0000] {logging_mixin.py:188} INFO - [2025-04-28T01:04:57.633+0000] {dagbag.py:540} INFO - Filling up the DagBag from /opt/airflow/dags/move_bronze_to_silver_partitioned.py
[2025-04-28T01:04:57.838+0000] {processor.py:840} INFO - DAG(s) 'move_bronze_to_silver_partitioned' retrieved from /opt/airflow/dags/move_bronze_to_silver_partitioned.py
[2025-04-28T01:04:57.848+0000] {logging_mixin.py:188} INFO - [2025-04-28T01:04:57.848+0000] {dag.py:3096} INFO - Sync 1 DAGs
[2025-04-28T01:04:57.852+0000] {logging_mixin.py:188} INFO - [2025-04-28T01:04:57.852+0000] {dag.py:3954} INFO - Setting next_dagrun for move_bronze_to_silver_partitioned to None, run_after=None
[2025-04-28T01:04:57.860+0000] {processor.py:183} INFO - Processing /opt/airflow/dags/move_bronze_to_silver_partitioned.py took 0.233 seconds
[2025-04-28T01:05:28.257+0000] {processor.py:161} INFO - Started process (PID=503) to work on /opt/airflow/dags/move_bronze_to_silver_partitioned.py
[2025-04-28T01:05:28.258+0000] {processor.py:830} INFO - Processing file /opt/airflow/dags/move_bronze_to_silver_partitioned.py for tasks to queue
[2025-04-28T01:05:28.259+0000] {logging_mixin.py:188} INFO - [2025-04-28T01:05:28.259+0000] {dagbag.py:540} INFO - Filling up the DagBag from /opt/airflow/dags/move_bronze_to_silver_partitioned.py
[2025-04-28T01:05:28.463+0000] {processor.py:840} INFO - DAG(s) 'move_bronze_to_silver_partitioned' retrieved from /opt/airflow/dags/move_bronze_to_silver_partitioned.py
[2025-04-28T01:05:28.474+0000] {logging_mixin.py:188} INFO - [2025-04-28T01:05:28.473+0000] {dag.py:3096} INFO - Sync 1 DAGs
[2025-04-28T01:05:28.478+0000] {logging_mixin.py:188} INFO - [2025-04-28T01:05:28.478+0000] {dag.py:3954} INFO - Setting next_dagrun for move_bronze_to_silver_partitioned to None, run_after=None
[2025-04-28T01:05:28.485+0000] {processor.py:183} INFO - Processing /opt/airflow/dags/move_bronze_to_silver_partitioned.py took 0.233 seconds
[2025-04-28T01:05:58.824+0000] {processor.py:161} INFO - Started process (PID=520) to work on /opt/airflow/dags/move_bronze_to_silver_partitioned.py
[2025-04-28T01:05:58.825+0000] {processor.py:830} INFO - Processing file /opt/airflow/dags/move_bronze_to_silver_partitioned.py for tasks to queue
[2025-04-28T01:05:58.826+0000] {logging_mixin.py:188} INFO - [2025-04-28T01:05:58.826+0000] {dagbag.py:540} INFO - Filling up the DagBag from /opt/airflow/dags/move_bronze_to_silver_partitioned.py
[2025-04-28T01:05:59.031+0000] {processor.py:840} INFO - DAG(s) 'move_bronze_to_silver_partitioned' retrieved from /opt/airflow/dags/move_bronze_to_silver_partitioned.py
[2025-04-28T01:05:59.041+0000] {logging_mixin.py:188} INFO - [2025-04-28T01:05:59.041+0000] {dag.py:3096} INFO - Sync 1 DAGs
[2025-04-28T01:05:59.046+0000] {logging_mixin.py:188} INFO - [2025-04-28T01:05:59.046+0000] {dag.py:3954} INFO - Setting next_dagrun for move_bronze_to_silver_partitioned to None, run_after=None
[2025-04-28T01:05:59.052+0000] {processor.py:183} INFO - Processing /opt/airflow/dags/move_bronze_to_silver_partitioned.py took 0.233 seconds
[2025-04-28T01:06:29.410+0000] {processor.py:161} INFO - Started process (PID=537) to work on /opt/airflow/dags/move_bronze_to_silver_partitioned.py
[2025-04-28T01:06:29.411+0000] {processor.py:830} INFO - Processing file /opt/airflow/dags/move_bronze_to_silver_partitioned.py for tasks to queue
[2025-04-28T01:06:29.411+0000] {logging_mixin.py:188} INFO - [2025-04-28T01:06:29.411+0000] {dagbag.py:540} INFO - Filling up the DagBag from /opt/airflow/dags/move_bronze_to_silver_partitioned.py
[2025-04-28T01:06:29.615+0000] {processor.py:840} INFO - DAG(s) 'move_bronze_to_silver_partitioned' retrieved from /opt/airflow/dags/move_bronze_to_silver_partitioned.py
[2025-04-28T01:06:29.626+0000] {logging_mixin.py:188} INFO - [2025-04-28T01:06:29.625+0000] {dag.py:3096} INFO - Sync 1 DAGs
[2025-04-28T01:06:29.630+0000] {logging_mixin.py:188} INFO - [2025-04-28T01:06:29.630+0000] {dag.py:3954} INFO - Setting next_dagrun for move_bronze_to_silver_partitioned to None, run_after=None
[2025-04-28T01:06:29.637+0000] {processor.py:183} INFO - Processing /opt/airflow/dags/move_bronze_to_silver_partitioned.py took 0.233 seconds
[2025-04-28T01:06:59.968+0000] {processor.py:161} INFO - Started process (PID=554) to work on /opt/airflow/dags/move_bronze_to_silver_partitioned.py
[2025-04-28T01:06:59.968+0000] {processor.py:830} INFO - Processing file /opt/airflow/dags/move_bronze_to_silver_partitioned.py for tasks to queue
[2025-04-28T01:06:59.969+0000] {logging_mixin.py:188} INFO - [2025-04-28T01:06:59.969+0000] {dagbag.py:540} INFO - Filling up the DagBag from /opt/airflow/dags/move_bronze_to_silver_partitioned.py
[2025-04-28T01:07:00.184+0000] {processor.py:840} INFO - DAG(s) 'move_bronze_to_silver_partitioned' retrieved from /opt/airflow/dags/move_bronze_to_silver_partitioned.py
[2025-04-28T01:07:00.195+0000] {logging_mixin.py:188} INFO - [2025-04-28T01:07:00.195+0000] {dag.py:3096} INFO - Sync 1 DAGs
[2025-04-28T01:07:00.199+0000] {logging_mixin.py:188} INFO - [2025-04-28T01:07:00.199+0000] {dag.py:3954} INFO - Setting next_dagrun for move_bronze_to_silver_partitioned to None, run_after=None
[2025-04-28T01:07:00.207+0000] {processor.py:183} INFO - Processing /opt/airflow/dags/move_bronze_to_silver_partitioned.py took 0.244 seconds
[2025-04-28T01:07:30.497+0000] {processor.py:161} INFO - Started process (PID=571) to work on /opt/airflow/dags/move_bronze_to_silver_partitioned.py
[2025-04-28T01:07:30.498+0000] {processor.py:830} INFO - Processing file /opt/airflow/dags/move_bronze_to_silver_partitioned.py for tasks to queue
[2025-04-28T01:07:30.499+0000] {logging_mixin.py:188} INFO - [2025-04-28T01:07:30.498+0000] {dagbag.py:540} INFO - Filling up the DagBag from /opt/airflow/dags/move_bronze_to_silver_partitioned.py
[2025-04-28T01:07:30.718+0000] {processor.py:840} INFO - DAG(s) 'move_bronze_to_silver_partitioned' retrieved from /opt/airflow/dags/move_bronze_to_silver_partitioned.py
[2025-04-28T01:07:30.728+0000] {logging_mixin.py:188} INFO - [2025-04-28T01:07:30.728+0000] {dag.py:3096} INFO - Sync 1 DAGs
[2025-04-28T01:07:30.733+0000] {logging_mixin.py:188} INFO - [2025-04-28T01:07:30.733+0000] {dag.py:3954} INFO - Setting next_dagrun for move_bronze_to_silver_partitioned to None, run_after=None
[2025-04-28T01:07:30.741+0000] {processor.py:183} INFO - Processing /opt/airflow/dags/move_bronze_to_silver_partitioned.py took 0.249 seconds
[2025-04-28T01:08:01.129+0000] {processor.py:161} INFO - Started process (PID=588) to work on /opt/airflow/dags/move_bronze_to_silver_partitioned.py
[2025-04-28T01:08:01.130+0000] {processor.py:830} INFO - Processing file /opt/airflow/dags/move_bronze_to_silver_partitioned.py for tasks to queue
[2025-04-28T01:08:01.130+0000] {logging_mixin.py:188} INFO - [2025-04-28T01:08:01.130+0000] {dagbag.py:540} INFO - Filling up the DagBag from /opt/airflow/dags/move_bronze_to_silver_partitioned.py
[2025-04-28T01:08:01.354+0000] {processor.py:840} INFO - DAG(s) 'move_bronze_to_silver_partitioned' retrieved from /opt/airflow/dags/move_bronze_to_silver_partitioned.py
[2025-04-28T01:08:01.364+0000] {logging_mixin.py:188} INFO - [2025-04-28T01:08:01.364+0000] {dag.py:3096} INFO - Sync 1 DAGs
[2025-04-28T01:08:01.369+0000] {logging_mixin.py:188} INFO - [2025-04-28T01:08:01.369+0000] {dag.py:3954} INFO - Setting next_dagrun for move_bronze_to_silver_partitioned to None, run_after=None
[2025-04-28T01:08:01.377+0000] {processor.py:183} INFO - Processing /opt/airflow/dags/move_bronze_to_silver_partitioned.py took 0.254 seconds
[2025-04-28T01:08:31.506+0000] {processor.py:161} INFO - Started process (PID=611) to work on /opt/airflow/dags/move_bronze_to_silver_partitioned.py
[2025-04-28T01:08:31.507+0000] {processor.py:830} INFO - Processing file /opt/airflow/dags/move_bronze_to_silver_partitioned.py for tasks to queue
[2025-04-28T01:08:31.508+0000] {logging_mixin.py:188} INFO - [2025-04-28T01:08:31.508+0000] {dagbag.py:540} INFO - Filling up the DagBag from /opt/airflow/dags/move_bronze_to_silver_partitioned.py
[2025-04-28T01:08:31.719+0000] {processor.py:840} INFO - DAG(s) 'move_bronze_to_silver_partitioned' retrieved from /opt/airflow/dags/move_bronze_to_silver_partitioned.py
[2025-04-28T01:08:31.730+0000] {logging_mixin.py:188} INFO - [2025-04-28T01:08:31.730+0000] {dag.py:3096} INFO - Sync 1 DAGs
[2025-04-28T01:08:31.735+0000] {logging_mixin.py:188} INFO - [2025-04-28T01:08:31.735+0000] {dag.py:3954} INFO - Setting next_dagrun for move_bronze_to_silver_partitioned to None, run_after=None
[2025-04-28T01:08:31.744+0000] {processor.py:183} INFO - Processing /opt/airflow/dags/move_bronze_to_silver_partitioned.py took 0.245 seconds
[2025-04-28T01:09:02.174+0000] {processor.py:161} INFO - Started process (PID=634) to work on /opt/airflow/dags/move_bronze_to_silver_partitioned.py
[2025-04-28T01:09:02.175+0000] {processor.py:830} INFO - Processing file /opt/airflow/dags/move_bronze_to_silver_partitioned.py for tasks to queue
[2025-04-28T01:09:02.176+0000] {logging_mixin.py:188} INFO - [2025-04-28T01:09:02.175+0000] {dagbag.py:540} INFO - Filling up the DagBag from /opt/airflow/dags/move_bronze_to_silver_partitioned.py
[2025-04-28T01:09:02.389+0000] {processor.py:840} INFO - DAG(s) 'move_bronze_to_silver_partitioned' retrieved from /opt/airflow/dags/move_bronze_to_silver_partitioned.py
[2025-04-28T01:09:02.401+0000] {logging_mixin.py:188} INFO - [2025-04-28T01:09:02.401+0000] {dag.py:3096} INFO - Sync 1 DAGs
[2025-04-28T01:09:02.405+0000] {logging_mixin.py:188} INFO - [2025-04-28T01:09:02.405+0000] {dag.py:3954} INFO - Setting next_dagrun for move_bronze_to_silver_partitioned to None, run_after=None
[2025-04-28T01:09:02.412+0000] {processor.py:183} INFO - Processing /opt/airflow/dags/move_bronze_to_silver_partitioned.py took 0.243 seconds
[2025-04-28T01:09:32.709+0000] {processor.py:161} INFO - Started process (PID=657) to work on /opt/airflow/dags/move_bronze_to_silver_partitioned.py
[2025-04-28T01:09:32.709+0000] {processor.py:830} INFO - Processing file /opt/airflow/dags/move_bronze_to_silver_partitioned.py for tasks to queue
[2025-04-28T01:09:32.710+0000] {logging_mixin.py:188} INFO - [2025-04-28T01:09:32.710+0000] {dagbag.py:540} INFO - Filling up the DagBag from /opt/airflow/dags/move_bronze_to_silver_partitioned.py
[2025-04-28T01:09:32.914+0000] {processor.py:840} INFO - DAG(s) 'move_bronze_to_silver_partitioned' retrieved from /opt/airflow/dags/move_bronze_to_silver_partitioned.py
[2025-04-28T01:09:32.925+0000] {logging_mixin.py:188} INFO - [2025-04-28T01:09:32.924+0000] {dag.py:3096} INFO - Sync 1 DAGs
[2025-04-28T01:09:32.929+0000] {logging_mixin.py:188} INFO - [2025-04-28T01:09:32.929+0000] {dag.py:3954} INFO - Setting next_dagrun for move_bronze_to_silver_partitioned to None, run_after=None
[2025-04-28T01:09:32.937+0000] {processor.py:183} INFO - Processing /opt/airflow/dags/move_bronze_to_silver_partitioned.py took 0.234 seconds
[2025-04-28T01:10:03.330+0000] {processor.py:161} INFO - Started process (PID=680) to work on /opt/airflow/dags/move_bronze_to_silver_partitioned.py
[2025-04-28T01:10:03.331+0000] {processor.py:830} INFO - Processing file /opt/airflow/dags/move_bronze_to_silver_partitioned.py for tasks to queue
[2025-04-28T01:10:03.332+0000] {logging_mixin.py:188} INFO - [2025-04-28T01:10:03.332+0000] {dagbag.py:540} INFO - Filling up the DagBag from /opt/airflow/dags/move_bronze_to_silver_partitioned.py
[2025-04-28T01:10:03.544+0000] {processor.py:840} INFO - DAG(s) 'move_bronze_to_silver_partitioned' retrieved from /opt/airflow/dags/move_bronze_to_silver_partitioned.py
[2025-04-28T01:10:03.555+0000] {logging_mixin.py:188} INFO - [2025-04-28T01:10:03.555+0000] {dag.py:3096} INFO - Sync 1 DAGs
[2025-04-28T01:10:03.560+0000] {logging_mixin.py:188} INFO - [2025-04-28T01:10:03.559+0000] {dag.py:3954} INFO - Setting next_dagrun for move_bronze_to_silver_partitioned to None, run_after=None
[2025-04-28T01:10:03.567+0000] {processor.py:183} INFO - Processing /opt/airflow/dags/move_bronze_to_silver_partitioned.py took 0.243 seconds
[2025-04-28T01:10:33.966+0000] {processor.py:161} INFO - Started process (PID=703) to work on /opt/airflow/dags/move_bronze_to_silver_partitioned.py
[2025-04-28T01:10:33.967+0000] {processor.py:830} INFO - Processing file /opt/airflow/dags/move_bronze_to_silver_partitioned.py for tasks to queue
[2025-04-28T01:10:33.967+0000] {logging_mixin.py:188} INFO - [2025-04-28T01:10:33.967+0000] {dagbag.py:540} INFO - Filling up the DagBag from /opt/airflow/dags/move_bronze_to_silver_partitioned.py
[2025-04-28T01:10:34.166+0000] {processor.py:840} INFO - DAG(s) 'move_bronze_to_silver_partitioned' retrieved from /opt/airflow/dags/move_bronze_to_silver_partitioned.py
[2025-04-28T01:10:34.178+0000] {logging_mixin.py:188} INFO - [2025-04-28T01:10:34.178+0000] {dag.py:3096} INFO - Sync 1 DAGs
[2025-04-28T01:10:34.183+0000] {logging_mixin.py:188} INFO - [2025-04-28T01:10:34.183+0000] {dag.py:3954} INFO - Setting next_dagrun for move_bronze_to_silver_partitioned to None, run_after=None
[2025-04-28T01:10:34.190+0000] {processor.py:183} INFO - Processing /opt/airflow/dags/move_bronze_to_silver_partitioned.py took 0.227 seconds
[2025-04-28T01:11:04.523+0000] {processor.py:161} INFO - Started process (PID=726) to work on /opt/airflow/dags/move_bronze_to_silver_partitioned.py
[2025-04-28T01:11:04.524+0000] {processor.py:830} INFO - Processing file /opt/airflow/dags/move_bronze_to_silver_partitioned.py for tasks to queue
[2025-04-28T01:11:04.525+0000] {logging_mixin.py:188} INFO - [2025-04-28T01:11:04.525+0000] {dagbag.py:540} INFO - Filling up the DagBag from /opt/airflow/dags/move_bronze_to_silver_partitioned.py
[2025-04-28T01:11:04.729+0000] {processor.py:840} INFO - DAG(s) 'move_bronze_to_silver_partitioned' retrieved from /opt/airflow/dags/move_bronze_to_silver_partitioned.py
[2025-04-28T01:11:04.739+0000] {logging_mixin.py:188} INFO - [2025-04-28T01:11:04.739+0000] {dag.py:3096} INFO - Sync 1 DAGs
[2025-04-28T01:11:04.743+0000] {logging_mixin.py:188} INFO - [2025-04-28T01:11:04.743+0000] {dag.py:3954} INFO - Setting next_dagrun for move_bronze_to_silver_partitioned to None, run_after=None
[2025-04-28T01:11:04.750+0000] {processor.py:183} INFO - Processing /opt/airflow/dags/move_bronze_to_silver_partitioned.py took 0.233 seconds
[2025-04-28T01:11:35.151+0000] {processor.py:161} INFO - Started process (PID=749) to work on /opt/airflow/dags/move_bronze_to_silver_partitioned.py
[2025-04-28T01:11:35.152+0000] {processor.py:830} INFO - Processing file /opt/airflow/dags/move_bronze_to_silver_partitioned.py for tasks to queue
[2025-04-28T01:11:35.154+0000] {logging_mixin.py:188} INFO - [2025-04-28T01:11:35.153+0000] {dagbag.py:540} INFO - Filling up the DagBag from /opt/airflow/dags/move_bronze_to_silver_partitioned.py
[2025-04-28T01:11:35.375+0000] {processor.py:840} INFO - DAG(s) 'move_bronze_to_silver_partitioned' retrieved from /opt/airflow/dags/move_bronze_to_silver_partitioned.py
[2025-04-28T01:11:35.385+0000] {logging_mixin.py:188} INFO - [2025-04-28T01:11:35.385+0000] {dag.py:3096} INFO - Sync 1 DAGs
[2025-04-28T01:11:35.389+0000] {logging_mixin.py:188} INFO - [2025-04-28T01:11:35.389+0000] {dag.py:3954} INFO - Setting next_dagrun for move_bronze_to_silver_partitioned to None, run_after=None
[2025-04-28T01:11:35.396+0000] {processor.py:183} INFO - Processing /opt/airflow/dags/move_bronze_to_silver_partitioned.py took 0.251 seconds
[2025-04-28T01:12:05.753+0000] {processor.py:161} INFO - Started process (PID=772) to work on /opt/airflow/dags/move_bronze_to_silver_partitioned.py
[2025-04-28T01:12:05.754+0000] {processor.py:830} INFO - Processing file /opt/airflow/dags/move_bronze_to_silver_partitioned.py for tasks to queue
[2025-04-28T01:12:05.755+0000] {logging_mixin.py:188} INFO - [2025-04-28T01:12:05.755+0000] {dagbag.py:540} INFO - Filling up the DagBag from /opt/airflow/dags/move_bronze_to_silver_partitioned.py
[2025-04-28T01:12:05.960+0000] {processor.py:840} INFO - DAG(s) 'move_bronze_to_silver_partitioned' retrieved from /opt/airflow/dags/move_bronze_to_silver_partitioned.py
[2025-04-28T01:12:05.971+0000] {logging_mixin.py:188} INFO - [2025-04-28T01:12:05.971+0000] {dag.py:3096} INFO - Sync 1 DAGs
[2025-04-28T01:12:05.976+0000] {logging_mixin.py:188} INFO - [2025-04-28T01:12:05.975+0000] {dag.py:3954} INFO - Setting next_dagrun for move_bronze_to_silver_partitioned to None, run_after=None
[2025-04-28T01:12:05.982+0000] {processor.py:183} INFO - Processing /opt/airflow/dags/move_bronze_to_silver_partitioned.py took 0.235 seconds
[2025-04-28T01:12:36.367+0000] {processor.py:161} INFO - Started process (PID=795) to work on /opt/airflow/dags/move_bronze_to_silver_partitioned.py
[2025-04-28T01:12:36.367+0000] {processor.py:830} INFO - Processing file /opt/airflow/dags/move_bronze_to_silver_partitioned.py for tasks to queue
[2025-04-28T01:12:36.368+0000] {logging_mixin.py:188} INFO - [2025-04-28T01:12:36.368+0000] {dagbag.py:540} INFO - Filling up the DagBag from /opt/airflow/dags/move_bronze_to_silver_partitioned.py
[2025-04-28T01:12:36.590+0000] {processor.py:840} INFO - DAG(s) 'move_bronze_to_silver_partitioned' retrieved from /opt/airflow/dags/move_bronze_to_silver_partitioned.py
[2025-04-28T01:12:36.603+0000] {logging_mixin.py:188} INFO - [2025-04-28T01:12:36.602+0000] {dag.py:3096} INFO - Sync 1 DAGs
[2025-04-28T01:12:36.608+0000] {logging_mixin.py:188} INFO - [2025-04-28T01:12:36.608+0000] {dag.py:3954} INFO - Setting next_dagrun for move_bronze_to_silver_partitioned to None, run_after=None
[2025-04-28T01:12:36.617+0000] {processor.py:183} INFO - Processing /opt/airflow/dags/move_bronze_to_silver_partitioned.py took 0.255 seconds
[2025-04-28T01:13:06.976+0000] {processor.py:161} INFO - Started process (PID=818) to work on /opt/airflow/dags/move_bronze_to_silver_partitioned.py
[2025-04-28T01:13:06.977+0000] {processor.py:830} INFO - Processing file /opt/airflow/dags/move_bronze_to_silver_partitioned.py for tasks to queue
[2025-04-28T01:13:06.978+0000] {logging_mixin.py:188} INFO - [2025-04-28T01:13:06.977+0000] {dagbag.py:540} INFO - Filling up the DagBag from /opt/airflow/dags/move_bronze_to_silver_partitioned.py
[2025-04-28T01:13:07.203+0000] {processor.py:840} INFO - DAG(s) 'move_bronze_to_silver_partitioned' retrieved from /opt/airflow/dags/move_bronze_to_silver_partitioned.py
[2025-04-28T01:13:07.213+0000] {logging_mixin.py:188} INFO - [2025-04-28T01:13:07.213+0000] {dag.py:3096} INFO - Sync 1 DAGs
[2025-04-28T01:13:07.218+0000] {logging_mixin.py:188} INFO - [2025-04-28T01:13:07.218+0000] {dag.py:3954} INFO - Setting next_dagrun for move_bronze_to_silver_partitioned to None, run_after=None
[2025-04-28T01:13:07.225+0000] {processor.py:183} INFO - Processing /opt/airflow/dags/move_bronze_to_silver_partitioned.py took 0.255 seconds
[2025-04-28T01:13:41.844+0000] {processor.py:161} INFO - Started process (PID=183) to work on /opt/airflow/dags/move_bronze_to_silver_partitioned.py
[2025-04-28T01:13:41.845+0000] {processor.py:830} INFO - Processing file /opt/airflow/dags/move_bronze_to_silver_partitioned.py for tasks to queue
[2025-04-28T01:13:41.846+0000] {logging_mixin.py:188} INFO - [2025-04-28T01:13:41.845+0000] {dagbag.py:540} INFO - Filling up the DagBag from /opt/airflow/dags/move_bronze_to_silver_partitioned.py
[2025-04-28T01:13:42.075+0000] {processor.py:840} INFO - DAG(s) 'move_bronze_to_silver_partitioned' retrieved from /opt/airflow/dags/move_bronze_to_silver_partitioned.py
[2025-04-28T01:13:42.082+0000] {logging_mixin.py:188} INFO - [2025-04-28T01:13:42.082+0000] {dag.py:3096} INFO - Sync 1 DAGs
[2025-04-28T01:13:42.087+0000] {logging_mixin.py:188} INFO - [2025-04-28T01:13:42.087+0000] {dag.py:3954} INFO - Setting next_dagrun for move_bronze_to_silver_partitioned to None, run_after=None
[2025-04-28T01:13:42.095+0000] {processor.py:183} INFO - Processing /opt/airflow/dags/move_bronze_to_silver_partitioned.py took 0.254 seconds
[2025-04-28T01:14:12.789+0000] {processor.py:161} INFO - Started process (PID=212) to work on /opt/airflow/dags/move_bronze_to_silver_partitioned.py
[2025-04-28T01:14:12.789+0000] {processor.py:830} INFO - Processing file /opt/airflow/dags/move_bronze_to_silver_partitioned.py for tasks to queue
[2025-04-28T01:14:12.790+0000] {logging_mixin.py:188} INFO - [2025-04-28T01:14:12.790+0000] {dagbag.py:540} INFO - Filling up the DagBag from /opt/airflow/dags/move_bronze_to_silver_partitioned.py
[2025-04-28T01:14:13.007+0000] {processor.py:840} INFO - DAG(s) 'move_bronze_to_silver_partitioned' retrieved from /opt/airflow/dags/move_bronze_to_silver_partitioned.py
[2025-04-28T01:14:13.051+0000] {logging_mixin.py:188} INFO - [2025-04-28T01:14:13.051+0000] {dag.py:3096} INFO - Sync 1 DAGs
[2025-04-28T01:14:13.055+0000] {logging_mixin.py:188} INFO - [2025-04-28T01:14:13.055+0000] {dag.py:3954} INFO - Setting next_dagrun for move_bronze_to_silver_partitioned to None, run_after=None
[2025-04-28T01:14:13.064+0000] {processor.py:183} INFO - Processing /opt/airflow/dags/move_bronze_to_silver_partitioned.py took 0.278 seconds
[2025-04-28T01:14:43.468+0000] {processor.py:161} INFO - Started process (PID=238) to work on /opt/airflow/dags/move_bronze_to_silver_partitioned.py
[2025-04-28T01:14:43.468+0000] {processor.py:830} INFO - Processing file /opt/airflow/dags/move_bronze_to_silver_partitioned.py for tasks to queue
[2025-04-28T01:14:43.470+0000] {logging_mixin.py:188} INFO - [2025-04-28T01:14:43.470+0000] {dagbag.py:540} INFO - Filling up the DagBag from /opt/airflow/dags/move_bronze_to_silver_partitioned.py
[2025-04-28T01:14:43.685+0000] {processor.py:840} INFO - DAG(s) 'move_bronze_to_silver_partitioned' retrieved from /opt/airflow/dags/move_bronze_to_silver_partitioned.py
[2025-04-28T01:14:43.697+0000] {logging_mixin.py:188} INFO - [2025-04-28T01:14:43.697+0000] {dag.py:3096} INFO - Sync 1 DAGs
[2025-04-28T01:14:43.702+0000] {logging_mixin.py:188} INFO - [2025-04-28T01:14:43.702+0000] {dag.py:3954} INFO - Setting next_dagrun for move_bronze_to_silver_partitioned to None, run_after=None
[2025-04-28T01:14:43.711+0000] {processor.py:183} INFO - Processing /opt/airflow/dags/move_bronze_to_silver_partitioned.py took 0.246 seconds
[2025-04-28T01:15:14.546+0000] {processor.py:161} INFO - Started process (PID=270) to work on /opt/airflow/dags/move_bronze_to_silver_partitioned.py
[2025-04-28T01:15:14.547+0000] {processor.py:830} INFO - Processing file /opt/airflow/dags/move_bronze_to_silver_partitioned.py for tasks to queue
[2025-04-28T01:15:14.548+0000] {logging_mixin.py:188} INFO - [2025-04-28T01:15:14.548+0000] {dagbag.py:540} INFO - Filling up the DagBag from /opt/airflow/dags/move_bronze_to_silver_partitioned.py
[2025-04-28T01:15:14.767+0000] {processor.py:840} INFO - DAG(s) 'move_bronze_to_silver_partitioned' retrieved from /opt/airflow/dags/move_bronze_to_silver_partitioned.py
[2025-04-28T01:15:14.778+0000] {logging_mixin.py:188} INFO - [2025-04-28T01:15:14.778+0000] {dag.py:3096} INFO - Sync 1 DAGs
[2025-04-28T01:15:14.783+0000] {logging_mixin.py:188} INFO - [2025-04-28T01:15:14.783+0000] {dag.py:3954} INFO - Setting next_dagrun for move_bronze_to_silver_partitioned to None, run_after=None
[2025-04-28T01:15:14.790+0000] {processor.py:183} INFO - Processing /opt/airflow/dags/move_bronze_to_silver_partitioned.py took 0.247 seconds
[2025-04-28T01:15:45.452+0000] {processor.py:161} INFO - Started process (PID=299) to work on /opt/airflow/dags/move_bronze_to_silver_partitioned.py
[2025-04-28T01:15:45.452+0000] {processor.py:830} INFO - Processing file /opt/airflow/dags/move_bronze_to_silver_partitioned.py for tasks to queue
[2025-04-28T01:15:45.453+0000] {logging_mixin.py:188} INFO - [2025-04-28T01:15:45.453+0000] {dagbag.py:540} INFO - Filling up the DagBag from /opt/airflow/dags/move_bronze_to_silver_partitioned.py
[2025-04-28T01:15:45.676+0000] {processor.py:840} INFO - DAG(s) 'move_bronze_to_silver_partitioned' retrieved from /opt/airflow/dags/move_bronze_to_silver_partitioned.py
[2025-04-28T01:15:45.687+0000] {logging_mixin.py:188} INFO - [2025-04-28T01:15:45.687+0000] {dag.py:3096} INFO - Sync 1 DAGs
[2025-04-28T01:15:45.692+0000] {logging_mixin.py:188} INFO - [2025-04-28T01:15:45.691+0000] {dag.py:3954} INFO - Setting next_dagrun for move_bronze_to_silver_partitioned to None, run_after=None
[2025-04-28T01:15:45.700+0000] {processor.py:183} INFO - Processing /opt/airflow/dags/move_bronze_to_silver_partitioned.py took 0.251 seconds
[2025-04-28T01:16:05.936+0000] {processor.py:161} INFO - Started process (PID=316) to work on /opt/airflow/dags/move_bronze_to_silver_partitioned.py
[2025-04-28T01:16:05.937+0000] {processor.py:830} INFO - Processing file /opt/airflow/dags/move_bronze_to_silver_partitioned.py for tasks to queue
[2025-04-28T01:16:05.938+0000] {logging_mixin.py:188} INFO - [2025-04-28T01:16:05.938+0000] {dagbag.py:540} INFO - Filling up the DagBag from /opt/airflow/dags/move_bronze_to_silver_partitioned.py
[2025-04-28T01:16:06.173+0000] {processor.py:840} INFO - DAG(s) 'move_bronze_to_silver_partitioned' retrieved from /opt/airflow/dags/move_bronze_to_silver_partitioned.py
[2025-04-28T01:16:06.186+0000] {logging_mixin.py:188} INFO - [2025-04-28T01:16:06.186+0000] {dag.py:3096} INFO - Sync 1 DAGs
[2025-04-28T01:16:06.192+0000] {logging_mixin.py:188} INFO - [2025-04-28T01:16:06.192+0000] {dag.py:3954} INFO - Setting next_dagrun for move_bronze_to_silver_partitioned to None, run_after=None
[2025-04-28T01:16:06.203+0000] {processor.py:183} INFO - Processing /opt/airflow/dags/move_bronze_to_silver_partitioned.py took 0.272 seconds
[2025-04-28T01:16:36.341+0000] {processor.py:161} INFO - Started process (PID=346) to work on /opt/airflow/dags/move_bronze_to_silver_partitioned.py
[2025-04-28T01:16:36.342+0000] {processor.py:830} INFO - Processing file /opt/airflow/dags/move_bronze_to_silver_partitioned.py for tasks to queue
[2025-04-28T01:16:36.344+0000] {logging_mixin.py:188} INFO - [2025-04-28T01:16:36.344+0000] {dagbag.py:540} INFO - Filling up the DagBag from /opt/airflow/dags/move_bronze_to_silver_partitioned.py
[2025-04-28T01:16:36.552+0000] {processor.py:840} INFO - DAG(s) 'move_bronze_to_silver_partitioned' retrieved from /opt/airflow/dags/move_bronze_to_silver_partitioned.py
[2025-04-28T01:16:36.565+0000] {logging_mixin.py:188} INFO - [2025-04-28T01:16:36.565+0000] {dag.py:3096} INFO - Sync 1 DAGs
[2025-04-28T01:16:36.569+0000] {logging_mixin.py:188} INFO - [2025-04-28T01:16:36.569+0000] {dag.py:3954} INFO - Setting next_dagrun for move_bronze_to_silver_partitioned to None, run_after=None
[2025-04-28T01:16:36.577+0000] {processor.py:183} INFO - Processing /opt/airflow/dags/move_bronze_to_silver_partitioned.py took 0.242 seconds
[2025-04-28T01:16:41.654+0000] {processor.py:161} INFO - Started process (PID=352) to work on /opt/airflow/dags/move_bronze_to_silver_partitioned.py
[2025-04-28T01:16:41.655+0000] {processor.py:830} INFO - Processing file /opt/airflow/dags/move_bronze_to_silver_partitioned.py for tasks to queue
[2025-04-28T01:16:41.657+0000] {logging_mixin.py:188} INFO - [2025-04-28T01:16:41.656+0000] {dagbag.py:540} INFO - Filling up the DagBag from /opt/airflow/dags/move_bronze_to_silver_partitioned.py
[2025-04-28T01:16:41.871+0000] {processor.py:840} INFO - DAG(s) 'move_bronze_to_silver_partitioned' retrieved from /opt/airflow/dags/move_bronze_to_silver_partitioned.py
[2025-04-28T01:16:41.881+0000] {logging_mixin.py:188} INFO - [2025-04-28T01:16:41.881+0000] {dag.py:3096} INFO - Sync 1 DAGs
[2025-04-28T01:16:41.885+0000] {logging_mixin.py:188} INFO - [2025-04-28T01:16:41.885+0000] {dag.py:3954} INFO - Setting next_dagrun for move_bronze_to_silver_partitioned to None, run_after=None
[2025-04-28T01:16:41.894+0000] {processor.py:183} INFO - Processing /opt/airflow/dags/move_bronze_to_silver_partitioned.py took 0.246 seconds
[2025-04-28T01:17:04.869+0000] {processor.py:161} INFO - Started process (PID=165) to work on /opt/airflow/dags/move_bronze_to_silver_partitioned.py
[2025-04-28T01:17:04.872+0000] {processor.py:830} INFO - Processing file /opt/airflow/dags/move_bronze_to_silver_partitioned.py for tasks to queue
[2025-04-28T01:17:04.874+0000] {logging_mixin.py:188} INFO - [2025-04-28T01:17:04.873+0000] {dagbag.py:540} INFO - Filling up the DagBag from /opt/airflow/dags/move_bronze_to_silver_partitioned.py
[2025-04-28T01:17:05.030+0000] {processor.py:840} INFO - DAG(s) 'move_bronze_to_silver_partitioned' retrieved from /opt/airflow/dags/move_bronze_to_silver_partitioned.py
[2025-04-28T01:17:05.147+0000] {logging_mixin.py:188} INFO - [2025-04-28T01:17:05.147+0000] {dag.py:3096} INFO - Sync 1 DAGs
[2025-04-28T01:17:05.153+0000] {logging_mixin.py:188} INFO - [2025-04-28T01:17:05.153+0000] {dag.py:3954} INFO - Setting next_dagrun for move_bronze_to_silver_partitioned to None, run_after=None
[2025-04-28T01:17:05.163+0000] {processor.py:183} INFO - Processing /opt/airflow/dags/move_bronze_to_silver_partitioned.py took 0.297 seconds
[2025-04-28T01:17:36.038+0000] {processor.py:161} INFO - Started process (PID=195) to work on /opt/airflow/dags/move_bronze_to_silver_partitioned.py
[2025-04-28T01:17:36.039+0000] {processor.py:830} INFO - Processing file /opt/airflow/dags/move_bronze_to_silver_partitioned.py for tasks to queue
[2025-04-28T01:17:36.040+0000] {logging_mixin.py:188} INFO - [2025-04-28T01:17:36.040+0000] {dagbag.py:540} INFO - Filling up the DagBag from /opt/airflow/dags/move_bronze_to_silver_partitioned.py
[2025-04-28T01:17:36.273+0000] {processor.py:840} INFO - DAG(s) 'move_bronze_to_silver_partitioned' retrieved from /opt/airflow/dags/move_bronze_to_silver_partitioned.py
[2025-04-28T01:17:36.316+0000] {logging_mixin.py:188} INFO - [2025-04-28T01:17:36.316+0000] {dag.py:3096} INFO - Sync 1 DAGs
[2025-04-28T01:17:36.320+0000] {logging_mixin.py:188} INFO - [2025-04-28T01:17:36.320+0000] {dag.py:3954} INFO - Setting next_dagrun for move_bronze_to_silver_partitioned to None, run_after=None
[2025-04-28T01:17:36.335+0000] {processor.py:183} INFO - Processing /opt/airflow/dags/move_bronze_to_silver_partitioned.py took 0.303 seconds
[2025-04-28T01:18:07.307+0000] {processor.py:161} INFO - Started process (PID=228) to work on /opt/airflow/dags/move_bronze_to_silver_partitioned.py
[2025-04-28T01:18:07.308+0000] {processor.py:830} INFO - Processing file /opt/airflow/dags/move_bronze_to_silver_partitioned.py for tasks to queue
[2025-04-28T01:18:07.309+0000] {logging_mixin.py:188} INFO - [2025-04-28T01:18:07.309+0000] {dagbag.py:540} INFO - Filling up the DagBag from /opt/airflow/dags/move_bronze_to_silver_partitioned.py
[2025-04-28T01:18:07.533+0000] {processor.py:840} INFO - DAG(s) 'move_bronze_to_silver_partitioned' retrieved from /opt/airflow/dags/move_bronze_to_silver_partitioned.py
[2025-04-28T01:18:07.545+0000] {logging_mixin.py:188} INFO - [2025-04-28T01:18:07.545+0000] {dag.py:3096} INFO - Sync 1 DAGs
[2025-04-28T01:18:07.551+0000] {logging_mixin.py:188} INFO - [2025-04-28T01:18:07.550+0000] {dag.py:3954} INFO - Setting next_dagrun for move_bronze_to_silver_partitioned to None, run_after=None
[2025-04-28T01:18:07.562+0000] {processor.py:183} INFO - Processing /opt/airflow/dags/move_bronze_to_silver_partitioned.py took 0.260 seconds
[2025-04-28T01:18:38.132+0000] {processor.py:161} INFO - Started process (PID=258) to work on /opt/airflow/dags/move_bronze_to_silver_partitioned.py
[2025-04-28T01:18:38.135+0000] {processor.py:830} INFO - Processing file /opt/airflow/dags/move_bronze_to_silver_partitioned.py for tasks to queue
[2025-04-28T01:18:38.137+0000] {logging_mixin.py:188} INFO - [2025-04-28T01:18:38.136+0000] {dagbag.py:540} INFO - Filling up the DagBag from /opt/airflow/dags/move_bronze_to_silver_partitioned.py
[2025-04-28T01:18:38.371+0000] {processor.py:840} INFO - DAG(s) 'move_bronze_to_silver_partitioned' retrieved from /opt/airflow/dags/move_bronze_to_silver_partitioned.py
[2025-04-28T01:18:38.383+0000] {logging_mixin.py:188} INFO - [2025-04-28T01:18:38.383+0000] {dag.py:3096} INFO - Sync 1 DAGs
[2025-04-28T01:18:38.388+0000] {logging_mixin.py:188} INFO - [2025-04-28T01:18:38.388+0000] {dag.py:3954} INFO - Setting next_dagrun for move_bronze_to_silver_partitioned to None, run_after=None
[2025-04-28T01:18:38.401+0000] {processor.py:183} INFO - Processing /opt/airflow/dags/move_bronze_to_silver_partitioned.py took 0.274 seconds
[2025-04-28T01:19:08.975+0000] {processor.py:161} INFO - Started process (PID=291) to work on /opt/airflow/dags/move_bronze_to_silver_partitioned.py
[2025-04-28T01:19:08.975+0000] {processor.py:830} INFO - Processing file /opt/airflow/dags/move_bronze_to_silver_partitioned.py for tasks to queue
[2025-04-28T01:19:08.977+0000] {logging_mixin.py:188} INFO - [2025-04-28T01:19:08.977+0000] {dagbag.py:540} INFO - Filling up the DagBag from /opt/airflow/dags/move_bronze_to_silver_partitioned.py
[2025-04-28T01:19:09.199+0000] {processor.py:840} INFO - DAG(s) 'move_bronze_to_silver_partitioned' retrieved from /opt/airflow/dags/move_bronze_to_silver_partitioned.py
[2025-04-28T01:19:09.211+0000] {logging_mixin.py:188} INFO - [2025-04-28T01:19:09.211+0000] {dag.py:3096} INFO - Sync 1 DAGs
[2025-04-28T01:19:09.215+0000] {logging_mixin.py:188} INFO - [2025-04-28T01:19:09.215+0000] {dag.py:3954} INFO - Setting next_dagrun for move_bronze_to_silver_partitioned to None, run_after=None
[2025-04-28T01:19:09.227+0000] {processor.py:183} INFO - Processing /opt/airflow/dags/move_bronze_to_silver_partitioned.py took 0.259 seconds
[2025-04-28T01:19:39.818+0000] {processor.py:161} INFO - Started process (PID=344) to work on /opt/airflow/dags/move_bronze_to_silver_partitioned.py
[2025-04-28T01:19:39.818+0000] {processor.py:830} INFO - Processing file /opt/airflow/dags/move_bronze_to_silver_partitioned.py for tasks to queue
[2025-04-28T01:19:39.820+0000] {logging_mixin.py:188} INFO - [2025-04-28T01:19:39.820+0000] {dagbag.py:540} INFO - Filling up the DagBag from /opt/airflow/dags/move_bronze_to_silver_partitioned.py
[2025-04-28T01:19:40.045+0000] {processor.py:840} INFO - DAG(s) 'move_bronze_to_silver_partitioned' retrieved from /opt/airflow/dags/move_bronze_to_silver_partitioned.py
[2025-04-28T01:19:40.057+0000] {logging_mixin.py:188} INFO - [2025-04-28T01:19:40.057+0000] {dag.py:3096} INFO - Sync 1 DAGs
[2025-04-28T01:19:40.062+0000] {logging_mixin.py:188} INFO - [2025-04-28T01:19:40.062+0000] {dag.py:3954} INFO - Setting next_dagrun for move_bronze_to_silver_partitioned to None, run_after=None
[2025-04-28T01:19:40.074+0000] {processor.py:183} INFO - Processing /opt/airflow/dags/move_bronze_to_silver_partitioned.py took 0.262 seconds
[2025-04-28T01:20:10.658+0000] {processor.py:161} INFO - Started process (PID=374) to work on /opt/airflow/dags/move_bronze_to_silver_partitioned.py
[2025-04-28T01:20:10.659+0000] {processor.py:830} INFO - Processing file /opt/airflow/dags/move_bronze_to_silver_partitioned.py for tasks to queue
[2025-04-28T01:20:10.660+0000] {logging_mixin.py:188} INFO - [2025-04-28T01:20:10.660+0000] {dagbag.py:540} INFO - Filling up the DagBag from /opt/airflow/dags/move_bronze_to_silver_partitioned.py
[2025-04-28T01:20:10.887+0000] {processor.py:840} INFO - DAG(s) 'move_bronze_to_silver_partitioned' retrieved from /opt/airflow/dags/move_bronze_to_silver_partitioned.py
[2025-04-28T01:20:10.899+0000] {logging_mixin.py:188} INFO - [2025-04-28T01:20:10.899+0000] {dag.py:3096} INFO - Sync 1 DAGs
[2025-04-28T01:20:10.905+0000] {logging_mixin.py:188} INFO - [2025-04-28T01:20:10.905+0000] {dag.py:3954} INFO - Setting next_dagrun for move_bronze_to_silver_partitioned to None, run_after=None
[2025-04-28T01:20:10.914+0000] {processor.py:183} INFO - Processing /opt/airflow/dags/move_bronze_to_silver_partitioned.py took 0.260 seconds
[2025-04-28T01:20:41.533+0000] {processor.py:161} INFO - Started process (PID=431) to work on /opt/airflow/dags/move_bronze_to_silver_partitioned.py
[2025-04-28T01:20:41.534+0000] {processor.py:830} INFO - Processing file /opt/airflow/dags/move_bronze_to_silver_partitioned.py for tasks to queue
[2025-04-28T01:20:41.535+0000] {logging_mixin.py:188} INFO - [2025-04-28T01:20:41.535+0000] {dagbag.py:540} INFO - Filling up the DagBag from /opt/airflow/dags/move_bronze_to_silver_partitioned.py
[2025-04-28T01:20:41.767+0000] {processor.py:840} INFO - DAG(s) 'move_bronze_to_silver_partitioned' retrieved from /opt/airflow/dags/move_bronze_to_silver_partitioned.py
[2025-04-28T01:20:41.779+0000] {logging_mixin.py:188} INFO - [2025-04-28T01:20:41.779+0000] {dag.py:3096} INFO - Sync 1 DAGs
[2025-04-28T01:20:41.786+0000] {logging_mixin.py:188} INFO - [2025-04-28T01:20:41.785+0000] {dag.py:3954} INFO - Setting next_dagrun for move_bronze_to_silver_partitioned to None, run_after=None
[2025-04-28T01:20:41.796+0000] {processor.py:183} INFO - Processing /opt/airflow/dags/move_bronze_to_silver_partitioned.py took 0.269 seconds
[2025-04-28T01:21:12.430+0000] {processor.py:161} INFO - Started process (PID=461) to work on /opt/airflow/dags/move_bronze_to_silver_partitioned.py
[2025-04-28T01:21:12.431+0000] {processor.py:830} INFO - Processing file /opt/airflow/dags/move_bronze_to_silver_partitioned.py for tasks to queue
[2025-04-28T01:21:12.433+0000] {logging_mixin.py:188} INFO - [2025-04-28T01:21:12.432+0000] {dagbag.py:540} INFO - Filling up the DagBag from /opt/airflow/dags/move_bronze_to_silver_partitioned.py
[2025-04-28T01:21:12.677+0000] {processor.py:840} INFO - DAG(s) 'move_bronze_to_silver_partitioned' retrieved from /opt/airflow/dags/move_bronze_to_silver_partitioned.py
[2025-04-28T01:21:12.690+0000] {logging_mixin.py:188} INFO - [2025-04-28T01:21:12.690+0000] {dag.py:3096} INFO - Sync 1 DAGs
[2025-04-28T01:21:12.695+0000] {logging_mixin.py:188} INFO - [2025-04-28T01:21:12.695+0000] {dag.py:3954} INFO - Setting next_dagrun for move_bronze_to_silver_partitioned to None, run_after=None
[2025-04-28T01:21:12.707+0000] {processor.py:183} INFO - Processing /opt/airflow/dags/move_bronze_to_silver_partitioned.py took 0.282 seconds
[2025-04-28T01:21:43.301+0000] {processor.py:161} INFO - Started process (PID=491) to work on /opt/airflow/dags/move_bronze_to_silver_partitioned.py
[2025-04-28T01:21:43.302+0000] {processor.py:830} INFO - Processing file /opt/airflow/dags/move_bronze_to_silver_partitioned.py for tasks to queue
[2025-04-28T01:21:43.304+0000] {logging_mixin.py:188} INFO - [2025-04-28T01:21:43.303+0000] {dagbag.py:540} INFO - Filling up the DagBag from /opt/airflow/dags/move_bronze_to_silver_partitioned.py
[2025-04-28T01:21:43.535+0000] {processor.py:840} INFO - DAG(s) 'move_bronze_to_silver_partitioned' retrieved from /opt/airflow/dags/move_bronze_to_silver_partitioned.py
[2025-04-28T01:21:43.548+0000] {logging_mixin.py:188} INFO - [2025-04-28T01:21:43.547+0000] {dag.py:3096} INFO - Sync 1 DAGs
[2025-04-28T01:21:43.553+0000] {logging_mixin.py:188} INFO - [2025-04-28T01:21:43.553+0000] {dag.py:3954} INFO - Setting next_dagrun for move_bronze_to_silver_partitioned to None, run_after=None
[2025-04-28T01:21:43.564+0000] {processor.py:183} INFO - Processing /opt/airflow/dags/move_bronze_to_silver_partitioned.py took 0.270 seconds
[2025-04-28T01:22:14.469+0000] {processor.py:161} INFO - Started process (PID=521) to work on /opt/airflow/dags/move_bronze_to_silver_partitioned.py
[2025-04-28T01:22:14.470+0000] {processor.py:830} INFO - Processing file /opt/airflow/dags/move_bronze_to_silver_partitioned.py for tasks to queue
[2025-04-28T01:22:14.471+0000] {logging_mixin.py:188} INFO - [2025-04-28T01:22:14.471+0000] {dagbag.py:540} INFO - Filling up the DagBag from /opt/airflow/dags/move_bronze_to_silver_partitioned.py
[2025-04-28T01:22:14.700+0000] {processor.py:840} INFO - DAG(s) 'move_bronze_to_silver_partitioned' retrieved from /opt/airflow/dags/move_bronze_to_silver_partitioned.py
[2025-04-28T01:22:14.715+0000] {logging_mixin.py:188} INFO - [2025-04-28T01:22:14.715+0000] {dag.py:3096} INFO - Sync 1 DAGs
[2025-04-28T01:22:14.719+0000] {logging_mixin.py:188} INFO - [2025-04-28T01:22:14.719+0000] {dag.py:3954} INFO - Setting next_dagrun for move_bronze_to_silver_partitioned to None, run_after=None
[2025-04-28T01:22:14.732+0000] {processor.py:183} INFO - Processing /opt/airflow/dags/move_bronze_to_silver_partitioned.py took 0.267 seconds
[2025-04-28T01:22:45.339+0000] {processor.py:161} INFO - Started process (PID=551) to work on /opt/airflow/dags/move_bronze_to_silver_partitioned.py
[2025-04-28T01:22:45.340+0000] {processor.py:830} INFO - Processing file /opt/airflow/dags/move_bronze_to_silver_partitioned.py for tasks to queue
[2025-04-28T01:22:45.342+0000] {logging_mixin.py:188} INFO - [2025-04-28T01:22:45.341+0000] {dagbag.py:540} INFO - Filling up the DagBag from /opt/airflow/dags/move_bronze_to_silver_partitioned.py
[2025-04-28T01:22:45.567+0000] {processor.py:840} INFO - DAG(s) 'move_bronze_to_silver_partitioned' retrieved from /opt/airflow/dags/move_bronze_to_silver_partitioned.py
[2025-04-28T01:22:45.581+0000] {logging_mixin.py:188} INFO - [2025-04-28T01:22:45.581+0000] {dag.py:3096} INFO - Sync 1 DAGs
[2025-04-28T01:22:45.586+0000] {logging_mixin.py:188} INFO - [2025-04-28T01:22:45.586+0000] {dag.py:3954} INFO - Setting next_dagrun for move_bronze_to_silver_partitioned to None, run_after=None
[2025-04-28T01:22:45.595+0000] {processor.py:183} INFO - Processing /opt/airflow/dags/move_bronze_to_silver_partitioned.py took 0.263 seconds
[2025-04-28T01:23:17.105+0000] {processor.py:161} INFO - Started process (PID=168) to work on /opt/airflow/dags/move_bronze_to_silver_partitioned.py
[2025-04-28T01:23:17.106+0000] {processor.py:830} INFO - Processing file /opt/airflow/dags/move_bronze_to_silver_partitioned.py for tasks to queue
[2025-04-28T01:23:17.107+0000] {logging_mixin.py:188} INFO - [2025-04-28T01:23:17.107+0000] {dagbag.py:540} INFO - Filling up the DagBag from /opt/airflow/dags/move_bronze_to_silver_partitioned.py
[2025-04-28T01:23:17.249+0000] {processor.py:840} INFO - DAG(s) 'move_bronze_to_silver_partitioned' retrieved from /opt/airflow/dags/move_bronze_to_silver_partitioned.py
[2025-04-28T01:23:17.354+0000] {logging_mixin.py:188} INFO - [2025-04-28T01:23:17.354+0000] {dag.py:3096} INFO - Sync 1 DAGs
[2025-04-28T01:23:17.359+0000] {logging_mixin.py:188} INFO - [2025-04-28T01:23:17.359+0000] {dag.py:3954} INFO - Setting next_dagrun for move_bronze_to_silver_partitioned to None, run_after=None
[2025-04-28T01:23:17.370+0000] {processor.py:183} INFO - Processing /opt/airflow/dags/move_bronze_to_silver_partitioned.py took 0.267 seconds
[2025-04-28T01:23:48.283+0000] {processor.py:161} INFO - Started process (PID=212) to work on /opt/airflow/dags/move_bronze_to_silver_partitioned.py
[2025-04-28T01:23:48.285+0000] {processor.py:830} INFO - Processing file /opt/airflow/dags/move_bronze_to_silver_partitioned.py for tasks to queue
[2025-04-28T01:23:48.286+0000] {logging_mixin.py:188} INFO - [2025-04-28T01:23:48.286+0000] {dagbag.py:540} INFO - Filling up the DagBag from /opt/airflow/dags/move_bronze_to_silver_partitioned.py
[2025-04-28T01:23:48.518+0000] {processor.py:840} INFO - DAG(s) 'move_bronze_to_silver_partitioned' retrieved from /opt/airflow/dags/move_bronze_to_silver_partitioned.py
[2025-04-28T01:23:48.533+0000] {logging_mixin.py:188} INFO - [2025-04-28T01:23:48.533+0000] {dag.py:3096} INFO - Sync 1 DAGs
[2025-04-28T01:23:48.539+0000] {logging_mixin.py:188} INFO - [2025-04-28T01:23:48.539+0000] {dag.py:3954} INFO - Setting next_dagrun for move_bronze_to_silver_partitioned to None, run_after=None
[2025-04-28T01:23:48.549+0000] {processor.py:183} INFO - Processing /opt/airflow/dags/move_bronze_to_silver_partitioned.py took 0.270 seconds
[2025-04-28T01:24:19.162+0000] {processor.py:161} INFO - Started process (PID=242) to work on /opt/airflow/dags/move_bronze_to_silver_partitioned.py
[2025-04-28T01:24:19.164+0000] {processor.py:830} INFO - Processing file /opt/airflow/dags/move_bronze_to_silver_partitioned.py for tasks to queue
[2025-04-28T01:24:19.165+0000] {logging_mixin.py:188} INFO - [2025-04-28T01:24:19.165+0000] {dagbag.py:540} INFO - Filling up the DagBag from /opt/airflow/dags/move_bronze_to_silver_partitioned.py
[2025-04-28T01:24:19.403+0000] {processor.py:840} INFO - DAG(s) 'move_bronze_to_silver_partitioned' retrieved from /opt/airflow/dags/move_bronze_to_silver_partitioned.py
[2025-04-28T01:24:19.419+0000] {logging_mixin.py:188} INFO - [2025-04-28T01:24:19.419+0000] {dag.py:3096} INFO - Sync 1 DAGs
[2025-04-28T01:24:19.425+0000] {logging_mixin.py:188} INFO - [2025-04-28T01:24:19.425+0000] {dag.py:3954} INFO - Setting next_dagrun for move_bronze_to_silver_partitioned to None, run_after=None
[2025-04-28T01:24:19.434+0000] {processor.py:183} INFO - Processing /opt/airflow/dags/move_bronze_to_silver_partitioned.py took 0.278 seconds
[2025-04-28T01:24:50.031+0000] {processor.py:161} INFO - Started process (PID=272) to work on /opt/airflow/dags/move_bronze_to_silver_partitioned.py
[2025-04-28T01:24:50.032+0000] {processor.py:830} INFO - Processing file /opt/airflow/dags/move_bronze_to_silver_partitioned.py for tasks to queue
[2025-04-28T01:24:50.035+0000] {logging_mixin.py:188} INFO - [2025-04-28T01:24:50.034+0000] {dagbag.py:540} INFO - Filling up the DagBag from /opt/airflow/dags/move_bronze_to_silver_partitioned.py
[2025-04-28T01:24:50.269+0000] {processor.py:840} INFO - DAG(s) 'move_bronze_to_silver_partitioned' retrieved from /opt/airflow/dags/move_bronze_to_silver_partitioned.py
[2025-04-28T01:24:50.285+0000] {logging_mixin.py:188} INFO - [2025-04-28T01:24:50.285+0000] {dag.py:3096} INFO - Sync 1 DAGs
[2025-04-28T01:24:50.290+0000] {logging_mixin.py:188} INFO - [2025-04-28T01:24:50.290+0000] {dag.py:3954} INFO - Setting next_dagrun for move_bronze_to_silver_partitioned to None, run_after=None
[2025-04-28T01:24:50.300+0000] {processor.py:183} INFO - Processing /opt/airflow/dags/move_bronze_to_silver_partitioned.py took 0.275 seconds
[2025-04-28T01:25:20.939+0000] {processor.py:161} INFO - Started process (PID=302) to work on /opt/airflow/dags/move_bronze_to_silver_partitioned.py
[2025-04-28T01:25:20.939+0000] {processor.py:830} INFO - Processing file /opt/airflow/dags/move_bronze_to_silver_partitioned.py for tasks to queue
[2025-04-28T01:25:20.941+0000] {logging_mixin.py:188} INFO - [2025-04-28T01:25:20.941+0000] {dagbag.py:540} INFO - Filling up the DagBag from /opt/airflow/dags/move_bronze_to_silver_partitioned.py
[2025-04-28T01:25:21.161+0000] {processor.py:840} INFO - DAG(s) 'move_bronze_to_silver_partitioned' retrieved from /opt/airflow/dags/move_bronze_to_silver_partitioned.py
[2025-04-28T01:25:21.173+0000] {logging_mixin.py:188} INFO - [2025-04-28T01:25:21.172+0000] {dag.py:3096} INFO - Sync 1 DAGs
[2025-04-28T01:25:21.177+0000] {logging_mixin.py:188} INFO - [2025-04-28T01:25:21.177+0000] {dag.py:3954} INFO - Setting next_dagrun for move_bronze_to_silver_partitioned to None, run_after=None
[2025-04-28T01:25:21.185+0000] {processor.py:183} INFO - Processing /opt/airflow/dags/move_bronze_to_silver_partitioned.py took 0.251 seconds
[2025-04-28T01:25:51.771+0000] {processor.py:161} INFO - Started process (PID=332) to work on /opt/airflow/dags/move_bronze_to_silver_partitioned.py
[2025-04-28T01:25:51.771+0000] {processor.py:830} INFO - Processing file /opt/airflow/dags/move_bronze_to_silver_partitioned.py for tasks to queue
[2025-04-28T01:25:51.775+0000] {logging_mixin.py:188} INFO - [2025-04-28T01:25:51.775+0000] {dagbag.py:540} INFO - Filling up the DagBag from /opt/airflow/dags/move_bronze_to_silver_partitioned.py
[2025-04-28T01:25:51.987+0000] {processor.py:840} INFO - DAG(s) 'move_bronze_to_silver_partitioned' retrieved from /opt/airflow/dags/move_bronze_to_silver_partitioned.py
[2025-04-28T01:25:51.999+0000] {logging_mixin.py:188} INFO - [2025-04-28T01:25:51.999+0000] {dag.py:3096} INFO - Sync 1 DAGs
[2025-04-28T01:25:52.005+0000] {logging_mixin.py:188} INFO - [2025-04-28T01:25:52.005+0000] {dag.py:3954} INFO - Setting next_dagrun for move_bronze_to_silver_partitioned to None, run_after=None
[2025-04-28T01:25:52.015+0000] {processor.py:183} INFO - Processing /opt/airflow/dags/move_bronze_to_silver_partitioned.py took 0.247 seconds
[2025-04-28T01:26:22.639+0000] {processor.py:161} INFO - Started process (PID=362) to work on /opt/airflow/dags/move_bronze_to_silver_partitioned.py
[2025-04-28T01:26:22.640+0000] {processor.py:830} INFO - Processing file /opt/airflow/dags/move_bronze_to_silver_partitioned.py for tasks to queue
[2025-04-28T01:26:22.641+0000] {logging_mixin.py:188} INFO - [2025-04-28T01:26:22.641+0000] {dagbag.py:540} INFO - Filling up the DagBag from /opt/airflow/dags/move_bronze_to_silver_partitioned.py
[2025-04-28T01:26:22.864+0000] {processor.py:840} INFO - DAG(s) 'move_bronze_to_silver_partitioned' retrieved from /opt/airflow/dags/move_bronze_to_silver_partitioned.py
[2025-04-28T01:26:22.883+0000] {logging_mixin.py:188} INFO - [2025-04-28T01:26:22.880+0000] {dag.py:3096} INFO - Sync 1 DAGs
[2025-04-28T01:26:22.888+0000] {logging_mixin.py:188} INFO - [2025-04-28T01:26:22.888+0000] {dag.py:3954} INFO - Setting next_dagrun for move_bronze_to_silver_partitioned to None, run_after=None
[2025-04-28T01:26:22.897+0000] {processor.py:183} INFO - Processing /opt/airflow/dags/move_bronze_to_silver_partitioned.py took 0.263 seconds
[2025-04-28T01:26:53.507+0000] {processor.py:161} INFO - Started process (PID=392) to work on /opt/airflow/dags/move_bronze_to_silver_partitioned.py
[2025-04-28T01:26:53.508+0000] {processor.py:830} INFO - Processing file /opt/airflow/dags/move_bronze_to_silver_partitioned.py for tasks to queue
[2025-04-28T01:26:53.512+0000] {logging_mixin.py:188} INFO - [2025-04-28T01:26:53.512+0000] {dagbag.py:540} INFO - Filling up the DagBag from /opt/airflow/dags/move_bronze_to_silver_partitioned.py
[2025-04-28T01:26:53.730+0000] {processor.py:840} INFO - DAG(s) 'move_bronze_to_silver_partitioned' retrieved from /opt/airflow/dags/move_bronze_to_silver_partitioned.py
[2025-04-28T01:26:53.742+0000] {logging_mixin.py:188} INFO - [2025-04-28T01:26:53.742+0000] {dag.py:3096} INFO - Sync 1 DAGs
[2025-04-28T01:26:53.747+0000] {logging_mixin.py:188} INFO - [2025-04-28T01:26:53.747+0000] {dag.py:3954} INFO - Setting next_dagrun for move_bronze_to_silver_partitioned to None, run_after=None
[2025-04-28T01:26:53.758+0000] {processor.py:183} INFO - Processing /opt/airflow/dags/move_bronze_to_silver_partitioned.py took 0.257 seconds
[2025-04-28T01:27:24.355+0000] {processor.py:161} INFO - Started process (PID=422) to work on /opt/airflow/dags/move_bronze_to_silver_partitioned.py
[2025-04-28T01:27:24.356+0000] {processor.py:830} INFO - Processing file /opt/airflow/dags/move_bronze_to_silver_partitioned.py for tasks to queue
[2025-04-28T01:27:24.357+0000] {logging_mixin.py:188} INFO - [2025-04-28T01:27:24.357+0000] {dagbag.py:540} INFO - Filling up the DagBag from /opt/airflow/dags/move_bronze_to_silver_partitioned.py
[2025-04-28T01:27:24.578+0000] {processor.py:840} INFO - DAG(s) 'move_bronze_to_silver_partitioned' retrieved from /opt/airflow/dags/move_bronze_to_silver_partitioned.py
[2025-04-28T01:27:24.592+0000] {logging_mixin.py:188} INFO - [2025-04-28T01:27:24.591+0000] {dag.py:3096} INFO - Sync 1 DAGs
[2025-04-28T01:27:24.596+0000] {logging_mixin.py:188} INFO - [2025-04-28T01:27:24.596+0000] {dag.py:3954} INFO - Setting next_dagrun for move_bronze_to_silver_partitioned to None, run_after=None
[2025-04-28T01:27:24.605+0000] {processor.py:183} INFO - Processing /opt/airflow/dags/move_bronze_to_silver_partitioned.py took 0.255 seconds
[2025-04-28T01:27:55.263+0000] {processor.py:161} INFO - Started process (PID=452) to work on /opt/airflow/dags/move_bronze_to_silver_partitioned.py
[2025-04-28T01:27:55.264+0000] {processor.py:830} INFO - Processing file /opt/airflow/dags/move_bronze_to_silver_partitioned.py for tasks to queue
[2025-04-28T01:27:55.266+0000] {logging_mixin.py:188} INFO - [2025-04-28T01:27:55.266+0000] {dagbag.py:540} INFO - Filling up the DagBag from /opt/airflow/dags/move_bronze_to_silver_partitioned.py
[2025-04-28T01:27:55.489+0000] {processor.py:840} INFO - DAG(s) 'move_bronze_to_silver_partitioned' retrieved from /opt/airflow/dags/move_bronze_to_silver_partitioned.py
[2025-04-28T01:27:55.500+0000] {logging_mixin.py:188} INFO - [2025-04-28T01:27:55.500+0000] {dag.py:3096} INFO - Sync 1 DAGs
[2025-04-28T01:27:55.504+0000] {logging_mixin.py:188} INFO - [2025-04-28T01:27:55.504+0000] {dag.py:3954} INFO - Setting next_dagrun for move_bronze_to_silver_partitioned to None, run_after=None
[2025-04-28T01:27:55.518+0000] {processor.py:183} INFO - Processing /opt/airflow/dags/move_bronze_to_silver_partitioned.py took 0.260 seconds
[2025-04-28T01:28:26.105+0000] {processor.py:161} INFO - Started process (PID=482) to work on /opt/airflow/dags/move_bronze_to_silver_partitioned.py
[2025-04-28T01:28:26.107+0000] {processor.py:830} INFO - Processing file /opt/airflow/dags/move_bronze_to_silver_partitioned.py for tasks to queue
[2025-04-28T01:28:26.108+0000] {logging_mixin.py:188} INFO - [2025-04-28T01:28:26.108+0000] {dagbag.py:540} INFO - Filling up the DagBag from /opt/airflow/dags/move_bronze_to_silver_partitioned.py
[2025-04-28T01:28:26.334+0000] {processor.py:840} INFO - DAG(s) 'move_bronze_to_silver_partitioned' retrieved from /opt/airflow/dags/move_bronze_to_silver_partitioned.py
[2025-04-28T01:28:26.346+0000] {logging_mixin.py:188} INFO - [2025-04-28T01:28:26.346+0000] {dag.py:3096} INFO - Sync 1 DAGs
[2025-04-28T01:28:26.353+0000] {logging_mixin.py:188} INFO - [2025-04-28T01:28:26.353+0000] {dag.py:3954} INFO - Setting next_dagrun for move_bronze_to_silver_partitioned to None, run_after=None
[2025-04-28T01:28:26.364+0000] {processor.py:183} INFO - Processing /opt/airflow/dags/move_bronze_to_silver_partitioned.py took 0.263 seconds
[2025-04-28T01:28:56.964+0000] {processor.py:161} INFO - Started process (PID=512) to work on /opt/airflow/dags/move_bronze_to_silver_partitioned.py
[2025-04-28T01:28:56.964+0000] {processor.py:830} INFO - Processing file /opt/airflow/dags/move_bronze_to_silver_partitioned.py for tasks to queue
[2025-04-28T01:28:56.969+0000] {logging_mixin.py:188} INFO - [2025-04-28T01:28:56.969+0000] {dagbag.py:540} INFO - Filling up the DagBag from /opt/airflow/dags/move_bronze_to_silver_partitioned.py
[2025-04-28T01:28:57.186+0000] {processor.py:840} INFO - DAG(s) 'move_bronze_to_silver_partitioned' retrieved from /opt/airflow/dags/move_bronze_to_silver_partitioned.py
[2025-04-28T01:28:57.202+0000] {logging_mixin.py:188} INFO - [2025-04-28T01:28:57.201+0000] {dag.py:3096} INFO - Sync 1 DAGs
[2025-04-28T01:28:57.206+0000] {logging_mixin.py:188} INFO - [2025-04-28T01:28:57.206+0000] {dag.py:3954} INFO - Setting next_dagrun for move_bronze_to_silver_partitioned to None, run_after=None
[2025-04-28T01:28:57.216+0000] {processor.py:183} INFO - Processing /opt/airflow/dags/move_bronze_to_silver_partitioned.py took 0.256 seconds
[2025-04-28T01:29:28.074+0000] {processor.py:161} INFO - Started process (PID=542) to work on /opt/airflow/dags/move_bronze_to_silver_partitioned.py
[2025-04-28T01:29:28.075+0000] {processor.py:830} INFO - Processing file /opt/airflow/dags/move_bronze_to_silver_partitioned.py for tasks to queue
[2025-04-28T01:29:28.076+0000] {logging_mixin.py:188} INFO - [2025-04-28T01:29:28.076+0000] {dagbag.py:540} INFO - Filling up the DagBag from /opt/airflow/dags/move_bronze_to_silver_partitioned.py
[2025-04-28T01:29:28.297+0000] {processor.py:840} INFO - DAG(s) 'move_bronze_to_silver_partitioned' retrieved from /opt/airflow/dags/move_bronze_to_silver_partitioned.py
[2025-04-28T01:29:28.310+0000] {logging_mixin.py:188} INFO - [2025-04-28T01:29:28.310+0000] {dag.py:3096} INFO - Sync 1 DAGs
[2025-04-28T01:29:28.316+0000] {logging_mixin.py:188} INFO - [2025-04-28T01:29:28.316+0000] {dag.py:3954} INFO - Setting next_dagrun for move_bronze_to_silver_partitioned to None, run_after=None
[2025-04-28T01:29:28.326+0000] {processor.py:183} INFO - Processing /opt/airflow/dags/move_bronze_to_silver_partitioned.py took 0.256 seconds
[2025-04-28T01:29:58.912+0000] {processor.py:161} INFO - Started process (PID=572) to work on /opt/airflow/dags/move_bronze_to_silver_partitioned.py
[2025-04-28T01:29:58.913+0000] {processor.py:830} INFO - Processing file /opt/airflow/dags/move_bronze_to_silver_partitioned.py for tasks to queue
[2025-04-28T01:29:58.916+0000] {logging_mixin.py:188} INFO - [2025-04-28T01:29:58.916+0000] {dagbag.py:540} INFO - Filling up the DagBag from /opt/airflow/dags/move_bronze_to_silver_partitioned.py
[2025-04-28T01:29:59.140+0000] {processor.py:840} INFO - DAG(s) 'move_bronze_to_silver_partitioned' retrieved from /opt/airflow/dags/move_bronze_to_silver_partitioned.py
[2025-04-28T01:29:59.151+0000] {logging_mixin.py:188} INFO - [2025-04-28T01:29:59.151+0000] {dag.py:3096} INFO - Sync 1 DAGs
[2025-04-28T01:29:59.156+0000] {logging_mixin.py:188} INFO - [2025-04-28T01:29:59.156+0000] {dag.py:3954} INFO - Setting next_dagrun for move_bronze_to_silver_partitioned to None, run_after=None
[2025-04-28T01:29:59.166+0000] {processor.py:183} INFO - Processing /opt/airflow/dags/move_bronze_to_silver_partitioned.py took 0.260 seconds
[2025-04-28T01:30:29.791+0000] {processor.py:161} INFO - Started process (PID=602) to work on /opt/airflow/dags/move_bronze_to_silver_partitioned.py
[2025-04-28T01:30:29.792+0000] {processor.py:830} INFO - Processing file /opt/airflow/dags/move_bronze_to_silver_partitioned.py for tasks to queue
[2025-04-28T01:30:29.793+0000] {logging_mixin.py:188} INFO - [2025-04-28T01:30:29.793+0000] {dagbag.py:540} INFO - Filling up the DagBag from /opt/airflow/dags/move_bronze_to_silver_partitioned.py
[2025-04-28T01:30:30.012+0000] {processor.py:840} INFO - DAG(s) 'move_bronze_to_silver_partitioned' retrieved from /opt/airflow/dags/move_bronze_to_silver_partitioned.py
[2025-04-28T01:30:30.026+0000] {logging_mixin.py:188} INFO - [2025-04-28T01:30:30.026+0000] {dag.py:3096} INFO - Sync 1 DAGs
[2025-04-28T01:30:30.031+0000] {logging_mixin.py:188} INFO - [2025-04-28T01:30:30.031+0000] {dag.py:3954} INFO - Setting next_dagrun for move_bronze_to_silver_partitioned to None, run_after=None
[2025-04-28T01:30:30.040+0000] {processor.py:183} INFO - Processing /opt/airflow/dags/move_bronze_to_silver_partitioned.py took 0.255 seconds
[2025-04-28T01:31:00.924+0000] {processor.py:161} INFO - Started process (PID=632) to work on /opt/airflow/dags/move_bronze_to_silver_partitioned.py
[2025-04-28T01:31:00.925+0000] {processor.py:830} INFO - Processing file /opt/airflow/dags/move_bronze_to_silver_partitioned.py for tasks to queue
[2025-04-28T01:31:00.926+0000] {logging_mixin.py:188} INFO - [2025-04-28T01:31:00.926+0000] {dagbag.py:540} INFO - Filling up the DagBag from /opt/airflow/dags/move_bronze_to_silver_partitioned.py
[2025-04-28T01:31:01.148+0000] {processor.py:840} INFO - DAG(s) 'move_bronze_to_silver_partitioned' retrieved from /opt/airflow/dags/move_bronze_to_silver_partitioned.py
[2025-04-28T01:31:01.160+0000] {logging_mixin.py:188} INFO - [2025-04-28T01:31:01.160+0000] {dag.py:3096} INFO - Sync 1 DAGs
[2025-04-28T01:31:01.165+0000] {logging_mixin.py:188} INFO - [2025-04-28T01:31:01.165+0000] {dag.py:3954} INFO - Setting next_dagrun for move_bronze_to_silver_partitioned to None, run_after=None
[2025-04-28T01:31:01.175+0000] {processor.py:183} INFO - Processing /opt/airflow/dags/move_bronze_to_silver_partitioned.py took 0.254 seconds
[2025-04-28T01:31:31.815+0000] {processor.py:161} INFO - Started process (PID=662) to work on /opt/airflow/dags/move_bronze_to_silver_partitioned.py
[2025-04-28T01:31:31.816+0000] {processor.py:830} INFO - Processing file /opt/airflow/dags/move_bronze_to_silver_partitioned.py for tasks to queue
[2025-04-28T01:31:31.818+0000] {logging_mixin.py:188} INFO - [2025-04-28T01:31:31.818+0000] {dagbag.py:540} INFO - Filling up the DagBag from /opt/airflow/dags/move_bronze_to_silver_partitioned.py
[2025-04-28T01:31:32.051+0000] {processor.py:840} INFO - DAG(s) 'move_bronze_to_silver_partitioned' retrieved from /opt/airflow/dags/move_bronze_to_silver_partitioned.py
[2025-04-28T01:31:32.064+0000] {logging_mixin.py:188} INFO - [2025-04-28T01:31:32.064+0000] {dag.py:3096} INFO - Sync 1 DAGs
[2025-04-28T01:31:32.069+0000] {logging_mixin.py:188} INFO - [2025-04-28T01:31:32.069+0000] {dag.py:3954} INFO - Setting next_dagrun for move_bronze_to_silver_partitioned to None, run_after=None
[2025-04-28T01:31:32.080+0000] {processor.py:183} INFO - Processing /opt/airflow/dags/move_bronze_to_silver_partitioned.py took 0.269 seconds
[2025-04-28T01:33:28.059+0000] {processor.py:161} INFO - Started process (PID=693) to work on /opt/airflow/dags/move_bronze_to_silver_partitioned.py
[2025-04-28T01:33:28.060+0000] {processor.py:830} INFO - Processing file /opt/airflow/dags/move_bronze_to_silver_partitioned.py for tasks to queue
[2025-04-28T01:33:28.061+0000] {logging_mixin.py:188} INFO - [2025-04-28T01:33:28.061+0000] {dagbag.py:540} INFO - Filling up the DagBag from /opt/airflow/dags/move_bronze_to_silver_partitioned.py
[2025-04-28T01:33:28.468+0000] {processor.py:840} INFO - DAG(s) 'move_bronze_to_silver_partitioned' retrieved from /opt/airflow/dags/move_bronze_to_silver_partitioned.py
[2025-04-28T01:33:28.483+0000] {logging_mixin.py:188} INFO - [2025-04-28T01:33:28.483+0000] {dag.py:3096} INFO - Sync 1 DAGs
[2025-04-28T01:33:28.494+0000] {logging_mixin.py:188} INFO - [2025-04-28T01:33:28.494+0000] {dag.py:3954} INFO - Setting next_dagrun for move_bronze_to_silver_partitioned to None, run_after=None
[2025-04-28T01:33:28.507+0000] {processor.py:183} INFO - Processing /opt/airflow/dags/move_bronze_to_silver_partitioned.py took 0.451 seconds
[2025-04-28T01:48:46.109+0000] {processor.py:161} INFO - Started process (PID=724) to work on /opt/airflow/dags/move_bronze_to_silver_partitioned.py
[2025-04-28T01:48:46.111+0000] {processor.py:830} INFO - Processing file /opt/airflow/dags/move_bronze_to_silver_partitioned.py for tasks to queue
[2025-04-28T01:48:46.112+0000] {logging_mixin.py:188} INFO - [2025-04-28T01:48:46.111+0000] {dagbag.py:540} INFO - Filling up the DagBag from /opt/airflow/dags/move_bronze_to_silver_partitioned.py
[2025-04-28T01:48:46.339+0000] {processor.py:840} INFO - DAG(s) 'move_bronze_to_silver_partitioned' retrieved from /opt/airflow/dags/move_bronze_to_silver_partitioned.py
[2025-04-28T01:48:46.352+0000] {logging_mixin.py:188} INFO - [2025-04-28T01:48:46.352+0000] {dag.py:3096} INFO - Sync 1 DAGs
[2025-04-28T01:48:46.357+0000] {logging_mixin.py:188} INFO - [2025-04-28T01:48:46.356+0000] {dag.py:3954} INFO - Setting next_dagrun for move_bronze_to_silver_partitioned to None, run_after=None
[2025-04-28T01:48:46.368+0000] {processor.py:183} INFO - Processing /opt/airflow/dags/move_bronze_to_silver_partitioned.py took 0.262 seconds
[2025-04-28T01:49:17.062+0000] {processor.py:161} INFO - Started process (PID=754) to work on /opt/airflow/dags/move_bronze_to_silver_partitioned.py
[2025-04-28T01:49:17.064+0000] {processor.py:830} INFO - Processing file /opt/airflow/dags/move_bronze_to_silver_partitioned.py for tasks to queue
[2025-04-28T01:49:17.064+0000] {logging_mixin.py:188} INFO - [2025-04-28T01:49:17.064+0000] {dagbag.py:540} INFO - Filling up the DagBag from /opt/airflow/dags/move_bronze_to_silver_partitioned.py
[2025-04-28T01:49:17.290+0000] {processor.py:840} INFO - DAG(s) 'move_bronze_to_silver_partitioned' retrieved from /opt/airflow/dags/move_bronze_to_silver_partitioned.py
[2025-04-28T01:49:17.302+0000] {logging_mixin.py:188} INFO - [2025-04-28T01:49:17.302+0000] {dag.py:3096} INFO - Sync 1 DAGs
[2025-04-28T01:49:17.307+0000] {logging_mixin.py:188} INFO - [2025-04-28T01:49:17.307+0000] {dag.py:3954} INFO - Setting next_dagrun for move_bronze_to_silver_partitioned to None, run_after=None
[2025-04-28T01:49:17.317+0000] {processor.py:183} INFO - Processing /opt/airflow/dags/move_bronze_to_silver_partitioned.py took 0.259 seconds
[2025-04-28T01:49:47.972+0000] {processor.py:161} INFO - Started process (PID=784) to work on /opt/airflow/dags/move_bronze_to_silver_partitioned.py
[2025-04-28T01:49:47.974+0000] {processor.py:830} INFO - Processing file /opt/airflow/dags/move_bronze_to_silver_partitioned.py for tasks to queue
[2025-04-28T01:49:47.976+0000] {logging_mixin.py:188} INFO - [2025-04-28T01:49:47.976+0000] {dagbag.py:540} INFO - Filling up the DagBag from /opt/airflow/dags/move_bronze_to_silver_partitioned.py
[2025-04-28T01:49:48.201+0000] {processor.py:840} INFO - DAG(s) 'move_bronze_to_silver_partitioned' retrieved from /opt/airflow/dags/move_bronze_to_silver_partitioned.py
[2025-04-28T01:49:48.213+0000] {logging_mixin.py:188} INFO - [2025-04-28T01:49:48.213+0000] {dag.py:3096} INFO - Sync 1 DAGs
[2025-04-28T01:49:48.220+0000] {logging_mixin.py:188} INFO - [2025-04-28T01:49:48.219+0000] {dag.py:3954} INFO - Setting next_dagrun for move_bronze_to_silver_partitioned to None, run_after=None
[2025-04-28T01:49:48.230+0000] {processor.py:183} INFO - Processing /opt/airflow/dags/move_bronze_to_silver_partitioned.py took 0.263 seconds
[2025-04-28T01:50:18.855+0000] {processor.py:161} INFO - Started process (PID=814) to work on /opt/airflow/dags/move_bronze_to_silver_partitioned.py
[2025-04-28T01:50:18.856+0000] {processor.py:830} INFO - Processing file /opt/airflow/dags/move_bronze_to_silver_partitioned.py for tasks to queue
[2025-04-28T01:50:18.857+0000] {logging_mixin.py:188} INFO - [2025-04-28T01:50:18.857+0000] {dagbag.py:540} INFO - Filling up the DagBag from /opt/airflow/dags/move_bronze_to_silver_partitioned.py
[2025-04-28T01:50:19.090+0000] {processor.py:840} INFO - DAG(s) 'move_bronze_to_silver_partitioned' retrieved from /opt/airflow/dags/move_bronze_to_silver_partitioned.py
[2025-04-28T01:50:19.104+0000] {logging_mixin.py:188} INFO - [2025-04-28T01:50:19.104+0000] {dag.py:3096} INFO - Sync 1 DAGs
[2025-04-28T01:50:19.110+0000] {logging_mixin.py:188} INFO - [2025-04-28T01:50:19.109+0000] {dag.py:3954} INFO - Setting next_dagrun for move_bronze_to_silver_partitioned to None, run_after=None
[2025-04-28T01:50:19.120+0000] {processor.py:183} INFO - Processing /opt/airflow/dags/move_bronze_to_silver_partitioned.py took 0.270 seconds
[2025-04-28T01:50:50.046+0000] {processor.py:161} INFO - Started process (PID=844) to work on /opt/airflow/dags/move_bronze_to_silver_partitioned.py
[2025-04-28T01:50:50.049+0000] {processor.py:830} INFO - Processing file /opt/airflow/dags/move_bronze_to_silver_partitioned.py for tasks to queue
[2025-04-28T01:50:50.052+0000] {logging_mixin.py:188} INFO - [2025-04-28T01:50:50.051+0000] {dagbag.py:540} INFO - Filling up the DagBag from /opt/airflow/dags/move_bronze_to_silver_partitioned.py
[2025-04-28T01:50:50.279+0000] {processor.py:840} INFO - DAG(s) 'move_bronze_to_silver_partitioned' retrieved from /opt/airflow/dags/move_bronze_to_silver_partitioned.py
[2025-04-28T01:50:50.291+0000] {logging_mixin.py:188} INFO - [2025-04-28T01:50:50.291+0000] {dag.py:3096} INFO - Sync 1 DAGs
[2025-04-28T01:50:50.296+0000] {logging_mixin.py:188} INFO - [2025-04-28T01:50:50.296+0000] {dag.py:3954} INFO - Setting next_dagrun for move_bronze_to_silver_partitioned to None, run_after=None
[2025-04-28T01:50:50.309+0000] {processor.py:183} INFO - Processing /opt/airflow/dags/move_bronze_to_silver_partitioned.py took 0.266 seconds
[2025-04-28T01:51:20.875+0000] {processor.py:161} INFO - Started process (PID=874) to work on /opt/airflow/dags/move_bronze_to_silver_partitioned.py
[2025-04-28T01:51:20.876+0000] {processor.py:830} INFO - Processing file /opt/airflow/dags/move_bronze_to_silver_partitioned.py for tasks to queue
[2025-04-28T01:51:20.877+0000] {logging_mixin.py:188} INFO - [2025-04-28T01:51:20.877+0000] {dagbag.py:540} INFO - Filling up the DagBag from /opt/airflow/dags/move_bronze_to_silver_partitioned.py
[2025-04-28T01:51:21.102+0000] {processor.py:840} INFO - DAG(s) 'move_bronze_to_silver_partitioned' retrieved from /opt/airflow/dags/move_bronze_to_silver_partitioned.py
[2025-04-28T01:51:21.117+0000] {logging_mixin.py:188} INFO - [2025-04-28T01:51:21.117+0000] {dag.py:3096} INFO - Sync 1 DAGs
[2025-04-28T01:51:21.121+0000] {logging_mixin.py:188} INFO - [2025-04-28T01:51:21.121+0000] {dag.py:3954} INFO - Setting next_dagrun for move_bronze_to_silver_partitioned to None, run_after=None
[2025-04-28T01:51:21.133+0000] {processor.py:183} INFO - Processing /opt/airflow/dags/move_bronze_to_silver_partitioned.py took 0.263 seconds
[2025-04-28T01:51:36.437+0000] {processor.py:161} INFO - Started process (PID=174) to work on /opt/airflow/dags/move_bronze_to_silver_partitioned.py
[2025-04-28T01:51:36.437+0000] {processor.py:830} INFO - Processing file /opt/airflow/dags/move_bronze_to_silver_partitioned.py for tasks to queue
[2025-04-28T01:51:36.439+0000] {logging_mixin.py:188} INFO - [2025-04-28T01:51:36.439+0000] {dagbag.py:540} INFO - Filling up the DagBag from /opt/airflow/dags/move_bronze_to_silver_partitioned.py
[2025-04-28T01:51:36.598+0000] {processor.py:840} INFO - DAG(s) 'move_bronze_to_silver_partitioned' retrieved from /opt/airflow/dags/move_bronze_to_silver_partitioned.py
[2025-04-28T01:51:36.607+0000] {logging_mixin.py:188} INFO - [2025-04-28T01:51:36.607+0000] {dag.py:3096} INFO - Sync 1 DAGs
[2025-04-28T01:51:36.708+0000] {logging_mixin.py:188} INFO - [2025-04-28T01:51:36.708+0000] {dag.py:3954} INFO - Setting next_dagrun for move_bronze_to_silver_partitioned to None, run_after=None
[2025-04-28T01:51:36.727+0000] {processor.py:183} INFO - Processing /opt/airflow/dags/move_bronze_to_silver_partitioned.py took 0.293 seconds
[2025-04-28T01:52:07.409+0000] {processor.py:161} INFO - Started process (PID=209) to work on /opt/airflow/dags/move_bronze_to_silver_partitioned.py
[2025-04-28T01:52:07.409+0000] {processor.py:830} INFO - Processing file /opt/airflow/dags/move_bronze_to_silver_partitioned.py for tasks to queue
[2025-04-28T01:52:07.410+0000] {logging_mixin.py:188} INFO - [2025-04-28T01:52:07.410+0000] {dagbag.py:540} INFO - Filling up the DagBag from /opt/airflow/dags/move_bronze_to_silver_partitioned.py
[2025-04-28T01:52:07.634+0000] {processor.py:840} INFO - DAG(s) 'move_bronze_to_silver_partitioned' retrieved from /opt/airflow/dags/move_bronze_to_silver_partitioned.py
[2025-04-28T01:52:07.676+0000] {logging_mixin.py:188} INFO - [2025-04-28T01:52:07.676+0000] {dag.py:3096} INFO - Sync 1 DAGs
[2025-04-28T01:52:07.680+0000] {logging_mixin.py:188} INFO - [2025-04-28T01:52:07.680+0000] {dag.py:3954} INFO - Setting next_dagrun for move_bronze_to_silver_partitioned to None, run_after=None
[2025-04-28T01:52:07.690+0000] {processor.py:183} INFO - Processing /opt/airflow/dags/move_bronze_to_silver_partitioned.py took 0.284 seconds
[2025-04-28T01:52:38.540+0000] {processor.py:161} INFO - Started process (PID=306) to work on /opt/airflow/dags/move_bronze_to_silver_partitioned.py
[2025-04-28T01:52:38.540+0000] {processor.py:830} INFO - Processing file /opt/airflow/dags/move_bronze_to_silver_partitioned.py for tasks to queue
[2025-04-28T01:52:38.543+0000] {logging_mixin.py:188} INFO - [2025-04-28T01:52:38.543+0000] {dagbag.py:540} INFO - Filling up the DagBag from /opt/airflow/dags/move_bronze_to_silver_partitioned.py
[2025-04-28T01:52:38.777+0000] {processor.py:840} INFO - DAG(s) 'move_bronze_to_silver_partitioned' retrieved from /opt/airflow/dags/move_bronze_to_silver_partitioned.py
[2025-04-28T01:52:38.792+0000] {logging_mixin.py:188} INFO - [2025-04-28T01:52:38.792+0000] {dag.py:3096} INFO - Sync 1 DAGs
[2025-04-28T01:52:38.798+0000] {logging_mixin.py:188} INFO - [2025-04-28T01:52:38.798+0000] {dag.py:3954} INFO - Setting next_dagrun for move_bronze_to_silver_partitioned to None, run_after=None
[2025-04-28T01:52:38.808+0000] {processor.py:183} INFO - Processing /opt/airflow/dags/move_bronze_to_silver_partitioned.py took 0.272 seconds
[2025-04-28T01:53:09.738+0000] {processor.py:161} INFO - Started process (PID=341) to work on /opt/airflow/dags/move_bronze_to_silver_partitioned.py
[2025-04-28T01:53:09.739+0000] {processor.py:830} INFO - Processing file /opt/airflow/dags/move_bronze_to_silver_partitioned.py for tasks to queue
[2025-04-28T01:53:09.741+0000] {logging_mixin.py:188} INFO - [2025-04-28T01:53:09.741+0000] {dagbag.py:540} INFO - Filling up the DagBag from /opt/airflow/dags/move_bronze_to_silver_partitioned.py
[2025-04-28T01:53:09.969+0000] {processor.py:840} INFO - DAG(s) 'move_bronze_to_silver_partitioned' retrieved from /opt/airflow/dags/move_bronze_to_silver_partitioned.py
[2025-04-28T01:53:09.984+0000] {logging_mixin.py:188} INFO - [2025-04-28T01:53:09.984+0000] {dag.py:3096} INFO - Sync 1 DAGs
[2025-04-28T01:53:09.992+0000] {logging_mixin.py:188} INFO - [2025-04-28T01:53:09.992+0000] {dag.py:3954} INFO - Setting next_dagrun for move_bronze_to_silver_partitioned to None, run_after=None
[2025-04-28T01:53:10.003+0000] {processor.py:183} INFO - Processing /opt/airflow/dags/move_bronze_to_silver_partitioned.py took 0.270 seconds
[2025-04-28T01:53:40.891+0000] {processor.py:161} INFO - Started process (PID=376) to work on /opt/airflow/dags/move_bronze_to_silver_partitioned.py
[2025-04-28T01:53:40.895+0000] {processor.py:830} INFO - Processing file /opt/airflow/dags/move_bronze_to_silver_partitioned.py for tasks to queue
[2025-04-28T01:53:40.898+0000] {logging_mixin.py:188} INFO - [2025-04-28T01:53:40.897+0000] {dagbag.py:540} INFO - Filling up the DagBag from /opt/airflow/dags/move_bronze_to_silver_partitioned.py
[2025-04-28T01:53:41.120+0000] {processor.py:840} INFO - DAG(s) 'move_bronze_to_silver_partitioned' retrieved from /opt/airflow/dags/move_bronze_to_silver_partitioned.py
[2025-04-28T01:53:41.133+0000] {logging_mixin.py:188} INFO - [2025-04-28T01:53:41.133+0000] {dag.py:3096} INFO - Sync 1 DAGs
[2025-04-28T01:53:41.138+0000] {logging_mixin.py:188} INFO - [2025-04-28T01:53:41.138+0000] {dag.py:3954} INFO - Setting next_dagrun for move_bronze_to_silver_partitioned to None, run_after=None
[2025-04-28T01:53:41.149+0000] {processor.py:183} INFO - Processing /opt/airflow/dags/move_bronze_to_silver_partitioned.py took 0.262 seconds
[2025-04-28T01:54:12.072+0000] {processor.py:161} INFO - Started process (PID=411) to work on /opt/airflow/dags/move_bronze_to_silver_partitioned.py
[2025-04-28T01:54:12.073+0000] {processor.py:830} INFO - Processing file /opt/airflow/dags/move_bronze_to_silver_partitioned.py for tasks to queue
[2025-04-28T01:54:12.074+0000] {logging_mixin.py:188} INFO - [2025-04-28T01:54:12.074+0000] {dagbag.py:540} INFO - Filling up the DagBag from /opt/airflow/dags/move_bronze_to_silver_partitioned.py
[2025-04-28T01:54:12.298+0000] {processor.py:840} INFO - DAG(s) 'move_bronze_to_silver_partitioned' retrieved from /opt/airflow/dags/move_bronze_to_silver_partitioned.py
[2025-04-28T01:54:12.315+0000] {logging_mixin.py:188} INFO - [2025-04-28T01:54:12.315+0000] {dag.py:3096} INFO - Sync 1 DAGs
[2025-04-28T01:54:12.320+0000] {logging_mixin.py:188} INFO - [2025-04-28T01:54:12.319+0000] {dag.py:3954} INFO - Setting next_dagrun for move_bronze_to_silver_partitioned to None, run_after=None
[2025-04-28T01:54:12.334+0000] {processor.py:183} INFO - Processing /opt/airflow/dags/move_bronze_to_silver_partitioned.py took 0.267 seconds
[2025-04-28T01:54:43.255+0000] {processor.py:161} INFO - Started process (PID=445) to work on /opt/airflow/dags/move_bronze_to_silver_partitioned.py
[2025-04-28T01:54:43.257+0000] {processor.py:830} INFO - Processing file /opt/airflow/dags/move_bronze_to_silver_partitioned.py for tasks to queue
[2025-04-28T01:54:43.259+0000] {logging_mixin.py:188} INFO - [2025-04-28T01:54:43.259+0000] {dagbag.py:540} INFO - Filling up the DagBag from /opt/airflow/dags/move_bronze_to_silver_partitioned.py
[2025-04-28T01:54:43.487+0000] {processor.py:840} INFO - DAG(s) 'move_bronze_to_silver_partitioned' retrieved from /opt/airflow/dags/move_bronze_to_silver_partitioned.py
[2025-04-28T01:54:43.501+0000] {logging_mixin.py:188} INFO - [2025-04-28T01:54:43.501+0000] {dag.py:3096} INFO - Sync 1 DAGs
[2025-04-28T01:54:43.506+0000] {logging_mixin.py:188} INFO - [2025-04-28T01:54:43.506+0000] {dag.py:3954} INFO - Setting next_dagrun for move_bronze_to_silver_partitioned to None, run_after=None
[2025-04-28T01:54:43.517+0000] {processor.py:183} INFO - Processing /opt/airflow/dags/move_bronze_to_silver_partitioned.py took 0.267 seconds
[2025-04-28T01:55:14.452+0000] {processor.py:161} INFO - Started process (PID=481) to work on /opt/airflow/dags/move_bronze_to_silver_partitioned.py
[2025-04-28T01:55:14.456+0000] {processor.py:830} INFO - Processing file /opt/airflow/dags/move_bronze_to_silver_partitioned.py for tasks to queue
[2025-04-28T01:55:14.457+0000] {logging_mixin.py:188} INFO - [2025-04-28T01:55:14.457+0000] {dagbag.py:540} INFO - Filling up the DagBag from /opt/airflow/dags/move_bronze_to_silver_partitioned.py
[2025-04-28T01:55:14.677+0000] {processor.py:840} INFO - DAG(s) 'move_bronze_to_silver_partitioned' retrieved from /opt/airflow/dags/move_bronze_to_silver_partitioned.py
[2025-04-28T01:55:14.691+0000] {logging_mixin.py:188} INFO - [2025-04-28T01:55:14.691+0000] {dag.py:3096} INFO - Sync 1 DAGs
[2025-04-28T01:55:14.695+0000] {logging_mixin.py:188} INFO - [2025-04-28T01:55:14.695+0000] {dag.py:3954} INFO - Setting next_dagrun for move_bronze_to_silver_partitioned to None, run_after=None
[2025-04-28T01:55:14.708+0000] {processor.py:183} INFO - Processing /opt/airflow/dags/move_bronze_to_silver_partitioned.py took 0.259 seconds
[2025-04-28T01:55:45.616+0000] {processor.py:161} INFO - Started process (PID=516) to work on /opt/airflow/dags/move_bronze_to_silver_partitioned.py
[2025-04-28T01:55:45.618+0000] {processor.py:830} INFO - Processing file /opt/airflow/dags/move_bronze_to_silver_partitioned.py for tasks to queue
[2025-04-28T01:55:45.620+0000] {logging_mixin.py:188} INFO - [2025-04-28T01:55:45.619+0000] {dagbag.py:540} INFO - Filling up the DagBag from /opt/airflow/dags/move_bronze_to_silver_partitioned.py
[2025-04-28T01:55:45.850+0000] {processor.py:840} INFO - DAG(s) 'move_bronze_to_silver_partitioned' retrieved from /opt/airflow/dags/move_bronze_to_silver_partitioned.py
[2025-04-28T01:55:45.862+0000] {logging_mixin.py:188} INFO - [2025-04-28T01:55:45.862+0000] {dag.py:3096} INFO - Sync 1 DAGs
[2025-04-28T01:55:45.867+0000] {logging_mixin.py:188} INFO - [2025-04-28T01:55:45.867+0000] {dag.py:3954} INFO - Setting next_dagrun for move_bronze_to_silver_partitioned to None, run_after=None
[2025-04-28T01:55:45.878+0000] {processor.py:183} INFO - Processing /opt/airflow/dags/move_bronze_to_silver_partitioned.py took 0.267 seconds
[2025-04-28T01:56:16.737+0000] {processor.py:161} INFO - Started process (PID=551) to work on /opt/airflow/dags/move_bronze_to_silver_partitioned.py
[2025-04-28T01:56:16.738+0000] {processor.py:830} INFO - Processing file /opt/airflow/dags/move_bronze_to_silver_partitioned.py for tasks to queue
[2025-04-28T01:56:16.739+0000] {logging_mixin.py:188} INFO - [2025-04-28T01:56:16.739+0000] {dagbag.py:540} INFO - Filling up the DagBag from /opt/airflow/dags/move_bronze_to_silver_partitioned.py
[2025-04-28T01:56:16.960+0000] {processor.py:840} INFO - DAG(s) 'move_bronze_to_silver_partitioned' retrieved from /opt/airflow/dags/move_bronze_to_silver_partitioned.py
[2025-04-28T01:56:16.970+0000] {logging_mixin.py:188} INFO - [2025-04-28T01:56:16.970+0000] {dag.py:3096} INFO - Sync 1 DAGs
[2025-04-28T01:56:16.975+0000] {logging_mixin.py:188} INFO - [2025-04-28T01:56:16.975+0000] {dag.py:3954} INFO - Setting next_dagrun for move_bronze_to_silver_partitioned to None, run_after=None
[2025-04-28T01:56:16.987+0000] {processor.py:183} INFO - Processing /opt/airflow/dags/move_bronze_to_silver_partitioned.py took 0.255 seconds
[2025-04-28T01:56:47.636+0000] {processor.py:161} INFO - Started process (PID=586) to work on /opt/airflow/dags/move_bronze_to_silver_partitioned.py
[2025-04-28T01:56:47.638+0000] {processor.py:830} INFO - Processing file /opt/airflow/dags/move_bronze_to_silver_partitioned.py for tasks to queue
[2025-04-28T01:56:47.639+0000] {logging_mixin.py:188} INFO - [2025-04-28T01:56:47.639+0000] {dagbag.py:540} INFO - Filling up the DagBag from /opt/airflow/dags/move_bronze_to_silver_partitioned.py
[2025-04-28T01:56:47.871+0000] {processor.py:840} INFO - DAG(s) 'move_bronze_to_silver_partitioned' retrieved from /opt/airflow/dags/move_bronze_to_silver_partitioned.py
[2025-04-28T01:56:47.886+0000] {logging_mixin.py:188} INFO - [2025-04-28T01:56:47.886+0000] {dag.py:3096} INFO - Sync 1 DAGs
[2025-04-28T01:56:47.893+0000] {logging_mixin.py:188} INFO - [2025-04-28T01:56:47.893+0000] {dag.py:3954} INFO - Setting next_dagrun for move_bronze_to_silver_partitioned to None, run_after=None
[2025-04-28T01:56:47.906+0000] {processor.py:183} INFO - Processing /opt/airflow/dags/move_bronze_to_silver_partitioned.py took 0.276 seconds
[2025-04-28T01:57:18.855+0000] {processor.py:161} INFO - Started process (PID=621) to work on /opt/airflow/dags/move_bronze_to_silver_partitioned.py
[2025-04-28T01:57:18.856+0000] {processor.py:830} INFO - Processing file /opt/airflow/dags/move_bronze_to_silver_partitioned.py for tasks to queue
[2025-04-28T01:57:18.859+0000] {logging_mixin.py:188} INFO - [2025-04-28T01:57:18.859+0000] {dagbag.py:540} INFO - Filling up the DagBag from /opt/airflow/dags/move_bronze_to_silver_partitioned.py
[2025-04-28T01:57:19.112+0000] {processor.py:840} INFO - DAG(s) 'move_bronze_to_silver_partitioned' retrieved from /opt/airflow/dags/move_bronze_to_silver_partitioned.py
[2025-04-28T01:57:19.125+0000] {logging_mixin.py:188} INFO - [2025-04-28T01:57:19.125+0000] {dag.py:3096} INFO - Sync 1 DAGs
[2025-04-28T01:57:19.131+0000] {logging_mixin.py:188} INFO - [2025-04-28T01:57:19.131+0000] {dag.py:3954} INFO - Setting next_dagrun for move_bronze_to_silver_partitioned to None, run_after=None
[2025-04-28T01:57:19.142+0000] {processor.py:183} INFO - Processing /opt/airflow/dags/move_bronze_to_silver_partitioned.py took 0.290 seconds
[2025-04-28T01:57:50.012+0000] {processor.py:161} INFO - Started process (PID=656) to work on /opt/airflow/dags/move_bronze_to_silver_partitioned.py
[2025-04-28T01:57:50.013+0000] {processor.py:830} INFO - Processing file /opt/airflow/dags/move_bronze_to_silver_partitioned.py for tasks to queue
[2025-04-28T01:57:50.018+0000] {logging_mixin.py:188} INFO - [2025-04-28T01:57:50.018+0000] {dagbag.py:540} INFO - Filling up the DagBag from /opt/airflow/dags/move_bronze_to_silver_partitioned.py
[2025-04-28T01:57:50.233+0000] {processor.py:840} INFO - DAG(s) 'move_bronze_to_silver_partitioned' retrieved from /opt/airflow/dags/move_bronze_to_silver_partitioned.py
[2025-04-28T01:57:50.246+0000] {logging_mixin.py:188} INFO - [2025-04-28T01:57:50.245+0000] {dag.py:3096} INFO - Sync 1 DAGs
[2025-04-28T01:57:50.252+0000] {logging_mixin.py:188} INFO - [2025-04-28T01:57:50.252+0000] {dag.py:3954} INFO - Setting next_dagrun for move_bronze_to_silver_partitioned to None, run_after=None
[2025-04-28T01:57:50.261+0000] {processor.py:183} INFO - Processing /opt/airflow/dags/move_bronze_to_silver_partitioned.py took 0.253 seconds
[2025-04-28T01:58:21.181+0000] {processor.py:161} INFO - Started process (PID=691) to work on /opt/airflow/dags/move_bronze_to_silver_partitioned.py
[2025-04-28T01:58:21.182+0000] {processor.py:830} INFO - Processing file /opt/airflow/dags/move_bronze_to_silver_partitioned.py for tasks to queue
[2025-04-28T01:58:21.183+0000] {logging_mixin.py:188} INFO - [2025-04-28T01:58:21.183+0000] {dagbag.py:540} INFO - Filling up the DagBag from /opt/airflow/dags/move_bronze_to_silver_partitioned.py
[2025-04-28T01:58:21.405+0000] {processor.py:840} INFO - DAG(s) 'move_bronze_to_silver_partitioned' retrieved from /opt/airflow/dags/move_bronze_to_silver_partitioned.py
[2025-04-28T01:58:21.420+0000] {logging_mixin.py:188} INFO - [2025-04-28T01:58:21.420+0000] {dag.py:3096} INFO - Sync 1 DAGs
[2025-04-28T01:58:21.425+0000] {logging_mixin.py:188} INFO - [2025-04-28T01:58:21.425+0000] {dag.py:3954} INFO - Setting next_dagrun for move_bronze_to_silver_partitioned to None, run_after=None
[2025-04-28T01:58:21.436+0000] {processor.py:183} INFO - Processing /opt/airflow/dags/move_bronze_to_silver_partitioned.py took 0.259 seconds
[2025-04-28T01:58:52.331+0000] {processor.py:161} INFO - Started process (PID=726) to work on /opt/airflow/dags/move_bronze_to_silver_partitioned.py
[2025-04-28T01:58:52.332+0000] {processor.py:830} INFO - Processing file /opt/airflow/dags/move_bronze_to_silver_partitioned.py for tasks to queue
[2025-04-28T01:58:52.333+0000] {logging_mixin.py:188} INFO - [2025-04-28T01:58:52.333+0000] {dagbag.py:540} INFO - Filling up the DagBag from /opt/airflow/dags/move_bronze_to_silver_partitioned.py
[2025-04-28T01:58:52.556+0000] {processor.py:840} INFO - DAG(s) 'move_bronze_to_silver_partitioned' retrieved from /opt/airflow/dags/move_bronze_to_silver_partitioned.py
[2025-04-28T01:58:52.566+0000] {logging_mixin.py:188} INFO - [2025-04-28T01:58:52.566+0000] {dag.py:3096} INFO - Sync 1 DAGs
[2025-04-28T01:58:52.571+0000] {logging_mixin.py:188} INFO - [2025-04-28T01:58:52.571+0000] {dag.py:3954} INFO - Setting next_dagrun for move_bronze_to_silver_partitioned to None, run_after=None
[2025-04-28T01:58:52.584+0000] {processor.py:183} INFO - Processing /opt/airflow/dags/move_bronze_to_silver_partitioned.py took 0.258 seconds
[2025-04-28T01:59:23.445+0000] {processor.py:161} INFO - Started process (PID=761) to work on /opt/airflow/dags/move_bronze_to_silver_partitioned.py
[2025-04-28T01:59:23.446+0000] {processor.py:830} INFO - Processing file /opt/airflow/dags/move_bronze_to_silver_partitioned.py for tasks to queue
[2025-04-28T01:59:23.448+0000] {logging_mixin.py:188} INFO - [2025-04-28T01:59:23.448+0000] {dagbag.py:540} INFO - Filling up the DagBag from /opt/airflow/dags/move_bronze_to_silver_partitioned.py
[2025-04-28T01:59:23.674+0000] {processor.py:840} INFO - DAG(s) 'move_bronze_to_silver_partitioned' retrieved from /opt/airflow/dags/move_bronze_to_silver_partitioned.py
[2025-04-28T01:59:23.687+0000] {logging_mixin.py:188} INFO - [2025-04-28T01:59:23.687+0000] {dag.py:3096} INFO - Sync 1 DAGs
[2025-04-28T01:59:23.693+0000] {logging_mixin.py:188} INFO - [2025-04-28T01:59:23.693+0000] {dag.py:3954} INFO - Setting next_dagrun for move_bronze_to_silver_partitioned to None, run_after=None
[2025-04-28T01:59:23.703+0000] {processor.py:183} INFO - Processing /opt/airflow/dags/move_bronze_to_silver_partitioned.py took 0.261 seconds
[2025-04-28T01:59:54.560+0000] {processor.py:161} INFO - Started process (PID=796) to work on /opt/airflow/dags/move_bronze_to_silver_partitioned.py
[2025-04-28T01:59:54.561+0000] {processor.py:830} INFO - Processing file /opt/airflow/dags/move_bronze_to_silver_partitioned.py for tasks to queue
[2025-04-28T01:59:54.563+0000] {logging_mixin.py:188} INFO - [2025-04-28T01:59:54.563+0000] {dagbag.py:540} INFO - Filling up the DagBag from /opt/airflow/dags/move_bronze_to_silver_partitioned.py
[2025-04-28T01:59:54.788+0000] {processor.py:840} INFO - DAG(s) 'move_bronze_to_silver_partitioned' retrieved from /opt/airflow/dags/move_bronze_to_silver_partitioned.py
[2025-04-28T01:59:54.799+0000] {logging_mixin.py:188} INFO - [2025-04-28T01:59:54.799+0000] {dag.py:3096} INFO - Sync 1 DAGs
[2025-04-28T01:59:54.805+0000] {logging_mixin.py:188} INFO - [2025-04-28T01:59:54.805+0000] {dag.py:3954} INFO - Setting next_dagrun for move_bronze_to_silver_partitioned to None, run_after=None
[2025-04-28T01:59:54.815+0000] {processor.py:183} INFO - Processing /opt/airflow/dags/move_bronze_to_silver_partitioned.py took 0.260 seconds
[2025-04-28T02:00:25.655+0000] {processor.py:161} INFO - Started process (PID=830) to work on /opt/airflow/dags/move_bronze_to_silver_partitioned.py
[2025-04-28T02:00:25.656+0000] {processor.py:830} INFO - Processing file /opt/airflow/dags/move_bronze_to_silver_partitioned.py for tasks to queue
[2025-04-28T02:00:25.658+0000] {logging_mixin.py:188} INFO - [2025-04-28T02:00:25.658+0000] {dagbag.py:540} INFO - Filling up the DagBag from /opt/airflow/dags/move_bronze_to_silver_partitioned.py
[2025-04-28T02:00:25.884+0000] {processor.py:840} INFO - DAG(s) 'move_bronze_to_silver_partitioned' retrieved from /opt/airflow/dags/move_bronze_to_silver_partitioned.py
[2025-04-28T02:00:25.896+0000] {logging_mixin.py:188} INFO - [2025-04-28T02:00:25.896+0000] {dag.py:3096} INFO - Sync 1 DAGs
[2025-04-28T02:00:25.903+0000] {logging_mixin.py:188} INFO - [2025-04-28T02:00:25.903+0000] {dag.py:3954} INFO - Setting next_dagrun for move_bronze_to_silver_partitioned to None, run_after=None
[2025-04-28T02:00:25.914+0000] {processor.py:183} INFO - Processing /opt/airflow/dags/move_bronze_to_silver_partitioned.py took 0.263 seconds
[2025-04-28T02:00:56.783+0000] {processor.py:161} INFO - Started process (PID=866) to work on /opt/airflow/dags/move_bronze_to_silver_partitioned.py
[2025-04-28T02:00:56.785+0000] {processor.py:830} INFO - Processing file /opt/airflow/dags/move_bronze_to_silver_partitioned.py for tasks to queue
[2025-04-28T02:00:56.786+0000] {logging_mixin.py:188} INFO - [2025-04-28T02:00:56.785+0000] {dagbag.py:540} INFO - Filling up the DagBag from /opt/airflow/dags/move_bronze_to_silver_partitioned.py
[2025-04-28T02:00:57.013+0000] {processor.py:840} INFO - DAG(s) 'move_bronze_to_silver_partitioned' retrieved from /opt/airflow/dags/move_bronze_to_silver_partitioned.py
[2025-04-28T02:00:57.029+0000] {logging_mixin.py:188} INFO - [2025-04-28T02:00:57.029+0000] {dag.py:3096} INFO - Sync 1 DAGs
[2025-04-28T02:00:57.035+0000] {logging_mixin.py:188} INFO - [2025-04-28T02:00:57.035+0000] {dag.py:3954} INFO - Setting next_dagrun for move_bronze_to_silver_partitioned to None, run_after=None
[2025-04-28T02:00:57.044+0000] {processor.py:183} INFO - Processing /opt/airflow/dags/move_bronze_to_silver_partitioned.py took 0.266 seconds
[2025-04-28T02:01:27.944+0000] {processor.py:161} INFO - Started process (PID=901) to work on /opt/airflow/dags/move_bronze_to_silver_partitioned.py
[2025-04-28T02:01:27.945+0000] {processor.py:830} INFO - Processing file /opt/airflow/dags/move_bronze_to_silver_partitioned.py for tasks to queue
[2025-04-28T02:01:27.947+0000] {logging_mixin.py:188} INFO - [2025-04-28T02:01:27.947+0000] {dagbag.py:540} INFO - Filling up the DagBag from /opt/airflow/dags/move_bronze_to_silver_partitioned.py
[2025-04-28T02:01:28.173+0000] {processor.py:840} INFO - DAG(s) 'move_bronze_to_silver_partitioned' retrieved from /opt/airflow/dags/move_bronze_to_silver_partitioned.py
[2025-04-28T02:01:28.185+0000] {logging_mixin.py:188} INFO - [2025-04-28T02:01:28.185+0000] {dag.py:3096} INFO - Sync 1 DAGs
[2025-04-28T02:01:28.190+0000] {logging_mixin.py:188} INFO - [2025-04-28T02:01:28.190+0000] {dag.py:3954} INFO - Setting next_dagrun for move_bronze_to_silver_partitioned to None, run_after=None
[2025-04-28T02:01:28.204+0000] {processor.py:183} INFO - Processing /opt/airflow/dags/move_bronze_to_silver_partitioned.py took 0.264 seconds
[2025-04-28T02:01:59.100+0000] {processor.py:161} INFO - Started process (PID=936) to work on /opt/airflow/dags/move_bronze_to_silver_partitioned.py
[2025-04-28T02:01:59.101+0000] {processor.py:830} INFO - Processing file /opt/airflow/dags/move_bronze_to_silver_partitioned.py for tasks to queue
[2025-04-28T02:01:59.103+0000] {logging_mixin.py:188} INFO - [2025-04-28T02:01:59.103+0000] {dagbag.py:540} INFO - Filling up the DagBag from /opt/airflow/dags/move_bronze_to_silver_partitioned.py
[2025-04-28T02:01:59.329+0000] {processor.py:840} INFO - DAG(s) 'move_bronze_to_silver_partitioned' retrieved from /opt/airflow/dags/move_bronze_to_silver_partitioned.py
[2025-04-28T02:01:59.345+0000] {logging_mixin.py:188} INFO - [2025-04-28T02:01:59.345+0000] {dag.py:3096} INFO - Sync 1 DAGs
[2025-04-28T02:01:59.350+0000] {logging_mixin.py:188} INFO - [2025-04-28T02:01:59.350+0000] {dag.py:3954} INFO - Setting next_dagrun for move_bronze_to_silver_partitioned to None, run_after=None
[2025-04-28T02:01:59.361+0000] {processor.py:183} INFO - Processing /opt/airflow/dags/move_bronze_to_silver_partitioned.py took 0.267 seconds
[2025-04-28T02:02:30.254+0000] {processor.py:161} INFO - Started process (PID=971) to work on /opt/airflow/dags/move_bronze_to_silver_partitioned.py
[2025-04-28T02:02:30.255+0000] {processor.py:830} INFO - Processing file /opt/airflow/dags/move_bronze_to_silver_partitioned.py for tasks to queue
[2025-04-28T02:02:30.256+0000] {logging_mixin.py:188} INFO - [2025-04-28T02:02:30.256+0000] {dagbag.py:540} INFO - Filling up the DagBag from /opt/airflow/dags/move_bronze_to_silver_partitioned.py
[2025-04-28T02:02:30.482+0000] {processor.py:840} INFO - DAG(s) 'move_bronze_to_silver_partitioned' retrieved from /opt/airflow/dags/move_bronze_to_silver_partitioned.py
[2025-04-28T02:02:30.494+0000] {logging_mixin.py:188} INFO - [2025-04-28T02:02:30.494+0000] {dag.py:3096} INFO - Sync 1 DAGs
[2025-04-28T02:02:30.499+0000] {logging_mixin.py:188} INFO - [2025-04-28T02:02:30.499+0000] {dag.py:3954} INFO - Setting next_dagrun for move_bronze_to_silver_partitioned to None, run_after=None
[2025-04-28T02:02:30.509+0000] {processor.py:183} INFO - Processing /opt/airflow/dags/move_bronze_to_silver_partitioned.py took 0.258 seconds
[2025-04-28T02:03:01.403+0000] {processor.py:161} INFO - Started process (PID=1006) to work on /opt/airflow/dags/move_bronze_to_silver_partitioned.py
[2025-04-28T02:03:01.404+0000] {processor.py:830} INFO - Processing file /opt/airflow/dags/move_bronze_to_silver_partitioned.py for tasks to queue
[2025-04-28T02:03:01.406+0000] {logging_mixin.py:188} INFO - [2025-04-28T02:03:01.405+0000] {dagbag.py:540} INFO - Filling up the DagBag from /opt/airflow/dags/move_bronze_to_silver_partitioned.py
[2025-04-28T02:03:01.631+0000] {processor.py:840} INFO - DAG(s) 'move_bronze_to_silver_partitioned' retrieved from /opt/airflow/dags/move_bronze_to_silver_partitioned.py
[2025-04-28T02:03:01.643+0000] {logging_mixin.py:188} INFO - [2025-04-28T02:03:01.643+0000] {dag.py:3096} INFO - Sync 1 DAGs
[2025-04-28T02:03:01.648+0000] {logging_mixin.py:188} INFO - [2025-04-28T02:03:01.648+0000] {dag.py:3954} INFO - Setting next_dagrun for move_bronze_to_silver_partitioned to None, run_after=None
[2025-04-28T02:03:01.659+0000] {processor.py:183} INFO - Processing /opt/airflow/dags/move_bronze_to_silver_partitioned.py took 0.260 seconds
[2025-04-28T02:03:32.571+0000] {processor.py:161} INFO - Started process (PID=1041) to work on /opt/airflow/dags/move_bronze_to_silver_partitioned.py
[2025-04-28T02:03:32.572+0000] {processor.py:830} INFO - Processing file /opt/airflow/dags/move_bronze_to_silver_partitioned.py for tasks to queue
[2025-04-28T02:03:32.573+0000] {logging_mixin.py:188} INFO - [2025-04-28T02:03:32.573+0000] {dagbag.py:540} INFO - Filling up the DagBag from /opt/airflow/dags/move_bronze_to_silver_partitioned.py
[2025-04-28T02:03:32.800+0000] {processor.py:840} INFO - DAG(s) 'move_bronze_to_silver_partitioned' retrieved from /opt/airflow/dags/move_bronze_to_silver_partitioned.py
[2025-04-28T02:03:32.814+0000] {logging_mixin.py:188} INFO - [2025-04-28T02:03:32.814+0000] {dag.py:3096} INFO - Sync 1 DAGs
[2025-04-28T02:03:32.819+0000] {logging_mixin.py:188} INFO - [2025-04-28T02:03:32.819+0000] {dag.py:3954} INFO - Setting next_dagrun for move_bronze_to_silver_partitioned to None, run_after=None
[2025-04-28T02:03:32.832+0000] {processor.py:183} INFO - Processing /opt/airflow/dags/move_bronze_to_silver_partitioned.py took 0.266 seconds
[2025-04-28T02:04:03.711+0000] {processor.py:161} INFO - Started process (PID=1076) to work on /opt/airflow/dags/move_bronze_to_silver_partitioned.py
[2025-04-28T02:04:03.712+0000] {processor.py:830} INFO - Processing file /opt/airflow/dags/move_bronze_to_silver_partitioned.py for tasks to queue
[2025-04-28T02:04:03.713+0000] {logging_mixin.py:188} INFO - [2025-04-28T02:04:03.713+0000] {dagbag.py:540} INFO - Filling up the DagBag from /opt/airflow/dags/move_bronze_to_silver_partitioned.py
[2025-04-28T02:04:03.937+0000] {processor.py:840} INFO - DAG(s) 'move_bronze_to_silver_partitioned' retrieved from /opt/airflow/dags/move_bronze_to_silver_partitioned.py
[2025-04-28T02:04:03.954+0000] {logging_mixin.py:188} INFO - [2025-04-28T02:04:03.954+0000] {dag.py:3096} INFO - Sync 1 DAGs
[2025-04-28T02:04:03.958+0000] {logging_mixin.py:188} INFO - [2025-04-28T02:04:03.958+0000] {dag.py:3954} INFO - Setting next_dagrun for move_bronze_to_silver_partitioned to None, run_after=None
[2025-04-28T02:04:03.968+0000] {processor.py:183} INFO - Processing /opt/airflow/dags/move_bronze_to_silver_partitioned.py took 0.262 seconds
[2025-04-28T02:04:34.825+0000] {processor.py:161} INFO - Started process (PID=1111) to work on /opt/airflow/dags/move_bronze_to_silver_partitioned.py
[2025-04-28T02:04:34.826+0000] {processor.py:830} INFO - Processing file /opt/airflow/dags/move_bronze_to_silver_partitioned.py for tasks to queue
[2025-04-28T02:04:34.827+0000] {logging_mixin.py:188} INFO - [2025-04-28T02:04:34.827+0000] {dagbag.py:540} INFO - Filling up the DagBag from /opt/airflow/dags/move_bronze_to_silver_partitioned.py
[2025-04-28T02:04:35.046+0000] {processor.py:840} INFO - DAG(s) 'move_bronze_to_silver_partitioned' retrieved from /opt/airflow/dags/move_bronze_to_silver_partitioned.py
[2025-04-28T02:04:35.057+0000] {logging_mixin.py:188} INFO - [2025-04-28T02:04:35.057+0000] {dag.py:3096} INFO - Sync 1 DAGs
[2025-04-28T02:04:35.062+0000] {logging_mixin.py:188} INFO - [2025-04-28T02:04:35.062+0000] {dag.py:3954} INFO - Setting next_dagrun for move_bronze_to_silver_partitioned to None, run_after=None
[2025-04-28T02:04:35.072+0000] {processor.py:183} INFO - Processing /opt/airflow/dags/move_bronze_to_silver_partitioned.py took 0.250 seconds
[2025-04-28T02:05:05.952+0000] {processor.py:161} INFO - Started process (PID=1146) to work on /opt/airflow/dags/move_bronze_to_silver_partitioned.py
[2025-04-28T02:05:05.952+0000] {processor.py:830} INFO - Processing file /opt/airflow/dags/move_bronze_to_silver_partitioned.py for tasks to queue
[2025-04-28T02:05:05.954+0000] {logging_mixin.py:188} INFO - [2025-04-28T02:05:05.954+0000] {dagbag.py:540} INFO - Filling up the DagBag from /opt/airflow/dags/move_bronze_to_silver_partitioned.py
[2025-04-28T02:05:06.176+0000] {processor.py:840} INFO - DAG(s) 'move_bronze_to_silver_partitioned' retrieved from /opt/airflow/dags/move_bronze_to_silver_partitioned.py
[2025-04-28T02:05:06.189+0000] {logging_mixin.py:188} INFO - [2025-04-28T02:05:06.188+0000] {dag.py:3096} INFO - Sync 1 DAGs
[2025-04-28T02:05:06.193+0000] {logging_mixin.py:188} INFO - [2025-04-28T02:05:06.193+0000] {dag.py:3954} INFO - Setting next_dagrun for move_bronze_to_silver_partitioned to None, run_after=None
[2025-04-28T02:05:06.205+0000] {processor.py:183} INFO - Processing /opt/airflow/dags/move_bronze_to_silver_partitioned.py took 0.259 seconds
[2025-04-28T02:05:37.128+0000] {processor.py:161} INFO - Started process (PID=1181) to work on /opt/airflow/dags/move_bronze_to_silver_partitioned.py
[2025-04-28T02:05:37.129+0000] {processor.py:830} INFO - Processing file /opt/airflow/dags/move_bronze_to_silver_partitioned.py for tasks to queue
[2025-04-28T02:05:37.130+0000] {logging_mixin.py:188} INFO - [2025-04-28T02:05:37.130+0000] {dagbag.py:540} INFO - Filling up the DagBag from /opt/airflow/dags/move_bronze_to_silver_partitioned.py
[2025-04-28T02:05:37.353+0000] {processor.py:840} INFO - DAG(s) 'move_bronze_to_silver_partitioned' retrieved from /opt/airflow/dags/move_bronze_to_silver_partitioned.py
[2025-04-28T02:05:37.366+0000] {logging_mixin.py:188} INFO - [2025-04-28T02:05:37.366+0000] {dag.py:3096} INFO - Sync 1 DAGs
[2025-04-28T02:05:37.374+0000] {logging_mixin.py:188} INFO - [2025-04-28T02:05:37.374+0000] {dag.py:3954} INFO - Setting next_dagrun for move_bronze_to_silver_partitioned to None, run_after=None
[2025-04-28T02:05:37.383+0000] {processor.py:183} INFO - Processing /opt/airflow/dags/move_bronze_to_silver_partitioned.py took 0.260 seconds
[2025-04-28T02:06:08.289+0000] {processor.py:161} INFO - Started process (PID=1216) to work on /opt/airflow/dags/move_bronze_to_silver_partitioned.py
[2025-04-28T02:06:08.290+0000] {processor.py:830} INFO - Processing file /opt/airflow/dags/move_bronze_to_silver_partitioned.py for tasks to queue
[2025-04-28T02:06:08.291+0000] {logging_mixin.py:188} INFO - [2025-04-28T02:06:08.291+0000] {dagbag.py:540} INFO - Filling up the DagBag from /opt/airflow/dags/move_bronze_to_silver_partitioned.py
[2025-04-28T02:06:08.512+0000] {processor.py:840} INFO - DAG(s) 'move_bronze_to_silver_partitioned' retrieved from /opt/airflow/dags/move_bronze_to_silver_partitioned.py
[2025-04-28T02:06:08.525+0000] {logging_mixin.py:188} INFO - [2025-04-28T02:06:08.525+0000] {dag.py:3096} INFO - Sync 1 DAGs
[2025-04-28T02:06:08.532+0000] {logging_mixin.py:188} INFO - [2025-04-28T02:06:08.531+0000] {dag.py:3954} INFO - Setting next_dagrun for move_bronze_to_silver_partitioned to None, run_after=None
[2025-04-28T02:06:08.544+0000] {processor.py:183} INFO - Processing /opt/airflow/dags/move_bronze_to_silver_partitioned.py took 0.260 seconds
[2025-04-28T02:06:39.479+0000] {processor.py:161} INFO - Started process (PID=1251) to work on /opt/airflow/dags/move_bronze_to_silver_partitioned.py
[2025-04-28T02:06:39.480+0000] {processor.py:830} INFO - Processing file /opt/airflow/dags/move_bronze_to_silver_partitioned.py for tasks to queue
[2025-04-28T02:06:39.481+0000] {logging_mixin.py:188} INFO - [2025-04-28T02:06:39.481+0000] {dagbag.py:540} INFO - Filling up the DagBag from /opt/airflow/dags/move_bronze_to_silver_partitioned.py
[2025-04-28T02:06:39.706+0000] {processor.py:840} INFO - DAG(s) 'move_bronze_to_silver_partitioned' retrieved from /opt/airflow/dags/move_bronze_to_silver_partitioned.py
[2025-04-28T02:06:39.718+0000] {logging_mixin.py:188} INFO - [2025-04-28T02:06:39.718+0000] {dag.py:3096} INFO - Sync 1 DAGs
[2025-04-28T02:06:39.723+0000] {logging_mixin.py:188} INFO - [2025-04-28T02:06:39.722+0000] {dag.py:3954} INFO - Setting next_dagrun for move_bronze_to_silver_partitioned to None, run_after=None
[2025-04-28T02:06:39.735+0000] {processor.py:183} INFO - Processing /opt/airflow/dags/move_bronze_to_silver_partitioned.py took 0.261 seconds
[2025-04-28T02:07:10.564+0000] {processor.py:161} INFO - Started process (PID=1286) to work on /opt/airflow/dags/move_bronze_to_silver_partitioned.py
[2025-04-28T02:07:10.565+0000] {processor.py:830} INFO - Processing file /opt/airflow/dags/move_bronze_to_silver_partitioned.py for tasks to queue
[2025-04-28T02:07:10.567+0000] {logging_mixin.py:188} INFO - [2025-04-28T02:07:10.567+0000] {dagbag.py:540} INFO - Filling up the DagBag from /opt/airflow/dags/move_bronze_to_silver_partitioned.py
[2025-04-28T02:07:10.799+0000] {processor.py:840} INFO - DAG(s) 'move_bronze_to_silver_partitioned' retrieved from /opt/airflow/dags/move_bronze_to_silver_partitioned.py
[2025-04-28T02:07:10.811+0000] {logging_mixin.py:188} INFO - [2025-04-28T02:07:10.811+0000] {dag.py:3096} INFO - Sync 1 DAGs
[2025-04-28T02:07:10.816+0000] {logging_mixin.py:188} INFO - [2025-04-28T02:07:10.816+0000] {dag.py:3954} INFO - Setting next_dagrun for move_bronze_to_silver_partitioned to None, run_after=None
[2025-04-28T02:07:10.830+0000] {processor.py:183} INFO - Processing /opt/airflow/dags/move_bronze_to_silver_partitioned.py took 0.272 seconds
[2025-04-28T02:07:41.682+0000] {processor.py:161} INFO - Started process (PID=1321) to work on /opt/airflow/dags/move_bronze_to_silver_partitioned.py
[2025-04-28T02:07:41.683+0000] {processor.py:830} INFO - Processing file /opt/airflow/dags/move_bronze_to_silver_partitioned.py for tasks to queue
[2025-04-28T02:07:41.685+0000] {logging_mixin.py:188} INFO - [2025-04-28T02:07:41.685+0000] {dagbag.py:540} INFO - Filling up the DagBag from /opt/airflow/dags/move_bronze_to_silver_partitioned.py
[2025-04-28T02:07:41.903+0000] {processor.py:840} INFO - DAG(s) 'move_bronze_to_silver_partitioned' retrieved from /opt/airflow/dags/move_bronze_to_silver_partitioned.py
[2025-04-28T02:07:41.914+0000] {logging_mixin.py:188} INFO - [2025-04-28T02:07:41.914+0000] {dag.py:3096} INFO - Sync 1 DAGs
[2025-04-28T02:07:41.919+0000] {logging_mixin.py:188} INFO - [2025-04-28T02:07:41.919+0000] {dag.py:3954} INFO - Setting next_dagrun for move_bronze_to_silver_partitioned to None, run_after=None
[2025-04-28T02:07:41.929+0000] {processor.py:183} INFO - Processing /opt/airflow/dags/move_bronze_to_silver_partitioned.py took 0.251 seconds
[2025-04-28T02:08:12.805+0000] {processor.py:161} INFO - Started process (PID=1356) to work on /opt/airflow/dags/move_bronze_to_silver_partitioned.py
[2025-04-28T02:08:12.806+0000] {processor.py:830} INFO - Processing file /opt/airflow/dags/move_bronze_to_silver_partitioned.py for tasks to queue
[2025-04-28T02:08:12.807+0000] {logging_mixin.py:188} INFO - [2025-04-28T02:08:12.807+0000] {dagbag.py:540} INFO - Filling up the DagBag from /opt/airflow/dags/move_bronze_to_silver_partitioned.py
[2025-04-28T02:08:13.027+0000] {processor.py:840} INFO - DAG(s) 'move_bronze_to_silver_partitioned' retrieved from /opt/airflow/dags/move_bronze_to_silver_partitioned.py
[2025-04-28T02:08:13.040+0000] {logging_mixin.py:188} INFO - [2025-04-28T02:08:13.040+0000] {dag.py:3096} INFO - Sync 1 DAGs
[2025-04-28T02:08:13.046+0000] {logging_mixin.py:188} INFO - [2025-04-28T02:08:13.046+0000] {dag.py:3954} INFO - Setting next_dagrun for move_bronze_to_silver_partitioned to None, run_after=None
[2025-04-28T02:08:13.056+0000] {processor.py:183} INFO - Processing /opt/airflow/dags/move_bronze_to_silver_partitioned.py took 0.256 seconds
[2025-04-28T02:08:43.972+0000] {processor.py:161} INFO - Started process (PID=1397) to work on /opt/airflow/dags/move_bronze_to_silver_partitioned.py
[2025-04-28T02:08:43.972+0000] {processor.py:830} INFO - Processing file /opt/airflow/dags/move_bronze_to_silver_partitioned.py for tasks to queue
[2025-04-28T02:08:43.973+0000] {logging_mixin.py:188} INFO - [2025-04-28T02:08:43.973+0000] {dagbag.py:540} INFO - Filling up the DagBag from /opt/airflow/dags/move_bronze_to_silver_partitioned.py
[2025-04-28T02:08:44.199+0000] {processor.py:840} INFO - DAG(s) 'move_bronze_to_silver_partitioned' retrieved from /opt/airflow/dags/move_bronze_to_silver_partitioned.py
[2025-04-28T02:08:44.211+0000] {logging_mixin.py:188} INFO - [2025-04-28T02:08:44.211+0000] {dag.py:3096} INFO - Sync 1 DAGs
[2025-04-28T02:08:44.218+0000] {logging_mixin.py:188} INFO - [2025-04-28T02:08:44.218+0000] {dag.py:3954} INFO - Setting next_dagrun for move_bronze_to_silver_partitioned to None, run_after=None
[2025-04-28T02:08:44.229+0000] {processor.py:183} INFO - Processing /opt/airflow/dags/move_bronze_to_silver_partitioned.py took 0.259 seconds
[2025-04-28T02:09:14.945+0000] {processor.py:161} INFO - Started process (PID=1432) to work on /opt/airflow/dags/move_bronze_to_silver_partitioned.py
[2025-04-28T02:09:14.945+0000] {processor.py:830} INFO - Processing file /opt/airflow/dags/move_bronze_to_silver_partitioned.py for tasks to queue
[2025-04-28T02:09:14.946+0000] {logging_mixin.py:188} INFO - [2025-04-28T02:09:14.946+0000] {dagbag.py:540} INFO - Filling up the DagBag from /opt/airflow/dags/move_bronze_to_silver_partitioned.py
[2025-04-28T02:09:15.173+0000] {processor.py:840} INFO - DAG(s) 'move_bronze_to_silver_partitioned' retrieved from /opt/airflow/dags/move_bronze_to_silver_partitioned.py
[2025-04-28T02:09:15.189+0000] {logging_mixin.py:188} INFO - [2025-04-28T02:09:15.189+0000] {dag.py:3096} INFO - Sync 1 DAGs
[2025-04-28T02:09:15.195+0000] {logging_mixin.py:188} INFO - [2025-04-28T02:09:15.195+0000] {dag.py:3954} INFO - Setting next_dagrun for move_bronze_to_silver_partitioned to None, run_after=None
[2025-04-28T02:09:15.206+0000] {processor.py:183} INFO - Processing /opt/airflow/dags/move_bronze_to_silver_partitioned.py took 0.264 seconds
[2025-04-28T02:09:45.928+0000] {processor.py:161} INFO - Started process (PID=1467) to work on /opt/airflow/dags/move_bronze_to_silver_partitioned.py
[2025-04-28T02:09:45.929+0000] {processor.py:830} INFO - Processing file /opt/airflow/dags/move_bronze_to_silver_partitioned.py for tasks to queue
[2025-04-28T02:09:45.929+0000] {logging_mixin.py:188} INFO - [2025-04-28T02:09:45.929+0000] {dagbag.py:540} INFO - Filling up the DagBag from /opt/airflow/dags/move_bronze_to_silver_partitioned.py
[2025-04-28T02:09:46.157+0000] {processor.py:840} INFO - DAG(s) 'move_bronze_to_silver_partitioned' retrieved from /opt/airflow/dags/move_bronze_to_silver_partitioned.py
[2025-04-28T02:09:46.168+0000] {logging_mixin.py:188} INFO - [2025-04-28T02:09:46.168+0000] {dag.py:3096} INFO - Sync 1 DAGs
[2025-04-28T02:09:46.174+0000] {logging_mixin.py:188} INFO - [2025-04-28T02:09:46.174+0000] {dag.py:3954} INFO - Setting next_dagrun for move_bronze_to_silver_partitioned to None, run_after=None
[2025-04-28T02:09:46.188+0000] {processor.py:183} INFO - Processing /opt/airflow/dags/move_bronze_to_silver_partitioned.py took 0.262 seconds
[2025-04-28T02:10:16.991+0000] {processor.py:161} INFO - Started process (PID=1501) to work on /opt/airflow/dags/move_bronze_to_silver_partitioned.py
[2025-04-28T02:10:16.992+0000] {processor.py:830} INFO - Processing file /opt/airflow/dags/move_bronze_to_silver_partitioned.py for tasks to queue
[2025-04-28T02:10:16.994+0000] {logging_mixin.py:188} INFO - [2025-04-28T02:10:16.993+0000] {dagbag.py:540} INFO - Filling up the DagBag from /opt/airflow/dags/move_bronze_to_silver_partitioned.py
[2025-04-28T02:10:17.210+0000] {processor.py:840} INFO - DAG(s) 'move_bronze_to_silver_partitioned' retrieved from /opt/airflow/dags/move_bronze_to_silver_partitioned.py
[2025-04-28T02:10:17.224+0000] {logging_mixin.py:188} INFO - [2025-04-28T02:10:17.224+0000] {dag.py:3096} INFO - Sync 1 DAGs
[2025-04-28T02:10:17.229+0000] {logging_mixin.py:188} INFO - [2025-04-28T02:10:17.229+0000] {dag.py:3954} INFO - Setting next_dagrun for move_bronze_to_silver_partitioned to None, run_after=None
[2025-04-28T02:10:17.240+0000] {processor.py:183} INFO - Processing /opt/airflow/dags/move_bronze_to_silver_partitioned.py took 0.253 seconds
[2025-04-28T02:10:47.854+0000] {processor.py:161} INFO - Started process (PID=1536) to work on /opt/airflow/dags/move_bronze_to_silver_partitioned.py
[2025-04-28T02:10:47.854+0000] {processor.py:830} INFO - Processing file /opt/airflow/dags/move_bronze_to_silver_partitioned.py for tasks to queue
[2025-04-28T02:10:47.856+0000] {logging_mixin.py:188} INFO - [2025-04-28T02:10:47.855+0000] {dagbag.py:540} INFO - Filling up the DagBag from /opt/airflow/dags/move_bronze_to_silver_partitioned.py
[2025-04-28T02:10:48.076+0000] {processor.py:840} INFO - DAG(s) 'move_bronze_to_silver_partitioned' retrieved from /opt/airflow/dags/move_bronze_to_silver_partitioned.py
[2025-04-28T02:10:48.090+0000] {logging_mixin.py:188} INFO - [2025-04-28T02:10:48.089+0000] {dag.py:3096} INFO - Sync 1 DAGs
[2025-04-28T02:10:48.096+0000] {logging_mixin.py:188} INFO - [2025-04-28T02:10:48.096+0000] {dag.py:3954} INFO - Setting next_dagrun for move_bronze_to_silver_partitioned to None, run_after=None
[2025-04-28T02:10:48.107+0000] {processor.py:183} INFO - Processing /opt/airflow/dags/move_bronze_to_silver_partitioned.py took 0.258 seconds
[2025-04-28T02:11:18.712+0000] {processor.py:161} INFO - Started process (PID=1571) to work on /opt/airflow/dags/move_bronze_to_silver_partitioned.py
[2025-04-28T02:11:18.713+0000] {processor.py:830} INFO - Processing file /opt/airflow/dags/move_bronze_to_silver_partitioned.py for tasks to queue
[2025-04-28T02:11:18.718+0000] {logging_mixin.py:188} INFO - [2025-04-28T02:11:18.718+0000] {dagbag.py:540} INFO - Filling up the DagBag from /opt/airflow/dags/move_bronze_to_silver_partitioned.py
[2025-04-28T02:11:18.934+0000] {processor.py:840} INFO - DAG(s) 'move_bronze_to_silver_partitioned' retrieved from /opt/airflow/dags/move_bronze_to_silver_partitioned.py
[2025-04-28T02:11:18.949+0000] {logging_mixin.py:188} INFO - [2025-04-28T02:11:18.948+0000] {dag.py:3096} INFO - Sync 1 DAGs
[2025-04-28T02:11:18.953+0000] {logging_mixin.py:188} INFO - [2025-04-28T02:11:18.953+0000] {dag.py:3954} INFO - Setting next_dagrun for move_bronze_to_silver_partitioned to None, run_after=None
[2025-04-28T02:11:18.964+0000] {processor.py:183} INFO - Processing /opt/airflow/dags/move_bronze_to_silver_partitioned.py took 0.257 seconds
[2025-04-28T02:11:49.611+0000] {processor.py:161} INFO - Started process (PID=1606) to work on /opt/airflow/dags/move_bronze_to_silver_partitioned.py
[2025-04-28T02:11:49.612+0000] {processor.py:830} INFO - Processing file /opt/airflow/dags/move_bronze_to_silver_partitioned.py for tasks to queue
[2025-04-28T02:11:49.613+0000] {logging_mixin.py:188} INFO - [2025-04-28T02:11:49.613+0000] {dagbag.py:540} INFO - Filling up the DagBag from /opt/airflow/dags/move_bronze_to_silver_partitioned.py
[2025-04-28T02:11:49.835+0000] {processor.py:840} INFO - DAG(s) 'move_bronze_to_silver_partitioned' retrieved from /opt/airflow/dags/move_bronze_to_silver_partitioned.py
[2025-04-28T02:11:49.848+0000] {logging_mixin.py:188} INFO - [2025-04-28T02:11:49.848+0000] {dag.py:3096} INFO - Sync 1 DAGs
[2025-04-28T02:11:49.855+0000] {logging_mixin.py:188} INFO - [2025-04-28T02:11:49.855+0000] {dag.py:3954} INFO - Setting next_dagrun for move_bronze_to_silver_partitioned to None, run_after=None
[2025-04-28T02:11:49.865+0000] {processor.py:183} INFO - Processing /opt/airflow/dags/move_bronze_to_silver_partitioned.py took 0.256 seconds
[2025-04-28T02:12:20.472+0000] {processor.py:161} INFO - Started process (PID=1641) to work on /opt/airflow/dags/move_bronze_to_silver_partitioned.py
[2025-04-28T02:12:20.473+0000] {processor.py:830} INFO - Processing file /opt/airflow/dags/move_bronze_to_silver_partitioned.py for tasks to queue
[2025-04-28T02:12:20.475+0000] {logging_mixin.py:188} INFO - [2025-04-28T02:12:20.474+0000] {dagbag.py:540} INFO - Filling up the DagBag from /opt/airflow/dags/move_bronze_to_silver_partitioned.py
[2025-04-28T02:12:20.695+0000] {processor.py:840} INFO - DAG(s) 'move_bronze_to_silver_partitioned' retrieved from /opt/airflow/dags/move_bronze_to_silver_partitioned.py
[2025-04-28T02:12:20.706+0000] {logging_mixin.py:188} INFO - [2025-04-28T02:12:20.705+0000] {dag.py:3096} INFO - Sync 1 DAGs
[2025-04-28T02:12:20.710+0000] {logging_mixin.py:188} INFO - [2025-04-28T02:12:20.710+0000] {dag.py:3954} INFO - Setting next_dagrun for move_bronze_to_silver_partitioned to None, run_after=None
[2025-04-28T02:12:20.721+0000] {processor.py:183} INFO - Processing /opt/airflow/dags/move_bronze_to_silver_partitioned.py took 0.254 seconds
[2025-04-28T02:12:51.349+0000] {processor.py:161} INFO - Started process (PID=1676) to work on /opt/airflow/dags/move_bronze_to_silver_partitioned.py
[2025-04-28T02:12:51.349+0000] {processor.py:830} INFO - Processing file /opt/airflow/dags/move_bronze_to_silver_partitioned.py for tasks to queue
[2025-04-28T02:12:51.350+0000] {logging_mixin.py:188} INFO - [2025-04-28T02:12:51.350+0000] {dagbag.py:540} INFO - Filling up the DagBag from /opt/airflow/dags/move_bronze_to_silver_partitioned.py
[2025-04-28T02:12:51.577+0000] {processor.py:840} INFO - DAG(s) 'move_bronze_to_silver_partitioned' retrieved from /opt/airflow/dags/move_bronze_to_silver_partitioned.py
[2025-04-28T02:12:51.591+0000] {logging_mixin.py:188} INFO - [2025-04-28T02:12:51.591+0000] {dag.py:3096} INFO - Sync 1 DAGs
[2025-04-28T02:12:51.597+0000] {logging_mixin.py:188} INFO - [2025-04-28T02:12:51.597+0000] {dag.py:3954} INFO - Setting next_dagrun for move_bronze_to_silver_partitioned to None, run_after=None
[2025-04-28T02:12:51.608+0000] {processor.py:183} INFO - Processing /opt/airflow/dags/move_bronze_to_silver_partitioned.py took 0.263 seconds
[2025-04-28T02:13:22.461+0000] {processor.py:161} INFO - Started process (PID=1711) to work on /opt/airflow/dags/move_bronze_to_silver_partitioned.py
[2025-04-28T02:13:22.465+0000] {processor.py:830} INFO - Processing file /opt/airflow/dags/move_bronze_to_silver_partitioned.py for tasks to queue
[2025-04-28T02:13:22.468+0000] {logging_mixin.py:188} INFO - [2025-04-28T02:13:22.468+0000] {dagbag.py:540} INFO - Filling up the DagBag from /opt/airflow/dags/move_bronze_to_silver_partitioned.py
[2025-04-28T02:13:22.683+0000] {processor.py:840} INFO - DAG(s) 'move_bronze_to_silver_partitioned' retrieved from /opt/airflow/dags/move_bronze_to_silver_partitioned.py
[2025-04-28T02:13:22.697+0000] {logging_mixin.py:188} INFO - [2025-04-28T02:13:22.697+0000] {dag.py:3096} INFO - Sync 1 DAGs
[2025-04-28T02:13:22.703+0000] {logging_mixin.py:188} INFO - [2025-04-28T02:13:22.702+0000] {dag.py:3954} INFO - Setting next_dagrun for move_bronze_to_silver_partitioned to None, run_after=None
[2025-04-28T02:13:22.712+0000] {processor.py:183} INFO - Processing /opt/airflow/dags/move_bronze_to_silver_partitioned.py took 0.255 seconds
[2025-04-28T02:13:53.324+0000] {processor.py:161} INFO - Started process (PID=1746) to work on /opt/airflow/dags/move_bronze_to_silver_partitioned.py
[2025-04-28T02:13:53.325+0000] {processor.py:830} INFO - Processing file /opt/airflow/dags/move_bronze_to_silver_partitioned.py for tasks to queue
[2025-04-28T02:13:53.326+0000] {logging_mixin.py:188} INFO - [2025-04-28T02:13:53.326+0000] {dagbag.py:540} INFO - Filling up the DagBag from /opt/airflow/dags/move_bronze_to_silver_partitioned.py
[2025-04-28T02:13:53.547+0000] {processor.py:840} INFO - DAG(s) 'move_bronze_to_silver_partitioned' retrieved from /opt/airflow/dags/move_bronze_to_silver_partitioned.py
[2025-04-28T02:13:53.559+0000] {logging_mixin.py:188} INFO - [2025-04-28T02:13:53.559+0000] {dag.py:3096} INFO - Sync 1 DAGs
[2025-04-28T02:13:53.567+0000] {logging_mixin.py:188} INFO - [2025-04-28T02:13:53.567+0000] {dag.py:3954} INFO - Setting next_dagrun for move_bronze_to_silver_partitioned to None, run_after=None
[2025-04-28T02:13:53.575+0000] {processor.py:183} INFO - Processing /opt/airflow/dags/move_bronze_to_silver_partitioned.py took 0.257 seconds
[2025-04-28T02:14:24.161+0000] {processor.py:161} INFO - Started process (PID=1781) to work on /opt/airflow/dags/move_bronze_to_silver_partitioned.py
[2025-04-28T02:14:24.161+0000] {processor.py:830} INFO - Processing file /opt/airflow/dags/move_bronze_to_silver_partitioned.py for tasks to queue
[2025-04-28T02:14:24.162+0000] {logging_mixin.py:188} INFO - [2025-04-28T02:14:24.162+0000] {dagbag.py:540} INFO - Filling up the DagBag from /opt/airflow/dags/move_bronze_to_silver_partitioned.py
[2025-04-28T02:14:24.382+0000] {processor.py:840} INFO - DAG(s) 'move_bronze_to_silver_partitioned' retrieved from /opt/airflow/dags/move_bronze_to_silver_partitioned.py
[2025-04-28T02:14:24.396+0000] {logging_mixin.py:188} INFO - [2025-04-28T02:14:24.395+0000] {dag.py:3096} INFO - Sync 1 DAGs
[2025-04-28T02:14:24.401+0000] {logging_mixin.py:188} INFO - [2025-04-28T02:14:24.401+0000] {dag.py:3954} INFO - Setting next_dagrun for move_bronze_to_silver_partitioned to None, run_after=None
[2025-04-28T02:14:24.411+0000] {processor.py:183} INFO - Processing /opt/airflow/dags/move_bronze_to_silver_partitioned.py took 0.253 seconds
[2025-04-28T02:14:55.310+0000] {processor.py:161} INFO - Started process (PID=1816) to work on /opt/airflow/dags/move_bronze_to_silver_partitioned.py
[2025-04-28T02:14:55.312+0000] {processor.py:830} INFO - Processing file /opt/airflow/dags/move_bronze_to_silver_partitioned.py for tasks to queue
[2025-04-28T02:14:55.313+0000] {logging_mixin.py:188} INFO - [2025-04-28T02:14:55.313+0000] {dagbag.py:540} INFO - Filling up the DagBag from /opt/airflow/dags/move_bronze_to_silver_partitioned.py
[2025-04-28T02:14:55.533+0000] {processor.py:840} INFO - DAG(s) 'move_bronze_to_silver_partitioned' retrieved from /opt/airflow/dags/move_bronze_to_silver_partitioned.py
[2025-04-28T02:14:55.546+0000] {logging_mixin.py:188} INFO - [2025-04-28T02:14:55.546+0000] {dag.py:3096} INFO - Sync 1 DAGs
[2025-04-28T02:14:55.551+0000] {logging_mixin.py:188} INFO - [2025-04-28T02:14:55.551+0000] {dag.py:3954} INFO - Setting next_dagrun for move_bronze_to_silver_partitioned to None, run_after=None
[2025-04-28T02:14:55.561+0000] {processor.py:183} INFO - Processing /opt/airflow/dags/move_bronze_to_silver_partitioned.py took 0.256 seconds
[2025-04-28T02:15:26.180+0000] {processor.py:161} INFO - Started process (PID=1851) to work on /opt/airflow/dags/move_bronze_to_silver_partitioned.py
[2025-04-28T02:15:26.180+0000] {processor.py:830} INFO - Processing file /opt/airflow/dags/move_bronze_to_silver_partitioned.py for tasks to queue
[2025-04-28T02:15:26.182+0000] {logging_mixin.py:188} INFO - [2025-04-28T02:15:26.182+0000] {dagbag.py:540} INFO - Filling up the DagBag from /opt/airflow/dags/move_bronze_to_silver_partitioned.py
[2025-04-28T02:15:26.401+0000] {processor.py:840} INFO - DAG(s) 'move_bronze_to_silver_partitioned' retrieved from /opt/airflow/dags/move_bronze_to_silver_partitioned.py
[2025-04-28T02:15:26.412+0000] {logging_mixin.py:188} INFO - [2025-04-28T02:15:26.412+0000] {dag.py:3096} INFO - Sync 1 DAGs
[2025-04-28T02:15:26.417+0000] {logging_mixin.py:188} INFO - [2025-04-28T02:15:26.417+0000] {dag.py:3954} INFO - Setting next_dagrun for move_bronze_to_silver_partitioned to None, run_after=None
[2025-04-28T02:15:26.427+0000] {processor.py:183} INFO - Processing /opt/airflow/dags/move_bronze_to_silver_partitioned.py took 0.252 seconds
[2025-04-28T02:15:57.061+0000] {processor.py:161} INFO - Started process (PID=1886) to work on /opt/airflow/dags/move_bronze_to_silver_partitioned.py
[2025-04-28T02:15:57.062+0000] {processor.py:830} INFO - Processing file /opt/airflow/dags/move_bronze_to_silver_partitioned.py for tasks to queue
[2025-04-28T02:15:57.064+0000] {logging_mixin.py:188} INFO - [2025-04-28T02:15:57.064+0000] {dagbag.py:540} INFO - Filling up the DagBag from /opt/airflow/dags/move_bronze_to_silver_partitioned.py
[2025-04-28T02:15:57.283+0000] {processor.py:840} INFO - DAG(s) 'move_bronze_to_silver_partitioned' retrieved from /opt/airflow/dags/move_bronze_to_silver_partitioned.py
[2025-04-28T02:15:57.295+0000] {logging_mixin.py:188} INFO - [2025-04-28T02:15:57.295+0000] {dag.py:3096} INFO - Sync 1 DAGs
[2025-04-28T02:15:57.301+0000] {logging_mixin.py:188} INFO - [2025-04-28T02:15:57.301+0000] {dag.py:3954} INFO - Setting next_dagrun for move_bronze_to_silver_partitioned to None, run_after=None
[2025-04-28T02:15:57.310+0000] {processor.py:183} INFO - Processing /opt/airflow/dags/move_bronze_to_silver_partitioned.py took 0.254 seconds
[2025-04-28T02:16:28.137+0000] {processor.py:161} INFO - Started process (PID=1921) to work on /opt/airflow/dags/move_bronze_to_silver_partitioned.py
[2025-04-28T02:16:28.138+0000] {processor.py:830} INFO - Processing file /opt/airflow/dags/move_bronze_to_silver_partitioned.py for tasks to queue
[2025-04-28T02:16:28.140+0000] {logging_mixin.py:188} INFO - [2025-04-28T02:16:28.140+0000] {dagbag.py:540} INFO - Filling up the DagBag from /opt/airflow/dags/move_bronze_to_silver_partitioned.py
[2025-04-28T02:16:28.361+0000] {processor.py:840} INFO - DAG(s) 'move_bronze_to_silver_partitioned' retrieved from /opt/airflow/dags/move_bronze_to_silver_partitioned.py
[2025-04-28T02:16:28.372+0000] {logging_mixin.py:188} INFO - [2025-04-28T02:16:28.372+0000] {dag.py:3096} INFO - Sync 1 DAGs
[2025-04-28T02:16:28.378+0000] {logging_mixin.py:188} INFO - [2025-04-28T02:16:28.377+0000] {dag.py:3954} INFO - Setting next_dagrun for move_bronze_to_silver_partitioned to None, run_after=None
[2025-04-28T02:16:28.387+0000] {processor.py:183} INFO - Processing /opt/airflow/dags/move_bronze_to_silver_partitioned.py took 0.254 seconds
[2025-04-28T02:16:59.041+0000] {processor.py:161} INFO - Started process (PID=1956) to work on /opt/airflow/dags/move_bronze_to_silver_partitioned.py
[2025-04-28T02:16:59.041+0000] {processor.py:830} INFO - Processing file /opt/airflow/dags/move_bronze_to_silver_partitioned.py for tasks to queue
[2025-04-28T02:16:59.042+0000] {logging_mixin.py:188} INFO - [2025-04-28T02:16:59.042+0000] {dagbag.py:540} INFO - Filling up the DagBag from /opt/airflow/dags/move_bronze_to_silver_partitioned.py
[2025-04-28T02:16:59.256+0000] {processor.py:840} INFO - DAG(s) 'move_bronze_to_silver_partitioned' retrieved from /opt/airflow/dags/move_bronze_to_silver_partitioned.py
[2025-04-28T02:16:59.270+0000] {logging_mixin.py:188} INFO - [2025-04-28T02:16:59.270+0000] {dag.py:3096} INFO - Sync 1 DAGs
[2025-04-28T02:16:59.275+0000] {logging_mixin.py:188} INFO - [2025-04-28T02:16:59.274+0000] {dag.py:3954} INFO - Setting next_dagrun for move_bronze_to_silver_partitioned to None, run_after=None
[2025-04-28T02:16:59.287+0000] {processor.py:183} INFO - Processing /opt/airflow/dags/move_bronze_to_silver_partitioned.py took 0.249 seconds
[2025-04-28T02:17:29.879+0000] {processor.py:161} INFO - Started process (PID=1991) to work on /opt/airflow/dags/move_bronze_to_silver_partitioned.py
[2025-04-28T02:17:29.880+0000] {processor.py:830} INFO - Processing file /opt/airflow/dags/move_bronze_to_silver_partitioned.py for tasks to queue
[2025-04-28T02:17:29.881+0000] {logging_mixin.py:188} INFO - [2025-04-28T02:17:29.881+0000] {dagbag.py:540} INFO - Filling up the DagBag from /opt/airflow/dags/move_bronze_to_silver_partitioned.py
[2025-04-28T02:17:30.098+0000] {processor.py:840} INFO - DAG(s) 'move_bronze_to_silver_partitioned' retrieved from /opt/airflow/dags/move_bronze_to_silver_partitioned.py
[2025-04-28T02:17:30.110+0000] {logging_mixin.py:188} INFO - [2025-04-28T02:17:30.109+0000] {dag.py:3096} INFO - Sync 1 DAGs
[2025-04-28T02:17:30.114+0000] {logging_mixin.py:188} INFO - [2025-04-28T02:17:30.114+0000] {dag.py:3954} INFO - Setting next_dagrun for move_bronze_to_silver_partitioned to None, run_after=None
[2025-04-28T02:17:30.125+0000] {processor.py:183} INFO - Processing /opt/airflow/dags/move_bronze_to_silver_partitioned.py took 0.251 seconds
[2025-04-28T02:18:00.998+0000] {processor.py:161} INFO - Started process (PID=2026) to work on /opt/airflow/dags/move_bronze_to_silver_partitioned.py
[2025-04-28T02:18:01.002+0000] {processor.py:830} INFO - Processing file /opt/airflow/dags/move_bronze_to_silver_partitioned.py for tasks to queue
[2025-04-28T02:18:01.003+0000] {logging_mixin.py:188} INFO - [2025-04-28T02:18:01.003+0000] {dagbag.py:540} INFO - Filling up the DagBag from /opt/airflow/dags/move_bronze_to_silver_partitioned.py
[2025-04-28T02:18:01.217+0000] {processor.py:840} INFO - DAG(s) 'move_bronze_to_silver_partitioned' retrieved from /opt/airflow/dags/move_bronze_to_silver_partitioned.py
[2025-04-28T02:18:01.228+0000] {logging_mixin.py:188} INFO - [2025-04-28T02:18:01.228+0000] {dag.py:3096} INFO - Sync 1 DAGs
[2025-04-28T02:18:01.236+0000] {logging_mixin.py:188} INFO - [2025-04-28T02:18:01.236+0000] {dag.py:3954} INFO - Setting next_dagrun for move_bronze_to_silver_partitioned to None, run_after=None
[2025-04-28T02:18:01.249+0000] {processor.py:183} INFO - Processing /opt/airflow/dags/move_bronze_to_silver_partitioned.py took 0.255 seconds
[2025-04-28T02:18:31.863+0000] {processor.py:161} INFO - Started process (PID=2061) to work on /opt/airflow/dags/move_bronze_to_silver_partitioned.py
[2025-04-28T02:18:31.864+0000] {processor.py:830} INFO - Processing file /opt/airflow/dags/move_bronze_to_silver_partitioned.py for tasks to queue
[2025-04-28T02:18:31.866+0000] {logging_mixin.py:188} INFO - [2025-04-28T02:18:31.866+0000] {dagbag.py:540} INFO - Filling up the DagBag from /opt/airflow/dags/move_bronze_to_silver_partitioned.py
[2025-04-28T02:18:32.082+0000] {processor.py:840} INFO - DAG(s) 'move_bronze_to_silver_partitioned' retrieved from /opt/airflow/dags/move_bronze_to_silver_partitioned.py
[2025-04-28T02:18:32.094+0000] {logging_mixin.py:188} INFO - [2025-04-28T02:18:32.094+0000] {dag.py:3096} INFO - Sync 1 DAGs
[2025-04-28T02:18:32.101+0000] {logging_mixin.py:188} INFO - [2025-04-28T02:18:32.101+0000] {dag.py:3954} INFO - Setting next_dagrun for move_bronze_to_silver_partitioned to None, run_after=None
[2025-04-28T02:18:32.113+0000] {processor.py:183} INFO - Processing /opt/airflow/dags/move_bronze_to_silver_partitioned.py took 0.255 seconds
[2025-04-28T02:19:02.716+0000] {processor.py:161} INFO - Started process (PID=2096) to work on /opt/airflow/dags/move_bronze_to_silver_partitioned.py
[2025-04-28T02:19:02.717+0000] {processor.py:830} INFO - Processing file /opt/airflow/dags/move_bronze_to_silver_partitioned.py for tasks to queue
[2025-04-28T02:19:02.718+0000] {logging_mixin.py:188} INFO - [2025-04-28T02:19:02.717+0000] {dagbag.py:540} INFO - Filling up the DagBag from /opt/airflow/dags/move_bronze_to_silver_partitioned.py
[2025-04-28T02:19:02.935+0000] {processor.py:840} INFO - DAG(s) 'move_bronze_to_silver_partitioned' retrieved from /opt/airflow/dags/move_bronze_to_silver_partitioned.py
[2025-04-28T02:19:02.947+0000] {logging_mixin.py:188} INFO - [2025-04-28T02:19:02.946+0000] {dag.py:3096} INFO - Sync 1 DAGs
[2025-04-28T02:19:02.951+0000] {logging_mixin.py:188} INFO - [2025-04-28T02:19:02.951+0000] {dag.py:3954} INFO - Setting next_dagrun for move_bronze_to_silver_partitioned to None, run_after=None
[2025-04-28T02:19:02.962+0000] {processor.py:183} INFO - Processing /opt/airflow/dags/move_bronze_to_silver_partitioned.py took 0.251 seconds
[2025-04-28T02:19:33.576+0000] {processor.py:161} INFO - Started process (PID=2131) to work on /opt/airflow/dags/move_bronze_to_silver_partitioned.py
[2025-04-28T02:19:33.577+0000] {processor.py:830} INFO - Processing file /opt/airflow/dags/move_bronze_to_silver_partitioned.py for tasks to queue
[2025-04-28T02:19:33.579+0000] {logging_mixin.py:188} INFO - [2025-04-28T02:19:33.579+0000] {dagbag.py:540} INFO - Filling up the DagBag from /opt/airflow/dags/move_bronze_to_silver_partitioned.py
[2025-04-28T02:19:33.796+0000] {processor.py:840} INFO - DAG(s) 'move_bronze_to_silver_partitioned' retrieved from /opt/airflow/dags/move_bronze_to_silver_partitioned.py
[2025-04-28T02:19:33.809+0000] {logging_mixin.py:188} INFO - [2025-04-28T02:19:33.809+0000] {dag.py:3096} INFO - Sync 1 DAGs
[2025-04-28T02:19:33.814+0000] {logging_mixin.py:188} INFO - [2025-04-28T02:19:33.814+0000] {dag.py:3954} INFO - Setting next_dagrun for move_bronze_to_silver_partitioned to None, run_after=None
[2025-04-28T02:19:33.824+0000] {processor.py:183} INFO - Processing /opt/airflow/dags/move_bronze_to_silver_partitioned.py took 0.253 seconds
[2025-04-28T02:20:04.698+0000] {processor.py:161} INFO - Started process (PID=2166) to work on /opt/airflow/dags/move_bronze_to_silver_partitioned.py
[2025-04-28T02:20:04.700+0000] {processor.py:830} INFO - Processing file /opt/airflow/dags/move_bronze_to_silver_partitioned.py for tasks to queue
[2025-04-28T02:20:04.701+0000] {logging_mixin.py:188} INFO - [2025-04-28T02:20:04.701+0000] {dagbag.py:540} INFO - Filling up the DagBag from /opt/airflow/dags/move_bronze_to_silver_partitioned.py
[2025-04-28T02:20:04.918+0000] {processor.py:840} INFO - DAG(s) 'move_bronze_to_silver_partitioned' retrieved from /opt/airflow/dags/move_bronze_to_silver_partitioned.py
[2025-04-28T02:20:04.929+0000] {logging_mixin.py:188} INFO - [2025-04-28T02:20:04.929+0000] {dag.py:3096} INFO - Sync 1 DAGs
[2025-04-28T02:20:04.937+0000] {logging_mixin.py:188} INFO - [2025-04-28T02:20:04.937+0000] {dag.py:3954} INFO - Setting next_dagrun for move_bronze_to_silver_partitioned to None, run_after=None
[2025-04-28T02:20:04.951+0000] {processor.py:183} INFO - Processing /opt/airflow/dags/move_bronze_to_silver_partitioned.py took 0.257 seconds
[2025-04-28T02:20:35.584+0000] {processor.py:161} INFO - Started process (PID=2201) to work on /opt/airflow/dags/move_bronze_to_silver_partitioned.py
[2025-04-28T02:20:35.585+0000] {processor.py:830} INFO - Processing file /opt/airflow/dags/move_bronze_to_silver_partitioned.py for tasks to queue
[2025-04-28T02:20:35.590+0000] {logging_mixin.py:188} INFO - [2025-04-28T02:20:35.590+0000] {dagbag.py:540} INFO - Filling up the DagBag from /opt/airflow/dags/move_bronze_to_silver_partitioned.py
[2025-04-28T02:20:35.806+0000] {processor.py:840} INFO - DAG(s) 'move_bronze_to_silver_partitioned' retrieved from /opt/airflow/dags/move_bronze_to_silver_partitioned.py
[2025-04-28T02:20:35.817+0000] {logging_mixin.py:188} INFO - [2025-04-28T02:20:35.817+0000] {dag.py:3096} INFO - Sync 1 DAGs
[2025-04-28T02:20:35.822+0000] {logging_mixin.py:188} INFO - [2025-04-28T02:20:35.822+0000] {dag.py:3954} INFO - Setting next_dagrun for move_bronze_to_silver_partitioned to None, run_after=None
[2025-04-28T02:20:35.834+0000] {processor.py:183} INFO - Processing /opt/airflow/dags/move_bronze_to_silver_partitioned.py took 0.255 seconds
[2025-04-28T02:21:06.741+0000] {processor.py:161} INFO - Started process (PID=2236) to work on /opt/airflow/dags/move_bronze_to_silver_partitioned.py
[2025-04-28T02:21:06.742+0000] {processor.py:830} INFO - Processing file /opt/airflow/dags/move_bronze_to_silver_partitioned.py for tasks to queue
[2025-04-28T02:21:06.746+0000] {logging_mixin.py:188} INFO - [2025-04-28T02:21:06.746+0000] {dagbag.py:540} INFO - Filling up the DagBag from /opt/airflow/dags/move_bronze_to_silver_partitioned.py
[2025-04-28T02:21:06.959+0000] {processor.py:840} INFO - DAG(s) 'move_bronze_to_silver_partitioned' retrieved from /opt/airflow/dags/move_bronze_to_silver_partitioned.py
[2025-04-28T02:21:06.971+0000] {logging_mixin.py:188} INFO - [2025-04-28T02:21:06.971+0000] {dag.py:3096} INFO - Sync 1 DAGs
[2025-04-28T02:21:06.976+0000] {logging_mixin.py:188} INFO - [2025-04-28T02:21:06.976+0000] {dag.py:3954} INFO - Setting next_dagrun for move_bronze_to_silver_partitioned to None, run_after=None
[2025-04-28T02:21:06.987+0000] {processor.py:183} INFO - Processing /opt/airflow/dags/move_bronze_to_silver_partitioned.py took 0.250 seconds
[2025-04-28T02:21:37.833+0000] {processor.py:161} INFO - Started process (PID=2271) to work on /opt/airflow/dags/move_bronze_to_silver_partitioned.py
[2025-04-28T02:21:37.834+0000] {processor.py:830} INFO - Processing file /opt/airflow/dags/move_bronze_to_silver_partitioned.py for tasks to queue
[2025-04-28T02:21:37.838+0000] {logging_mixin.py:188} INFO - [2025-04-28T02:21:37.838+0000] {dagbag.py:540} INFO - Filling up the DagBag from /opt/airflow/dags/move_bronze_to_silver_partitioned.py
[2025-04-28T02:21:38.051+0000] {processor.py:840} INFO - DAG(s) 'move_bronze_to_silver_partitioned' retrieved from /opt/airflow/dags/move_bronze_to_silver_partitioned.py
[2025-04-28T02:21:38.062+0000] {logging_mixin.py:188} INFO - [2025-04-28T02:21:38.062+0000] {dag.py:3096} INFO - Sync 1 DAGs
[2025-04-28T02:21:38.067+0000] {logging_mixin.py:188} INFO - [2025-04-28T02:21:38.066+0000] {dag.py:3954} INFO - Setting next_dagrun for move_bronze_to_silver_partitioned to None, run_after=None
[2025-04-28T02:21:38.078+0000] {processor.py:183} INFO - Processing /opt/airflow/dags/move_bronze_to_silver_partitioned.py took 0.247 seconds
[2025-04-28T02:22:08.885+0000] {processor.py:161} INFO - Started process (PID=2306) to work on /opt/airflow/dags/move_bronze_to_silver_partitioned.py
[2025-04-28T02:22:08.885+0000] {processor.py:830} INFO - Processing file /opt/airflow/dags/move_bronze_to_silver_partitioned.py for tasks to queue
[2025-04-28T02:22:08.886+0000] {logging_mixin.py:188} INFO - [2025-04-28T02:22:08.886+0000] {dagbag.py:540} INFO - Filling up the DagBag from /opt/airflow/dags/move_bronze_to_silver_partitioned.py
[2025-04-28T02:22:09.102+0000] {processor.py:840} INFO - DAG(s) 'move_bronze_to_silver_partitioned' retrieved from /opt/airflow/dags/move_bronze_to_silver_partitioned.py
[2025-04-28T02:22:09.116+0000] {logging_mixin.py:188} INFO - [2025-04-28T02:22:09.115+0000] {dag.py:3096} INFO - Sync 1 DAGs
[2025-04-28T02:22:09.122+0000] {logging_mixin.py:188} INFO - [2025-04-28T02:22:09.122+0000] {dag.py:3954} INFO - Setting next_dagrun for move_bronze_to_silver_partitioned to None, run_after=None
[2025-04-28T02:22:09.131+0000] {processor.py:183} INFO - Processing /opt/airflow/dags/move_bronze_to_silver_partitioned.py took 0.251 seconds
[2025-04-28T02:22:39.735+0000] {processor.py:161} INFO - Started process (PID=2341) to work on /opt/airflow/dags/move_bronze_to_silver_partitioned.py
[2025-04-28T02:22:39.737+0000] {processor.py:830} INFO - Processing file /opt/airflow/dags/move_bronze_to_silver_partitioned.py for tasks to queue
[2025-04-28T02:22:39.738+0000] {logging_mixin.py:188} INFO - [2025-04-28T02:22:39.738+0000] {dagbag.py:540} INFO - Filling up the DagBag from /opt/airflow/dags/move_bronze_to_silver_partitioned.py
[2025-04-28T02:22:39.957+0000] {processor.py:840} INFO - DAG(s) 'move_bronze_to_silver_partitioned' retrieved from /opt/airflow/dags/move_bronze_to_silver_partitioned.py
[2025-04-28T02:22:39.970+0000] {logging_mixin.py:188} INFO - [2025-04-28T02:22:39.970+0000] {dag.py:3096} INFO - Sync 1 DAGs
[2025-04-28T02:22:39.977+0000] {logging_mixin.py:188} INFO - [2025-04-28T02:22:39.976+0000] {dag.py:3954} INFO - Setting next_dagrun for move_bronze_to_silver_partitioned to None, run_after=None
[2025-04-28T02:22:39.985+0000] {processor.py:183} INFO - Processing /opt/airflow/dags/move_bronze_to_silver_partitioned.py took 0.255 seconds
[2025-04-28T02:23:10.628+0000] {processor.py:161} INFO - Started process (PID=2376) to work on /opt/airflow/dags/move_bronze_to_silver_partitioned.py
[2025-04-28T02:23:10.628+0000] {processor.py:830} INFO - Processing file /opt/airflow/dags/move_bronze_to_silver_partitioned.py for tasks to queue
[2025-04-28T02:23:10.630+0000] {logging_mixin.py:188} INFO - [2025-04-28T02:23:10.630+0000] {dagbag.py:540} INFO - Filling up the DagBag from /opt/airflow/dags/move_bronze_to_silver_partitioned.py
[2025-04-28T02:23:10.848+0000] {processor.py:840} INFO - DAG(s) 'move_bronze_to_silver_partitioned' retrieved from /opt/airflow/dags/move_bronze_to_silver_partitioned.py
[2025-04-28T02:23:10.861+0000] {logging_mixin.py:188} INFO - [2025-04-28T02:23:10.861+0000] {dag.py:3096} INFO - Sync 1 DAGs
[2025-04-28T02:23:10.865+0000] {logging_mixin.py:188} INFO - [2025-04-28T02:23:10.865+0000] {dag.py:3954} INFO - Setting next_dagrun for move_bronze_to_silver_partitioned to None, run_after=None
[2025-04-28T02:23:10.875+0000] {processor.py:183} INFO - Processing /opt/airflow/dags/move_bronze_to_silver_partitioned.py took 0.252 seconds
[2025-04-28T02:23:41.527+0000] {processor.py:161} INFO - Started process (PID=2411) to work on /opt/airflow/dags/move_bronze_to_silver_partitioned.py
[2025-04-28T02:23:41.528+0000] {processor.py:830} INFO - Processing file /opt/airflow/dags/move_bronze_to_silver_partitioned.py for tasks to queue
[2025-04-28T02:23:41.531+0000] {logging_mixin.py:188} INFO - [2025-04-28T02:23:41.531+0000] {dagbag.py:540} INFO - Filling up the DagBag from /opt/airflow/dags/move_bronze_to_silver_partitioned.py
[2025-04-28T02:23:41.747+0000] {processor.py:840} INFO - DAG(s) 'move_bronze_to_silver_partitioned' retrieved from /opt/airflow/dags/move_bronze_to_silver_partitioned.py
[2025-04-28T02:23:41.758+0000] {logging_mixin.py:188} INFO - [2025-04-28T02:23:41.758+0000] {dag.py:3096} INFO - Sync 1 DAGs
[2025-04-28T02:23:41.763+0000] {logging_mixin.py:188} INFO - [2025-04-28T02:23:41.762+0000] {dag.py:3954} INFO - Setting next_dagrun for move_bronze_to_silver_partitioned to None, run_after=None
[2025-04-28T02:23:41.773+0000] {processor.py:183} INFO - Processing /opt/airflow/dags/move_bronze_to_silver_partitioned.py took 0.251 seconds
[2025-04-28T02:24:12.317+0000] {processor.py:161} INFO - Started process (PID=2445) to work on /opt/airflow/dags/move_bronze_to_silver_partitioned.py
[2025-04-28T02:24:12.319+0000] {processor.py:830} INFO - Processing file /opt/airflow/dags/move_bronze_to_silver_partitioned.py for tasks to queue
[2025-04-28T02:24:12.322+0000] {logging_mixin.py:188} INFO - [2025-04-28T02:24:12.322+0000] {dagbag.py:540} INFO - Filling up the DagBag from /opt/airflow/dags/move_bronze_to_silver_partitioned.py
[2025-04-28T02:24:12.562+0000] {processor.py:840} INFO - DAG(s) 'move_bronze_to_silver_partitioned' retrieved from /opt/airflow/dags/move_bronze_to_silver_partitioned.py
[2025-04-28T02:24:12.573+0000] {logging_mixin.py:188} INFO - [2025-04-28T02:24:12.573+0000] {dag.py:3096} INFO - Sync 1 DAGs
[2025-04-28T02:24:12.579+0000] {logging_mixin.py:188} INFO - [2025-04-28T02:24:12.579+0000] {dag.py:3954} INFO - Setting next_dagrun for move_bronze_to_silver_partitioned to None, run_after=None
[2025-04-28T02:24:12.593+0000] {processor.py:183} INFO - Processing /opt/airflow/dags/move_bronze_to_silver_partitioned.py took 0.279 seconds
[2025-04-28T02:24:43.464+0000] {processor.py:161} INFO - Started process (PID=2481) to work on /opt/airflow/dags/move_bronze_to_silver_partitioned.py
[2025-04-28T02:24:43.465+0000] {processor.py:830} INFO - Processing file /opt/airflow/dags/move_bronze_to_silver_partitioned.py for tasks to queue
[2025-04-28T02:24:43.467+0000] {logging_mixin.py:188} INFO - [2025-04-28T02:24:43.466+0000] {dagbag.py:540} INFO - Filling up the DagBag from /opt/airflow/dags/move_bronze_to_silver_partitioned.py
[2025-04-28T02:24:43.697+0000] {processor.py:840} INFO - DAG(s) 'move_bronze_to_silver_partitioned' retrieved from /opt/airflow/dags/move_bronze_to_silver_partitioned.py
[2025-04-28T02:24:43.710+0000] {logging_mixin.py:188} INFO - [2025-04-28T02:24:43.710+0000] {dag.py:3096} INFO - Sync 1 DAGs
[2025-04-28T02:24:43.716+0000] {logging_mixin.py:188} INFO - [2025-04-28T02:24:43.716+0000] {dag.py:3954} INFO - Setting next_dagrun for move_bronze_to_silver_partitioned to None, run_after=None
[2025-04-28T02:24:43.727+0000] {processor.py:183} INFO - Processing /opt/airflow/dags/move_bronze_to_silver_partitioned.py took 0.268 seconds
[2025-04-28T02:25:14.624+0000] {processor.py:161} INFO - Started process (PID=2516) to work on /opt/airflow/dags/move_bronze_to_silver_partitioned.py
[2025-04-28T02:25:14.625+0000] {processor.py:830} INFO - Processing file /opt/airflow/dags/move_bronze_to_silver_partitioned.py for tasks to queue
[2025-04-28T02:25:14.627+0000] {logging_mixin.py:188} INFO - [2025-04-28T02:25:14.626+0000] {dagbag.py:540} INFO - Filling up the DagBag from /opt/airflow/dags/move_bronze_to_silver_partitioned.py
[2025-04-28T02:25:14.853+0000] {processor.py:840} INFO - DAG(s) 'move_bronze_to_silver_partitioned' retrieved from /opt/airflow/dags/move_bronze_to_silver_partitioned.py
[2025-04-28T02:25:14.865+0000] {logging_mixin.py:188} INFO - [2025-04-28T02:25:14.865+0000] {dag.py:3096} INFO - Sync 1 DAGs
[2025-04-28T02:25:14.870+0000] {logging_mixin.py:188} INFO - [2025-04-28T02:25:14.870+0000] {dag.py:3954} INFO - Setting next_dagrun for move_bronze_to_silver_partitioned to None, run_after=None
[2025-04-28T02:25:14.883+0000] {processor.py:183} INFO - Processing /opt/airflow/dags/move_bronze_to_silver_partitioned.py took 0.263 seconds
[2025-04-28T02:25:45.744+0000] {processor.py:161} INFO - Started process (PID=2551) to work on /opt/airflow/dags/move_bronze_to_silver_partitioned.py
[2025-04-28T02:25:45.745+0000] {processor.py:830} INFO - Processing file /opt/airflow/dags/move_bronze_to_silver_partitioned.py for tasks to queue
[2025-04-28T02:25:45.746+0000] {logging_mixin.py:188} INFO - [2025-04-28T02:25:45.746+0000] {dagbag.py:540} INFO - Filling up the DagBag from /opt/airflow/dags/move_bronze_to_silver_partitioned.py
[2025-04-28T02:25:45.970+0000] {processor.py:840} INFO - DAG(s) 'move_bronze_to_silver_partitioned' retrieved from /opt/airflow/dags/move_bronze_to_silver_partitioned.py
[2025-04-28T02:25:45.982+0000] {logging_mixin.py:188} INFO - [2025-04-28T02:25:45.982+0000] {dag.py:3096} INFO - Sync 1 DAGs
[2025-04-28T02:25:45.987+0000] {logging_mixin.py:188} INFO - [2025-04-28T02:25:45.986+0000] {dag.py:3954} INFO - Setting next_dagrun for move_bronze_to_silver_partitioned to None, run_after=None
[2025-04-28T02:25:45.999+0000] {processor.py:183} INFO - Processing /opt/airflow/dags/move_bronze_to_silver_partitioned.py took 0.260 seconds
[2025-04-28T02:26:16.861+0000] {processor.py:161} INFO - Started process (PID=2586) to work on /opt/airflow/dags/move_bronze_to_silver_partitioned.py
[2025-04-28T02:26:16.862+0000] {processor.py:830} INFO - Processing file /opt/airflow/dags/move_bronze_to_silver_partitioned.py for tasks to queue
[2025-04-28T02:26:16.864+0000] {logging_mixin.py:188} INFO - [2025-04-28T02:26:16.864+0000] {dagbag.py:540} INFO - Filling up the DagBag from /opt/airflow/dags/move_bronze_to_silver_partitioned.py
[2025-04-28T02:26:17.085+0000] {processor.py:840} INFO - DAG(s) 'move_bronze_to_silver_partitioned' retrieved from /opt/airflow/dags/move_bronze_to_silver_partitioned.py
[2025-04-28T02:26:17.097+0000] {logging_mixin.py:188} INFO - [2025-04-28T02:26:17.096+0000] {dag.py:3096} INFO - Sync 1 DAGs
[2025-04-28T02:26:17.102+0000] {logging_mixin.py:188} INFO - [2025-04-28T02:26:17.101+0000] {dag.py:3954} INFO - Setting next_dagrun for move_bronze_to_silver_partitioned to None, run_after=None
[2025-04-28T02:26:17.111+0000] {processor.py:183} INFO - Processing /opt/airflow/dags/move_bronze_to_silver_partitioned.py took 0.254 seconds
[2025-04-28T02:26:48.039+0000] {processor.py:161} INFO - Started process (PID=2621) to work on /opt/airflow/dags/move_bronze_to_silver_partitioned.py
[2025-04-28T02:26:48.040+0000] {processor.py:830} INFO - Processing file /opt/airflow/dags/move_bronze_to_silver_partitioned.py for tasks to queue
[2025-04-28T02:26:48.042+0000] {logging_mixin.py:188} INFO - [2025-04-28T02:26:48.042+0000] {dagbag.py:540} INFO - Filling up the DagBag from /opt/airflow/dags/move_bronze_to_silver_partitioned.py
[2025-04-28T02:26:48.266+0000] {processor.py:840} INFO - DAG(s) 'move_bronze_to_silver_partitioned' retrieved from /opt/airflow/dags/move_bronze_to_silver_partitioned.py
[2025-04-28T02:26:48.277+0000] {logging_mixin.py:188} INFO - [2025-04-28T02:26:48.277+0000] {dag.py:3096} INFO - Sync 1 DAGs
[2025-04-28T02:26:48.282+0000] {logging_mixin.py:188} INFO - [2025-04-28T02:26:48.282+0000] {dag.py:3954} INFO - Setting next_dagrun for move_bronze_to_silver_partitioned to None, run_after=None
[2025-04-28T02:26:48.295+0000] {processor.py:183} INFO - Processing /opt/airflow/dags/move_bronze_to_silver_partitioned.py took 0.259 seconds
[2025-04-28T02:27:19.155+0000] {processor.py:161} INFO - Started process (PID=2656) to work on /opt/airflow/dags/move_bronze_to_silver_partitioned.py
[2025-04-28T02:27:19.156+0000] {processor.py:830} INFO - Processing file /opt/airflow/dags/move_bronze_to_silver_partitioned.py for tasks to queue
[2025-04-28T02:27:19.158+0000] {logging_mixin.py:188} INFO - [2025-04-28T02:27:19.157+0000] {dagbag.py:540} INFO - Filling up the DagBag from /opt/airflow/dags/move_bronze_to_silver_partitioned.py
[2025-04-28T02:27:19.376+0000] {processor.py:840} INFO - DAG(s) 'move_bronze_to_silver_partitioned' retrieved from /opt/airflow/dags/move_bronze_to_silver_partitioned.py
[2025-04-28T02:27:19.390+0000] {logging_mixin.py:188} INFO - [2025-04-28T02:27:19.390+0000] {dag.py:3096} INFO - Sync 1 DAGs
[2025-04-28T02:27:19.395+0000] {logging_mixin.py:188} INFO - [2025-04-28T02:27:19.395+0000] {dag.py:3954} INFO - Setting next_dagrun for move_bronze_to_silver_partitioned to None, run_after=None
[2025-04-28T02:27:19.404+0000] {processor.py:183} INFO - Processing /opt/airflow/dags/move_bronze_to_silver_partitioned.py took 0.253 seconds
[2025-04-28T02:27:50.256+0000] {processor.py:161} INFO - Started process (PID=2691) to work on /opt/airflow/dags/move_bronze_to_silver_partitioned.py
[2025-04-28T02:27:50.258+0000] {processor.py:830} INFO - Processing file /opt/airflow/dags/move_bronze_to_silver_partitioned.py for tasks to queue
[2025-04-28T02:27:50.260+0000] {logging_mixin.py:188} INFO - [2025-04-28T02:27:50.260+0000] {dagbag.py:540} INFO - Filling up the DagBag from /opt/airflow/dags/move_bronze_to_silver_partitioned.py
[2025-04-28T02:27:50.479+0000] {processor.py:840} INFO - DAG(s) 'move_bronze_to_silver_partitioned' retrieved from /opt/airflow/dags/move_bronze_to_silver_partitioned.py
[2025-04-28T02:27:50.491+0000] {logging_mixin.py:188} INFO - [2025-04-28T02:27:50.491+0000] {dag.py:3096} INFO - Sync 1 DAGs
[2025-04-28T02:27:50.496+0000] {logging_mixin.py:188} INFO - [2025-04-28T02:27:50.496+0000] {dag.py:3954} INFO - Setting next_dagrun for move_bronze_to_silver_partitioned to None, run_after=None
[2025-04-28T02:27:50.506+0000] {processor.py:183} INFO - Processing /opt/airflow/dags/move_bronze_to_silver_partitioned.py took 0.253 seconds
[2025-04-28T02:28:21.413+0000] {processor.py:161} INFO - Started process (PID=2726) to work on /opt/airflow/dags/move_bronze_to_silver_partitioned.py
[2025-04-28T02:28:21.415+0000] {processor.py:830} INFO - Processing file /opt/airflow/dags/move_bronze_to_silver_partitioned.py for tasks to queue
[2025-04-28T02:28:21.416+0000] {logging_mixin.py:188} INFO - [2025-04-28T02:28:21.416+0000] {dagbag.py:540} INFO - Filling up the DagBag from /opt/airflow/dags/move_bronze_to_silver_partitioned.py
[2025-04-28T02:28:21.637+0000] {processor.py:840} INFO - DAG(s) 'move_bronze_to_silver_partitioned' retrieved from /opt/airflow/dags/move_bronze_to_silver_partitioned.py
[2025-04-28T02:28:21.650+0000] {logging_mixin.py:188} INFO - [2025-04-28T02:28:21.649+0000] {dag.py:3096} INFO - Sync 1 DAGs
[2025-04-28T02:28:21.656+0000] {logging_mixin.py:188} INFO - [2025-04-28T02:28:21.656+0000] {dag.py:3954} INFO - Setting next_dagrun for move_bronze_to_silver_partitioned to None, run_after=None
[2025-04-28T02:28:21.666+0000] {processor.py:183} INFO - Processing /opt/airflow/dags/move_bronze_to_silver_partitioned.py took 0.258 seconds
[2025-04-28T02:28:52.550+0000] {processor.py:161} INFO - Started process (PID=2761) to work on /opt/airflow/dags/move_bronze_to_silver_partitioned.py
[2025-04-28T02:28:52.551+0000] {processor.py:830} INFO - Processing file /opt/airflow/dags/move_bronze_to_silver_partitioned.py for tasks to queue
[2025-04-28T02:28:52.553+0000] {logging_mixin.py:188} INFO - [2025-04-28T02:28:52.553+0000] {dagbag.py:540} INFO - Filling up the DagBag from /opt/airflow/dags/move_bronze_to_silver_partitioned.py
[2025-04-28T02:28:52.778+0000] {processor.py:840} INFO - DAG(s) 'move_bronze_to_silver_partitioned' retrieved from /opt/airflow/dags/move_bronze_to_silver_partitioned.py
[2025-04-28T02:28:52.790+0000] {logging_mixin.py:188} INFO - [2025-04-28T02:28:52.790+0000] {dag.py:3096} INFO - Sync 1 DAGs
[2025-04-28T02:28:52.795+0000] {logging_mixin.py:188} INFO - [2025-04-28T02:28:52.795+0000] {dag.py:3954} INFO - Setting next_dagrun for move_bronze_to_silver_partitioned to None, run_after=None
[2025-04-28T02:28:52.805+0000] {processor.py:183} INFO - Processing /opt/airflow/dags/move_bronze_to_silver_partitioned.py took 0.260 seconds
[2025-04-28T02:29:23.702+0000] {processor.py:161} INFO - Started process (PID=2796) to work on /opt/airflow/dags/move_bronze_to_silver_partitioned.py
[2025-04-28T02:29:23.702+0000] {processor.py:830} INFO - Processing file /opt/airflow/dags/move_bronze_to_silver_partitioned.py for tasks to queue
[2025-04-28T02:29:23.704+0000] {logging_mixin.py:188} INFO - [2025-04-28T02:29:23.703+0000] {dagbag.py:540} INFO - Filling up the DagBag from /opt/airflow/dags/move_bronze_to_silver_partitioned.py
[2025-04-28T02:29:23.928+0000] {processor.py:840} INFO - DAG(s) 'move_bronze_to_silver_partitioned' retrieved from /opt/airflow/dags/move_bronze_to_silver_partitioned.py
[2025-04-28T02:29:23.941+0000] {logging_mixin.py:188} INFO - [2025-04-28T02:29:23.940+0000] {dag.py:3096} INFO - Sync 1 DAGs
[2025-04-28T02:29:23.945+0000] {logging_mixin.py:188} INFO - [2025-04-28T02:29:23.945+0000] {dag.py:3954} INFO - Setting next_dagrun for move_bronze_to_silver_partitioned to None, run_after=None
[2025-04-28T02:29:23.958+0000] {processor.py:183} INFO - Processing /opt/airflow/dags/move_bronze_to_silver_partitioned.py took 0.260 seconds
[2025-04-28T02:29:54.848+0000] {processor.py:161} INFO - Started process (PID=2831) to work on /opt/airflow/dags/move_bronze_to_silver_partitioned.py
[2025-04-28T02:29:54.848+0000] {processor.py:830} INFO - Processing file /opt/airflow/dags/move_bronze_to_silver_partitioned.py for tasks to queue
[2025-04-28T02:29:54.851+0000] {logging_mixin.py:188} INFO - [2025-04-28T02:29:54.850+0000] {dagbag.py:540} INFO - Filling up the DagBag from /opt/airflow/dags/move_bronze_to_silver_partitioned.py
[2025-04-28T02:29:55.083+0000] {processor.py:840} INFO - DAG(s) 'move_bronze_to_silver_partitioned' retrieved from /opt/airflow/dags/move_bronze_to_silver_partitioned.py
[2025-04-28T02:29:55.095+0000] {logging_mixin.py:188} INFO - [2025-04-28T02:29:55.095+0000] {dag.py:3096} INFO - Sync 1 DAGs
[2025-04-28T02:29:55.101+0000] {logging_mixin.py:188} INFO - [2025-04-28T02:29:55.100+0000] {dag.py:3954} INFO - Setting next_dagrun for move_bronze_to_silver_partitioned to None, run_after=None
[2025-04-28T02:29:55.112+0000] {processor.py:183} INFO - Processing /opt/airflow/dags/move_bronze_to_silver_partitioned.py took 0.269 seconds
[2025-04-28T02:30:25.986+0000] {processor.py:161} INFO - Started process (PID=2866) to work on /opt/airflow/dags/move_bronze_to_silver_partitioned.py
[2025-04-28T02:30:25.989+0000] {processor.py:830} INFO - Processing file /opt/airflow/dags/move_bronze_to_silver_partitioned.py for tasks to queue
[2025-04-28T02:30:25.993+0000] {logging_mixin.py:188} INFO - [2025-04-28T02:30:25.993+0000] {dagbag.py:540} INFO - Filling up the DagBag from /opt/airflow/dags/move_bronze_to_silver_partitioned.py
[2025-04-28T02:30:26.219+0000] {processor.py:840} INFO - DAG(s) 'move_bronze_to_silver_partitioned' retrieved from /opt/airflow/dags/move_bronze_to_silver_partitioned.py
[2025-04-28T02:30:26.233+0000] {logging_mixin.py:188} INFO - [2025-04-28T02:30:26.232+0000] {dag.py:3096} INFO - Sync 1 DAGs
[2025-04-28T02:30:26.237+0000] {logging_mixin.py:188} INFO - [2025-04-28T02:30:26.237+0000] {dag.py:3954} INFO - Setting next_dagrun for move_bronze_to_silver_partitioned to None, run_after=None
[2025-04-28T02:30:26.250+0000] {processor.py:183} INFO - Processing /opt/airflow/dags/move_bronze_to_silver_partitioned.py took 0.266 seconds
[2025-04-28T02:30:57.179+0000] {processor.py:161} INFO - Started process (PID=2901) to work on /opt/airflow/dags/move_bronze_to_silver_partitioned.py
[2025-04-28T02:30:57.179+0000] {processor.py:830} INFO - Processing file /opt/airflow/dags/move_bronze_to_silver_partitioned.py for tasks to queue
[2025-04-28T02:30:57.181+0000] {logging_mixin.py:188} INFO - [2025-04-28T02:30:57.181+0000] {dagbag.py:540} INFO - Filling up the DagBag from /opt/airflow/dags/move_bronze_to_silver_partitioned.py
[2025-04-28T02:30:57.402+0000] {processor.py:840} INFO - DAG(s) 'move_bronze_to_silver_partitioned' retrieved from /opt/airflow/dags/move_bronze_to_silver_partitioned.py
[2025-04-28T02:30:57.414+0000] {logging_mixin.py:188} INFO - [2025-04-28T02:30:57.414+0000] {dag.py:3096} INFO - Sync 1 DAGs
[2025-04-28T02:30:57.419+0000] {logging_mixin.py:188} INFO - [2025-04-28T02:30:57.419+0000] {dag.py:3954} INFO - Setting next_dagrun for move_bronze_to_silver_partitioned to None, run_after=None
[2025-04-28T02:30:57.431+0000] {processor.py:183} INFO - Processing /opt/airflow/dags/move_bronze_to_silver_partitioned.py took 0.255 seconds
[2025-04-28T02:31:28.311+0000] {processor.py:161} INFO - Started process (PID=2936) to work on /opt/airflow/dags/move_bronze_to_silver_partitioned.py
[2025-04-28T02:31:28.316+0000] {processor.py:830} INFO - Processing file /opt/airflow/dags/move_bronze_to_silver_partitioned.py for tasks to queue
[2025-04-28T02:31:28.318+0000] {logging_mixin.py:188} INFO - [2025-04-28T02:31:28.318+0000] {dagbag.py:540} INFO - Filling up the DagBag from /opt/airflow/dags/move_bronze_to_silver_partitioned.py
[2025-04-28T02:31:28.534+0000] {processor.py:840} INFO - DAG(s) 'move_bronze_to_silver_partitioned' retrieved from /opt/airflow/dags/move_bronze_to_silver_partitioned.py
[2025-04-28T02:31:28.549+0000] {logging_mixin.py:188} INFO - [2025-04-28T02:31:28.549+0000] {dag.py:3096} INFO - Sync 1 DAGs
[2025-04-28T02:31:28.553+0000] {logging_mixin.py:188} INFO - [2025-04-28T02:31:28.553+0000] {dag.py:3954} INFO - Setting next_dagrun for move_bronze_to_silver_partitioned to None, run_after=None
[2025-04-28T02:31:28.565+0000] {processor.py:183} INFO - Processing /opt/airflow/dags/move_bronze_to_silver_partitioned.py took 0.257 seconds
[2025-04-28T02:31:59.470+0000] {processor.py:161} INFO - Started process (PID=2971) to work on /opt/airflow/dags/move_bronze_to_silver_partitioned.py
[2025-04-28T02:31:59.471+0000] {processor.py:830} INFO - Processing file /opt/airflow/dags/move_bronze_to_silver_partitioned.py for tasks to queue
[2025-04-28T02:31:59.472+0000] {logging_mixin.py:188} INFO - [2025-04-28T02:31:59.471+0000] {dagbag.py:540} INFO - Filling up the DagBag from /opt/airflow/dags/move_bronze_to_silver_partitioned.py
[2025-04-28T02:31:59.688+0000] {processor.py:840} INFO - DAG(s) 'move_bronze_to_silver_partitioned' retrieved from /opt/airflow/dags/move_bronze_to_silver_partitioned.py
[2025-04-28T02:31:59.702+0000] {logging_mixin.py:188} INFO - [2025-04-28T02:31:59.702+0000] {dag.py:3096} INFO - Sync 1 DAGs
[2025-04-28T02:31:59.707+0000] {logging_mixin.py:188} INFO - [2025-04-28T02:31:59.707+0000] {dag.py:3954} INFO - Setting next_dagrun for move_bronze_to_silver_partitioned to None, run_after=None
[2025-04-28T02:31:59.718+0000] {processor.py:183} INFO - Processing /opt/airflow/dags/move_bronze_to_silver_partitioned.py took 0.251 seconds
[2025-04-28T02:32:30.575+0000] {processor.py:161} INFO - Started process (PID=3006) to work on /opt/airflow/dags/move_bronze_to_silver_partitioned.py
[2025-04-28T02:32:30.576+0000] {processor.py:830} INFO - Processing file /opt/airflow/dags/move_bronze_to_silver_partitioned.py for tasks to queue
[2025-04-28T02:32:30.579+0000] {logging_mixin.py:188} INFO - [2025-04-28T02:32:30.579+0000] {dagbag.py:540} INFO - Filling up the DagBag from /opt/airflow/dags/move_bronze_to_silver_partitioned.py
[2025-04-28T02:32:30.795+0000] {processor.py:840} INFO - DAG(s) 'move_bronze_to_silver_partitioned' retrieved from /opt/airflow/dags/move_bronze_to_silver_partitioned.py
[2025-04-28T02:32:30.807+0000] {logging_mixin.py:188} INFO - [2025-04-28T02:32:30.807+0000] {dag.py:3096} INFO - Sync 1 DAGs
[2025-04-28T02:32:30.811+0000] {logging_mixin.py:188} INFO - [2025-04-28T02:32:30.811+0000] {dag.py:3954} INFO - Setting next_dagrun for move_bronze_to_silver_partitioned to None, run_after=None
[2025-04-28T02:32:30.823+0000] {processor.py:183} INFO - Processing /opt/airflow/dags/move_bronze_to_silver_partitioned.py took 0.252 seconds
[2025-04-28T02:33:01.718+0000] {processor.py:161} INFO - Started process (PID=3041) to work on /opt/airflow/dags/move_bronze_to_silver_partitioned.py
[2025-04-28T02:33:01.719+0000] {processor.py:830} INFO - Processing file /opt/airflow/dags/move_bronze_to_silver_partitioned.py for tasks to queue
[2025-04-28T02:33:01.720+0000] {logging_mixin.py:188} INFO - [2025-04-28T02:33:01.720+0000] {dagbag.py:540} INFO - Filling up the DagBag from /opt/airflow/dags/move_bronze_to_silver_partitioned.py
[2025-04-28T02:33:01.938+0000] {processor.py:840} INFO - DAG(s) 'move_bronze_to_silver_partitioned' retrieved from /opt/airflow/dags/move_bronze_to_silver_partitioned.py
[2025-04-28T02:33:01.955+0000] {logging_mixin.py:188} INFO - [2025-04-28T02:33:01.954+0000] {dag.py:3096} INFO - Sync 1 DAGs
[2025-04-28T02:33:01.961+0000] {logging_mixin.py:188} INFO - [2025-04-28T02:33:01.960+0000] {dag.py:3954} INFO - Setting next_dagrun for move_bronze_to_silver_partitioned to None, run_after=None
[2025-04-28T02:33:01.971+0000] {processor.py:183} INFO - Processing /opt/airflow/dags/move_bronze_to_silver_partitioned.py took 0.257 seconds
[2025-04-28T02:33:32.819+0000] {processor.py:161} INFO - Started process (PID=3076) to work on /opt/airflow/dags/move_bronze_to_silver_partitioned.py
[2025-04-28T02:33:32.820+0000] {processor.py:830} INFO - Processing file /opt/airflow/dags/move_bronze_to_silver_partitioned.py for tasks to queue
[2025-04-28T02:33:32.821+0000] {logging_mixin.py:188} INFO - [2025-04-28T02:33:32.820+0000] {dagbag.py:540} INFO - Filling up the DagBag from /opt/airflow/dags/move_bronze_to_silver_partitioned.py
[2025-04-28T02:33:33.039+0000] {processor.py:840} INFO - DAG(s) 'move_bronze_to_silver_partitioned' retrieved from /opt/airflow/dags/move_bronze_to_silver_partitioned.py
[2025-04-28T02:33:33.051+0000] {logging_mixin.py:188} INFO - [2025-04-28T02:33:33.051+0000] {dag.py:3096} INFO - Sync 1 DAGs
[2025-04-28T02:33:33.058+0000] {logging_mixin.py:188} INFO - [2025-04-28T02:33:33.058+0000] {dag.py:3954} INFO - Setting next_dagrun for move_bronze_to_silver_partitioned to None, run_after=None
[2025-04-28T02:33:33.068+0000] {processor.py:183} INFO - Processing /opt/airflow/dags/move_bronze_to_silver_partitioned.py took 0.252 seconds
[2025-04-28T02:34:03.652+0000] {processor.py:161} INFO - Started process (PID=3111) to work on /opt/airflow/dags/move_bronze_to_silver_partitioned.py
[2025-04-28T02:34:03.652+0000] {processor.py:830} INFO - Processing file /opt/airflow/dags/move_bronze_to_silver_partitioned.py for tasks to queue
[2025-04-28T02:34:03.654+0000] {logging_mixin.py:188} INFO - [2025-04-28T02:34:03.654+0000] {dagbag.py:540} INFO - Filling up the DagBag from /opt/airflow/dags/move_bronze_to_silver_partitioned.py
[2025-04-28T02:34:03.891+0000] {processor.py:840} INFO - DAG(s) 'move_bronze_to_silver_partitioned' retrieved from /opt/airflow/dags/move_bronze_to_silver_partitioned.py
[2025-04-28T02:34:03.906+0000] {logging_mixin.py:188} INFO - [2025-04-28T02:34:03.906+0000] {dag.py:3096} INFO - Sync 1 DAGs
[2025-04-28T02:34:03.913+0000] {logging_mixin.py:188} INFO - [2025-04-28T02:34:03.913+0000] {dag.py:3954} INFO - Setting next_dagrun for move_bronze_to_silver_partitioned to None, run_after=None
[2025-04-28T02:34:03.925+0000] {processor.py:183} INFO - Processing /opt/airflow/dags/move_bronze_to_silver_partitioned.py took 0.276 seconds
[2025-04-28T02:34:34.860+0000] {processor.py:161} INFO - Started process (PID=3146) to work on /opt/airflow/dags/move_bronze_to_silver_partitioned.py
[2025-04-28T02:34:34.862+0000] {processor.py:830} INFO - Processing file /opt/airflow/dags/move_bronze_to_silver_partitioned.py for tasks to queue
[2025-04-28T02:34:34.863+0000] {logging_mixin.py:188} INFO - [2025-04-28T02:34:34.863+0000] {dagbag.py:540} INFO - Filling up the DagBag from /opt/airflow/dags/move_bronze_to_silver_partitioned.py
[2025-04-28T02:34:35.102+0000] {processor.py:840} INFO - DAG(s) 'move_bronze_to_silver_partitioned' retrieved from /opt/airflow/dags/move_bronze_to_silver_partitioned.py
[2025-04-28T02:34:35.114+0000] {logging_mixin.py:188} INFO - [2025-04-28T02:34:35.114+0000] {dag.py:3096} INFO - Sync 1 DAGs
[2025-04-28T02:34:35.119+0000] {logging_mixin.py:188} INFO - [2025-04-28T02:34:35.119+0000] {dag.py:3954} INFO - Setting next_dagrun for move_bronze_to_silver_partitioned to None, run_after=None
[2025-04-28T02:34:35.131+0000] {processor.py:183} INFO - Processing /opt/airflow/dags/move_bronze_to_silver_partitioned.py took 0.274 seconds
[2025-04-28T02:35:05.998+0000] {processor.py:161} INFO - Started process (PID=3181) to work on /opt/airflow/dags/move_bronze_to_silver_partitioned.py
[2025-04-28T02:35:05.999+0000] {processor.py:830} INFO - Processing file /opt/airflow/dags/move_bronze_to_silver_partitioned.py for tasks to queue
[2025-04-28T02:35:06.000+0000] {logging_mixin.py:188} INFO - [2025-04-28T02:35:06.000+0000] {dagbag.py:540} INFO - Filling up the DagBag from /opt/airflow/dags/move_bronze_to_silver_partitioned.py
[2025-04-28T02:35:06.239+0000] {processor.py:840} INFO - DAG(s) 'move_bronze_to_silver_partitioned' retrieved from /opt/airflow/dags/move_bronze_to_silver_partitioned.py
[2025-04-28T02:35:06.253+0000] {logging_mixin.py:188} INFO - [2025-04-28T02:35:06.252+0000] {dag.py:3096} INFO - Sync 1 DAGs
[2025-04-28T02:35:06.260+0000] {logging_mixin.py:188} INFO - [2025-04-28T02:35:06.259+0000] {dag.py:3954} INFO - Setting next_dagrun for move_bronze_to_silver_partitioned to None, run_after=None
[2025-04-28T02:35:06.272+0000] {processor.py:183} INFO - Processing /opt/airflow/dags/move_bronze_to_silver_partitioned.py took 0.278 seconds
[2025-04-28T02:35:37.177+0000] {processor.py:161} INFO - Started process (PID=3222) to work on /opt/airflow/dags/move_bronze_to_silver_partitioned.py
[2025-04-28T02:35:37.178+0000] {processor.py:830} INFO - Processing file /opt/airflow/dags/move_bronze_to_silver_partitioned.py for tasks to queue
[2025-04-28T02:35:37.178+0000] {logging_mixin.py:188} INFO - [2025-04-28T02:35:37.178+0000] {dagbag.py:540} INFO - Filling up the DagBag from /opt/airflow/dags/move_bronze_to_silver_partitioned.py
[2025-04-28T02:35:37.423+0000] {processor.py:840} INFO - DAG(s) 'move_bronze_to_silver_partitioned' retrieved from /opt/airflow/dags/move_bronze_to_silver_partitioned.py
[2025-04-28T02:35:37.434+0000] {logging_mixin.py:188} INFO - [2025-04-28T02:35:37.434+0000] {dag.py:3096} INFO - Sync 1 DAGs
[2025-04-28T02:35:37.443+0000] {logging_mixin.py:188} INFO - [2025-04-28T02:35:37.443+0000] {dag.py:3954} INFO - Setting next_dagrun for move_bronze_to_silver_partitioned to None, run_after=None
[2025-04-28T02:35:37.453+0000] {processor.py:183} INFO - Processing /opt/airflow/dags/move_bronze_to_silver_partitioned.py took 0.279 seconds
[2025-04-28T02:36:08.320+0000] {processor.py:161} INFO - Started process (PID=3256) to work on /opt/airflow/dags/move_bronze_to_silver_partitioned.py
[2025-04-28T02:36:08.322+0000] {processor.py:830} INFO - Processing file /opt/airflow/dags/move_bronze_to_silver_partitioned.py for tasks to queue
[2025-04-28T02:36:08.323+0000] {logging_mixin.py:188} INFO - [2025-04-28T02:36:08.323+0000] {dagbag.py:540} INFO - Filling up the DagBag from /opt/airflow/dags/move_bronze_to_silver_partitioned.py
[2025-04-28T02:36:08.547+0000] {processor.py:840} INFO - DAG(s) 'move_bronze_to_silver_partitioned' retrieved from /opt/airflow/dags/move_bronze_to_silver_partitioned.py
[2025-04-28T02:36:08.559+0000] {logging_mixin.py:188} INFO - [2025-04-28T02:36:08.559+0000] {dag.py:3096} INFO - Sync 1 DAGs
[2025-04-28T02:36:08.564+0000] {logging_mixin.py:188} INFO - [2025-04-28T02:36:08.564+0000] {dag.py:3954} INFO - Setting next_dagrun for move_bronze_to_silver_partitioned to None, run_after=None
[2025-04-28T02:36:08.574+0000] {processor.py:183} INFO - Processing /opt/airflow/dags/move_bronze_to_silver_partitioned.py took 0.258 seconds
[2025-04-28T02:36:39.137+0000] {processor.py:161} INFO - Started process (PID=3291) to work on /opt/airflow/dags/move_bronze_to_silver_partitioned.py
[2025-04-28T02:36:39.143+0000] {processor.py:830} INFO - Processing file /opt/airflow/dags/move_bronze_to_silver_partitioned.py for tasks to queue
[2025-04-28T02:36:39.148+0000] {logging_mixin.py:188} INFO - [2025-04-28T02:36:39.147+0000] {dagbag.py:540} INFO - Filling up the DagBag from /opt/airflow/dags/move_bronze_to_silver_partitioned.py
[2025-04-28T02:36:39.357+0000] {processor.py:840} INFO - DAG(s) 'move_bronze_to_silver_partitioned' retrieved from /opt/airflow/dags/move_bronze_to_silver_partitioned.py
[2025-04-28T02:36:39.369+0000] {logging_mixin.py:188} INFO - [2025-04-28T02:36:39.369+0000] {dag.py:3096} INFO - Sync 1 DAGs
[2025-04-28T02:36:39.374+0000] {logging_mixin.py:188} INFO - [2025-04-28T02:36:39.374+0000] {dag.py:3954} INFO - Setting next_dagrun for move_bronze_to_silver_partitioned to None, run_after=None
[2025-04-28T02:36:39.388+0000] {processor.py:183} INFO - Processing /opt/airflow/dags/move_bronze_to_silver_partitioned.py took 0.255 seconds
[2025-04-28T02:37:09.989+0000] {processor.py:161} INFO - Started process (PID=3326) to work on /opt/airflow/dags/move_bronze_to_silver_partitioned.py
[2025-04-28T02:37:09.991+0000] {processor.py:830} INFO - Processing file /opt/airflow/dags/move_bronze_to_silver_partitioned.py for tasks to queue
[2025-04-28T02:37:09.995+0000] {logging_mixin.py:188} INFO - [2025-04-28T02:37:09.995+0000] {dagbag.py:540} INFO - Filling up the DagBag from /opt/airflow/dags/move_bronze_to_silver_partitioned.py
[2025-04-28T02:37:10.212+0000] {processor.py:840} INFO - DAG(s) 'move_bronze_to_silver_partitioned' retrieved from /opt/airflow/dags/move_bronze_to_silver_partitioned.py
[2025-04-28T02:37:10.226+0000] {logging_mixin.py:188} INFO - [2025-04-28T02:37:10.225+0000] {dag.py:3096} INFO - Sync 1 DAGs
[2025-04-28T02:37:10.233+0000] {logging_mixin.py:188} INFO - [2025-04-28T02:37:10.233+0000] {dag.py:3954} INFO - Setting next_dagrun for move_bronze_to_silver_partitioned to None, run_after=None
[2025-04-28T02:37:10.241+0000] {processor.py:183} INFO - Processing /opt/airflow/dags/move_bronze_to_silver_partitioned.py took 0.256 seconds
[2025-04-28T02:37:41.115+0000] {processor.py:161} INFO - Started process (PID=3361) to work on /opt/airflow/dags/move_bronze_to_silver_partitioned.py
[2025-04-28T02:37:41.116+0000] {processor.py:830} INFO - Processing file /opt/airflow/dags/move_bronze_to_silver_partitioned.py for tasks to queue
[2025-04-28T02:37:41.118+0000] {logging_mixin.py:188} INFO - [2025-04-28T02:37:41.118+0000] {dagbag.py:540} INFO - Filling up the DagBag from /opt/airflow/dags/move_bronze_to_silver_partitioned.py
[2025-04-28T02:37:41.337+0000] {processor.py:840} INFO - DAG(s) 'move_bronze_to_silver_partitioned' retrieved from /opt/airflow/dags/move_bronze_to_silver_partitioned.py
[2025-04-28T02:37:41.349+0000] {logging_mixin.py:188} INFO - [2025-04-28T02:37:41.349+0000] {dag.py:3096} INFO - Sync 1 DAGs
[2025-04-28T02:37:41.354+0000] {logging_mixin.py:188} INFO - [2025-04-28T02:37:41.354+0000] {dag.py:3954} INFO - Setting next_dagrun for move_bronze_to_silver_partitioned to None, run_after=None
[2025-04-28T02:37:41.365+0000] {processor.py:183} INFO - Processing /opt/airflow/dags/move_bronze_to_silver_partitioned.py took 0.255 seconds
[2025-04-28T02:38:12.212+0000] {processor.py:161} INFO - Started process (PID=3396) to work on /opt/airflow/dags/move_bronze_to_silver_partitioned.py
[2025-04-28T02:38:12.214+0000] {processor.py:830} INFO - Processing file /opt/airflow/dags/move_bronze_to_silver_partitioned.py for tasks to queue
[2025-04-28T02:38:12.216+0000] {logging_mixin.py:188} INFO - [2025-04-28T02:38:12.215+0000] {dagbag.py:540} INFO - Filling up the DagBag from /opt/airflow/dags/move_bronze_to_silver_partitioned.py
[2025-04-28T02:38:12.434+0000] {processor.py:840} INFO - DAG(s) 'move_bronze_to_silver_partitioned' retrieved from /opt/airflow/dags/move_bronze_to_silver_partitioned.py
[2025-04-28T02:38:12.447+0000] {logging_mixin.py:188} INFO - [2025-04-28T02:38:12.447+0000] {dag.py:3096} INFO - Sync 1 DAGs
[2025-04-28T02:38:12.453+0000] {logging_mixin.py:188} INFO - [2025-04-28T02:38:12.453+0000] {dag.py:3954} INFO - Setting next_dagrun for move_bronze_to_silver_partitioned to None, run_after=None
[2025-04-28T02:38:12.465+0000] {processor.py:183} INFO - Processing /opt/airflow/dags/move_bronze_to_silver_partitioned.py took 0.258 seconds
[2025-04-28T02:38:43.335+0000] {processor.py:161} INFO - Started process (PID=3431) to work on /opt/airflow/dags/move_bronze_to_silver_partitioned.py
[2025-04-28T02:38:43.336+0000] {processor.py:830} INFO - Processing file /opt/airflow/dags/move_bronze_to_silver_partitioned.py for tasks to queue
[2025-04-28T02:38:43.337+0000] {logging_mixin.py:188} INFO - [2025-04-28T02:38:43.337+0000] {dagbag.py:540} INFO - Filling up the DagBag from /opt/airflow/dags/move_bronze_to_silver_partitioned.py
[2025-04-28T02:38:43.555+0000] {processor.py:840} INFO - DAG(s) 'move_bronze_to_silver_partitioned' retrieved from /opt/airflow/dags/move_bronze_to_silver_partitioned.py
[2025-04-28T02:38:43.568+0000] {logging_mixin.py:188} INFO - [2025-04-28T02:38:43.568+0000] {dag.py:3096} INFO - Sync 1 DAGs
[2025-04-28T02:38:43.574+0000] {logging_mixin.py:188} INFO - [2025-04-28T02:38:43.574+0000] {dag.py:3954} INFO - Setting next_dagrun for move_bronze_to_silver_partitioned to None, run_after=None
[2025-04-28T02:38:43.586+0000] {processor.py:183} INFO - Processing /opt/airflow/dags/move_bronze_to_silver_partitioned.py took 0.254 seconds
[2025-04-28T02:39:14.212+0000] {processor.py:161} INFO - Started process (PID=3466) to work on /opt/airflow/dags/move_bronze_to_silver_partitioned.py
[2025-04-28T02:39:14.213+0000] {processor.py:830} INFO - Processing file /opt/airflow/dags/move_bronze_to_silver_partitioned.py for tasks to queue
[2025-04-28T02:39:14.214+0000] {logging_mixin.py:188} INFO - [2025-04-28T02:39:14.214+0000] {dagbag.py:540} INFO - Filling up the DagBag from /opt/airflow/dags/move_bronze_to_silver_partitioned.py
[2025-04-28T02:39:14.456+0000] {processor.py:840} INFO - DAG(s) 'move_bronze_to_silver_partitioned' retrieved from /opt/airflow/dags/move_bronze_to_silver_partitioned.py
[2025-04-28T02:39:14.469+0000] {logging_mixin.py:188} INFO - [2025-04-28T02:39:14.469+0000] {dag.py:3096} INFO - Sync 1 DAGs
[2025-04-28T02:39:14.474+0000] {logging_mixin.py:188} INFO - [2025-04-28T02:39:14.474+0000] {dag.py:3954} INFO - Setting next_dagrun for move_bronze_to_silver_partitioned to None, run_after=None
[2025-04-28T02:39:14.486+0000] {processor.py:183} INFO - Processing /opt/airflow/dags/move_bronze_to_silver_partitioned.py took 0.279 seconds
[2025-04-28T02:39:45.379+0000] {processor.py:161} INFO - Started process (PID=3501) to work on /opt/airflow/dags/move_bronze_to_silver_partitioned.py
[2025-04-28T02:39:45.380+0000] {processor.py:830} INFO - Processing file /opt/airflow/dags/move_bronze_to_silver_partitioned.py for tasks to queue
[2025-04-28T02:39:45.382+0000] {logging_mixin.py:188} INFO - [2025-04-28T02:39:45.382+0000] {dagbag.py:540} INFO - Filling up the DagBag from /opt/airflow/dags/move_bronze_to_silver_partitioned.py
[2025-04-28T02:39:45.606+0000] {processor.py:840} INFO - DAG(s) 'move_bronze_to_silver_partitioned' retrieved from /opt/airflow/dags/move_bronze_to_silver_partitioned.py
[2025-04-28T02:39:45.619+0000] {logging_mixin.py:188} INFO - [2025-04-28T02:39:45.619+0000] {dag.py:3096} INFO - Sync 1 DAGs
[2025-04-28T02:39:45.626+0000] {logging_mixin.py:188} INFO - [2025-04-28T02:39:45.626+0000] {dag.py:3954} INFO - Setting next_dagrun for move_bronze_to_silver_partitioned to None, run_after=None
[2025-04-28T02:39:45.636+0000] {processor.py:183} INFO - Processing /opt/airflow/dags/move_bronze_to_silver_partitioned.py took 0.261 seconds
[2025-04-28T02:40:16.567+0000] {processor.py:161} INFO - Started process (PID=3536) to work on /opt/airflow/dags/move_bronze_to_silver_partitioned.py
[2025-04-28T02:40:16.568+0000] {processor.py:830} INFO - Processing file /opt/airflow/dags/move_bronze_to_silver_partitioned.py for tasks to queue
[2025-04-28T02:40:16.569+0000] {logging_mixin.py:188} INFO - [2025-04-28T02:40:16.569+0000] {dagbag.py:540} INFO - Filling up the DagBag from /opt/airflow/dags/move_bronze_to_silver_partitioned.py
[2025-04-28T02:40:16.791+0000] {processor.py:840} INFO - DAG(s) 'move_bronze_to_silver_partitioned' retrieved from /opt/airflow/dags/move_bronze_to_silver_partitioned.py
[2025-04-28T02:40:16.804+0000] {logging_mixin.py:188} INFO - [2025-04-28T02:40:16.804+0000] {dag.py:3096} INFO - Sync 1 DAGs
[2025-04-28T02:40:16.811+0000] {logging_mixin.py:188} INFO - [2025-04-28T02:40:16.811+0000] {dag.py:3954} INFO - Setting next_dagrun for move_bronze_to_silver_partitioned to None, run_after=None
[2025-04-28T02:40:16.821+0000] {processor.py:183} INFO - Processing /opt/airflow/dags/move_bronze_to_silver_partitioned.py took 0.259 seconds
[2025-04-28T02:40:47.686+0000] {processor.py:161} INFO - Started process (PID=3571) to work on /opt/airflow/dags/move_bronze_to_silver_partitioned.py
[2025-04-28T02:40:47.687+0000] {processor.py:830} INFO - Processing file /opt/airflow/dags/move_bronze_to_silver_partitioned.py for tasks to queue
[2025-04-28T02:40:47.688+0000] {logging_mixin.py:188} INFO - [2025-04-28T02:40:47.688+0000] {dagbag.py:540} INFO - Filling up the DagBag from /opt/airflow/dags/move_bronze_to_silver_partitioned.py
[2025-04-28T02:40:47.910+0000] {processor.py:840} INFO - DAG(s) 'move_bronze_to_silver_partitioned' retrieved from /opt/airflow/dags/move_bronze_to_silver_partitioned.py
[2025-04-28T02:40:47.925+0000] {logging_mixin.py:188} INFO - [2025-04-28T02:40:47.925+0000] {dag.py:3096} INFO - Sync 1 DAGs
[2025-04-28T02:40:47.930+0000] {logging_mixin.py:188} INFO - [2025-04-28T02:40:47.930+0000] {dag.py:3954} INFO - Setting next_dagrun for move_bronze_to_silver_partitioned to None, run_after=None
[2025-04-28T02:40:47.939+0000] {processor.py:183} INFO - Processing /opt/airflow/dags/move_bronze_to_silver_partitioned.py took 0.257 seconds
[2025-04-28T02:41:18.838+0000] {processor.py:161} INFO - Started process (PID=3606) to work on /opt/airflow/dags/move_bronze_to_silver_partitioned.py
[2025-04-28T02:41:18.839+0000] {processor.py:830} INFO - Processing file /opt/airflow/dags/move_bronze_to_silver_partitioned.py for tasks to queue
[2025-04-28T02:41:18.844+0000] {logging_mixin.py:188} INFO - [2025-04-28T02:41:18.843+0000] {dagbag.py:540} INFO - Filling up the DagBag from /opt/airflow/dags/move_bronze_to_silver_partitioned.py
[2025-04-28T02:41:19.058+0000] {processor.py:840} INFO - DAG(s) 'move_bronze_to_silver_partitioned' retrieved from /opt/airflow/dags/move_bronze_to_silver_partitioned.py
[2025-04-28T02:41:19.070+0000] {logging_mixin.py:188} INFO - [2025-04-28T02:41:19.070+0000] {dag.py:3096} INFO - Sync 1 DAGs
[2025-04-28T02:41:19.075+0000] {logging_mixin.py:188} INFO - [2025-04-28T02:41:19.075+0000] {dag.py:3954} INFO - Setting next_dagrun for move_bronze_to_silver_partitioned to None, run_after=None
[2025-04-28T02:41:19.086+0000] {processor.py:183} INFO - Processing /opt/airflow/dags/move_bronze_to_silver_partitioned.py took 0.253 seconds
[2025-04-28T02:41:49.753+0000] {processor.py:161} INFO - Started process (PID=3641) to work on /opt/airflow/dags/move_bronze_to_silver_partitioned.py
[2025-04-28T02:41:49.754+0000] {processor.py:830} INFO - Processing file /opt/airflow/dags/move_bronze_to_silver_partitioned.py for tasks to queue
[2025-04-28T02:41:49.755+0000] {logging_mixin.py:188} INFO - [2025-04-28T02:41:49.755+0000] {dagbag.py:540} INFO - Filling up the DagBag from /opt/airflow/dags/move_bronze_to_silver_partitioned.py
[2025-04-28T02:41:49.979+0000] {processor.py:840} INFO - DAG(s) 'move_bronze_to_silver_partitioned' retrieved from /opt/airflow/dags/move_bronze_to_silver_partitioned.py
[2025-04-28T02:41:49.990+0000] {logging_mixin.py:188} INFO - [2025-04-28T02:41:49.990+0000] {dag.py:3096} INFO - Sync 1 DAGs
[2025-04-28T02:41:49.995+0000] {logging_mixin.py:188} INFO - [2025-04-28T02:41:49.994+0000] {dag.py:3954} INFO - Setting next_dagrun for move_bronze_to_silver_partitioned to None, run_after=None
[2025-04-28T02:41:50.005+0000] {processor.py:183} INFO - Processing /opt/airflow/dags/move_bronze_to_silver_partitioned.py took 0.259 seconds
[2025-04-28T02:42:20.882+0000] {processor.py:161} INFO - Started process (PID=3676) to work on /opt/airflow/dags/move_bronze_to_silver_partitioned.py
[2025-04-28T02:42:20.883+0000] {processor.py:830} INFO - Processing file /opt/airflow/dags/move_bronze_to_silver_partitioned.py for tasks to queue
[2025-04-28T02:42:20.884+0000] {logging_mixin.py:188} INFO - [2025-04-28T02:42:20.884+0000] {dagbag.py:540} INFO - Filling up the DagBag from /opt/airflow/dags/move_bronze_to_silver_partitioned.py
[2025-04-28T02:42:21.104+0000] {processor.py:840} INFO - DAG(s) 'move_bronze_to_silver_partitioned' retrieved from /opt/airflow/dags/move_bronze_to_silver_partitioned.py
[2025-04-28T02:42:21.116+0000] {logging_mixin.py:188} INFO - [2025-04-28T02:42:21.115+0000] {dag.py:3096} INFO - Sync 1 DAGs
[2025-04-28T02:42:21.121+0000] {logging_mixin.py:188} INFO - [2025-04-28T02:42:21.121+0000] {dag.py:3954} INFO - Setting next_dagrun for move_bronze_to_silver_partitioned to None, run_after=None
[2025-04-28T02:42:21.131+0000] {processor.py:183} INFO - Processing /opt/airflow/dags/move_bronze_to_silver_partitioned.py took 0.255 seconds
[2025-04-28T02:42:51.986+0000] {processor.py:161} INFO - Started process (PID=3711) to work on /opt/airflow/dags/move_bronze_to_silver_partitioned.py
[2025-04-28T02:42:51.987+0000] {processor.py:830} INFO - Processing file /opt/airflow/dags/move_bronze_to_silver_partitioned.py for tasks to queue
[2025-04-28T02:42:51.988+0000] {logging_mixin.py:188} INFO - [2025-04-28T02:42:51.988+0000] {dagbag.py:540} INFO - Filling up the DagBag from /opt/airflow/dags/move_bronze_to_silver_partitioned.py
[2025-04-28T02:42:52.206+0000] {processor.py:840} INFO - DAG(s) 'move_bronze_to_silver_partitioned' retrieved from /opt/airflow/dags/move_bronze_to_silver_partitioned.py
[2025-04-28T02:42:52.219+0000] {logging_mixin.py:188} INFO - [2025-04-28T02:42:52.218+0000] {dag.py:3096} INFO - Sync 1 DAGs
[2025-04-28T02:42:52.228+0000] {logging_mixin.py:188} INFO - [2025-04-28T02:42:52.228+0000] {dag.py:3954} INFO - Setting next_dagrun for move_bronze_to_silver_partitioned to None, run_after=None
[2025-04-28T02:42:52.237+0000] {processor.py:183} INFO - Processing /opt/airflow/dags/move_bronze_to_silver_partitioned.py took 0.256 seconds
[2025-04-28T02:43:23.098+0000] {processor.py:161} INFO - Started process (PID=3746) to work on /opt/airflow/dags/move_bronze_to_silver_partitioned.py
[2025-04-28T02:43:23.099+0000] {processor.py:830} INFO - Processing file /opt/airflow/dags/move_bronze_to_silver_partitioned.py for tasks to queue
[2025-04-28T02:43:23.100+0000] {logging_mixin.py:188} INFO - [2025-04-28T02:43:23.100+0000] {dagbag.py:540} INFO - Filling up the DagBag from /opt/airflow/dags/move_bronze_to_silver_partitioned.py
[2025-04-28T02:43:23.316+0000] {processor.py:840} INFO - DAG(s) 'move_bronze_to_silver_partitioned' retrieved from /opt/airflow/dags/move_bronze_to_silver_partitioned.py
[2025-04-28T02:43:23.331+0000] {logging_mixin.py:188} INFO - [2025-04-28T02:43:23.330+0000] {dag.py:3096} INFO - Sync 1 DAGs
[2025-04-28T02:43:23.337+0000] {logging_mixin.py:188} INFO - [2025-04-28T02:43:23.337+0000] {dag.py:3954} INFO - Setting next_dagrun for move_bronze_to_silver_partitioned to None, run_after=None
[2025-04-28T02:43:23.348+0000] {processor.py:183} INFO - Processing /opt/airflow/dags/move_bronze_to_silver_partitioned.py took 0.254 seconds
[2025-04-28T02:43:54.198+0000] {processor.py:161} INFO - Started process (PID=3781) to work on /opt/airflow/dags/move_bronze_to_silver_partitioned.py
[2025-04-28T02:43:54.202+0000] {processor.py:830} INFO - Processing file /opt/airflow/dags/move_bronze_to_silver_partitioned.py for tasks to queue
[2025-04-28T02:43:54.203+0000] {logging_mixin.py:188} INFO - [2025-04-28T02:43:54.203+0000] {dagbag.py:540} INFO - Filling up the DagBag from /opt/airflow/dags/move_bronze_to_silver_partitioned.py
[2025-04-28T02:43:54.426+0000] {processor.py:840} INFO - DAG(s) 'move_bronze_to_silver_partitioned' retrieved from /opt/airflow/dags/move_bronze_to_silver_partitioned.py
[2025-04-28T02:43:54.439+0000] {logging_mixin.py:188} INFO - [2025-04-28T02:43:54.438+0000] {dag.py:3096} INFO - Sync 1 DAGs
[2025-04-28T02:43:54.443+0000] {logging_mixin.py:188} INFO - [2025-04-28T02:43:54.443+0000] {dag.py:3954} INFO - Setting next_dagrun for move_bronze_to_silver_partitioned to None, run_after=None
[2025-04-28T02:43:54.454+0000] {processor.py:183} INFO - Processing /opt/airflow/dags/move_bronze_to_silver_partitioned.py took 0.260 seconds
[2025-04-28T02:44:25.314+0000] {processor.py:161} INFO - Started process (PID=3816) to work on /opt/airflow/dags/move_bronze_to_silver_partitioned.py
[2025-04-28T02:44:25.315+0000] {processor.py:830} INFO - Processing file /opt/airflow/dags/move_bronze_to_silver_partitioned.py for tasks to queue
[2025-04-28T02:44:25.316+0000] {logging_mixin.py:188} INFO - [2025-04-28T02:44:25.315+0000] {dagbag.py:540} INFO - Filling up the DagBag from /opt/airflow/dags/move_bronze_to_silver_partitioned.py
[2025-04-28T02:44:25.532+0000] {processor.py:840} INFO - DAG(s) 'move_bronze_to_silver_partitioned' retrieved from /opt/airflow/dags/move_bronze_to_silver_partitioned.py
[2025-04-28T02:44:25.542+0000] {logging_mixin.py:188} INFO - [2025-04-28T02:44:25.542+0000] {dag.py:3096} INFO - Sync 1 DAGs
[2025-04-28T02:44:25.548+0000] {logging_mixin.py:188} INFO - [2025-04-28T02:44:25.548+0000] {dag.py:3954} INFO - Setting next_dagrun for move_bronze_to_silver_partitioned to None, run_after=None
[2025-04-28T02:44:25.560+0000] {processor.py:183} INFO - Processing /opt/airflow/dags/move_bronze_to_silver_partitioned.py took 0.250 seconds
[2025-04-28T02:44:56.425+0000] {processor.py:161} INFO - Started process (PID=3851) to work on /opt/airflow/dags/move_bronze_to_silver_partitioned.py
[2025-04-28T02:44:56.426+0000] {processor.py:830} INFO - Processing file /opt/airflow/dags/move_bronze_to_silver_partitioned.py for tasks to queue
[2025-04-28T02:44:56.428+0000] {logging_mixin.py:188} INFO - [2025-04-28T02:44:56.427+0000] {dagbag.py:540} INFO - Filling up the DagBag from /opt/airflow/dags/move_bronze_to_silver_partitioned.py
[2025-04-28T02:44:56.649+0000] {processor.py:840} INFO - DAG(s) 'move_bronze_to_silver_partitioned' retrieved from /opt/airflow/dags/move_bronze_to_silver_partitioned.py
[2025-04-28T02:44:56.663+0000] {logging_mixin.py:188} INFO - [2025-04-28T02:44:56.663+0000] {dag.py:3096} INFO - Sync 1 DAGs
[2025-04-28T02:44:56.669+0000] {logging_mixin.py:188} INFO - [2025-04-28T02:44:56.668+0000] {dag.py:3954} INFO - Setting next_dagrun for move_bronze_to_silver_partitioned to None, run_after=None
[2025-04-28T02:44:56.679+0000] {processor.py:183} INFO - Processing /opt/airflow/dags/move_bronze_to_silver_partitioned.py took 0.258 seconds
[2025-04-28T02:45:27.584+0000] {processor.py:161} INFO - Started process (PID=3886) to work on /opt/airflow/dags/move_bronze_to_silver_partitioned.py
[2025-04-28T02:45:27.585+0000] {processor.py:830} INFO - Processing file /opt/airflow/dags/move_bronze_to_silver_partitioned.py for tasks to queue
[2025-04-28T02:45:27.586+0000] {logging_mixin.py:188} INFO - [2025-04-28T02:45:27.586+0000] {dagbag.py:540} INFO - Filling up the DagBag from /opt/airflow/dags/move_bronze_to_silver_partitioned.py
[2025-04-28T02:45:27.809+0000] {processor.py:840} INFO - DAG(s) 'move_bronze_to_silver_partitioned' retrieved from /opt/airflow/dags/move_bronze_to_silver_partitioned.py
[2025-04-28T02:45:27.821+0000] {logging_mixin.py:188} INFO - [2025-04-28T02:45:27.821+0000] {dag.py:3096} INFO - Sync 1 DAGs
[2025-04-28T02:45:27.826+0000] {logging_mixin.py:188} INFO - [2025-04-28T02:45:27.826+0000] {dag.py:3954} INFO - Setting next_dagrun for move_bronze_to_silver_partitioned to None, run_after=None
[2025-04-28T02:45:27.837+0000] {processor.py:183} INFO - Processing /opt/airflow/dags/move_bronze_to_silver_partitioned.py took 0.259 seconds
[2025-04-28T02:45:58.670+0000] {processor.py:161} INFO - Started process (PID=3921) to work on /opt/airflow/dags/move_bronze_to_silver_partitioned.py
[2025-04-28T02:45:58.672+0000] {processor.py:830} INFO - Processing file /opt/airflow/dags/move_bronze_to_silver_partitioned.py for tasks to queue
[2025-04-28T02:45:58.674+0000] {logging_mixin.py:188} INFO - [2025-04-28T02:45:58.674+0000] {dagbag.py:540} INFO - Filling up the DagBag from /opt/airflow/dags/move_bronze_to_silver_partitioned.py
[2025-04-28T02:45:58.898+0000] {processor.py:840} INFO - DAG(s) 'move_bronze_to_silver_partitioned' retrieved from /opt/airflow/dags/move_bronze_to_silver_partitioned.py
[2025-04-28T02:45:58.910+0000] {logging_mixin.py:188} INFO - [2025-04-28T02:45:58.910+0000] {dag.py:3096} INFO - Sync 1 DAGs
[2025-04-28T02:45:58.915+0000] {logging_mixin.py:188} INFO - [2025-04-28T02:45:58.915+0000] {dag.py:3954} INFO - Setting next_dagrun for move_bronze_to_silver_partitioned to None, run_after=None
[2025-04-28T02:45:58.926+0000] {processor.py:183} INFO - Processing /opt/airflow/dags/move_bronze_to_silver_partitioned.py took 0.262 seconds
[2025-04-28T02:46:29.824+0000] {processor.py:161} INFO - Started process (PID=3956) to work on /opt/airflow/dags/move_bronze_to_silver_partitioned.py
[2025-04-28T02:46:29.825+0000] {processor.py:830} INFO - Processing file /opt/airflow/dags/move_bronze_to_silver_partitioned.py for tasks to queue
[2025-04-28T02:46:29.827+0000] {logging_mixin.py:188} INFO - [2025-04-28T02:46:29.827+0000] {dagbag.py:540} INFO - Filling up the DagBag from /opt/airflow/dags/move_bronze_to_silver_partitioned.py
[2025-04-28T02:46:30.055+0000] {processor.py:840} INFO - DAG(s) 'move_bronze_to_silver_partitioned' retrieved from /opt/airflow/dags/move_bronze_to_silver_partitioned.py
[2025-04-28T02:46:30.068+0000] {logging_mixin.py:188} INFO - [2025-04-28T02:46:30.068+0000] {dag.py:3096} INFO - Sync 1 DAGs
[2025-04-28T02:46:30.074+0000] {logging_mixin.py:188} INFO - [2025-04-28T02:46:30.074+0000] {dag.py:3954} INFO - Setting next_dagrun for move_bronze_to_silver_partitioned to None, run_after=None
[2025-04-28T02:46:30.084+0000] {processor.py:183} INFO - Processing /opt/airflow/dags/move_bronze_to_silver_partitioned.py took 0.264 seconds
[2025-04-28T02:47:00.959+0000] {processor.py:161} INFO - Started process (PID=3991) to work on /opt/airflow/dags/move_bronze_to_silver_partitioned.py
[2025-04-28T02:47:00.960+0000] {processor.py:830} INFO - Processing file /opt/airflow/dags/move_bronze_to_silver_partitioned.py for tasks to queue
[2025-04-28T02:47:00.961+0000] {logging_mixin.py:188} INFO - [2025-04-28T02:47:00.961+0000] {dagbag.py:540} INFO - Filling up the DagBag from /opt/airflow/dags/move_bronze_to_silver_partitioned.py
[2025-04-28T02:47:01.183+0000] {processor.py:840} INFO - DAG(s) 'move_bronze_to_silver_partitioned' retrieved from /opt/airflow/dags/move_bronze_to_silver_partitioned.py
[2025-04-28T02:47:01.196+0000] {logging_mixin.py:188} INFO - [2025-04-28T02:47:01.196+0000] {dag.py:3096} INFO - Sync 1 DAGs
[2025-04-28T02:47:01.201+0000] {logging_mixin.py:188} INFO - [2025-04-28T02:47:01.201+0000] {dag.py:3954} INFO - Setting next_dagrun for move_bronze_to_silver_partitioned to None, run_after=None
[2025-04-28T02:47:01.213+0000] {processor.py:183} INFO - Processing /opt/airflow/dags/move_bronze_to_silver_partitioned.py took 0.256 seconds
[2025-04-28T02:47:32.041+0000] {processor.py:161} INFO - Started process (PID=4026) to work on /opt/airflow/dags/move_bronze_to_silver_partitioned.py
[2025-04-28T02:47:32.042+0000] {processor.py:830} INFO - Processing file /opt/airflow/dags/move_bronze_to_silver_partitioned.py for tasks to queue
[2025-04-28T02:47:32.043+0000] {logging_mixin.py:188} INFO - [2025-04-28T02:47:32.043+0000] {dagbag.py:540} INFO - Filling up the DagBag from /opt/airflow/dags/move_bronze_to_silver_partitioned.py
[2025-04-28T02:47:32.274+0000] {processor.py:840} INFO - DAG(s) 'move_bronze_to_silver_partitioned' retrieved from /opt/airflow/dags/move_bronze_to_silver_partitioned.py
[2025-04-28T02:47:32.286+0000] {logging_mixin.py:188} INFO - [2025-04-28T02:47:32.286+0000] {dag.py:3096} INFO - Sync 1 DAGs
[2025-04-28T02:47:32.292+0000] {logging_mixin.py:188} INFO - [2025-04-28T02:47:32.292+0000] {dag.py:3954} INFO - Setting next_dagrun for move_bronze_to_silver_partitioned to None, run_after=None
[2025-04-28T02:47:32.301+0000] {processor.py:183} INFO - Processing /opt/airflow/dags/move_bronze_to_silver_partitioned.py took 0.265 seconds
[2025-04-28T02:48:03.215+0000] {processor.py:161} INFO - Started process (PID=4061) to work on /opt/airflow/dags/move_bronze_to_silver_partitioned.py
[2025-04-28T02:48:03.216+0000] {processor.py:830} INFO - Processing file /opt/airflow/dags/move_bronze_to_silver_partitioned.py for tasks to queue
[2025-04-28T02:48:03.217+0000] {logging_mixin.py:188} INFO - [2025-04-28T02:48:03.217+0000] {dagbag.py:540} INFO - Filling up the DagBag from /opt/airflow/dags/move_bronze_to_silver_partitioned.py
[2025-04-28T02:48:03.442+0000] {processor.py:840} INFO - DAG(s) 'move_bronze_to_silver_partitioned' retrieved from /opt/airflow/dags/move_bronze_to_silver_partitioned.py
[2025-04-28T02:48:03.454+0000] {logging_mixin.py:188} INFO - [2025-04-28T02:48:03.453+0000] {dag.py:3096} INFO - Sync 1 DAGs
[2025-04-28T02:48:03.458+0000] {logging_mixin.py:188} INFO - [2025-04-28T02:48:03.458+0000] {dag.py:3954} INFO - Setting next_dagrun for move_bronze_to_silver_partitioned to None, run_after=None
[2025-04-28T02:48:03.468+0000] {processor.py:183} INFO - Processing /opt/airflow/dags/move_bronze_to_silver_partitioned.py took 0.258 seconds
[2025-04-28T02:48:34.350+0000] {processor.py:161} INFO - Started process (PID=4096) to work on /opt/airflow/dags/move_bronze_to_silver_partitioned.py
[2025-04-28T02:48:34.352+0000] {processor.py:830} INFO - Processing file /opt/airflow/dags/move_bronze_to_silver_partitioned.py for tasks to queue
[2025-04-28T02:48:34.353+0000] {logging_mixin.py:188} INFO - [2025-04-28T02:48:34.353+0000] {dagbag.py:540} INFO - Filling up the DagBag from /opt/airflow/dags/move_bronze_to_silver_partitioned.py
[2025-04-28T02:48:34.580+0000] {processor.py:840} INFO - DAG(s) 'move_bronze_to_silver_partitioned' retrieved from /opt/airflow/dags/move_bronze_to_silver_partitioned.py
[2025-04-28T02:48:34.592+0000] {logging_mixin.py:188} INFO - [2025-04-28T02:48:34.592+0000] {dag.py:3096} INFO - Sync 1 DAGs
[2025-04-28T02:48:34.597+0000] {logging_mixin.py:188} INFO - [2025-04-28T02:48:34.597+0000] {dag.py:3954} INFO - Setting next_dagrun for move_bronze_to_silver_partitioned to None, run_after=None
[2025-04-28T02:48:34.609+0000] {processor.py:183} INFO - Processing /opt/airflow/dags/move_bronze_to_silver_partitioned.py took 0.262 seconds
[2025-04-28T02:49:05.492+0000] {processor.py:161} INFO - Started process (PID=4131) to work on /opt/airflow/dags/move_bronze_to_silver_partitioned.py
[2025-04-28T02:49:05.494+0000] {processor.py:830} INFO - Processing file /opt/airflow/dags/move_bronze_to_silver_partitioned.py for tasks to queue
[2025-04-28T02:49:05.496+0000] {logging_mixin.py:188} INFO - [2025-04-28T02:49:05.496+0000] {dagbag.py:540} INFO - Filling up the DagBag from /opt/airflow/dags/move_bronze_to_silver_partitioned.py
[2025-04-28T02:49:05.717+0000] {processor.py:840} INFO - DAG(s) 'move_bronze_to_silver_partitioned' retrieved from /opt/airflow/dags/move_bronze_to_silver_partitioned.py
[2025-04-28T02:49:05.731+0000] {logging_mixin.py:188} INFO - [2025-04-28T02:49:05.731+0000] {dag.py:3096} INFO - Sync 1 DAGs
[2025-04-28T02:49:05.738+0000] {logging_mixin.py:188} INFO - [2025-04-28T02:49:05.738+0000] {dag.py:3954} INFO - Setting next_dagrun for move_bronze_to_silver_partitioned to None, run_after=None
[2025-04-28T02:49:05.748+0000] {processor.py:183} INFO - Processing /opt/airflow/dags/move_bronze_to_silver_partitioned.py took 0.261 seconds
[2025-04-28T02:49:36.555+0000] {processor.py:161} INFO - Started process (PID=4166) to work on /opt/airflow/dags/move_bronze_to_silver_partitioned.py
[2025-04-28T02:49:36.555+0000] {processor.py:830} INFO - Processing file /opt/airflow/dags/move_bronze_to_silver_partitioned.py for tasks to queue
[2025-04-28T02:49:36.557+0000] {logging_mixin.py:188} INFO - [2025-04-28T02:49:36.556+0000] {dagbag.py:540} INFO - Filling up the DagBag from /opt/airflow/dags/move_bronze_to_silver_partitioned.py
[2025-04-28T02:49:36.772+0000] {processor.py:840} INFO - DAG(s) 'move_bronze_to_silver_partitioned' retrieved from /opt/airflow/dags/move_bronze_to_silver_partitioned.py
[2025-04-28T02:49:36.782+0000] {logging_mixin.py:188} INFO - [2025-04-28T02:49:36.782+0000] {dag.py:3096} INFO - Sync 1 DAGs
[2025-04-28T02:49:36.788+0000] {logging_mixin.py:188} INFO - [2025-04-28T02:49:36.787+0000] {dag.py:3954} INFO - Setting next_dagrun for move_bronze_to_silver_partitioned to None, run_after=None
[2025-04-28T02:49:36.798+0000] {processor.py:183} INFO - Processing /opt/airflow/dags/move_bronze_to_silver_partitioned.py took 0.246 seconds
[2025-04-28T02:50:07.329+0000] {processor.py:161} INFO - Started process (PID=4201) to work on /opt/airflow/dags/move_bronze_to_silver_partitioned.py
[2025-04-28T02:50:07.330+0000] {processor.py:830} INFO - Processing file /opt/airflow/dags/move_bronze_to_silver_partitioned.py for tasks to queue
[2025-04-28T02:50:07.332+0000] {logging_mixin.py:188} INFO - [2025-04-28T02:50:07.332+0000] {dagbag.py:540} INFO - Filling up the DagBag from /opt/airflow/dags/move_bronze_to_silver_partitioned.py
[2025-04-28T02:50:07.559+0000] {processor.py:840} INFO - DAG(s) 'move_bronze_to_silver_partitioned' retrieved from /opt/airflow/dags/move_bronze_to_silver_partitioned.py
[2025-04-28T02:50:07.572+0000] {logging_mixin.py:188} INFO - [2025-04-28T02:50:07.572+0000] {dag.py:3096} INFO - Sync 1 DAGs
[2025-04-28T02:50:07.577+0000] {logging_mixin.py:188} INFO - [2025-04-28T02:50:07.576+0000] {dag.py:3954} INFO - Setting next_dagrun for move_bronze_to_silver_partitioned to None, run_after=None
[2025-04-28T02:50:07.587+0000] {processor.py:183} INFO - Processing /opt/airflow/dags/move_bronze_to_silver_partitioned.py took 0.261 seconds
[2025-04-28T02:50:37.623+0000] {processor.py:161} INFO - Started process (PID=4236) to work on /opt/airflow/dags/move_bronze_to_silver_partitioned.py
[2025-04-28T02:50:37.624+0000] {processor.py:830} INFO - Processing file /opt/airflow/dags/move_bronze_to_silver_partitioned.py for tasks to queue
[2025-04-28T02:50:37.626+0000] {logging_mixin.py:188} INFO - [2025-04-28T02:50:37.626+0000] {dagbag.py:540} INFO - Filling up the DagBag from /opt/airflow/dags/move_bronze_to_silver_partitioned.py
[2025-04-28T02:50:37.848+0000] {processor.py:840} INFO - DAG(s) 'move_bronze_to_silver_partitioned' retrieved from /opt/airflow/dags/move_bronze_to_silver_partitioned.py
[2025-04-28T02:50:37.861+0000] {logging_mixin.py:188} INFO - [2025-04-28T02:50:37.861+0000] {dag.py:3096} INFO - Sync 1 DAGs
[2025-04-28T02:50:37.865+0000] {logging_mixin.py:188} INFO - [2025-04-28T02:50:37.865+0000] {dag.py:3954} INFO - Setting next_dagrun for move_bronze_to_silver_partitioned to None, run_after=None
[2025-04-28T02:50:37.875+0000] {processor.py:183} INFO - Processing /opt/airflow/dags/move_bronze_to_silver_partitioned.py took 0.256 seconds
[2025-04-28T02:51:07.922+0000] {processor.py:161} INFO - Started process (PID=4271) to work on /opt/airflow/dags/move_bronze_to_silver_partitioned.py
[2025-04-28T02:51:07.924+0000] {processor.py:830} INFO - Processing file /opt/airflow/dags/move_bronze_to_silver_partitioned.py for tasks to queue
[2025-04-28T02:51:07.925+0000] {logging_mixin.py:188} INFO - [2025-04-28T02:51:07.924+0000] {dagbag.py:540} INFO - Filling up the DagBag from /opt/airflow/dags/move_bronze_to_silver_partitioned.py
[2025-04-28T02:51:08.160+0000] {processor.py:840} INFO - DAG(s) 'move_bronze_to_silver_partitioned' retrieved from /opt/airflow/dags/move_bronze_to_silver_partitioned.py
[2025-04-28T02:51:08.173+0000] {logging_mixin.py:188} INFO - [2025-04-28T02:51:08.173+0000] {dag.py:3096} INFO - Sync 1 DAGs
[2025-04-28T02:51:08.178+0000] {logging_mixin.py:188} INFO - [2025-04-28T02:51:08.178+0000] {dag.py:3954} INFO - Setting next_dagrun for move_bronze_to_silver_partitioned to None, run_after=None
[2025-04-28T02:51:08.188+0000] {processor.py:183} INFO - Processing /opt/airflow/dags/move_bronze_to_silver_partitioned.py took 0.271 seconds
[2025-04-28T02:51:39.114+0000] {processor.py:161} INFO - Started process (PID=4306) to work on /opt/airflow/dags/move_bronze_to_silver_partitioned.py
[2025-04-28T02:51:39.115+0000] {processor.py:830} INFO - Processing file /opt/airflow/dags/move_bronze_to_silver_partitioned.py for tasks to queue
[2025-04-28T02:51:39.117+0000] {logging_mixin.py:188} INFO - [2025-04-28T02:51:39.117+0000] {dagbag.py:540} INFO - Filling up the DagBag from /opt/airflow/dags/move_bronze_to_silver_partitioned.py
[2025-04-28T02:51:39.335+0000] {processor.py:840} INFO - DAG(s) 'move_bronze_to_silver_partitioned' retrieved from /opt/airflow/dags/move_bronze_to_silver_partitioned.py
[2025-04-28T02:51:39.347+0000] {logging_mixin.py:188} INFO - [2025-04-28T02:51:39.347+0000] {dag.py:3096} INFO - Sync 1 DAGs
[2025-04-28T02:51:39.354+0000] {logging_mixin.py:188} INFO - [2025-04-28T02:51:39.353+0000] {dag.py:3954} INFO - Setting next_dagrun for move_bronze_to_silver_partitioned to None, run_after=None
[2025-04-28T02:51:39.363+0000] {processor.py:183} INFO - Processing /opt/airflow/dags/move_bronze_to_silver_partitioned.py took 0.254 seconds
[2025-04-28T02:52:10.259+0000] {processor.py:161} INFO - Started process (PID=4341) to work on /opt/airflow/dags/move_bronze_to_silver_partitioned.py
[2025-04-28T02:52:10.260+0000] {processor.py:830} INFO - Processing file /opt/airflow/dags/move_bronze_to_silver_partitioned.py for tasks to queue
[2025-04-28T02:52:10.261+0000] {logging_mixin.py:188} INFO - [2025-04-28T02:52:10.261+0000] {dagbag.py:540} INFO - Filling up the DagBag from /opt/airflow/dags/move_bronze_to_silver_partitioned.py
[2025-04-28T02:52:10.484+0000] {processor.py:840} INFO - DAG(s) 'move_bronze_to_silver_partitioned' retrieved from /opt/airflow/dags/move_bronze_to_silver_partitioned.py
[2025-04-28T02:52:10.496+0000] {logging_mixin.py:188} INFO - [2025-04-28T02:52:10.496+0000] {dag.py:3096} INFO - Sync 1 DAGs
[2025-04-28T02:52:10.502+0000] {logging_mixin.py:188} INFO - [2025-04-28T02:52:10.501+0000] {dag.py:3954} INFO - Setting next_dagrun for move_bronze_to_silver_partitioned to None, run_after=None
[2025-04-28T02:52:10.511+0000] {processor.py:183} INFO - Processing /opt/airflow/dags/move_bronze_to_silver_partitioned.py took 0.257 seconds
[2025-04-28T02:52:41.394+0000] {processor.py:161} INFO - Started process (PID=4376) to work on /opt/airflow/dags/move_bronze_to_silver_partitioned.py
[2025-04-28T02:52:41.396+0000] {processor.py:830} INFO - Processing file /opt/airflow/dags/move_bronze_to_silver_partitioned.py for tasks to queue
[2025-04-28T02:52:41.396+0000] {logging_mixin.py:188} INFO - [2025-04-28T02:52:41.396+0000] {dagbag.py:540} INFO - Filling up the DagBag from /opt/airflow/dags/move_bronze_to_silver_partitioned.py
[2025-04-28T02:52:41.618+0000] {processor.py:840} INFO - DAG(s) 'move_bronze_to_silver_partitioned' retrieved from /opt/airflow/dags/move_bronze_to_silver_partitioned.py
[2025-04-28T02:52:41.631+0000] {logging_mixin.py:188} INFO - [2025-04-28T02:52:41.631+0000] {dag.py:3096} INFO - Sync 1 DAGs
[2025-04-28T02:52:41.638+0000] {logging_mixin.py:188} INFO - [2025-04-28T02:52:41.638+0000] {dag.py:3954} INFO - Setting next_dagrun for move_bronze_to_silver_partitioned to None, run_after=None
[2025-04-28T02:52:41.647+0000] {processor.py:183} INFO - Processing /opt/airflow/dags/move_bronze_to_silver_partitioned.py took 0.258 seconds
[2025-04-28T02:53:12.550+0000] {processor.py:161} INFO - Started process (PID=4411) to work on /opt/airflow/dags/move_bronze_to_silver_partitioned.py
[2025-04-28T02:53:12.552+0000] {processor.py:830} INFO - Processing file /opt/airflow/dags/move_bronze_to_silver_partitioned.py for tasks to queue
[2025-04-28T02:53:12.553+0000] {logging_mixin.py:188} INFO - [2025-04-28T02:53:12.553+0000] {dagbag.py:540} INFO - Filling up the DagBag from /opt/airflow/dags/move_bronze_to_silver_partitioned.py
[2025-04-28T02:53:12.777+0000] {processor.py:840} INFO - DAG(s) 'move_bronze_to_silver_partitioned' retrieved from /opt/airflow/dags/move_bronze_to_silver_partitioned.py
[2025-04-28T02:53:12.791+0000] {logging_mixin.py:188} INFO - [2025-04-28T02:53:12.791+0000] {dag.py:3096} INFO - Sync 1 DAGs
[2025-04-28T02:53:12.795+0000] {logging_mixin.py:188} INFO - [2025-04-28T02:53:12.795+0000] {dag.py:3954} INFO - Setting next_dagrun for move_bronze_to_silver_partitioned to None, run_after=None
[2025-04-28T02:53:12.805+0000] {processor.py:183} INFO - Processing /opt/airflow/dags/move_bronze_to_silver_partitioned.py took 0.260 seconds
[2025-04-28T02:53:43.686+0000] {processor.py:161} INFO - Started process (PID=4446) to work on /opt/airflow/dags/move_bronze_to_silver_partitioned.py
[2025-04-28T02:53:43.687+0000] {processor.py:830} INFO - Processing file /opt/airflow/dags/move_bronze_to_silver_partitioned.py for tasks to queue
[2025-04-28T02:53:43.689+0000] {logging_mixin.py:188} INFO - [2025-04-28T02:53:43.689+0000] {dagbag.py:540} INFO - Filling up the DagBag from /opt/airflow/dags/move_bronze_to_silver_partitioned.py
[2025-04-28T02:53:43.908+0000] {processor.py:840} INFO - DAG(s) 'move_bronze_to_silver_partitioned' retrieved from /opt/airflow/dags/move_bronze_to_silver_partitioned.py
[2025-04-28T02:53:43.920+0000] {logging_mixin.py:188} INFO - [2025-04-28T02:53:43.920+0000] {dag.py:3096} INFO - Sync 1 DAGs
[2025-04-28T02:53:43.924+0000] {logging_mixin.py:188} INFO - [2025-04-28T02:53:43.924+0000] {dag.py:3954} INFO - Setting next_dagrun for move_bronze_to_silver_partitioned to None, run_after=None
[2025-04-28T02:53:43.936+0000] {processor.py:183} INFO - Processing /opt/airflow/dags/move_bronze_to_silver_partitioned.py took 0.255 seconds
[2025-04-28T02:54:14.827+0000] {processor.py:161} INFO - Started process (PID=4481) to work on /opt/airflow/dags/move_bronze_to_silver_partitioned.py
[2025-04-28T02:54:14.829+0000] {processor.py:830} INFO - Processing file /opt/airflow/dags/move_bronze_to_silver_partitioned.py for tasks to queue
[2025-04-28T02:54:14.831+0000] {logging_mixin.py:188} INFO - [2025-04-28T02:54:14.830+0000] {dagbag.py:540} INFO - Filling up the DagBag from /opt/airflow/dags/move_bronze_to_silver_partitioned.py
[2025-04-28T02:54:15.063+0000] {processor.py:840} INFO - DAG(s) 'move_bronze_to_silver_partitioned' retrieved from /opt/airflow/dags/move_bronze_to_silver_partitioned.py
[2025-04-28T02:54:15.077+0000] {logging_mixin.py:188} INFO - [2025-04-28T02:54:15.077+0000] {dag.py:3096} INFO - Sync 1 DAGs
[2025-04-28T02:54:15.083+0000] {logging_mixin.py:188} INFO - [2025-04-28T02:54:15.083+0000] {dag.py:3954} INFO - Setting next_dagrun for move_bronze_to_silver_partitioned to None, run_after=None
[2025-04-28T02:54:15.093+0000] {processor.py:183} INFO - Processing /opt/airflow/dags/move_bronze_to_silver_partitioned.py took 0.272 seconds
[2025-04-28T02:54:46.108+0000] {processor.py:161} INFO - Started process (PID=4522) to work on /opt/airflow/dags/move_bronze_to_silver_partitioned.py
[2025-04-28T02:54:46.109+0000] {processor.py:830} INFO - Processing file /opt/airflow/dags/move_bronze_to_silver_partitioned.py for tasks to queue
[2025-04-28T02:54:46.110+0000] {logging_mixin.py:188} INFO - [2025-04-28T02:54:46.110+0000] {dagbag.py:540} INFO - Filling up the DagBag from /opt/airflow/dags/move_bronze_to_silver_partitioned.py
[2025-04-28T02:54:46.333+0000] {processor.py:840} INFO - DAG(s) 'move_bronze_to_silver_partitioned' retrieved from /opt/airflow/dags/move_bronze_to_silver_partitioned.py
[2025-04-28T02:54:46.344+0000] {logging_mixin.py:188} INFO - [2025-04-28T02:54:46.344+0000] {dag.py:3096} INFO - Sync 1 DAGs
[2025-04-28T02:54:46.352+0000] {logging_mixin.py:188} INFO - [2025-04-28T02:54:46.352+0000] {dag.py:3954} INFO - Setting next_dagrun for move_bronze_to_silver_partitioned to None, run_after=None
[2025-04-28T02:54:46.360+0000] {processor.py:183} INFO - Processing /opt/airflow/dags/move_bronze_to_silver_partitioned.py took 0.255 seconds
[2025-04-28T02:55:25.172+0000] {processor.py:161} INFO - Started process (PID=4559) to work on /opt/airflow/dags/move_bronze_to_silver_partitioned.py
[2025-04-28T02:55:25.173+0000] {processor.py:830} INFO - Processing file /opt/airflow/dags/move_bronze_to_silver_partitioned.py for tasks to queue
[2025-04-28T02:55:25.175+0000] {logging_mixin.py:188} INFO - [2025-04-28T02:55:25.175+0000] {dagbag.py:540} INFO - Filling up the DagBag from /opt/airflow/dags/move_bronze_to_silver_partitioned.py
[2025-04-28T02:55:25.808+0000] {processor.py:840} INFO - DAG(s) 'move_bronze_to_silver_partitioned' retrieved from /opt/airflow/dags/move_bronze_to_silver_partitioned.py
[2025-04-28T02:55:25.879+0000] {logging_mixin.py:188} INFO - [2025-04-28T02:55:25.877+0000] {dag.py:3096} INFO - Sync 1 DAGs
[2025-04-28T02:55:25.906+0000] {logging_mixin.py:188} INFO - [2025-04-28T02:55:25.906+0000] {dag.py:3954} INFO - Setting next_dagrun for move_bronze_to_silver_partitioned to None, run_after=None
[2025-04-28T02:55:25.963+0000] {processor.py:183} INFO - Processing /opt/airflow/dags/move_bronze_to_silver_partitioned.py took 0.797 seconds
[2025-04-28T03:10:55.858+0000] {processor.py:161} INFO - Started process (PID=4594) to work on /opt/airflow/dags/move_bronze_to_silver_partitioned.py
[2025-04-28T03:10:55.859+0000] {processor.py:830} INFO - Processing file /opt/airflow/dags/move_bronze_to_silver_partitioned.py for tasks to queue
[2025-04-28T03:10:55.861+0000] {logging_mixin.py:188} INFO - [2025-04-28T03:10:55.861+0000] {dagbag.py:540} INFO - Filling up the DagBag from /opt/airflow/dags/move_bronze_to_silver_partitioned.py
[2025-04-28T03:10:56.166+0000] {processor.py:840} INFO - DAG(s) 'move_bronze_to_silver_partitioned' retrieved from /opt/airflow/dags/move_bronze_to_silver_partitioned.py
[2025-04-28T03:10:56.189+0000] {logging_mixin.py:188} INFO - [2025-04-28T03:10:56.188+0000] {dag.py:3096} INFO - Sync 1 DAGs
[2025-04-28T03:10:56.196+0000] {logging_mixin.py:188} INFO - [2025-04-28T03:10:56.196+0000] {dag.py:3954} INFO - Setting next_dagrun for move_bronze_to_silver_partitioned to None, run_after=None
[2025-04-28T03:10:56.216+0000] {processor.py:183} INFO - Processing /opt/airflow/dags/move_bronze_to_silver_partitioned.py took 0.364 seconds
[2025-04-28T04:17:14.918+0000] {processor.py:161} INFO - Started process (PID=4631) to work on /opt/airflow/dags/move_bronze_to_silver_partitioned.py
[2025-04-28T04:17:14.919+0000] {processor.py:830} INFO - Processing file /opt/airflow/dags/move_bronze_to_silver_partitioned.py for tasks to queue
[2025-04-28T04:17:14.920+0000] {logging_mixin.py:188} INFO - [2025-04-28T04:17:14.920+0000] {dagbag.py:540} INFO - Filling up the DagBag from /opt/airflow/dags/move_bronze_to_silver_partitioned.py
[2025-04-28T04:17:15.244+0000] {processor.py:840} INFO - DAG(s) 'move_bronze_to_silver_partitioned' retrieved from /opt/airflow/dags/move_bronze_to_silver_partitioned.py
[2025-04-28T04:17:15.266+0000] {logging_mixin.py:188} INFO - [2025-04-28T04:17:15.266+0000] {dag.py:3096} INFO - Sync 1 DAGs
[2025-04-28T04:17:15.274+0000] {logging_mixin.py:188} INFO - [2025-04-28T04:17:15.274+0000] {dag.py:3954} INFO - Setting next_dagrun for move_bronze_to_silver_partitioned to None, run_after=None
[2025-04-28T04:17:15.286+0000] {processor.py:183} INFO - Processing /opt/airflow/dags/move_bronze_to_silver_partitioned.py took 0.370 seconds
[2025-04-28T04:17:45.496+0000] {processor.py:161} INFO - Started process (PID=4668) to work on /opt/airflow/dags/move_bronze_to_silver_partitioned.py
[2025-04-28T04:17:45.496+0000] {processor.py:830} INFO - Processing file /opt/airflow/dags/move_bronze_to_silver_partitioned.py for tasks to queue
[2025-04-28T04:17:45.497+0000] {logging_mixin.py:188} INFO - [2025-04-28T04:17:45.497+0000] {dagbag.py:540} INFO - Filling up the DagBag from /opt/airflow/dags/move_bronze_to_silver_partitioned.py
[2025-04-28T04:17:45.696+0000] {processor.py:840} INFO - DAG(s) 'move_bronze_to_silver_partitioned' retrieved from /opt/airflow/dags/move_bronze_to_silver_partitioned.py
[2025-04-28T04:17:45.707+0000] {logging_mixin.py:188} INFO - [2025-04-28T04:17:45.707+0000] {dag.py:3096} INFO - Sync 1 DAGs
[2025-04-28T04:17:45.711+0000] {logging_mixin.py:188} INFO - [2025-04-28T04:17:45.711+0000] {dag.py:3954} INFO - Setting next_dagrun for move_bronze_to_silver_partitioned to None, run_after=None
[2025-04-28T04:17:45.719+0000] {processor.py:183} INFO - Processing /opt/airflow/dags/move_bronze_to_silver_partitioned.py took 0.226 seconds
[2025-04-28T05:12:37.482+0000] {processor.py:161} INFO - Started process (PID=4701) to work on /opt/airflow/dags/move_bronze_to_silver_partitioned.py
[2025-04-28T05:12:37.484+0000] {processor.py:830} INFO - Processing file /opt/airflow/dags/move_bronze_to_silver_partitioned.py for tasks to queue
[2025-04-28T05:12:37.492+0000] {logging_mixin.py:188} INFO - [2025-04-28T05:12:37.491+0000] {dagbag.py:540} INFO - Filling up the DagBag from /opt/airflow/dags/move_bronze_to_silver_partitioned.py
[2025-04-28T05:12:38.990+0000] {processor.py:840} INFO - DAG(s) 'move_bronze_to_silver_partitioned' retrieved from /opt/airflow/dags/move_bronze_to_silver_partitioned.py
[2025-04-28T05:12:39.242+0000] {logging_mixin.py:188} INFO - [2025-04-28T05:12:39.241+0000] {dag.py:3096} INFO - Sync 1 DAGs
[2025-04-28T05:12:39.293+0000] {logging_mixin.py:188} INFO - [2025-04-28T05:12:39.292+0000] {dag.py:3954} INFO - Setting next_dagrun for move_bronze_to_silver_partitioned to None, run_after=None
[2025-04-28T05:12:39.381+0000] {processor.py:183} INFO - Processing /opt/airflow/dags/move_bronze_to_silver_partitioned.py took 1.910 seconds
[2025-04-28T05:17:20.582+0000] {processor.py:161} INFO - Started process (PID=4736) to work on /opt/airflow/dags/move_bronze_to_silver_partitioned.py
[2025-04-28T05:17:20.583+0000] {processor.py:830} INFO - Processing file /opt/airflow/dags/move_bronze_to_silver_partitioned.py for tasks to queue
[2025-04-28T05:17:20.585+0000] {logging_mixin.py:188} INFO - [2025-04-28T05:17:20.585+0000] {dagbag.py:540} INFO - Filling up the DagBag from /opt/airflow/dags/move_bronze_to_silver_partitioned.py
[2025-04-28T05:17:20.924+0000] {processor.py:840} INFO - DAG(s) 'move_bronze_to_silver_partitioned' retrieved from /opt/airflow/dags/move_bronze_to_silver_partitioned.py
[2025-04-28T05:17:20.940+0000] {logging_mixin.py:188} INFO - [2025-04-28T05:17:20.940+0000] {dag.py:3096} INFO - Sync 1 DAGs
[2025-04-28T05:17:20.953+0000] {logging_mixin.py:188} INFO - [2025-04-28T05:17:20.953+0000] {dag.py:3954} INFO - Setting next_dagrun for move_bronze_to_silver_partitioned to None, run_after=None
[2025-04-28T05:17:20.965+0000] {processor.py:183} INFO - Processing /opt/airflow/dags/move_bronze_to_silver_partitioned.py took 0.389 seconds
[2025-04-28T05:33:50.830+0000] {processor.py:161} INFO - Started process (PID=4772) to work on /opt/airflow/dags/move_bronze_to_silver_partitioned.py
[2025-04-28T05:33:50.831+0000] {processor.py:830} INFO - Processing file /opt/airflow/dags/move_bronze_to_silver_partitioned.py for tasks to queue
[2025-04-28T05:33:50.832+0000] {logging_mixin.py:188} INFO - [2025-04-28T05:33:50.832+0000] {dagbag.py:540} INFO - Filling up the DagBag from /opt/airflow/dags/move_bronze_to_silver_partitioned.py
[2025-04-28T05:33:51.185+0000] {processor.py:840} INFO - DAG(s) 'move_bronze_to_silver_partitioned' retrieved from /opt/airflow/dags/move_bronze_to_silver_partitioned.py
[2025-04-28T05:33:51.210+0000] {logging_mixin.py:188} INFO - [2025-04-28T05:33:51.210+0000] {dag.py:3096} INFO - Sync 1 DAGs
[2025-04-28T05:33:51.218+0000] {logging_mixin.py:188} INFO - [2025-04-28T05:33:51.218+0000] {dag.py:3954} INFO - Setting next_dagrun for move_bronze_to_silver_partitioned to None, run_after=None
[2025-04-28T05:33:51.229+0000] {processor.py:183} INFO - Processing /opt/airflow/dags/move_bronze_to_silver_partitioned.py took 0.404 seconds
[2025-04-28T06:13:59.406+0000] {processor.py:161} INFO - Started process (PID=4807) to work on /opt/airflow/dags/move_bronze_to_silver_partitioned.py
[2025-04-28T06:13:59.407+0000] {processor.py:830} INFO - Processing file /opt/airflow/dags/move_bronze_to_silver_partitioned.py for tasks to queue
[2025-04-28T06:13:59.408+0000] {logging_mixin.py:188} INFO - [2025-04-28T06:13:59.408+0000] {dagbag.py:540} INFO - Filling up the DagBag from /opt/airflow/dags/move_bronze_to_silver_partitioned.py
[2025-04-28T06:13:59.880+0000] {processor.py:840} INFO - DAG(s) 'move_bronze_to_silver_partitioned' retrieved from /opt/airflow/dags/move_bronze_to_silver_partitioned.py
[2025-04-28T06:13:59.902+0000] {logging_mixin.py:188} INFO - [2025-04-28T06:13:59.902+0000] {dag.py:3096} INFO - Sync 1 DAGs
[2025-04-28T06:13:59.909+0000] {logging_mixin.py:188} INFO - [2025-04-28T06:13:59.909+0000] {dag.py:3954} INFO - Setting next_dagrun for move_bronze_to_silver_partitioned to None, run_after=None
[2025-04-28T06:13:59.924+0000] {processor.py:183} INFO - Processing /opt/airflow/dags/move_bronze_to_silver_partitioned.py took 0.521 seconds
[2025-04-28T06:46:51.460+0000] {processor.py:161} INFO - Started process (PID=4842) to work on /opt/airflow/dags/move_bronze_to_silver_partitioned.py
[2025-04-28T06:46:51.461+0000] {processor.py:830} INFO - Processing file /opt/airflow/dags/move_bronze_to_silver_partitioned.py for tasks to queue
[2025-04-28T06:46:51.462+0000] {logging_mixin.py:188} INFO - [2025-04-28T06:46:51.462+0000] {dagbag.py:540} INFO - Filling up the DagBag from /opt/airflow/dags/move_bronze_to_silver_partitioned.py
[2025-04-28T06:46:51.813+0000] {processor.py:840} INFO - DAG(s) 'move_bronze_to_silver_partitioned' retrieved from /opt/airflow/dags/move_bronze_to_silver_partitioned.py
[2025-04-28T06:46:51.834+0000] {logging_mixin.py:188} INFO - [2025-04-28T06:46:51.834+0000] {dag.py:3096} INFO - Sync 1 DAGs
[2025-04-28T06:46:51.841+0000] {logging_mixin.py:188} INFO - [2025-04-28T06:46:51.840+0000] {dag.py:3954} INFO - Setting next_dagrun for move_bronze_to_silver_partitioned to None, run_after=None
[2025-04-28T06:46:51.852+0000] {processor.py:183} INFO - Processing /opt/airflow/dags/move_bronze_to_silver_partitioned.py took 0.395 seconds
[2025-04-28T07:47:15.821+0000] {processor.py:161} INFO - Started process (PID=4879) to work on /opt/airflow/dags/move_bronze_to_silver_partitioned.py
[2025-04-28T07:47:15.823+0000] {processor.py:830} INFO - Processing file /opt/airflow/dags/move_bronze_to_silver_partitioned.py for tasks to queue
[2025-04-28T07:47:15.826+0000] {logging_mixin.py:188} INFO - [2025-04-28T07:47:15.826+0000] {dagbag.py:540} INFO - Filling up the DagBag from /opt/airflow/dags/move_bronze_to_silver_partitioned.py
[2025-04-28T07:47:17.381+0000] {processor.py:840} INFO - DAG(s) 'move_bronze_to_silver_partitioned' retrieved from /opt/airflow/dags/move_bronze_to_silver_partitioned.py
[2025-04-28T07:47:18.043+0000] {logging_mixin.py:188} INFO - [2025-04-28T07:47:18.042+0000] {dag.py:3096} INFO - Sync 1 DAGs
[2025-04-28T07:47:18.082+0000] {logging_mixin.py:188} INFO - [2025-04-28T07:47:18.081+0000] {dag.py:3954} INFO - Setting next_dagrun for move_bronze_to_silver_partitioned to None, run_after=None
[2025-04-28T07:47:18.214+0000] {processor.py:183} INFO - Processing /opt/airflow/dags/move_bronze_to_silver_partitioned.py took 2.404 seconds
[2025-04-28T07:59:04.677+0000] {processor.py:161} INFO - Started process (PID=4914) to work on /opt/airflow/dags/move_bronze_to_silver_partitioned.py
[2025-04-28T07:59:04.678+0000] {processor.py:830} INFO - Processing file /opt/airflow/dags/move_bronze_to_silver_partitioned.py for tasks to queue
[2025-04-28T07:59:04.679+0000] {logging_mixin.py:188} INFO - [2025-04-28T07:59:04.679+0000] {dagbag.py:540} INFO - Filling up the DagBag from /opt/airflow/dags/move_bronze_to_silver_partitioned.py
[2025-04-28T07:59:05.015+0000] {processor.py:840} INFO - DAG(s) 'move_bronze_to_silver_partitioned' retrieved from /opt/airflow/dags/move_bronze_to_silver_partitioned.py
[2025-04-28T07:59:05.037+0000] {logging_mixin.py:188} INFO - [2025-04-28T07:59:05.037+0000] {dag.py:3096} INFO - Sync 1 DAGs
[2025-04-28T07:59:05.043+0000] {logging_mixin.py:188} INFO - [2025-04-28T07:59:05.043+0000] {dag.py:3954} INFO - Setting next_dagrun for move_bronze_to_silver_partitioned to None, run_after=None
[2025-04-28T07:59:05.053+0000] {processor.py:183} INFO - Processing /opt/airflow/dags/move_bronze_to_silver_partitioned.py took 0.380 seconds
[2025-04-28T08:50:05.226+0000] {processor.py:161} INFO - Started process (PID=4951) to work on /opt/airflow/dags/move_bronze_to_silver_partitioned.py
[2025-04-28T08:50:05.228+0000] {processor.py:830} INFO - Processing file /opt/airflow/dags/move_bronze_to_silver_partitioned.py for tasks to queue
[2025-04-28T08:50:05.236+0000] {logging_mixin.py:188} INFO - [2025-04-28T08:50:05.235+0000] {dagbag.py:540} INFO - Filling up the DagBag from /opt/airflow/dags/move_bronze_to_silver_partitioned.py
[2025-04-28T08:50:06.342+0000] {processor.py:840} INFO - DAG(s) 'move_bronze_to_silver_partitioned' retrieved from /opt/airflow/dags/move_bronze_to_silver_partitioned.py
[2025-04-28T08:50:06.585+0000] {logging_mixin.py:188} INFO - [2025-04-28T08:50:06.583+0000] {dag.py:3096} INFO - Sync 1 DAGs
[2025-04-28T08:50:06.669+0000] {logging_mixin.py:188} INFO - [2025-04-28T08:50:06.667+0000] {dag.py:3954} INFO - Setting next_dagrun for move_bronze_to_silver_partitioned to None, run_after=None
[2025-04-28T08:50:07.544+0000] {processor.py:183} INFO - Processing /opt/airflow/dags/move_bronze_to_silver_partitioned.py took 2.339 seconds
[2025-04-28T09:00:04.272+0000] {processor.py:161} INFO - Started process (PID=4986) to work on /opt/airflow/dags/move_bronze_to_silver_partitioned.py
[2025-04-28T09:00:04.273+0000] {processor.py:830} INFO - Processing file /opt/airflow/dags/move_bronze_to_silver_partitioned.py for tasks to queue
[2025-04-28T09:00:04.273+0000] {logging_mixin.py:188} INFO - [2025-04-28T09:00:04.273+0000] {dagbag.py:540} INFO - Filling up the DagBag from /opt/airflow/dags/move_bronze_to_silver_partitioned.py
[2025-04-28T09:00:04.417+0000] {processor.py:840} INFO - DAG(s) 'move_bronze_to_silver_partitioned' retrieved from /opt/airflow/dags/move_bronze_to_silver_partitioned.py
[2025-04-28T09:00:04.439+0000] {logging_mixin.py:188} INFO - [2025-04-28T09:00:04.439+0000] {dag.py:3096} INFO - Sync 1 DAGs
[2025-04-28T09:00:04.445+0000] {logging_mixin.py:188} INFO - [2025-04-28T09:00:04.445+0000] {dag.py:3954} INFO - Setting next_dagrun for move_bronze_to_silver_partitioned to None, run_after=None
[2025-04-28T09:00:04.453+0000] {processor.py:183} INFO - Processing /opt/airflow/dags/move_bronze_to_silver_partitioned.py took 0.184 seconds
[2025-04-28T10:01:08.634+0000] {processor.py:161} INFO - Started process (PID=5021) to work on /opt/airflow/dags/move_bronze_to_silver_partitioned.py
[2025-04-28T10:01:08.635+0000] {processor.py:830} INFO - Processing file /opt/airflow/dags/move_bronze_to_silver_partitioned.py for tasks to queue
[2025-04-28T10:01:08.636+0000] {logging_mixin.py:188} INFO - [2025-04-28T10:01:08.636+0000] {dagbag.py:540} INFO - Filling up the DagBag from /opt/airflow/dags/move_bronze_to_silver_partitioned.py
[2025-04-28T10:01:08.852+0000] {processor.py:840} INFO - DAG(s) 'move_bronze_to_silver_partitioned' retrieved from /opt/airflow/dags/move_bronze_to_silver_partitioned.py
[2025-04-28T10:01:08.873+0000] {logging_mixin.py:188} INFO - [2025-04-28T10:01:08.873+0000] {dag.py:3096} INFO - Sync 1 DAGs
[2025-04-28T10:01:08.890+0000] {logging_mixin.py:188} INFO - [2025-04-28T10:01:08.890+0000] {dag.py:3954} INFO - Setting next_dagrun for move_bronze_to_silver_partitioned to None, run_after=None
[2025-04-28T10:01:08.909+0000] {processor.py:183} INFO - Processing /opt/airflow/dags/move_bronze_to_silver_partitioned.py took 0.278 seconds
[2025-04-28T10:18:06.269+0000] {processor.py:161} INFO - Started process (PID=5057) to work on /opt/airflow/dags/move_bronze_to_silver_partitioned.py
[2025-04-28T10:18:06.270+0000] {processor.py:830} INFO - Processing file /opt/airflow/dags/move_bronze_to_silver_partitioned.py for tasks to queue
[2025-04-28T10:18:06.271+0000] {logging_mixin.py:188} INFO - [2025-04-28T10:18:06.270+0000] {dagbag.py:540} INFO - Filling up the DagBag from /opt/airflow/dags/move_bronze_to_silver_partitioned.py
[2025-04-28T10:18:06.419+0000] {processor.py:840} INFO - DAG(s) 'move_bronze_to_silver_partitioned' retrieved from /opt/airflow/dags/move_bronze_to_silver_partitioned.py
[2025-04-28T10:18:06.431+0000] {logging_mixin.py:188} INFO - [2025-04-28T10:18:06.431+0000] {dag.py:3096} INFO - Sync 1 DAGs
[2025-04-28T10:18:06.441+0000] {logging_mixin.py:188} INFO - [2025-04-28T10:18:06.441+0000] {dag.py:3954} INFO - Setting next_dagrun for move_bronze_to_silver_partitioned to None, run_after=None
[2025-04-28T10:18:06.456+0000] {processor.py:183} INFO - Processing /opt/airflow/dags/move_bronze_to_silver_partitioned.py took 0.190 seconds
[2025-04-28T11:02:20.137+0000] {processor.py:161} INFO - Started process (PID=5092) to work on /opt/airflow/dags/move_bronze_to_silver_partitioned.py
[2025-04-28T11:02:20.137+0000] {processor.py:830} INFO - Processing file /opt/airflow/dags/move_bronze_to_silver_partitioned.py for tasks to queue
[2025-04-28T11:02:20.138+0000] {logging_mixin.py:188} INFO - [2025-04-28T11:02:20.138+0000] {dagbag.py:540} INFO - Filling up the DagBag from /opt/airflow/dags/move_bronze_to_silver_partitioned.py
[2025-04-28T11:02:20.282+0000] {processor.py:840} INFO - DAG(s) 'move_bronze_to_silver_partitioned' retrieved from /opt/airflow/dags/move_bronze_to_silver_partitioned.py
[2025-04-28T11:02:20.301+0000] {logging_mixin.py:188} INFO - [2025-04-28T11:02:20.300+0000] {dag.py:3096} INFO - Sync 1 DAGs
[2025-04-28T11:02:20.307+0000] {logging_mixin.py:188} INFO - [2025-04-28T11:02:20.307+0000] {dag.py:3954} INFO - Setting next_dagrun for move_bronze_to_silver_partitioned to None, run_after=None
[2025-04-28T11:02:20.324+0000] {processor.py:183} INFO - Processing /opt/airflow/dags/move_bronze_to_silver_partitioned.py took 0.190 seconds
[2025-04-28T11:50:01.196+0000] {processor.py:161} INFO - Started process (PID=5127) to work on /opt/airflow/dags/move_bronze_to_silver_partitioned.py
[2025-04-28T11:50:01.197+0000] {processor.py:830} INFO - Processing file /opt/airflow/dags/move_bronze_to_silver_partitioned.py for tasks to queue
[2025-04-28T11:50:01.197+0000] {logging_mixin.py:188} INFO - [2025-04-28T11:50:01.197+0000] {dagbag.py:540} INFO - Filling up the DagBag from /opt/airflow/dags/move_bronze_to_silver_partitioned.py
[2025-04-28T11:50:01.345+0000] {processor.py:840} INFO - DAG(s) 'move_bronze_to_silver_partitioned' retrieved from /opt/airflow/dags/move_bronze_to_silver_partitioned.py
[2025-04-28T11:50:01.366+0000] {logging_mixin.py:188} INFO - [2025-04-28T11:50:01.366+0000] {dag.py:3096} INFO - Sync 1 DAGs
[2025-04-28T11:50:01.373+0000] {logging_mixin.py:188} INFO - [2025-04-28T11:50:01.372+0000] {dag.py:3954} INFO - Setting next_dagrun for move_bronze_to_silver_partitioned to None, run_after=None
[2025-04-28T11:50:01.393+0000] {processor.py:183} INFO - Processing /opt/airflow/dags/move_bronze_to_silver_partitioned.py took 0.200 seconds
[2025-04-28T12:03:31.962+0000] {processor.py:161} INFO - Started process (PID=5164) to work on /opt/airflow/dags/move_bronze_to_silver_partitioned.py
[2025-04-28T12:03:31.963+0000] {processor.py:830} INFO - Processing file /opt/airflow/dags/move_bronze_to_silver_partitioned.py for tasks to queue
[2025-04-28T12:03:31.963+0000] {logging_mixin.py:188} INFO - [2025-04-28T12:03:31.963+0000] {dagbag.py:540} INFO - Filling up the DagBag from /opt/airflow/dags/move_bronze_to_silver_partitioned.py
[2025-04-28T12:03:32.125+0000] {processor.py:840} INFO - DAG(s) 'move_bronze_to_silver_partitioned' retrieved from /opt/airflow/dags/move_bronze_to_silver_partitioned.py
[2025-04-28T12:03:32.144+0000] {logging_mixin.py:188} INFO - [2025-04-28T12:03:32.143+0000] {dag.py:3096} INFO - Sync 1 DAGs
[2025-04-28T12:03:32.153+0000] {logging_mixin.py:188} INFO - [2025-04-28T12:03:32.153+0000] {dag.py:3954} INFO - Setting next_dagrun for move_bronze_to_silver_partitioned to None, run_after=None
[2025-04-28T12:03:32.183+0000] {processor.py:183} INFO - Processing /opt/airflow/dags/move_bronze_to_silver_partitioned.py took 0.225 seconds
[2025-04-28T12:52:17.862+0000] {processor.py:161} INFO - Started process (PID=5199) to work on /opt/airflow/dags/move_bronze_to_silver_partitioned.py
[2025-04-28T12:52:17.862+0000] {processor.py:830} INFO - Processing file /opt/airflow/dags/move_bronze_to_silver_partitioned.py for tasks to queue
[2025-04-28T12:52:17.863+0000] {logging_mixin.py:188} INFO - [2025-04-28T12:52:17.863+0000] {dagbag.py:540} INFO - Filling up the DagBag from /opt/airflow/dags/move_bronze_to_silver_partitioned.py
[2025-04-28T12:52:18.006+0000] {processor.py:840} INFO - DAG(s) 'move_bronze_to_silver_partitioned' retrieved from /opt/airflow/dags/move_bronze_to_silver_partitioned.py
[2025-04-28T12:52:18.021+0000] {logging_mixin.py:188} INFO - [2025-04-28T12:52:18.020+0000] {dag.py:3096} INFO - Sync 1 DAGs
[2025-04-28T12:52:18.032+0000] {logging_mixin.py:188} INFO - [2025-04-28T12:52:18.032+0000] {dag.py:3954} INFO - Setting next_dagrun for move_bronze_to_silver_partitioned to None, run_after=None
[2025-04-28T12:52:18.041+0000] {processor.py:183} INFO - Processing /opt/airflow/dags/move_bronze_to_silver_partitioned.py took 0.182 seconds
[2025-04-28T12:53:14.289+0000] {processor.py:161} INFO - Started process (PID=5234) to work on /opt/airflow/dags/move_bronze_to_silver_partitioned.py
[2025-04-28T12:53:14.289+0000] {processor.py:830} INFO - Processing file /opt/airflow/dags/move_bronze_to_silver_partitioned.py for tasks to queue
[2025-04-28T12:53:14.290+0000] {logging_mixin.py:188} INFO - [2025-04-28T12:53:14.290+0000] {dagbag.py:540} INFO - Filling up the DagBag from /opt/airflow/dags/move_bronze_to_silver_partitioned.py
[2025-04-28T12:53:14.436+0000] {processor.py:840} INFO - DAG(s) 'move_bronze_to_silver_partitioned' retrieved from /opt/airflow/dags/move_bronze_to_silver_partitioned.py
[2025-04-28T12:53:14.454+0000] {logging_mixin.py:188} INFO - [2025-04-28T12:53:14.453+0000] {dag.py:3096} INFO - Sync 1 DAGs
[2025-04-28T12:53:14.459+0000] {logging_mixin.py:188} INFO - [2025-04-28T12:53:14.459+0000] {dag.py:3954} INFO - Setting next_dagrun for move_bronze_to_silver_partitioned to None, run_after=None
[2025-04-28T12:53:14.468+0000] {processor.py:183} INFO - Processing /opt/airflow/dags/move_bronze_to_silver_partitioned.py took 0.182 seconds
[2025-04-28T12:53:45.075+0000] {processor.py:161} INFO - Started process (PID=5269) to work on /opt/airflow/dags/move_bronze_to_silver_partitioned.py
[2025-04-28T12:53:45.075+0000] {processor.py:830} INFO - Processing file /opt/airflow/dags/move_bronze_to_silver_partitioned.py for tasks to queue
[2025-04-28T12:53:45.076+0000] {logging_mixin.py:188} INFO - [2025-04-28T12:53:45.076+0000] {dagbag.py:540} INFO - Filling up the DagBag from /opt/airflow/dags/move_bronze_to_silver_partitioned.py
[2025-04-28T12:53:45.231+0000] {processor.py:840} INFO - DAG(s) 'move_bronze_to_silver_partitioned' retrieved from /opt/airflow/dags/move_bronze_to_silver_partitioned.py
[2025-04-28T12:53:45.254+0000] {logging_mixin.py:188} INFO - [2025-04-28T12:53:45.254+0000] {dag.py:3096} INFO - Sync 1 DAGs
[2025-04-28T12:53:45.260+0000] {logging_mixin.py:188} INFO - [2025-04-28T12:53:45.260+0000] {dag.py:3954} INFO - Setting next_dagrun for move_bronze_to_silver_partitioned to None, run_after=None
[2025-04-28T12:53:45.269+0000] {processor.py:183} INFO - Processing /opt/airflow/dags/move_bronze_to_silver_partitioned.py took 0.197 seconds
[2025-04-28T12:54:15.894+0000] {processor.py:161} INFO - Started process (PID=5304) to work on /opt/airflow/dags/move_bronze_to_silver_partitioned.py
[2025-04-28T12:54:15.895+0000] {processor.py:830} INFO - Processing file /opt/airflow/dags/move_bronze_to_silver_partitioned.py for tasks to queue
[2025-04-28T12:54:15.896+0000] {logging_mixin.py:188} INFO - [2025-04-28T12:54:15.895+0000] {dagbag.py:540} INFO - Filling up the DagBag from /opt/airflow/dags/move_bronze_to_silver_partitioned.py
[2025-04-28T12:54:16.037+0000] {processor.py:840} INFO - DAG(s) 'move_bronze_to_silver_partitioned' retrieved from /opt/airflow/dags/move_bronze_to_silver_partitioned.py
[2025-04-28T12:54:16.050+0000] {logging_mixin.py:188} INFO - [2025-04-28T12:54:16.050+0000] {dag.py:3096} INFO - Sync 1 DAGs
[2025-04-28T12:54:16.058+0000] {logging_mixin.py:188} INFO - [2025-04-28T12:54:16.058+0000] {dag.py:3954} INFO - Setting next_dagrun for move_bronze_to_silver_partitioned to None, run_after=None
[2025-04-28T12:54:16.067+0000] {processor.py:183} INFO - Processing /opt/airflow/dags/move_bronze_to_silver_partitioned.py took 0.176 seconds
[2025-04-28T12:54:46.721+0000] {processor.py:161} INFO - Started process (PID=5339) to work on /opt/airflow/dags/move_bronze_to_silver_partitioned.py
[2025-04-28T12:54:46.722+0000] {processor.py:830} INFO - Processing file /opt/airflow/dags/move_bronze_to_silver_partitioned.py for tasks to queue
[2025-04-28T12:54:46.723+0000] {logging_mixin.py:188} INFO - [2025-04-28T12:54:46.723+0000] {dagbag.py:540} INFO - Filling up the DagBag from /opt/airflow/dags/move_bronze_to_silver_partitioned.py
[2025-04-28T12:54:46.869+0000] {processor.py:840} INFO - DAG(s) 'move_bronze_to_silver_partitioned' retrieved from /opt/airflow/dags/move_bronze_to_silver_partitioned.py
[2025-04-28T12:54:46.889+0000] {logging_mixin.py:188} INFO - [2025-04-28T12:54:46.888+0000] {dag.py:3096} INFO - Sync 1 DAGs
[2025-04-28T12:54:46.894+0000] {logging_mixin.py:188} INFO - [2025-04-28T12:54:46.894+0000] {dag.py:3954} INFO - Setting next_dagrun for move_bronze_to_silver_partitioned to None, run_after=None
[2025-04-28T12:54:46.903+0000] {processor.py:183} INFO - Processing /opt/airflow/dags/move_bronze_to_silver_partitioned.py took 0.184 seconds
[2025-04-28T12:55:17.480+0000] {processor.py:161} INFO - Started process (PID=5374) to work on /opt/airflow/dags/move_bronze_to_silver_partitioned.py
[2025-04-28T12:55:17.480+0000] {processor.py:830} INFO - Processing file /opt/airflow/dags/move_bronze_to_silver_partitioned.py for tasks to queue
[2025-04-28T12:55:17.481+0000] {logging_mixin.py:188} INFO - [2025-04-28T12:55:17.481+0000] {dagbag.py:540} INFO - Filling up the DagBag from /opt/airflow/dags/move_bronze_to_silver_partitioned.py
[2025-04-28T12:55:17.626+0000] {processor.py:840} INFO - DAG(s) 'move_bronze_to_silver_partitioned' retrieved from /opt/airflow/dags/move_bronze_to_silver_partitioned.py
[2025-04-28T12:55:17.642+0000] {logging_mixin.py:188} INFO - [2025-04-28T12:55:17.641+0000] {dag.py:3096} INFO - Sync 1 DAGs
[2025-04-28T12:55:17.653+0000] {logging_mixin.py:188} INFO - [2025-04-28T12:55:17.653+0000] {dag.py:3954} INFO - Setting next_dagrun for move_bronze_to_silver_partitioned to None, run_after=None
[2025-04-28T12:55:17.667+0000] {processor.py:183} INFO - Processing /opt/airflow/dags/move_bronze_to_silver_partitioned.py took 0.190 seconds
[2025-04-28T12:55:48.317+0000] {processor.py:161} INFO - Started process (PID=5472) to work on /opt/airflow/dags/move_bronze_to_silver_partitioned.py
[2025-04-28T12:55:48.318+0000] {processor.py:830} INFO - Processing file /opt/airflow/dags/move_bronze_to_silver_partitioned.py for tasks to queue
[2025-04-28T12:55:48.319+0000] {logging_mixin.py:188} INFO - [2025-04-28T12:55:48.319+0000] {dagbag.py:540} INFO - Filling up the DagBag from /opt/airflow/dags/move_bronze_to_silver_partitioned.py
[2025-04-28T12:55:48.458+0000] {processor.py:840} INFO - DAG(s) 'move_bronze_to_silver_partitioned' retrieved from /opt/airflow/dags/move_bronze_to_silver_partitioned.py
[2025-04-28T12:55:48.471+0000] {logging_mixin.py:188} INFO - [2025-04-28T12:55:48.471+0000] {dag.py:3096} INFO - Sync 1 DAGs
[2025-04-28T12:55:48.481+0000] {logging_mixin.py:188} INFO - [2025-04-28T12:55:48.481+0000] {dag.py:3954} INFO - Setting next_dagrun for move_bronze_to_silver_partitioned to None, run_after=None
[2025-04-28T12:55:48.493+0000] {processor.py:183} INFO - Processing /opt/airflow/dags/move_bronze_to_silver_partitioned.py took 0.179 seconds
[2025-04-28T12:56:19.178+0000] {processor.py:161} INFO - Started process (PID=5507) to work on /opt/airflow/dags/move_bronze_to_silver_partitioned.py
[2025-04-28T12:56:19.179+0000] {processor.py:830} INFO - Processing file /opt/airflow/dags/move_bronze_to_silver_partitioned.py for tasks to queue
[2025-04-28T12:56:19.180+0000] {logging_mixin.py:188} INFO - [2025-04-28T12:56:19.180+0000] {dagbag.py:540} INFO - Filling up the DagBag from /opt/airflow/dags/move_bronze_to_silver_partitioned.py
[2025-04-28T12:56:19.323+0000] {processor.py:840} INFO - DAG(s) 'move_bronze_to_silver_partitioned' retrieved from /opt/airflow/dags/move_bronze_to_silver_partitioned.py
[2025-04-28T12:56:19.341+0000] {logging_mixin.py:188} INFO - [2025-04-28T12:56:19.341+0000] {dag.py:3096} INFO - Sync 1 DAGs
[2025-04-28T12:56:19.347+0000] {logging_mixin.py:188} INFO - [2025-04-28T12:56:19.347+0000] {dag.py:3954} INFO - Setting next_dagrun for move_bronze_to_silver_partitioned to None, run_after=None
[2025-04-28T12:56:19.356+0000] {processor.py:183} INFO - Processing /opt/airflow/dags/move_bronze_to_silver_partitioned.py took 0.180 seconds
[2025-04-28T12:56:49.959+0000] {processor.py:161} INFO - Started process (PID=5542) to work on /opt/airflow/dags/move_bronze_to_silver_partitioned.py
[2025-04-28T12:56:49.959+0000] {processor.py:830} INFO - Processing file /opt/airflow/dags/move_bronze_to_silver_partitioned.py for tasks to queue
[2025-04-28T12:56:49.961+0000] {logging_mixin.py:188} INFO - [2025-04-28T12:56:49.960+0000] {dagbag.py:540} INFO - Filling up the DagBag from /opt/airflow/dags/move_bronze_to_silver_partitioned.py
[2025-04-28T12:56:50.108+0000] {processor.py:840} INFO - DAG(s) 'move_bronze_to_silver_partitioned' retrieved from /opt/airflow/dags/move_bronze_to_silver_partitioned.py
[2025-04-28T12:56:50.121+0000] {logging_mixin.py:188} INFO - [2025-04-28T12:56:50.121+0000] {dag.py:3096} INFO - Sync 1 DAGs
[2025-04-28T12:56:50.127+0000] {logging_mixin.py:188} INFO - [2025-04-28T12:56:50.127+0000] {dag.py:3954} INFO - Setting next_dagrun for move_bronze_to_silver_partitioned to None, run_after=None
[2025-04-28T12:56:50.136+0000] {processor.py:183} INFO - Processing /opt/airflow/dags/move_bronze_to_silver_partitioned.py took 0.180 seconds
[2025-04-28T12:57:20.810+0000] {processor.py:161} INFO - Started process (PID=5577) to work on /opt/airflow/dags/move_bronze_to_silver_partitioned.py
[2025-04-28T12:57:20.810+0000] {processor.py:830} INFO - Processing file /opt/airflow/dags/move_bronze_to_silver_partitioned.py for tasks to queue
[2025-04-28T12:57:20.811+0000] {logging_mixin.py:188} INFO - [2025-04-28T12:57:20.811+0000] {dagbag.py:540} INFO - Filling up the DagBag from /opt/airflow/dags/move_bronze_to_silver_partitioned.py
[2025-04-28T12:57:20.952+0000] {processor.py:840} INFO - DAG(s) 'move_bronze_to_silver_partitioned' retrieved from /opt/airflow/dags/move_bronze_to_silver_partitioned.py
[2025-04-28T12:57:20.966+0000] {logging_mixin.py:188} INFO - [2025-04-28T12:57:20.965+0000] {dag.py:3096} INFO - Sync 1 DAGs
[2025-04-28T12:57:20.975+0000] {logging_mixin.py:188} INFO - [2025-04-28T12:57:20.975+0000] {dag.py:3954} INFO - Setting next_dagrun for move_bronze_to_silver_partitioned to None, run_after=None
[2025-04-28T12:57:20.984+0000] {processor.py:183} INFO - Processing /opt/airflow/dags/move_bronze_to_silver_partitioned.py took 0.177 seconds
[2025-04-28T12:57:51.618+0000] {processor.py:161} INFO - Started process (PID=5612) to work on /opt/airflow/dags/move_bronze_to_silver_partitioned.py
[2025-04-28T12:57:51.619+0000] {processor.py:830} INFO - Processing file /opt/airflow/dags/move_bronze_to_silver_partitioned.py for tasks to queue
[2025-04-28T12:57:51.620+0000] {logging_mixin.py:188} INFO - [2025-04-28T12:57:51.619+0000] {dagbag.py:540} INFO - Filling up the DagBag from /opt/airflow/dags/move_bronze_to_silver_partitioned.py
[2025-04-28T12:57:51.769+0000] {processor.py:840} INFO - DAG(s) 'move_bronze_to_silver_partitioned' retrieved from /opt/airflow/dags/move_bronze_to_silver_partitioned.py
[2025-04-28T12:57:51.781+0000] {logging_mixin.py:188} INFO - [2025-04-28T12:57:51.781+0000] {dag.py:3096} INFO - Sync 1 DAGs
[2025-04-28T12:57:51.790+0000] {logging_mixin.py:188} INFO - [2025-04-28T12:57:51.790+0000] {dag.py:3954} INFO - Setting next_dagrun for move_bronze_to_silver_partitioned to None, run_after=None
[2025-04-28T12:57:51.801+0000] {processor.py:183} INFO - Processing /opt/airflow/dags/move_bronze_to_silver_partitioned.py took 0.186 seconds
[2025-04-28T12:58:22.452+0000] {processor.py:161} INFO - Started process (PID=5647) to work on /opt/airflow/dags/move_bronze_to_silver_partitioned.py
[2025-04-28T12:58:22.452+0000] {processor.py:830} INFO - Processing file /opt/airflow/dags/move_bronze_to_silver_partitioned.py for tasks to queue
[2025-04-28T12:58:22.453+0000] {logging_mixin.py:188} INFO - [2025-04-28T12:58:22.453+0000] {dagbag.py:540} INFO - Filling up the DagBag from /opt/airflow/dags/move_bronze_to_silver_partitioned.py
[2025-04-28T12:58:22.595+0000] {processor.py:840} INFO - DAG(s) 'move_bronze_to_silver_partitioned' retrieved from /opt/airflow/dags/move_bronze_to_silver_partitioned.py
[2025-04-28T12:58:22.611+0000] {logging_mixin.py:188} INFO - [2025-04-28T12:58:22.611+0000] {dag.py:3096} INFO - Sync 1 DAGs
[2025-04-28T12:58:22.618+0000] {logging_mixin.py:188} INFO - [2025-04-28T12:58:22.617+0000] {dag.py:3954} INFO - Setting next_dagrun for move_bronze_to_silver_partitioned to None, run_after=None
[2025-04-28T12:58:22.628+0000] {processor.py:183} INFO - Processing /opt/airflow/dags/move_bronze_to_silver_partitioned.py took 0.179 seconds
[2025-04-28T12:58:53.300+0000] {processor.py:161} INFO - Started process (PID=5682) to work on /opt/airflow/dags/move_bronze_to_silver_partitioned.py
[2025-04-28T12:58:53.300+0000] {processor.py:830} INFO - Processing file /opt/airflow/dags/move_bronze_to_silver_partitioned.py for tasks to queue
[2025-04-28T12:58:53.301+0000] {logging_mixin.py:188} INFO - [2025-04-28T12:58:53.301+0000] {dagbag.py:540} INFO - Filling up the DagBag from /opt/airflow/dags/move_bronze_to_silver_partitioned.py
[2025-04-28T12:58:53.452+0000] {processor.py:840} INFO - DAG(s) 'move_bronze_to_silver_partitioned' retrieved from /opt/airflow/dags/move_bronze_to_silver_partitioned.py
[2025-04-28T12:58:53.466+0000] {logging_mixin.py:188} INFO - [2025-04-28T12:58:53.466+0000] {dag.py:3096} INFO - Sync 1 DAGs
[2025-04-28T12:58:53.473+0000] {logging_mixin.py:188} INFO - [2025-04-28T12:58:53.472+0000] {dag.py:3954} INFO - Setting next_dagrun for move_bronze_to_silver_partitioned to None, run_after=None
[2025-04-28T12:58:53.482+0000] {processor.py:183} INFO - Processing /opt/airflow/dags/move_bronze_to_silver_partitioned.py took 0.186 seconds
[2025-04-28T12:59:24.123+0000] {processor.py:161} INFO - Started process (PID=5717) to work on /opt/airflow/dags/move_bronze_to_silver_partitioned.py
[2025-04-28T12:59:24.123+0000] {processor.py:830} INFO - Processing file /opt/airflow/dags/move_bronze_to_silver_partitioned.py for tasks to queue
[2025-04-28T12:59:24.124+0000] {logging_mixin.py:188} INFO - [2025-04-28T12:59:24.124+0000] {dagbag.py:540} INFO - Filling up the DagBag from /opt/airflow/dags/move_bronze_to_silver_partitioned.py
[2025-04-28T12:59:24.272+0000] {processor.py:840} INFO - DAG(s) 'move_bronze_to_silver_partitioned' retrieved from /opt/airflow/dags/move_bronze_to_silver_partitioned.py
[2025-04-28T12:59:24.295+0000] {logging_mixin.py:188} INFO - [2025-04-28T12:59:24.295+0000] {dag.py:3096} INFO - Sync 1 DAGs
[2025-04-28T12:59:24.304+0000] {logging_mixin.py:188} INFO - [2025-04-28T12:59:24.303+0000] {dag.py:3954} INFO - Setting next_dagrun for move_bronze_to_silver_partitioned to None, run_after=None
[2025-04-28T12:59:24.315+0000] {processor.py:183} INFO - Processing /opt/airflow/dags/move_bronze_to_silver_partitioned.py took 0.195 seconds
[2025-04-28T12:59:55.141+0000] {processor.py:161} INFO - Started process (PID=5754) to work on /opt/airflow/dags/move_bronze_to_silver_partitioned.py
[2025-04-28T12:59:55.142+0000] {processor.py:830} INFO - Processing file /opt/airflow/dags/move_bronze_to_silver_partitioned.py for tasks to queue
[2025-04-28T12:59:55.143+0000] {logging_mixin.py:188} INFO - [2025-04-28T12:59:55.143+0000] {dagbag.py:540} INFO - Filling up the DagBag from /opt/airflow/dags/move_bronze_to_silver_partitioned.py
[2025-04-28T12:59:55.286+0000] {processor.py:840} INFO - DAG(s) 'move_bronze_to_silver_partitioned' retrieved from /opt/airflow/dags/move_bronze_to_silver_partitioned.py
[2025-04-28T12:59:55.301+0000] {logging_mixin.py:188} INFO - [2025-04-28T12:59:55.300+0000] {dag.py:3096} INFO - Sync 1 DAGs
[2025-04-28T12:59:55.306+0000] {logging_mixin.py:188} INFO - [2025-04-28T12:59:55.306+0000] {dag.py:3954} INFO - Setting next_dagrun for move_bronze_to_silver_partitioned to None, run_after=None
[2025-04-28T12:59:55.319+0000] {processor.py:183} INFO - Processing /opt/airflow/dags/move_bronze_to_silver_partitioned.py took 0.181 seconds
[2025-04-28T13:00:25.943+0000] {processor.py:161} INFO - Started process (PID=5850) to work on /opt/airflow/dags/move_bronze_to_silver_partitioned.py
[2025-04-28T13:00:25.944+0000] {processor.py:830} INFO - Processing file /opt/airflow/dags/move_bronze_to_silver_partitioned.py for tasks to queue
[2025-04-28T13:00:25.945+0000] {logging_mixin.py:188} INFO - [2025-04-28T13:00:25.945+0000] {dagbag.py:540} INFO - Filling up the DagBag from /opt/airflow/dags/move_bronze_to_silver_partitioned.py
[2025-04-28T13:00:26.090+0000] {processor.py:840} INFO - DAG(s) 'move_bronze_to_silver_partitioned' retrieved from /opt/airflow/dags/move_bronze_to_silver_partitioned.py
[2025-04-28T13:00:26.107+0000] {logging_mixin.py:188} INFO - [2025-04-28T13:00:26.107+0000] {dag.py:3096} INFO - Sync 1 DAGs
[2025-04-28T13:00:26.114+0000] {logging_mixin.py:188} INFO - [2025-04-28T13:00:26.114+0000] {dag.py:3954} INFO - Setting next_dagrun for move_bronze_to_silver_partitioned to None, run_after=None
[2025-04-28T13:00:26.124+0000] {processor.py:183} INFO - Processing /opt/airflow/dags/move_bronze_to_silver_partitioned.py took 0.184 seconds
[2025-04-28T13:00:56.837+0000] {processor.py:161} INFO - Started process (PID=5885) to work on /opt/airflow/dags/move_bronze_to_silver_partitioned.py
[2025-04-28T13:00:56.838+0000] {processor.py:830} INFO - Processing file /opt/airflow/dags/move_bronze_to_silver_partitioned.py for tasks to queue
[2025-04-28T13:00:56.838+0000] {logging_mixin.py:188} INFO - [2025-04-28T13:00:56.838+0000] {dagbag.py:540} INFO - Filling up the DagBag from /opt/airflow/dags/move_bronze_to_silver_partitioned.py
[2025-04-28T13:00:56.983+0000] {processor.py:840} INFO - DAG(s) 'move_bronze_to_silver_partitioned' retrieved from /opt/airflow/dags/move_bronze_to_silver_partitioned.py
[2025-04-28T13:00:56.998+0000] {logging_mixin.py:188} INFO - [2025-04-28T13:00:56.998+0000] {dag.py:3096} INFO - Sync 1 DAGs
[2025-04-28T13:00:57.008+0000] {logging_mixin.py:188} INFO - [2025-04-28T13:00:57.008+0000] {dag.py:3954} INFO - Setting next_dagrun for move_bronze_to_silver_partitioned to None, run_after=None
[2025-04-28T13:00:57.018+0000] {processor.py:183} INFO - Processing /opt/airflow/dags/move_bronze_to_silver_partitioned.py took 0.184 seconds
[2025-04-28T13:01:27.642+0000] {processor.py:161} INFO - Started process (PID=5920) to work on /opt/airflow/dags/move_bronze_to_silver_partitioned.py
[2025-04-28T13:01:27.642+0000] {processor.py:830} INFO - Processing file /opt/airflow/dags/move_bronze_to_silver_partitioned.py for tasks to queue
[2025-04-28T13:01:27.643+0000] {logging_mixin.py:188} INFO - [2025-04-28T13:01:27.643+0000] {dagbag.py:540} INFO - Filling up the DagBag from /opt/airflow/dags/move_bronze_to_silver_partitioned.py
[2025-04-28T13:01:27.790+0000] {processor.py:840} INFO - DAG(s) 'move_bronze_to_silver_partitioned' retrieved from /opt/airflow/dags/move_bronze_to_silver_partitioned.py
[2025-04-28T13:01:27.806+0000] {logging_mixin.py:188} INFO - [2025-04-28T13:01:27.806+0000] {dag.py:3096} INFO - Sync 1 DAGs
[2025-04-28T13:01:27.812+0000] {logging_mixin.py:188} INFO - [2025-04-28T13:01:27.812+0000] {dag.py:3954} INFO - Setting next_dagrun for move_bronze_to_silver_partitioned to None, run_after=None
[2025-04-28T13:01:27.822+0000] {processor.py:183} INFO - Processing /opt/airflow/dags/move_bronze_to_silver_partitioned.py took 0.183 seconds
[2025-04-28T13:01:58.464+0000] {processor.py:161} INFO - Started process (PID=5955) to work on /opt/airflow/dags/move_bronze_to_silver_partitioned.py
[2025-04-28T13:01:58.465+0000] {processor.py:830} INFO - Processing file /opt/airflow/dags/move_bronze_to_silver_partitioned.py for tasks to queue
[2025-04-28T13:01:58.465+0000] {logging_mixin.py:188} INFO - [2025-04-28T13:01:58.465+0000] {dagbag.py:540} INFO - Filling up the DagBag from /opt/airflow/dags/move_bronze_to_silver_partitioned.py
[2025-04-28T13:01:58.613+0000] {processor.py:840} INFO - DAG(s) 'move_bronze_to_silver_partitioned' retrieved from /opt/airflow/dags/move_bronze_to_silver_partitioned.py
[2025-04-28T13:01:58.628+0000] {logging_mixin.py:188} INFO - [2025-04-28T13:01:58.628+0000] {dag.py:3096} INFO - Sync 1 DAGs
[2025-04-28T13:01:58.634+0000] {logging_mixin.py:188} INFO - [2025-04-28T13:01:58.634+0000] {dag.py:3954} INFO - Setting next_dagrun for move_bronze_to_silver_partitioned to None, run_after=None
[2025-04-28T13:01:58.645+0000] {processor.py:183} INFO - Processing /opt/airflow/dags/move_bronze_to_silver_partitioned.py took 0.183 seconds
[2025-04-28T13:02:29.358+0000] {processor.py:161} INFO - Started process (PID=5990) to work on /opt/airflow/dags/move_bronze_to_silver_partitioned.py
[2025-04-28T13:02:29.359+0000] {processor.py:830} INFO - Processing file /opt/airflow/dags/move_bronze_to_silver_partitioned.py for tasks to queue
[2025-04-28T13:02:29.360+0000] {logging_mixin.py:188} INFO - [2025-04-28T13:02:29.359+0000] {dagbag.py:540} INFO - Filling up the DagBag from /opt/airflow/dags/move_bronze_to_silver_partitioned.py
[2025-04-28T13:02:29.503+0000] {processor.py:840} INFO - DAG(s) 'move_bronze_to_silver_partitioned' retrieved from /opt/airflow/dags/move_bronze_to_silver_partitioned.py
[2025-04-28T13:02:29.517+0000] {logging_mixin.py:188} INFO - [2025-04-28T13:02:29.517+0000] {dag.py:3096} INFO - Sync 1 DAGs
[2025-04-28T13:02:29.523+0000] {logging_mixin.py:188} INFO - [2025-04-28T13:02:29.523+0000] {dag.py:3954} INFO - Setting next_dagrun for move_bronze_to_silver_partitioned to None, run_after=None
[2025-04-28T13:02:29.534+0000] {processor.py:183} INFO - Processing /opt/airflow/dags/move_bronze_to_silver_partitioned.py took 0.179 seconds
[2025-04-28T13:03:00.278+0000] {processor.py:161} INFO - Started process (PID=6027) to work on /opt/airflow/dags/move_bronze_to_silver_partitioned.py
[2025-04-28T13:03:00.278+0000] {processor.py:830} INFO - Processing file /opt/airflow/dags/move_bronze_to_silver_partitioned.py for tasks to queue
[2025-04-28T13:03:00.279+0000] {logging_mixin.py:188} INFO - [2025-04-28T13:03:00.279+0000] {dagbag.py:540} INFO - Filling up the DagBag from /opt/airflow/dags/move_bronze_to_silver_partitioned.py
[2025-04-28T13:03:00.423+0000] {processor.py:840} INFO - DAG(s) 'move_bronze_to_silver_partitioned' retrieved from /opt/airflow/dags/move_bronze_to_silver_partitioned.py
[2025-04-28T13:03:00.438+0000] {logging_mixin.py:188} INFO - [2025-04-28T13:03:00.438+0000] {dag.py:3096} INFO - Sync 1 DAGs
[2025-04-28T13:03:00.444+0000] {logging_mixin.py:188} INFO - [2025-04-28T13:03:00.444+0000] {dag.py:3954} INFO - Setting next_dagrun for move_bronze_to_silver_partitioned to None, run_after=None
[2025-04-28T13:03:00.456+0000] {processor.py:183} INFO - Processing /opt/airflow/dags/move_bronze_to_silver_partitioned.py took 0.182 seconds
[2025-04-28T13:03:31.081+0000] {processor.py:161} INFO - Started process (PID=6060) to work on /opt/airflow/dags/move_bronze_to_silver_partitioned.py
[2025-04-28T13:03:31.081+0000] {processor.py:830} INFO - Processing file /opt/airflow/dags/move_bronze_to_silver_partitioned.py for tasks to queue
[2025-04-28T13:03:31.082+0000] {logging_mixin.py:188} INFO - [2025-04-28T13:03:31.082+0000] {dagbag.py:540} INFO - Filling up the DagBag from /opt/airflow/dags/move_bronze_to_silver_partitioned.py
[2025-04-28T13:03:31.224+0000] {processor.py:840} INFO - DAG(s) 'move_bronze_to_silver_partitioned' retrieved from /opt/airflow/dags/move_bronze_to_silver_partitioned.py
[2025-04-28T13:03:31.239+0000] {logging_mixin.py:188} INFO - [2025-04-28T13:03:31.239+0000] {dag.py:3096} INFO - Sync 1 DAGs
[2025-04-28T13:03:31.246+0000] {logging_mixin.py:188} INFO - [2025-04-28T13:03:31.246+0000] {dag.py:3954} INFO - Setting next_dagrun for move_bronze_to_silver_partitioned to None, run_after=None
[2025-04-28T13:03:31.255+0000] {processor.py:183} INFO - Processing /opt/airflow/dags/move_bronze_to_silver_partitioned.py took 0.177 seconds
[2025-04-28T13:04:01.914+0000] {processor.py:161} INFO - Started process (PID=6095) to work on /opt/airflow/dags/move_bronze_to_silver_partitioned.py
[2025-04-28T13:04:01.914+0000] {processor.py:830} INFO - Processing file /opt/airflow/dags/move_bronze_to_silver_partitioned.py for tasks to queue
[2025-04-28T13:04:01.915+0000] {logging_mixin.py:188} INFO - [2025-04-28T13:04:01.915+0000] {dagbag.py:540} INFO - Filling up the DagBag from /opt/airflow/dags/move_bronze_to_silver_partitioned.py
[2025-04-28T13:04:02.057+0000] {processor.py:840} INFO - DAG(s) 'move_bronze_to_silver_partitioned' retrieved from /opt/airflow/dags/move_bronze_to_silver_partitioned.py
[2025-04-28T13:04:02.070+0000] {logging_mixin.py:188} INFO - [2025-04-28T13:04:02.070+0000] {dag.py:3096} INFO - Sync 1 DAGs
[2025-04-28T13:04:02.078+0000] {logging_mixin.py:188} INFO - [2025-04-28T13:04:02.078+0000] {dag.py:3954} INFO - Setting next_dagrun for move_bronze_to_silver_partitioned to None, run_after=None
[2025-04-28T13:04:02.088+0000] {processor.py:183} INFO - Processing /opt/airflow/dags/move_bronze_to_silver_partitioned.py took 0.178 seconds
[2025-04-28T13:04:32.699+0000] {processor.py:161} INFO - Started process (PID=6130) to work on /opt/airflow/dags/move_bronze_to_silver_partitioned.py
[2025-04-28T13:04:32.699+0000] {processor.py:830} INFO - Processing file /opt/airflow/dags/move_bronze_to_silver_partitioned.py for tasks to queue
[2025-04-28T13:04:32.700+0000] {logging_mixin.py:188} INFO - [2025-04-28T13:04:32.700+0000] {dagbag.py:540} INFO - Filling up the DagBag from /opt/airflow/dags/move_bronze_to_silver_partitioned.py
[2025-04-28T13:04:32.845+0000] {processor.py:840} INFO - DAG(s) 'move_bronze_to_silver_partitioned' retrieved from /opt/airflow/dags/move_bronze_to_silver_partitioned.py
[2025-04-28T13:04:32.861+0000] {logging_mixin.py:188} INFO - [2025-04-28T13:04:32.861+0000] {dag.py:3096} INFO - Sync 1 DAGs
[2025-04-28T13:04:32.869+0000] {logging_mixin.py:188} INFO - [2025-04-28T13:04:32.869+0000] {dag.py:3954} INFO - Setting next_dagrun for move_bronze_to_silver_partitioned to None, run_after=None
[2025-04-28T13:04:32.879+0000] {processor.py:183} INFO - Processing /opt/airflow/dags/move_bronze_to_silver_partitioned.py took 0.183 seconds
[2025-04-28T13:05:03.543+0000] {processor.py:161} INFO - Started process (PID=6165) to work on /opt/airflow/dags/move_bronze_to_silver_partitioned.py
[2025-04-28T13:05:03.544+0000] {processor.py:830} INFO - Processing file /opt/airflow/dags/move_bronze_to_silver_partitioned.py for tasks to queue
[2025-04-28T13:05:03.545+0000] {logging_mixin.py:188} INFO - [2025-04-28T13:05:03.545+0000] {dagbag.py:540} INFO - Filling up the DagBag from /opt/airflow/dags/move_bronze_to_silver_partitioned.py
[2025-04-28T13:05:03.689+0000] {processor.py:840} INFO - DAG(s) 'move_bronze_to_silver_partitioned' retrieved from /opt/airflow/dags/move_bronze_to_silver_partitioned.py
[2025-04-28T13:05:03.705+0000] {logging_mixin.py:188} INFO - [2025-04-28T13:05:03.704+0000] {dag.py:3096} INFO - Sync 1 DAGs
[2025-04-28T13:05:03.737+0000] {logging_mixin.py:188} INFO - [2025-04-28T13:05:03.737+0000] {dag.py:3954} INFO - Setting next_dagrun for move_bronze_to_silver_partitioned to None, run_after=None
[2025-04-28T13:05:03.751+0000] {processor.py:183} INFO - Processing /opt/airflow/dags/move_bronze_to_silver_partitioned.py took 0.210 seconds
[2025-04-28T13:05:34.413+0000] {processor.py:161} INFO - Started process (PID=6200) to work on /opt/airflow/dags/move_bronze_to_silver_partitioned.py
[2025-04-28T13:05:34.414+0000] {processor.py:830} INFO - Processing file /opt/airflow/dags/move_bronze_to_silver_partitioned.py for tasks to queue
[2025-04-28T13:05:34.415+0000] {logging_mixin.py:188} INFO - [2025-04-28T13:05:34.415+0000] {dagbag.py:540} INFO - Filling up the DagBag from /opt/airflow/dags/move_bronze_to_silver_partitioned.py
[2025-04-28T13:05:34.556+0000] {processor.py:840} INFO - DAG(s) 'move_bronze_to_silver_partitioned' retrieved from /opt/airflow/dags/move_bronze_to_silver_partitioned.py
[2025-04-28T13:05:34.570+0000] {logging_mixin.py:188} INFO - [2025-04-28T13:05:34.570+0000] {dag.py:3096} INFO - Sync 1 DAGs
[2025-04-28T13:05:34.580+0000] {logging_mixin.py:188} INFO - [2025-04-28T13:05:34.579+0000] {dag.py:3954} INFO - Setting next_dagrun for move_bronze_to_silver_partitioned to None, run_after=None
[2025-04-28T13:05:34.589+0000] {processor.py:183} INFO - Processing /opt/airflow/dags/move_bronze_to_silver_partitioned.py took 0.178 seconds
[2025-04-28T13:06:05.231+0000] {processor.py:161} INFO - Started process (PID=6235) to work on /opt/airflow/dags/move_bronze_to_silver_partitioned.py
[2025-04-28T13:06:05.232+0000] {processor.py:830} INFO - Processing file /opt/airflow/dags/move_bronze_to_silver_partitioned.py for tasks to queue
[2025-04-28T13:06:05.233+0000] {logging_mixin.py:188} INFO - [2025-04-28T13:06:05.233+0000] {dagbag.py:540} INFO - Filling up the DagBag from /opt/airflow/dags/move_bronze_to_silver_partitioned.py
[2025-04-28T13:06:05.376+0000] {processor.py:840} INFO - DAG(s) 'move_bronze_to_silver_partitioned' retrieved from /opt/airflow/dags/move_bronze_to_silver_partitioned.py
[2025-04-28T13:06:05.391+0000] {logging_mixin.py:188} INFO - [2025-04-28T13:06:05.391+0000] {dag.py:3096} INFO - Sync 1 DAGs
[2025-04-28T13:06:05.398+0000] {logging_mixin.py:188} INFO - [2025-04-28T13:06:05.398+0000] {dag.py:3954} INFO - Setting next_dagrun for move_bronze_to_silver_partitioned to None, run_after=None
[2025-04-28T13:06:05.409+0000] {processor.py:183} INFO - Processing /opt/airflow/dags/move_bronze_to_silver_partitioned.py took 0.181 seconds
[2025-04-28T13:06:36.043+0000] {processor.py:161} INFO - Started process (PID=6270) to work on /opt/airflow/dags/move_bronze_to_silver_partitioned.py
[2025-04-28T13:06:36.043+0000] {processor.py:830} INFO - Processing file /opt/airflow/dags/move_bronze_to_silver_partitioned.py for tasks to queue
[2025-04-28T13:06:36.044+0000] {logging_mixin.py:188} INFO - [2025-04-28T13:06:36.044+0000] {dagbag.py:540} INFO - Filling up the DagBag from /opt/airflow/dags/move_bronze_to_silver_partitioned.py
[2025-04-28T13:06:36.183+0000] {processor.py:840} INFO - DAG(s) 'move_bronze_to_silver_partitioned' retrieved from /opt/airflow/dags/move_bronze_to_silver_partitioned.py
[2025-04-28T13:06:36.197+0000] {logging_mixin.py:188} INFO - [2025-04-28T13:06:36.196+0000] {dag.py:3096} INFO - Sync 1 DAGs
[2025-04-28T13:06:36.203+0000] {logging_mixin.py:188} INFO - [2025-04-28T13:06:36.203+0000] {dag.py:3954} INFO - Setting next_dagrun for move_bronze_to_silver_partitioned to None, run_after=None
[2025-04-28T13:06:36.212+0000] {processor.py:183} INFO - Processing /opt/airflow/dags/move_bronze_to_silver_partitioned.py took 0.172 seconds
[2025-04-28T13:07:06.834+0000] {processor.py:161} INFO - Started process (PID=6305) to work on /opt/airflow/dags/move_bronze_to_silver_partitioned.py
[2025-04-28T13:07:06.834+0000] {processor.py:830} INFO - Processing file /opt/airflow/dags/move_bronze_to_silver_partitioned.py for tasks to queue
[2025-04-28T13:07:06.835+0000] {logging_mixin.py:188} INFO - [2025-04-28T13:07:06.835+0000] {dagbag.py:540} INFO - Filling up the DagBag from /opt/airflow/dags/move_bronze_to_silver_partitioned.py
[2025-04-28T13:07:06.982+0000] {processor.py:840} INFO - DAG(s) 'move_bronze_to_silver_partitioned' retrieved from /opt/airflow/dags/move_bronze_to_silver_partitioned.py
[2025-04-28T13:07:06.998+0000] {logging_mixin.py:188} INFO - [2025-04-28T13:07:06.998+0000] {dag.py:3096} INFO - Sync 1 DAGs
[2025-04-28T13:07:07.005+0000] {logging_mixin.py:188} INFO - [2025-04-28T13:07:07.005+0000] {dag.py:3954} INFO - Setting next_dagrun for move_bronze_to_silver_partitioned to None, run_after=None
[2025-04-28T13:07:07.016+0000] {processor.py:183} INFO - Processing /opt/airflow/dags/move_bronze_to_silver_partitioned.py took 0.185 seconds
[2025-04-28T13:07:37.625+0000] {processor.py:161} INFO - Started process (PID=6340) to work on /opt/airflow/dags/move_bronze_to_silver_partitioned.py
[2025-04-28T13:07:37.626+0000] {processor.py:830} INFO - Processing file /opt/airflow/dags/move_bronze_to_silver_partitioned.py for tasks to queue
[2025-04-28T13:07:37.626+0000] {logging_mixin.py:188} INFO - [2025-04-28T13:07:37.626+0000] {dagbag.py:540} INFO - Filling up the DagBag from /opt/airflow/dags/move_bronze_to_silver_partitioned.py
[2025-04-28T13:07:37.769+0000] {processor.py:840} INFO - DAG(s) 'move_bronze_to_silver_partitioned' retrieved from /opt/airflow/dags/move_bronze_to_silver_partitioned.py
[2025-04-28T13:07:37.785+0000] {logging_mixin.py:188} INFO - [2025-04-28T13:07:37.785+0000] {dag.py:3096} INFO - Sync 1 DAGs
[2025-04-28T13:07:37.791+0000] {logging_mixin.py:188} INFO - [2025-04-28T13:07:37.791+0000] {dag.py:3954} INFO - Setting next_dagrun for move_bronze_to_silver_partitioned to None, run_after=None
[2025-04-28T13:07:37.802+0000] {processor.py:183} INFO - Processing /opt/airflow/dags/move_bronze_to_silver_partitioned.py took 0.180 seconds
[2025-04-28T13:08:08.401+0000] {processor.py:161} INFO - Started process (PID=6375) to work on /opt/airflow/dags/move_bronze_to_silver_partitioned.py
[2025-04-28T13:08:08.402+0000] {processor.py:830} INFO - Processing file /opt/airflow/dags/move_bronze_to_silver_partitioned.py for tasks to queue
[2025-04-28T13:08:08.403+0000] {logging_mixin.py:188} INFO - [2025-04-28T13:08:08.402+0000] {dagbag.py:540} INFO - Filling up the DagBag from /opt/airflow/dags/move_bronze_to_silver_partitioned.py
[2025-04-28T13:08:08.570+0000] {processor.py:840} INFO - DAG(s) 'move_bronze_to_silver_partitioned' retrieved from /opt/airflow/dags/move_bronze_to_silver_partitioned.py
[2025-04-28T13:08:08.588+0000] {logging_mixin.py:188} INFO - [2025-04-28T13:08:08.587+0000] {dag.py:3096} INFO - Sync 1 DAGs
[2025-04-28T13:08:08.594+0000] {logging_mixin.py:188} INFO - [2025-04-28T13:08:08.594+0000] {dag.py:3954} INFO - Setting next_dagrun for move_bronze_to_silver_partitioned to None, run_after=None
[2025-04-28T13:08:08.610+0000] {processor.py:183} INFO - Processing /opt/airflow/dags/move_bronze_to_silver_partitioned.py took 0.213 seconds
[2025-04-28T13:08:39.227+0000] {processor.py:161} INFO - Started process (PID=6410) to work on /opt/airflow/dags/move_bronze_to_silver_partitioned.py
[2025-04-28T13:08:39.228+0000] {processor.py:830} INFO - Processing file /opt/airflow/dags/move_bronze_to_silver_partitioned.py for tasks to queue
[2025-04-28T13:08:39.228+0000] {logging_mixin.py:188} INFO - [2025-04-28T13:08:39.228+0000] {dagbag.py:540} INFO - Filling up the DagBag from /opt/airflow/dags/move_bronze_to_silver_partitioned.py
[2025-04-28T13:08:39.374+0000] {processor.py:840} INFO - DAG(s) 'move_bronze_to_silver_partitioned' retrieved from /opt/airflow/dags/move_bronze_to_silver_partitioned.py
[2025-04-28T13:08:39.391+0000] {logging_mixin.py:188} INFO - [2025-04-28T13:08:39.390+0000] {dag.py:3096} INFO - Sync 1 DAGs
[2025-04-28T13:08:39.396+0000] {logging_mixin.py:188} INFO - [2025-04-28T13:08:39.396+0000] {dag.py:3954} INFO - Setting next_dagrun for move_bronze_to_silver_partitioned to None, run_after=None
[2025-04-28T13:08:39.406+0000] {processor.py:183} INFO - Processing /opt/airflow/dags/move_bronze_to_silver_partitioned.py took 0.182 seconds
[2025-04-28T13:09:10.092+0000] {processor.py:161} INFO - Started process (PID=6445) to work on /opt/airflow/dags/move_bronze_to_silver_partitioned.py
[2025-04-28T13:09:10.093+0000] {processor.py:830} INFO - Processing file /opt/airflow/dags/move_bronze_to_silver_partitioned.py for tasks to queue
[2025-04-28T13:09:10.093+0000] {logging_mixin.py:188} INFO - [2025-04-28T13:09:10.093+0000] {dagbag.py:540} INFO - Filling up the DagBag from /opt/airflow/dags/move_bronze_to_silver_partitioned.py
[2025-04-28T13:09:10.235+0000] {processor.py:840} INFO - DAG(s) 'move_bronze_to_silver_partitioned' retrieved from /opt/airflow/dags/move_bronze_to_silver_partitioned.py
[2025-04-28T13:09:10.249+0000] {logging_mixin.py:188} INFO - [2025-04-28T13:09:10.249+0000] {dag.py:3096} INFO - Sync 1 DAGs
[2025-04-28T13:09:10.258+0000] {logging_mixin.py:188} INFO - [2025-04-28T13:09:10.258+0000] {dag.py:3954} INFO - Setting next_dagrun for move_bronze_to_silver_partitioned to None, run_after=None
[2025-04-28T13:09:10.268+0000] {processor.py:183} INFO - Processing /opt/airflow/dags/move_bronze_to_silver_partitioned.py took 0.179 seconds
[2025-04-28T13:09:40.819+0000] {processor.py:161} INFO - Started process (PID=6480) to work on /opt/airflow/dags/move_bronze_to_silver_partitioned.py
[2025-04-28T13:09:40.820+0000] {processor.py:830} INFO - Processing file /opt/airflow/dags/move_bronze_to_silver_partitioned.py for tasks to queue
[2025-04-28T13:09:40.821+0000] {logging_mixin.py:188} INFO - [2025-04-28T13:09:40.821+0000] {dagbag.py:540} INFO - Filling up the DagBag from /opt/airflow/dags/move_bronze_to_silver_partitioned.py
[2025-04-28T13:09:41.006+0000] {processor.py:840} INFO - DAG(s) 'move_bronze_to_silver_partitioned' retrieved from /opt/airflow/dags/move_bronze_to_silver_partitioned.py
[2025-04-28T13:09:41.020+0000] {logging_mixin.py:188} INFO - [2025-04-28T13:09:41.019+0000] {dag.py:3096} INFO - Sync 1 DAGs
[2025-04-28T13:09:41.027+0000] {logging_mixin.py:188} INFO - [2025-04-28T13:09:41.026+0000] {dag.py:3954} INFO - Setting next_dagrun for move_bronze_to_silver_partitioned to None, run_after=None
[2025-04-28T13:09:41.035+0000] {processor.py:183} INFO - Processing /opt/airflow/dags/move_bronze_to_silver_partitioned.py took 0.220 seconds
[2025-04-28T13:10:11.674+0000] {processor.py:161} INFO - Started process (PID=6515) to work on /opt/airflow/dags/move_bronze_to_silver_partitioned.py
[2025-04-28T13:10:11.674+0000] {processor.py:830} INFO - Processing file /opt/airflow/dags/move_bronze_to_silver_partitioned.py for tasks to queue
[2025-04-28T13:10:11.675+0000] {logging_mixin.py:188} INFO - [2025-04-28T13:10:11.675+0000] {dagbag.py:540} INFO - Filling up the DagBag from /opt/airflow/dags/move_bronze_to_silver_partitioned.py
[2025-04-28T13:10:11.823+0000] {processor.py:840} INFO - DAG(s) 'move_bronze_to_silver_partitioned' retrieved from /opt/airflow/dags/move_bronze_to_silver_partitioned.py
[2025-04-28T13:10:11.840+0000] {logging_mixin.py:188} INFO - [2025-04-28T13:10:11.840+0000] {dag.py:3096} INFO - Sync 1 DAGs
[2025-04-28T13:10:11.847+0000] {logging_mixin.py:188} INFO - [2025-04-28T13:10:11.847+0000] {dag.py:3954} INFO - Setting next_dagrun for move_bronze_to_silver_partitioned to None, run_after=None
[2025-04-28T13:10:11.855+0000] {processor.py:183} INFO - Processing /opt/airflow/dags/move_bronze_to_silver_partitioned.py took 0.184 seconds
[2025-04-28T13:10:42.481+0000] {processor.py:161} INFO - Started process (PID=6550) to work on /opt/airflow/dags/move_bronze_to_silver_partitioned.py
[2025-04-28T13:10:42.481+0000] {processor.py:830} INFO - Processing file /opt/airflow/dags/move_bronze_to_silver_partitioned.py for tasks to queue
[2025-04-28T13:10:42.482+0000] {logging_mixin.py:188} INFO - [2025-04-28T13:10:42.482+0000] {dagbag.py:540} INFO - Filling up the DagBag from /opt/airflow/dags/move_bronze_to_silver_partitioned.py
[2025-04-28T13:10:42.626+0000] {processor.py:840} INFO - DAG(s) 'move_bronze_to_silver_partitioned' retrieved from /opt/airflow/dags/move_bronze_to_silver_partitioned.py
[2025-04-28T13:10:42.646+0000] {logging_mixin.py:188} INFO - [2025-04-28T13:10:42.645+0000] {dag.py:3096} INFO - Sync 1 DAGs
[2025-04-28T13:10:42.652+0000] {logging_mixin.py:188} INFO - [2025-04-28T13:10:42.651+0000] {dag.py:3954} INFO - Setting next_dagrun for move_bronze_to_silver_partitioned to None, run_after=None
[2025-04-28T13:10:42.664+0000] {processor.py:183} INFO - Processing /opt/airflow/dags/move_bronze_to_silver_partitioned.py took 0.186 seconds
[2025-04-28T13:11:13.273+0000] {processor.py:161} INFO - Started process (PID=6585) to work on /opt/airflow/dags/move_bronze_to_silver_partitioned.py
[2025-04-28T13:11:13.275+0000] {processor.py:830} INFO - Processing file /opt/airflow/dags/move_bronze_to_silver_partitioned.py for tasks to queue
[2025-04-28T13:11:13.276+0000] {logging_mixin.py:188} INFO - [2025-04-28T13:11:13.276+0000] {dagbag.py:540} INFO - Filling up the DagBag from /opt/airflow/dags/move_bronze_to_silver_partitioned.py
[2025-04-28T13:11:13.431+0000] {processor.py:840} INFO - DAG(s) 'move_bronze_to_silver_partitioned' retrieved from /opt/airflow/dags/move_bronze_to_silver_partitioned.py
[2025-04-28T13:11:13.447+0000] {logging_mixin.py:188} INFO - [2025-04-28T13:11:13.446+0000] {dag.py:3096} INFO - Sync 1 DAGs
[2025-04-28T13:11:13.453+0000] {logging_mixin.py:188} INFO - [2025-04-28T13:11:13.453+0000] {dag.py:3954} INFO - Setting next_dagrun for move_bronze_to_silver_partitioned to None, run_after=None
[2025-04-28T13:11:13.462+0000] {processor.py:183} INFO - Processing /opt/airflow/dags/move_bronze_to_silver_partitioned.py took 0.192 seconds
[2025-04-28T13:11:44.019+0000] {processor.py:161} INFO - Started process (PID=6620) to work on /opt/airflow/dags/move_bronze_to_silver_partitioned.py
[2025-04-28T13:11:44.019+0000] {processor.py:830} INFO - Processing file /opt/airflow/dags/move_bronze_to_silver_partitioned.py for tasks to queue
[2025-04-28T13:11:44.020+0000] {logging_mixin.py:188} INFO - [2025-04-28T13:11:44.020+0000] {dagbag.py:540} INFO - Filling up the DagBag from /opt/airflow/dags/move_bronze_to_silver_partitioned.py
[2025-04-28T13:11:44.169+0000] {processor.py:840} INFO - DAG(s) 'move_bronze_to_silver_partitioned' retrieved from /opt/airflow/dags/move_bronze_to_silver_partitioned.py
[2025-04-28T13:11:44.189+0000] {logging_mixin.py:188} INFO - [2025-04-28T13:11:44.189+0000] {dag.py:3096} INFO - Sync 1 DAGs
[2025-04-28T13:11:44.195+0000] {logging_mixin.py:188} INFO - [2025-04-28T13:11:44.195+0000] {dag.py:3954} INFO - Setting next_dagrun for move_bronze_to_silver_partitioned to None, run_after=None
[2025-04-28T13:11:44.203+0000] {processor.py:183} INFO - Processing /opt/airflow/dags/move_bronze_to_silver_partitioned.py took 0.186 seconds
[2025-04-28T13:12:14.798+0000] {processor.py:161} INFO - Started process (PID=6655) to work on /opt/airflow/dags/move_bronze_to_silver_partitioned.py
[2025-04-28T13:12:14.798+0000] {processor.py:830} INFO - Processing file /opt/airflow/dags/move_bronze_to_silver_partitioned.py for tasks to queue
[2025-04-28T13:12:14.799+0000] {logging_mixin.py:188} INFO - [2025-04-28T13:12:14.799+0000] {dagbag.py:540} INFO - Filling up the DagBag from /opt/airflow/dags/move_bronze_to_silver_partitioned.py
[2025-04-28T13:12:14.945+0000] {processor.py:840} INFO - DAG(s) 'move_bronze_to_silver_partitioned' retrieved from /opt/airflow/dags/move_bronze_to_silver_partitioned.py
[2025-04-28T13:12:14.958+0000] {logging_mixin.py:188} INFO - [2025-04-28T13:12:14.958+0000] {dag.py:3096} INFO - Sync 1 DAGs
[2025-04-28T13:12:14.967+0000] {logging_mixin.py:188} INFO - [2025-04-28T13:12:14.967+0000] {dag.py:3954} INFO - Setting next_dagrun for move_bronze_to_silver_partitioned to None, run_after=None
[2025-04-28T13:12:14.979+0000] {processor.py:183} INFO - Processing /opt/airflow/dags/move_bronze_to_silver_partitioned.py took 0.184 seconds
[2025-04-28T13:12:45.610+0000] {processor.py:161} INFO - Started process (PID=6690) to work on /opt/airflow/dags/move_bronze_to_silver_partitioned.py
[2025-04-28T13:12:45.611+0000] {processor.py:830} INFO - Processing file /opt/airflow/dags/move_bronze_to_silver_partitioned.py for tasks to queue
[2025-04-28T13:12:45.611+0000] {logging_mixin.py:188} INFO - [2025-04-28T13:12:45.611+0000] {dagbag.py:540} INFO - Filling up the DagBag from /opt/airflow/dags/move_bronze_to_silver_partitioned.py
[2025-04-28T13:12:45.759+0000] {processor.py:840} INFO - DAG(s) 'move_bronze_to_silver_partitioned' retrieved from /opt/airflow/dags/move_bronze_to_silver_partitioned.py
[2025-04-28T13:12:45.775+0000] {logging_mixin.py:188} INFO - [2025-04-28T13:12:45.774+0000] {dag.py:3096} INFO - Sync 1 DAGs
[2025-04-28T13:12:45.783+0000] {logging_mixin.py:188} INFO - [2025-04-28T13:12:45.783+0000] {dag.py:3954} INFO - Setting next_dagrun for move_bronze_to_silver_partitioned to None, run_after=None
[2025-04-28T13:12:45.793+0000] {processor.py:183} INFO - Processing /opt/airflow/dags/move_bronze_to_silver_partitioned.py took 0.186 seconds
[2025-04-28T13:13:16.421+0000] {processor.py:161} INFO - Started process (PID=6725) to work on /opt/airflow/dags/move_bronze_to_silver_partitioned.py
[2025-04-28T13:13:16.422+0000] {processor.py:830} INFO - Processing file /opt/airflow/dags/move_bronze_to_silver_partitioned.py for tasks to queue
[2025-04-28T13:13:16.423+0000] {logging_mixin.py:188} INFO - [2025-04-28T13:13:16.423+0000] {dagbag.py:540} INFO - Filling up the DagBag from /opt/airflow/dags/move_bronze_to_silver_partitioned.py
[2025-04-28T13:13:16.564+0000] {processor.py:840} INFO - DAG(s) 'move_bronze_to_silver_partitioned' retrieved from /opt/airflow/dags/move_bronze_to_silver_partitioned.py
[2025-04-28T13:13:16.581+0000] {logging_mixin.py:188} INFO - [2025-04-28T13:13:16.580+0000] {dag.py:3096} INFO - Sync 1 DAGs
[2025-04-28T13:13:16.587+0000] {logging_mixin.py:188} INFO - [2025-04-28T13:13:16.587+0000] {dag.py:3954} INFO - Setting next_dagrun for move_bronze_to_silver_partitioned to None, run_after=None
[2025-04-28T13:13:16.597+0000] {processor.py:183} INFO - Processing /opt/airflow/dags/move_bronze_to_silver_partitioned.py took 0.179 seconds
[2025-04-28T13:13:47.271+0000] {processor.py:161} INFO - Started process (PID=6760) to work on /opt/airflow/dags/move_bronze_to_silver_partitioned.py
[2025-04-28T13:13:47.272+0000] {processor.py:830} INFO - Processing file /opt/airflow/dags/move_bronze_to_silver_partitioned.py for tasks to queue
[2025-04-28T13:13:47.273+0000] {logging_mixin.py:188} INFO - [2025-04-28T13:13:47.272+0000] {dagbag.py:540} INFO - Filling up the DagBag from /opt/airflow/dags/move_bronze_to_silver_partitioned.py
[2025-04-28T13:13:47.415+0000] {processor.py:840} INFO - DAG(s) 'move_bronze_to_silver_partitioned' retrieved from /opt/airflow/dags/move_bronze_to_silver_partitioned.py
[2025-04-28T13:13:47.429+0000] {logging_mixin.py:188} INFO - [2025-04-28T13:13:47.429+0000] {dag.py:3096} INFO - Sync 1 DAGs
[2025-04-28T13:13:47.437+0000] {logging_mixin.py:188} INFO - [2025-04-28T13:13:47.436+0000] {dag.py:3954} INFO - Setting next_dagrun for move_bronze_to_silver_partitioned to None, run_after=None
[2025-04-28T13:13:47.448+0000] {processor.py:183} INFO - Processing /opt/airflow/dags/move_bronze_to_silver_partitioned.py took 0.179 seconds
[2025-04-28T13:14:18.100+0000] {processor.py:161} INFO - Started process (PID=6795) to work on /opt/airflow/dags/move_bronze_to_silver_partitioned.py
[2025-04-28T13:14:18.100+0000] {processor.py:830} INFO - Processing file /opt/airflow/dags/move_bronze_to_silver_partitioned.py for tasks to queue
[2025-04-28T13:14:18.101+0000] {logging_mixin.py:188} INFO - [2025-04-28T13:14:18.101+0000] {dagbag.py:540} INFO - Filling up the DagBag from /opt/airflow/dags/move_bronze_to_silver_partitioned.py
[2025-04-28T13:14:18.245+0000] {processor.py:840} INFO - DAG(s) 'move_bronze_to_silver_partitioned' retrieved from /opt/airflow/dags/move_bronze_to_silver_partitioned.py
[2025-04-28T13:14:18.259+0000] {logging_mixin.py:188} INFO - [2025-04-28T13:14:18.258+0000] {dag.py:3096} INFO - Sync 1 DAGs
[2025-04-28T13:14:18.266+0000] {logging_mixin.py:188} INFO - [2025-04-28T13:14:18.266+0000] {dag.py:3954} INFO - Setting next_dagrun for move_bronze_to_silver_partitioned to None, run_after=None
[2025-04-28T13:14:18.277+0000] {processor.py:183} INFO - Processing /opt/airflow/dags/move_bronze_to_silver_partitioned.py took 0.181 seconds
[2025-04-28T13:14:48.920+0000] {processor.py:161} INFO - Started process (PID=6830) to work on /opt/airflow/dags/move_bronze_to_silver_partitioned.py
[2025-04-28T13:14:48.920+0000] {processor.py:830} INFO - Processing file /opt/airflow/dags/move_bronze_to_silver_partitioned.py for tasks to queue
[2025-04-28T13:14:48.921+0000] {logging_mixin.py:188} INFO - [2025-04-28T13:14:48.921+0000] {dagbag.py:540} INFO - Filling up the DagBag from /opt/airflow/dags/move_bronze_to_silver_partitioned.py
[2025-04-28T13:14:49.074+0000] {processor.py:840} INFO - DAG(s) 'move_bronze_to_silver_partitioned' retrieved from /opt/airflow/dags/move_bronze_to_silver_partitioned.py
[2025-04-28T13:14:49.091+0000] {logging_mixin.py:188} INFO - [2025-04-28T13:14:49.091+0000] {dag.py:3096} INFO - Sync 1 DAGs
[2025-04-28T13:14:49.098+0000] {logging_mixin.py:188} INFO - [2025-04-28T13:14:49.098+0000] {dag.py:3954} INFO - Setting next_dagrun for move_bronze_to_silver_partitioned to None, run_after=None
[2025-04-28T13:14:49.108+0000] {processor.py:183} INFO - Processing /opt/airflow/dags/move_bronze_to_silver_partitioned.py took 0.191 seconds
[2025-04-28T13:15:19.698+0000] {processor.py:161} INFO - Started process (PID=6865) to work on /opt/airflow/dags/move_bronze_to_silver_partitioned.py
[2025-04-28T13:15:19.699+0000] {processor.py:830} INFO - Processing file /opt/airflow/dags/move_bronze_to_silver_partitioned.py for tasks to queue
[2025-04-28T13:15:19.700+0000] {logging_mixin.py:188} INFO - [2025-04-28T13:15:19.699+0000] {dagbag.py:540} INFO - Filling up the DagBag from /opt/airflow/dags/move_bronze_to_silver_partitioned.py
[2025-04-28T13:15:19.845+0000] {processor.py:840} INFO - DAG(s) 'move_bronze_to_silver_partitioned' retrieved from /opt/airflow/dags/move_bronze_to_silver_partitioned.py
[2025-04-28T13:15:19.859+0000] {logging_mixin.py:188} INFO - [2025-04-28T13:15:19.859+0000] {dag.py:3096} INFO - Sync 1 DAGs
[2025-04-28T13:15:19.866+0000] {logging_mixin.py:188} INFO - [2025-04-28T13:15:19.865+0000] {dag.py:3954} INFO - Setting next_dagrun for move_bronze_to_silver_partitioned to None, run_after=None
[2025-04-28T13:15:19.877+0000] {processor.py:183} INFO - Processing /opt/airflow/dags/move_bronze_to_silver_partitioned.py took 0.181 seconds
[2025-04-28T13:15:50.558+0000] {processor.py:161} INFO - Started process (PID=6900) to work on /opt/airflow/dags/move_bronze_to_silver_partitioned.py
[2025-04-28T13:15:50.559+0000] {processor.py:830} INFO - Processing file /opt/airflow/dags/move_bronze_to_silver_partitioned.py for tasks to queue
[2025-04-28T13:15:50.560+0000] {logging_mixin.py:188} INFO - [2025-04-28T13:15:50.560+0000] {dagbag.py:540} INFO - Filling up the DagBag from /opt/airflow/dags/move_bronze_to_silver_partitioned.py
[2025-04-28T13:15:50.712+0000] {processor.py:840} INFO - DAG(s) 'move_bronze_to_silver_partitioned' retrieved from /opt/airflow/dags/move_bronze_to_silver_partitioned.py
[2025-04-28T13:15:50.725+0000] {logging_mixin.py:188} INFO - [2025-04-28T13:15:50.725+0000] {dag.py:3096} INFO - Sync 1 DAGs
[2025-04-28T13:15:50.734+0000] {logging_mixin.py:188} INFO - [2025-04-28T13:15:50.733+0000] {dag.py:3954} INFO - Setting next_dagrun for move_bronze_to_silver_partitioned to None, run_after=None
[2025-04-28T13:15:50.747+0000] {processor.py:183} INFO - Processing /opt/airflow/dags/move_bronze_to_silver_partitioned.py took 0.197 seconds
[2025-04-28T13:16:21.344+0000] {processor.py:161} INFO - Started process (PID=6935) to work on /opt/airflow/dags/move_bronze_to_silver_partitioned.py
[2025-04-28T13:16:21.345+0000] {processor.py:830} INFO - Processing file /opt/airflow/dags/move_bronze_to_silver_partitioned.py for tasks to queue
[2025-04-28T13:16:21.346+0000] {logging_mixin.py:188} INFO - [2025-04-28T13:16:21.346+0000] {dagbag.py:540} INFO - Filling up the DagBag from /opt/airflow/dags/move_bronze_to_silver_partitioned.py
[2025-04-28T13:16:21.487+0000] {processor.py:840} INFO - DAG(s) 'move_bronze_to_silver_partitioned' retrieved from /opt/airflow/dags/move_bronze_to_silver_partitioned.py
[2025-04-28T13:16:21.500+0000] {logging_mixin.py:188} INFO - [2025-04-28T13:16:21.500+0000] {dag.py:3096} INFO - Sync 1 DAGs
[2025-04-28T13:16:21.508+0000] {logging_mixin.py:188} INFO - [2025-04-28T13:16:21.508+0000] {dag.py:3954} INFO - Setting next_dagrun for move_bronze_to_silver_partitioned to None, run_after=None
[2025-04-28T13:16:21.519+0000] {processor.py:183} INFO - Processing /opt/airflow/dags/move_bronze_to_silver_partitioned.py took 0.177 seconds
[2025-04-28T13:16:52.145+0000] {processor.py:161} INFO - Started process (PID=6970) to work on /opt/airflow/dags/move_bronze_to_silver_partitioned.py
[2025-04-28T13:16:52.146+0000] {processor.py:830} INFO - Processing file /opt/airflow/dags/move_bronze_to_silver_partitioned.py for tasks to queue
[2025-04-28T13:16:52.147+0000] {logging_mixin.py:188} INFO - [2025-04-28T13:16:52.146+0000] {dagbag.py:540} INFO - Filling up the DagBag from /opt/airflow/dags/move_bronze_to_silver_partitioned.py
[2025-04-28T13:16:52.293+0000] {processor.py:840} INFO - DAG(s) 'move_bronze_to_silver_partitioned' retrieved from /opt/airflow/dags/move_bronze_to_silver_partitioned.py
[2025-04-28T13:16:52.309+0000] {logging_mixin.py:188} INFO - [2025-04-28T13:16:52.308+0000] {dag.py:3096} INFO - Sync 1 DAGs
[2025-04-28T13:16:52.315+0000] {logging_mixin.py:188} INFO - [2025-04-28T13:16:52.315+0000] {dag.py:3954} INFO - Setting next_dagrun for move_bronze_to_silver_partitioned to None, run_after=None
[2025-04-28T13:16:52.325+0000] {processor.py:183} INFO - Processing /opt/airflow/dags/move_bronze_to_silver_partitioned.py took 0.183 seconds
[2025-04-28T13:17:22.962+0000] {processor.py:161} INFO - Started process (PID=7005) to work on /opt/airflow/dags/move_bronze_to_silver_partitioned.py
[2025-04-28T13:17:22.963+0000] {processor.py:830} INFO - Processing file /opt/airflow/dags/move_bronze_to_silver_partitioned.py for tasks to queue
[2025-04-28T13:17:22.963+0000] {logging_mixin.py:188} INFO - [2025-04-28T13:17:22.963+0000] {dagbag.py:540} INFO - Filling up the DagBag from /opt/airflow/dags/move_bronze_to_silver_partitioned.py
[2025-04-28T13:17:23.104+0000] {processor.py:840} INFO - DAG(s) 'move_bronze_to_silver_partitioned' retrieved from /opt/airflow/dags/move_bronze_to_silver_partitioned.py
[2025-04-28T13:17:23.119+0000] {logging_mixin.py:188} INFO - [2025-04-28T13:17:23.119+0000] {dag.py:3096} INFO - Sync 1 DAGs
[2025-04-28T13:17:23.129+0000] {logging_mixin.py:188} INFO - [2025-04-28T13:17:23.129+0000] {dag.py:3954} INFO - Setting next_dagrun for move_bronze_to_silver_partitioned to None, run_after=None
[2025-04-28T13:17:23.138+0000] {processor.py:183} INFO - Processing /opt/airflow/dags/move_bronze_to_silver_partitioned.py took 0.178 seconds
[2025-04-28T13:17:53.925+0000] {processor.py:161} INFO - Started process (PID=7042) to work on /opt/airflow/dags/move_bronze_to_silver_partitioned.py
[2025-04-28T13:17:53.925+0000] {processor.py:830} INFO - Processing file /opt/airflow/dags/move_bronze_to_silver_partitioned.py for tasks to queue
[2025-04-28T13:17:53.926+0000] {logging_mixin.py:188} INFO - [2025-04-28T13:17:53.926+0000] {dagbag.py:540} INFO - Filling up the DagBag from /opt/airflow/dags/move_bronze_to_silver_partitioned.py
[2025-04-28T13:17:54.069+0000] {processor.py:840} INFO - DAG(s) 'move_bronze_to_silver_partitioned' retrieved from /opt/airflow/dags/move_bronze_to_silver_partitioned.py
[2025-04-28T13:17:54.084+0000] {logging_mixin.py:188} INFO - [2025-04-28T13:17:54.084+0000] {dag.py:3096} INFO - Sync 1 DAGs
[2025-04-28T13:17:54.091+0000] {logging_mixin.py:188} INFO - [2025-04-28T13:17:54.091+0000] {dag.py:3954} INFO - Setting next_dagrun for move_bronze_to_silver_partitioned to None, run_after=None
[2025-04-28T13:17:54.104+0000] {processor.py:183} INFO - Processing /opt/airflow/dags/move_bronze_to_silver_partitioned.py took 0.182 seconds
[2025-04-28T13:18:24.771+0000] {processor.py:161} INFO - Started process (PID=7075) to work on /opt/airflow/dags/move_bronze_to_silver_partitioned.py
[2025-04-28T13:18:24.771+0000] {processor.py:830} INFO - Processing file /opt/airflow/dags/move_bronze_to_silver_partitioned.py for tasks to queue
[2025-04-28T13:18:24.772+0000] {logging_mixin.py:188} INFO - [2025-04-28T13:18:24.772+0000] {dagbag.py:540} INFO - Filling up the DagBag from /opt/airflow/dags/move_bronze_to_silver_partitioned.py
[2025-04-28T13:18:24.913+0000] {processor.py:840} INFO - DAG(s) 'move_bronze_to_silver_partitioned' retrieved from /opt/airflow/dags/move_bronze_to_silver_partitioned.py
[2025-04-28T13:18:24.927+0000] {logging_mixin.py:188} INFO - [2025-04-28T13:18:24.927+0000] {dag.py:3096} INFO - Sync 1 DAGs
[2025-04-28T13:18:24.935+0000] {logging_mixin.py:188} INFO - [2025-04-28T13:18:24.935+0000] {dag.py:3954} INFO - Setting next_dagrun for move_bronze_to_silver_partitioned to None, run_after=None
[2025-04-28T13:18:24.944+0000] {processor.py:183} INFO - Processing /opt/airflow/dags/move_bronze_to_silver_partitioned.py took 0.176 seconds
[2025-04-28T13:18:55.543+0000] {processor.py:161} INFO - Started process (PID=7110) to work on /opt/airflow/dags/move_bronze_to_silver_partitioned.py
[2025-04-28T13:18:55.543+0000] {processor.py:830} INFO - Processing file /opt/airflow/dags/move_bronze_to_silver_partitioned.py for tasks to queue
[2025-04-28T13:18:55.544+0000] {logging_mixin.py:188} INFO - [2025-04-28T13:18:55.544+0000] {dagbag.py:540} INFO - Filling up the DagBag from /opt/airflow/dags/move_bronze_to_silver_partitioned.py
[2025-04-28T13:18:55.682+0000] {processor.py:840} INFO - DAG(s) 'move_bronze_to_silver_partitioned' retrieved from /opt/airflow/dags/move_bronze_to_silver_partitioned.py
[2025-04-28T13:18:55.696+0000] {logging_mixin.py:188} INFO - [2025-04-28T13:18:55.695+0000] {dag.py:3096} INFO - Sync 1 DAGs
[2025-04-28T13:18:55.705+0000] {logging_mixin.py:188} INFO - [2025-04-28T13:18:55.705+0000] {dag.py:3954} INFO - Setting next_dagrun for move_bronze_to_silver_partitioned to None, run_after=None
[2025-04-28T13:18:55.715+0000] {processor.py:183} INFO - Processing /opt/airflow/dags/move_bronze_to_silver_partitioned.py took 0.176 seconds
[2025-04-28T13:19:26.358+0000] {processor.py:161} INFO - Started process (PID=7145) to work on /opt/airflow/dags/move_bronze_to_silver_partitioned.py
[2025-04-28T13:19:26.359+0000] {processor.py:830} INFO - Processing file /opt/airflow/dags/move_bronze_to_silver_partitioned.py for tasks to queue
[2025-04-28T13:19:26.360+0000] {logging_mixin.py:188} INFO - [2025-04-28T13:19:26.360+0000] {dagbag.py:540} INFO - Filling up the DagBag from /opt/airflow/dags/move_bronze_to_silver_partitioned.py
[2025-04-28T13:19:26.502+0000] {processor.py:840} INFO - DAG(s) 'move_bronze_to_silver_partitioned' retrieved from /opt/airflow/dags/move_bronze_to_silver_partitioned.py
[2025-04-28T13:19:26.517+0000] {logging_mixin.py:188} INFO - [2025-04-28T13:19:26.517+0000] {dag.py:3096} INFO - Sync 1 DAGs
[2025-04-28T13:19:26.523+0000] {logging_mixin.py:188} INFO - [2025-04-28T13:19:26.523+0000] {dag.py:3954} INFO - Setting next_dagrun for move_bronze_to_silver_partitioned to None, run_after=None
[2025-04-28T13:19:26.533+0000] {processor.py:183} INFO - Processing /opt/airflow/dags/move_bronze_to_silver_partitioned.py took 0.177 seconds
[2025-04-28T13:19:57.137+0000] {processor.py:161} INFO - Started process (PID=7180) to work on /opt/airflow/dags/move_bronze_to_silver_partitioned.py
[2025-04-28T13:19:57.138+0000] {processor.py:830} INFO - Processing file /opt/airflow/dags/move_bronze_to_silver_partitioned.py for tasks to queue
[2025-04-28T13:19:57.139+0000] {logging_mixin.py:188} INFO - [2025-04-28T13:19:57.139+0000] {dagbag.py:540} INFO - Filling up the DagBag from /opt/airflow/dags/move_bronze_to_silver_partitioned.py
[2025-04-28T13:19:57.283+0000] {processor.py:840} INFO - DAG(s) 'move_bronze_to_silver_partitioned' retrieved from /opt/airflow/dags/move_bronze_to_silver_partitioned.py
[2025-04-28T13:19:57.297+0000] {logging_mixin.py:188} INFO - [2025-04-28T13:19:57.297+0000] {dag.py:3096} INFO - Sync 1 DAGs
[2025-04-28T13:19:57.305+0000] {logging_mixin.py:188} INFO - [2025-04-28T13:19:57.305+0000] {dag.py:3954} INFO - Setting next_dagrun for move_bronze_to_silver_partitioned to None, run_after=None
[2025-04-28T13:19:57.314+0000] {processor.py:183} INFO - Processing /opt/airflow/dags/move_bronze_to_silver_partitioned.py took 0.181 seconds
[2025-04-28T13:20:27.929+0000] {processor.py:161} INFO - Started process (PID=7215) to work on /opt/airflow/dags/move_bronze_to_silver_partitioned.py
[2025-04-28T13:20:27.930+0000] {processor.py:830} INFO - Processing file /opt/airflow/dags/move_bronze_to_silver_partitioned.py for tasks to queue
[2025-04-28T13:20:27.931+0000] {logging_mixin.py:188} INFO - [2025-04-28T13:20:27.930+0000] {dagbag.py:540} INFO - Filling up the DagBag from /opt/airflow/dags/move_bronze_to_silver_partitioned.py
[2025-04-28T13:20:28.072+0000] {processor.py:840} INFO - DAG(s) 'move_bronze_to_silver_partitioned' retrieved from /opt/airflow/dags/move_bronze_to_silver_partitioned.py
[2025-04-28T13:20:28.086+0000] {logging_mixin.py:188} INFO - [2025-04-28T13:20:28.086+0000] {dag.py:3096} INFO - Sync 1 DAGs
[2025-04-28T13:20:28.092+0000] {logging_mixin.py:188} INFO - [2025-04-28T13:20:28.092+0000] {dag.py:3954} INFO - Setting next_dagrun for move_bronze_to_silver_partitioned to None, run_after=None
[2025-04-28T13:20:28.101+0000] {processor.py:183} INFO - Processing /opt/airflow/dags/move_bronze_to_silver_partitioned.py took 0.175 seconds
[2025-04-28T13:20:58.679+0000] {processor.py:161} INFO - Started process (PID=7250) to work on /opt/airflow/dags/move_bronze_to_silver_partitioned.py
[2025-04-28T13:20:58.680+0000] {processor.py:830} INFO - Processing file /opt/airflow/dags/move_bronze_to_silver_partitioned.py for tasks to queue
[2025-04-28T13:20:58.680+0000] {logging_mixin.py:188} INFO - [2025-04-28T13:20:58.680+0000] {dagbag.py:540} INFO - Filling up the DagBag from /opt/airflow/dags/move_bronze_to_silver_partitioned.py
[2025-04-28T13:20:58.827+0000] {processor.py:840} INFO - DAG(s) 'move_bronze_to_silver_partitioned' retrieved from /opt/airflow/dags/move_bronze_to_silver_partitioned.py
[2025-04-28T13:20:58.844+0000] {logging_mixin.py:188} INFO - [2025-04-28T13:20:58.844+0000] {dag.py:3096} INFO - Sync 1 DAGs
[2025-04-28T13:20:58.851+0000] {logging_mixin.py:188} INFO - [2025-04-28T13:20:58.851+0000] {dag.py:3954} INFO - Setting next_dagrun for move_bronze_to_silver_partitioned to None, run_after=None
[2025-04-28T13:20:58.863+0000] {processor.py:183} INFO - Processing /opt/airflow/dags/move_bronze_to_silver_partitioned.py took 0.187 seconds
[2025-04-28T13:21:29.513+0000] {processor.py:161} INFO - Started process (PID=7285) to work on /opt/airflow/dags/move_bronze_to_silver_partitioned.py
[2025-04-28T13:21:29.513+0000] {processor.py:830} INFO - Processing file /opt/airflow/dags/move_bronze_to_silver_partitioned.py for tasks to queue
[2025-04-28T13:21:29.514+0000] {logging_mixin.py:188} INFO - [2025-04-28T13:21:29.514+0000] {dagbag.py:540} INFO - Filling up the DagBag from /opt/airflow/dags/move_bronze_to_silver_partitioned.py
[2025-04-28T13:21:29.658+0000] {processor.py:840} INFO - DAG(s) 'move_bronze_to_silver_partitioned' retrieved from /opt/airflow/dags/move_bronze_to_silver_partitioned.py
[2025-04-28T13:21:29.672+0000] {logging_mixin.py:188} INFO - [2025-04-28T13:21:29.672+0000] {dag.py:3096} INFO - Sync 1 DAGs
[2025-04-28T13:21:29.683+0000] {logging_mixin.py:188} INFO - [2025-04-28T13:21:29.682+0000] {dag.py:3954} INFO - Setting next_dagrun for move_bronze_to_silver_partitioned to None, run_after=None
[2025-04-28T13:21:29.693+0000] {processor.py:183} INFO - Processing /opt/airflow/dags/move_bronze_to_silver_partitioned.py took 0.184 seconds
[2025-04-28T13:22:00.292+0000] {processor.py:161} INFO - Started process (PID=7320) to work on /opt/airflow/dags/move_bronze_to_silver_partitioned.py
[2025-04-28T13:22:00.293+0000] {processor.py:830} INFO - Processing file /opt/airflow/dags/move_bronze_to_silver_partitioned.py for tasks to queue
[2025-04-28T13:22:00.294+0000] {logging_mixin.py:188} INFO - [2025-04-28T13:22:00.294+0000] {dagbag.py:540} INFO - Filling up the DagBag from /opt/airflow/dags/move_bronze_to_silver_partitioned.py
[2025-04-28T13:22:00.442+0000] {processor.py:840} INFO - DAG(s) 'move_bronze_to_silver_partitioned' retrieved from /opt/airflow/dags/move_bronze_to_silver_partitioned.py
[2025-04-28T13:22:00.462+0000] {logging_mixin.py:188} INFO - [2025-04-28T13:22:00.462+0000] {dag.py:3096} INFO - Sync 1 DAGs
[2025-04-28T13:22:00.473+0000] {logging_mixin.py:188} INFO - [2025-04-28T13:22:00.472+0000] {dag.py:3954} INFO - Setting next_dagrun for move_bronze_to_silver_partitioned to None, run_after=None
[2025-04-28T13:22:00.482+0000] {processor.py:183} INFO - Processing /opt/airflow/dags/move_bronze_to_silver_partitioned.py took 0.193 seconds
[2025-04-28T13:22:31.183+0000] {processor.py:161} INFO - Started process (PID=7355) to work on /opt/airflow/dags/move_bronze_to_silver_partitioned.py
[2025-04-28T13:22:31.183+0000] {processor.py:830} INFO - Processing file /opt/airflow/dags/move_bronze_to_silver_partitioned.py for tasks to queue
[2025-04-28T13:22:31.184+0000] {logging_mixin.py:188} INFO - [2025-04-28T13:22:31.184+0000] {dagbag.py:540} INFO - Filling up the DagBag from /opt/airflow/dags/move_bronze_to_silver_partitioned.py
[2025-04-28T13:22:31.329+0000] {processor.py:840} INFO - DAG(s) 'move_bronze_to_silver_partitioned' retrieved from /opt/airflow/dags/move_bronze_to_silver_partitioned.py
[2025-04-28T13:22:31.342+0000] {logging_mixin.py:188} INFO - [2025-04-28T13:22:31.341+0000] {dag.py:3096} INFO - Sync 1 DAGs
[2025-04-28T13:22:31.350+0000] {logging_mixin.py:188} INFO - [2025-04-28T13:22:31.350+0000] {dag.py:3954} INFO - Setting next_dagrun for move_bronze_to_silver_partitioned to None, run_after=None
[2025-04-28T13:22:31.359+0000] {processor.py:183} INFO - Processing /opt/airflow/dags/move_bronze_to_silver_partitioned.py took 0.179 seconds
[2025-04-28T13:23:01.993+0000] {processor.py:161} INFO - Started process (PID=7390) to work on /opt/airflow/dags/move_bronze_to_silver_partitioned.py
[2025-04-28T13:23:01.994+0000] {processor.py:830} INFO - Processing file /opt/airflow/dags/move_bronze_to_silver_partitioned.py for tasks to queue
[2025-04-28T13:23:01.996+0000] {logging_mixin.py:188} INFO - [2025-04-28T13:23:01.995+0000] {dagbag.py:540} INFO - Filling up the DagBag from /opt/airflow/dags/move_bronze_to_silver_partitioned.py
[2025-04-28T13:23:02.146+0000] {processor.py:840} INFO - DAG(s) 'move_bronze_to_silver_partitioned' retrieved from /opt/airflow/dags/move_bronze_to_silver_partitioned.py
[2025-04-28T13:23:02.161+0000] {logging_mixin.py:188} INFO - [2025-04-28T13:23:02.160+0000] {dag.py:3096} INFO - Sync 1 DAGs
[2025-04-28T13:23:02.167+0000] {logging_mixin.py:188} INFO - [2025-04-28T13:23:02.167+0000] {dag.py:3954} INFO - Setting next_dagrun for move_bronze_to_silver_partitioned to None, run_after=None
[2025-04-28T13:23:02.179+0000] {processor.py:183} INFO - Processing /opt/airflow/dags/move_bronze_to_silver_partitioned.py took 0.189 seconds
[2025-04-28T13:23:32.863+0000] {processor.py:161} INFO - Started process (PID=7425) to work on /opt/airflow/dags/move_bronze_to_silver_partitioned.py
[2025-04-28T13:23:32.864+0000] {processor.py:830} INFO - Processing file /opt/airflow/dags/move_bronze_to_silver_partitioned.py for tasks to queue
[2025-04-28T13:23:32.865+0000] {logging_mixin.py:188} INFO - [2025-04-28T13:23:32.865+0000] {dagbag.py:540} INFO - Filling up the DagBag from /opt/airflow/dags/move_bronze_to_silver_partitioned.py
[2025-04-28T13:23:33.016+0000] {processor.py:840} INFO - DAG(s) 'move_bronze_to_silver_partitioned' retrieved from /opt/airflow/dags/move_bronze_to_silver_partitioned.py
[2025-04-28T13:23:33.031+0000] {logging_mixin.py:188} INFO - [2025-04-28T13:23:33.031+0000] {dag.py:3096} INFO - Sync 1 DAGs
[2025-04-28T13:23:33.039+0000] {logging_mixin.py:188} INFO - [2025-04-28T13:23:33.039+0000] {dag.py:3954} INFO - Setting next_dagrun for move_bronze_to_silver_partitioned to None, run_after=None
[2025-04-28T13:23:33.050+0000] {processor.py:183} INFO - Processing /opt/airflow/dags/move_bronze_to_silver_partitioned.py took 0.190 seconds
[2025-04-28T13:24:03.806+0000] {processor.py:161} INFO - Started process (PID=7462) to work on /opt/airflow/dags/move_bronze_to_silver_partitioned.py
[2025-04-28T13:24:03.807+0000] {processor.py:830} INFO - Processing file /opt/airflow/dags/move_bronze_to_silver_partitioned.py for tasks to queue
[2025-04-28T13:24:03.807+0000] {logging_mixin.py:188} INFO - [2025-04-28T13:24:03.807+0000] {dagbag.py:540} INFO - Filling up the DagBag from /opt/airflow/dags/move_bronze_to_silver_partitioned.py
[2025-04-28T13:24:03.949+0000] {processor.py:840} INFO - DAG(s) 'move_bronze_to_silver_partitioned' retrieved from /opt/airflow/dags/move_bronze_to_silver_partitioned.py
[2025-04-28T13:24:03.964+0000] {logging_mixin.py:188} INFO - [2025-04-28T13:24:03.964+0000] {dag.py:3096} INFO - Sync 1 DAGs
[2025-04-28T13:24:03.969+0000] {logging_mixin.py:188} INFO - [2025-04-28T13:24:03.969+0000] {dag.py:3954} INFO - Setting next_dagrun for move_bronze_to_silver_partitioned to None, run_after=None
[2025-04-28T13:24:03.981+0000] {processor.py:183} INFO - Processing /opt/airflow/dags/move_bronze_to_silver_partitioned.py took 0.178 seconds
[2025-04-28T13:24:34.610+0000] {processor.py:161} INFO - Started process (PID=7495) to work on /opt/airflow/dags/move_bronze_to_silver_partitioned.py
[2025-04-28T13:24:34.610+0000] {processor.py:830} INFO - Processing file /opt/airflow/dags/move_bronze_to_silver_partitioned.py for tasks to queue
[2025-04-28T13:24:34.611+0000] {logging_mixin.py:188} INFO - [2025-04-28T13:24:34.611+0000] {dagbag.py:540} INFO - Filling up the DagBag from /opt/airflow/dags/move_bronze_to_silver_partitioned.py
[2025-04-28T13:24:34.760+0000] {processor.py:840} INFO - DAG(s) 'move_bronze_to_silver_partitioned' retrieved from /opt/airflow/dags/move_bronze_to_silver_partitioned.py
[2025-04-28T13:24:34.774+0000] {logging_mixin.py:188} INFO - [2025-04-28T13:24:34.774+0000] {dag.py:3096} INFO - Sync 1 DAGs
[2025-04-28T13:24:34.780+0000] {logging_mixin.py:188} INFO - [2025-04-28T13:24:34.780+0000] {dag.py:3954} INFO - Setting next_dagrun for move_bronze_to_silver_partitioned to None, run_after=None
[2025-04-28T13:24:34.791+0000] {processor.py:183} INFO - Processing /opt/airflow/dags/move_bronze_to_silver_partitioned.py took 0.185 seconds
[2025-04-28T13:25:05.476+0000] {processor.py:161} INFO - Started process (PID=7530) to work on /opt/airflow/dags/move_bronze_to_silver_partitioned.py
[2025-04-28T13:25:05.476+0000] {processor.py:830} INFO - Processing file /opt/airflow/dags/move_bronze_to_silver_partitioned.py for tasks to queue
[2025-04-28T13:25:05.477+0000] {logging_mixin.py:188} INFO - [2025-04-28T13:25:05.477+0000] {dagbag.py:540} INFO - Filling up the DagBag from /opt/airflow/dags/move_bronze_to_silver_partitioned.py
[2025-04-28T13:25:05.617+0000] {processor.py:840} INFO - DAG(s) 'move_bronze_to_silver_partitioned' retrieved from /opt/airflow/dags/move_bronze_to_silver_partitioned.py
[2025-04-28T13:25:05.631+0000] {logging_mixin.py:188} INFO - [2025-04-28T13:25:05.631+0000] {dag.py:3096} INFO - Sync 1 DAGs
[2025-04-28T13:25:05.641+0000] {logging_mixin.py:188} INFO - [2025-04-28T13:25:05.641+0000] {dag.py:3954} INFO - Setting next_dagrun for move_bronze_to_silver_partitioned to None, run_after=None
[2025-04-28T13:25:05.650+0000] {processor.py:183} INFO - Processing /opt/airflow/dags/move_bronze_to_silver_partitioned.py took 0.177 seconds
[2025-04-28T13:25:36.258+0000] {processor.py:161} INFO - Started process (PID=7565) to work on /opt/airflow/dags/move_bronze_to_silver_partitioned.py
[2025-04-28T13:25:36.259+0000] {processor.py:830} INFO - Processing file /opt/airflow/dags/move_bronze_to_silver_partitioned.py for tasks to queue
[2025-04-28T13:25:36.260+0000] {logging_mixin.py:188} INFO - [2025-04-28T13:25:36.259+0000] {dagbag.py:540} INFO - Filling up the DagBag from /opt/airflow/dags/move_bronze_to_silver_partitioned.py
[2025-04-28T13:25:36.441+0000] {processor.py:840} INFO - DAG(s) 'move_bronze_to_silver_partitioned' retrieved from /opt/airflow/dags/move_bronze_to_silver_partitioned.py
[2025-04-28T13:25:36.454+0000] {logging_mixin.py:188} INFO - [2025-04-28T13:25:36.454+0000] {dag.py:3096} INFO - Sync 1 DAGs
[2025-04-28T13:25:36.462+0000] {logging_mixin.py:188} INFO - [2025-04-28T13:25:36.462+0000] {dag.py:3954} INFO - Setting next_dagrun for move_bronze_to_silver_partitioned to None, run_after=None
[2025-04-28T13:25:36.473+0000] {processor.py:183} INFO - Processing /opt/airflow/dags/move_bronze_to_silver_partitioned.py took 0.218 seconds
[2025-04-28T13:26:07.118+0000] {processor.py:161} INFO - Started process (PID=7600) to work on /opt/airflow/dags/move_bronze_to_silver_partitioned.py
[2025-04-28T13:26:07.118+0000] {processor.py:830} INFO - Processing file /opt/airflow/dags/move_bronze_to_silver_partitioned.py for tasks to queue
[2025-04-28T13:26:07.119+0000] {logging_mixin.py:188} INFO - [2025-04-28T13:26:07.119+0000] {dagbag.py:540} INFO - Filling up the DagBag from /opt/airflow/dags/move_bronze_to_silver_partitioned.py
[2025-04-28T13:26:07.267+0000] {processor.py:840} INFO - DAG(s) 'move_bronze_to_silver_partitioned' retrieved from /opt/airflow/dags/move_bronze_to_silver_partitioned.py
[2025-04-28T13:26:07.280+0000] {logging_mixin.py:188} INFO - [2025-04-28T13:26:07.280+0000] {dag.py:3096} INFO - Sync 1 DAGs
[2025-04-28T13:26:07.291+0000] {logging_mixin.py:188} INFO - [2025-04-28T13:26:07.291+0000] {dag.py:3954} INFO - Setting next_dagrun for move_bronze_to_silver_partitioned to None, run_after=None
[2025-04-28T13:26:07.300+0000] {processor.py:183} INFO - Processing /opt/airflow/dags/move_bronze_to_silver_partitioned.py took 0.186 seconds
[2025-04-28T13:26:37.875+0000] {processor.py:161} INFO - Started process (PID=7635) to work on /opt/airflow/dags/move_bronze_to_silver_partitioned.py
[2025-04-28T13:26:37.876+0000] {processor.py:830} INFO - Processing file /opt/airflow/dags/move_bronze_to_silver_partitioned.py for tasks to queue
[2025-04-28T13:26:37.877+0000] {logging_mixin.py:188} INFO - [2025-04-28T13:26:37.877+0000] {dagbag.py:540} INFO - Filling up the DagBag from /opt/airflow/dags/move_bronze_to_silver_partitioned.py
[2025-04-28T13:26:38.022+0000] {processor.py:840} INFO - DAG(s) 'move_bronze_to_silver_partitioned' retrieved from /opt/airflow/dags/move_bronze_to_silver_partitioned.py
[2025-04-28T13:26:38.040+0000] {logging_mixin.py:188} INFO - [2025-04-28T13:26:38.040+0000] {dag.py:3096} INFO - Sync 1 DAGs
[2025-04-28T13:26:38.048+0000] {logging_mixin.py:188} INFO - [2025-04-28T13:26:38.048+0000] {dag.py:3954} INFO - Setting next_dagrun for move_bronze_to_silver_partitioned to None, run_after=None
[2025-04-28T13:26:38.057+0000] {processor.py:183} INFO - Processing /opt/airflow/dags/move_bronze_to_silver_partitioned.py took 0.184 seconds
[2025-04-28T13:27:08.692+0000] {processor.py:161} INFO - Started process (PID=7670) to work on /opt/airflow/dags/move_bronze_to_silver_partitioned.py
[2025-04-28T13:27:08.693+0000] {processor.py:830} INFO - Processing file /opt/airflow/dags/move_bronze_to_silver_partitioned.py for tasks to queue
[2025-04-28T13:27:08.695+0000] {logging_mixin.py:188} INFO - [2025-04-28T13:27:08.695+0000] {dagbag.py:540} INFO - Filling up the DagBag from /opt/airflow/dags/move_bronze_to_silver_partitioned.py
[2025-04-28T13:27:08.843+0000] {processor.py:840} INFO - DAG(s) 'move_bronze_to_silver_partitioned' retrieved from /opt/airflow/dags/move_bronze_to_silver_partitioned.py
[2025-04-28T13:27:08.861+0000] {logging_mixin.py:188} INFO - [2025-04-28T13:27:08.861+0000] {dag.py:3096} INFO - Sync 1 DAGs
[2025-04-28T13:27:08.867+0000] {logging_mixin.py:188} INFO - [2025-04-28T13:27:08.867+0000] {dag.py:3954} INFO - Setting next_dagrun for move_bronze_to_silver_partitioned to None, run_after=None
[2025-04-28T13:27:08.877+0000] {processor.py:183} INFO - Processing /opt/airflow/dags/move_bronze_to_silver_partitioned.py took 0.188 seconds
[2025-04-28T13:27:39.515+0000] {processor.py:161} INFO - Started process (PID=7705) to work on /opt/airflow/dags/move_bronze_to_silver_partitioned.py
[2025-04-28T13:27:39.516+0000] {processor.py:830} INFO - Processing file /opt/airflow/dags/move_bronze_to_silver_partitioned.py for tasks to queue
[2025-04-28T13:27:39.517+0000] {logging_mixin.py:188} INFO - [2025-04-28T13:27:39.517+0000] {dagbag.py:540} INFO - Filling up the DagBag from /opt/airflow/dags/move_bronze_to_silver_partitioned.py
[2025-04-28T13:27:39.660+0000] {processor.py:840} INFO - DAG(s) 'move_bronze_to_silver_partitioned' retrieved from /opt/airflow/dags/move_bronze_to_silver_partitioned.py
[2025-04-28T13:27:39.676+0000] {logging_mixin.py:188} INFO - [2025-04-28T13:27:39.676+0000] {dag.py:3096} INFO - Sync 1 DAGs
[2025-04-28T13:27:39.684+0000] {logging_mixin.py:188} INFO - [2025-04-28T13:27:39.684+0000] {dag.py:3954} INFO - Setting next_dagrun for move_bronze_to_silver_partitioned to None, run_after=None
[2025-04-28T13:27:39.693+0000] {processor.py:183} INFO - Processing /opt/airflow/dags/move_bronze_to_silver_partitioned.py took 0.181 seconds
[2025-04-28T13:28:10.298+0000] {processor.py:161} INFO - Started process (PID=7740) to work on /opt/airflow/dags/move_bronze_to_silver_partitioned.py
[2025-04-28T13:28:10.299+0000] {processor.py:830} INFO - Processing file /opt/airflow/dags/move_bronze_to_silver_partitioned.py for tasks to queue
[2025-04-28T13:28:10.300+0000] {logging_mixin.py:188} INFO - [2025-04-28T13:28:10.300+0000] {dagbag.py:540} INFO - Filling up the DagBag from /opt/airflow/dags/move_bronze_to_silver_partitioned.py
[2025-04-28T13:28:10.442+0000] {processor.py:840} INFO - DAG(s) 'move_bronze_to_silver_partitioned' retrieved from /opt/airflow/dags/move_bronze_to_silver_partitioned.py
[2025-04-28T13:28:10.456+0000] {logging_mixin.py:188} INFO - [2025-04-28T13:28:10.456+0000] {dag.py:3096} INFO - Sync 1 DAGs
[2025-04-28T13:28:10.464+0000] {logging_mixin.py:188} INFO - [2025-04-28T13:28:10.464+0000] {dag.py:3954} INFO - Setting next_dagrun for move_bronze_to_silver_partitioned to None, run_after=None
[2025-04-28T13:28:10.473+0000] {processor.py:183} INFO - Processing /opt/airflow/dags/move_bronze_to_silver_partitioned.py took 0.177 seconds
[2025-04-28T13:28:41.112+0000] {processor.py:161} INFO - Started process (PID=7775) to work on /opt/airflow/dags/move_bronze_to_silver_partitioned.py
[2025-04-28T13:28:41.113+0000] {processor.py:830} INFO - Processing file /opt/airflow/dags/move_bronze_to_silver_partitioned.py for tasks to queue
[2025-04-28T13:28:41.114+0000] {logging_mixin.py:188} INFO - [2025-04-28T13:28:41.113+0000] {dagbag.py:540} INFO - Filling up the DagBag from /opt/airflow/dags/move_bronze_to_silver_partitioned.py
[2025-04-28T13:28:41.255+0000] {processor.py:840} INFO - DAG(s) 'move_bronze_to_silver_partitioned' retrieved from /opt/airflow/dags/move_bronze_to_silver_partitioned.py
[2025-04-28T13:28:41.268+0000] {logging_mixin.py:188} INFO - [2025-04-28T13:28:41.268+0000] {dag.py:3096} INFO - Sync 1 DAGs
[2025-04-28T13:28:41.275+0000] {logging_mixin.py:188} INFO - [2025-04-28T13:28:41.275+0000] {dag.py:3954} INFO - Setting next_dagrun for move_bronze_to_silver_partitioned to None, run_after=None
[2025-04-28T13:28:41.285+0000] {processor.py:183} INFO - Processing /opt/airflow/dags/move_bronze_to_silver_partitioned.py took 0.176 seconds
[2025-04-28T13:29:11.903+0000] {processor.py:161} INFO - Started process (PID=7810) to work on /opt/airflow/dags/move_bronze_to_silver_partitioned.py
[2025-04-28T13:29:11.904+0000] {processor.py:830} INFO - Processing file /opt/airflow/dags/move_bronze_to_silver_partitioned.py for tasks to queue
[2025-04-28T13:29:11.905+0000] {logging_mixin.py:188} INFO - [2025-04-28T13:29:11.904+0000] {dagbag.py:540} INFO - Filling up the DagBag from /opt/airflow/dags/move_bronze_to_silver_partitioned.py
[2025-04-28T13:29:12.046+0000] {processor.py:840} INFO - DAG(s) 'move_bronze_to_silver_partitioned' retrieved from /opt/airflow/dags/move_bronze_to_silver_partitioned.py
[2025-04-28T13:29:12.060+0000] {logging_mixin.py:188} INFO - [2025-04-28T13:29:12.059+0000] {dag.py:3096} INFO - Sync 1 DAGs
[2025-04-28T13:29:12.066+0000] {logging_mixin.py:188} INFO - [2025-04-28T13:29:12.066+0000] {dag.py:3954} INFO - Setting next_dagrun for move_bronze_to_silver_partitioned to None, run_after=None
[2025-04-28T13:29:12.076+0000] {processor.py:183} INFO - Processing /opt/airflow/dags/move_bronze_to_silver_partitioned.py took 0.175 seconds
[2025-04-28T13:29:42.687+0000] {processor.py:161} INFO - Started process (PID=7845) to work on /opt/airflow/dags/move_bronze_to_silver_partitioned.py
[2025-04-28T13:29:42.688+0000] {processor.py:830} INFO - Processing file /opt/airflow/dags/move_bronze_to_silver_partitioned.py for tasks to queue
[2025-04-28T13:29:42.688+0000] {logging_mixin.py:188} INFO - [2025-04-28T13:29:42.688+0000] {dagbag.py:540} INFO - Filling up the DagBag from /opt/airflow/dags/move_bronze_to_silver_partitioned.py
[2025-04-28T13:29:42.831+0000] {processor.py:840} INFO - DAG(s) 'move_bronze_to_silver_partitioned' retrieved from /opt/airflow/dags/move_bronze_to_silver_partitioned.py
[2025-04-28T13:29:42.845+0000] {logging_mixin.py:188} INFO - [2025-04-28T13:29:42.845+0000] {dag.py:3096} INFO - Sync 1 DAGs
[2025-04-28T13:29:42.852+0000] {logging_mixin.py:188} INFO - [2025-04-28T13:29:42.851+0000] {dag.py:3954} INFO - Setting next_dagrun for move_bronze_to_silver_partitioned to None, run_after=None
[2025-04-28T13:29:42.861+0000] {processor.py:183} INFO - Processing /opt/airflow/dags/move_bronze_to_silver_partitioned.py took 0.176 seconds
[2025-04-28T13:30:13.469+0000] {processor.py:161} INFO - Started process (PID=7880) to work on /opt/airflow/dags/move_bronze_to_silver_partitioned.py
[2025-04-28T13:30:13.469+0000] {processor.py:830} INFO - Processing file /opt/airflow/dags/move_bronze_to_silver_partitioned.py for tasks to queue
[2025-04-28T13:30:13.470+0000] {logging_mixin.py:188} INFO - [2025-04-28T13:30:13.470+0000] {dagbag.py:540} INFO - Filling up the DagBag from /opt/airflow/dags/move_bronze_to_silver_partitioned.py
[2025-04-28T13:30:13.614+0000] {processor.py:840} INFO - DAG(s) 'move_bronze_to_silver_partitioned' retrieved from /opt/airflow/dags/move_bronze_to_silver_partitioned.py
[2025-04-28T13:30:13.631+0000] {logging_mixin.py:188} INFO - [2025-04-28T13:30:13.630+0000] {dag.py:3096} INFO - Sync 1 DAGs
[2025-04-28T13:30:13.638+0000] {logging_mixin.py:188} INFO - [2025-04-28T13:30:13.638+0000] {dag.py:3954} INFO - Setting next_dagrun for move_bronze_to_silver_partitioned to None, run_after=None
[2025-04-28T13:30:13.647+0000] {processor.py:183} INFO - Processing /opt/airflow/dags/move_bronze_to_silver_partitioned.py took 0.181 seconds
[2025-04-28T13:30:44.238+0000] {processor.py:161} INFO - Started process (PID=7915) to work on /opt/airflow/dags/move_bronze_to_silver_partitioned.py
[2025-04-28T13:30:44.238+0000] {processor.py:830} INFO - Processing file /opt/airflow/dags/move_bronze_to_silver_partitioned.py for tasks to queue
[2025-04-28T13:30:44.239+0000] {logging_mixin.py:188} INFO - [2025-04-28T13:30:44.239+0000] {dagbag.py:540} INFO - Filling up the DagBag from /opt/airflow/dags/move_bronze_to_silver_partitioned.py
[2025-04-28T13:30:44.389+0000] {processor.py:840} INFO - DAG(s) 'move_bronze_to_silver_partitioned' retrieved from /opt/airflow/dags/move_bronze_to_silver_partitioned.py
[2025-04-28T13:30:44.404+0000] {logging_mixin.py:188} INFO - [2025-04-28T13:30:44.404+0000] {dag.py:3096} INFO - Sync 1 DAGs
[2025-04-28T13:30:44.410+0000] {logging_mixin.py:188} INFO - [2025-04-28T13:30:44.410+0000] {dag.py:3954} INFO - Setting next_dagrun for move_bronze_to_silver_partitioned to None, run_after=None
[2025-04-28T13:30:44.419+0000] {processor.py:183} INFO - Processing /opt/airflow/dags/move_bronze_to_silver_partitioned.py took 0.185 seconds
[2025-04-28T13:31:15.055+0000] {processor.py:161} INFO - Started process (PID=7950) to work on /opt/airflow/dags/move_bronze_to_silver_partitioned.py
[2025-04-28T13:31:15.056+0000] {processor.py:830} INFO - Processing file /opt/airflow/dags/move_bronze_to_silver_partitioned.py for tasks to queue
[2025-04-28T13:31:15.057+0000] {logging_mixin.py:188} INFO - [2025-04-28T13:31:15.057+0000] {dagbag.py:540} INFO - Filling up the DagBag from /opt/airflow/dags/move_bronze_to_silver_partitioned.py
[2025-04-28T13:31:15.204+0000] {processor.py:840} INFO - DAG(s) 'move_bronze_to_silver_partitioned' retrieved from /opt/airflow/dags/move_bronze_to_silver_partitioned.py
[2025-04-28T13:31:15.220+0000] {logging_mixin.py:188} INFO - [2025-04-28T13:31:15.220+0000] {dag.py:3096} INFO - Sync 1 DAGs
[2025-04-28T13:31:15.228+0000] {logging_mixin.py:188} INFO - [2025-04-28T13:31:15.227+0000] {dag.py:3954} INFO - Setting next_dagrun for move_bronze_to_silver_partitioned to None, run_after=None
[2025-04-28T13:31:15.236+0000] {processor.py:183} INFO - Processing /opt/airflow/dags/move_bronze_to_silver_partitioned.py took 0.183 seconds
[2025-04-28T13:31:45.886+0000] {processor.py:161} INFO - Started process (PID=7985) to work on /opt/airflow/dags/move_bronze_to_silver_partitioned.py
[2025-04-28T13:31:45.887+0000] {processor.py:830} INFO - Processing file /opt/airflow/dags/move_bronze_to_silver_partitioned.py for tasks to queue
[2025-04-28T13:31:45.888+0000] {logging_mixin.py:188} INFO - [2025-04-28T13:31:45.887+0000] {dagbag.py:540} INFO - Filling up the DagBag from /opt/airflow/dags/move_bronze_to_silver_partitioned.py
[2025-04-28T13:31:46.034+0000] {processor.py:840} INFO - DAG(s) 'move_bronze_to_silver_partitioned' retrieved from /opt/airflow/dags/move_bronze_to_silver_partitioned.py
[2025-04-28T13:31:46.049+0000] {logging_mixin.py:188} INFO - [2025-04-28T13:31:46.048+0000] {dag.py:3096} INFO - Sync 1 DAGs
[2025-04-28T13:31:46.057+0000] {logging_mixin.py:188} INFO - [2025-04-28T13:31:46.057+0000] {dag.py:3954} INFO - Setting next_dagrun for move_bronze_to_silver_partitioned to None, run_after=None
[2025-04-28T13:31:46.066+0000] {processor.py:183} INFO - Processing /opt/airflow/dags/move_bronze_to_silver_partitioned.py took 0.183 seconds
[2025-04-28T13:32:16.752+0000] {processor.py:161} INFO - Started process (PID=8020) to work on /opt/airflow/dags/move_bronze_to_silver_partitioned.py
[2025-04-28T13:32:16.753+0000] {processor.py:830} INFO - Processing file /opt/airflow/dags/move_bronze_to_silver_partitioned.py for tasks to queue
[2025-04-28T13:32:16.754+0000] {logging_mixin.py:188} INFO - [2025-04-28T13:32:16.754+0000] {dagbag.py:540} INFO - Filling up the DagBag from /opt/airflow/dags/move_bronze_to_silver_partitioned.py
[2025-04-28T13:32:16.899+0000] {processor.py:840} INFO - DAG(s) 'move_bronze_to_silver_partitioned' retrieved from /opt/airflow/dags/move_bronze_to_silver_partitioned.py
[2025-04-28T13:32:16.914+0000] {logging_mixin.py:188} INFO - [2025-04-28T13:32:16.914+0000] {dag.py:3096} INFO - Sync 1 DAGs
[2025-04-28T13:32:16.920+0000] {logging_mixin.py:188} INFO - [2025-04-28T13:32:16.920+0000] {dag.py:3954} INFO - Setting next_dagrun for move_bronze_to_silver_partitioned to None, run_after=None
[2025-04-28T13:32:16.931+0000] {processor.py:183} INFO - Processing /opt/airflow/dags/move_bronze_to_silver_partitioned.py took 0.181 seconds
[2025-04-28T13:32:47.570+0000] {processor.py:161} INFO - Started process (PID=8055) to work on /opt/airflow/dags/move_bronze_to_silver_partitioned.py
[2025-04-28T13:32:47.570+0000] {processor.py:830} INFO - Processing file /opt/airflow/dags/move_bronze_to_silver_partitioned.py for tasks to queue
[2025-04-28T13:32:47.571+0000] {logging_mixin.py:188} INFO - [2025-04-28T13:32:47.571+0000] {dagbag.py:540} INFO - Filling up the DagBag from /opt/airflow/dags/move_bronze_to_silver_partitioned.py
[2025-04-28T13:32:47.717+0000] {processor.py:840} INFO - DAG(s) 'move_bronze_to_silver_partitioned' retrieved from /opt/airflow/dags/move_bronze_to_silver_partitioned.py
[2025-04-28T13:32:47.730+0000] {logging_mixin.py:188} INFO - [2025-04-28T13:32:47.730+0000] {dag.py:3096} INFO - Sync 1 DAGs
[2025-04-28T13:32:47.737+0000] {logging_mixin.py:188} INFO - [2025-04-28T13:32:47.737+0000] {dag.py:3954} INFO - Setting next_dagrun for move_bronze_to_silver_partitioned to None, run_after=None
[2025-04-28T13:32:47.748+0000] {processor.py:183} INFO - Processing /opt/airflow/dags/move_bronze_to_silver_partitioned.py took 0.181 seconds
[2025-04-28T13:33:18.375+0000] {processor.py:161} INFO - Started process (PID=8090) to work on /opt/airflow/dags/move_bronze_to_silver_partitioned.py
[2025-04-28T13:33:18.376+0000] {processor.py:830} INFO - Processing file /opt/airflow/dags/move_bronze_to_silver_partitioned.py for tasks to queue
[2025-04-28T13:33:18.376+0000] {logging_mixin.py:188} INFO - [2025-04-28T13:33:18.376+0000] {dagbag.py:540} INFO - Filling up the DagBag from /opt/airflow/dags/move_bronze_to_silver_partitioned.py
[2025-04-28T13:33:18.516+0000] {processor.py:840} INFO - DAG(s) 'move_bronze_to_silver_partitioned' retrieved from /opt/airflow/dags/move_bronze_to_silver_partitioned.py
[2025-04-28T13:33:18.529+0000] {logging_mixin.py:188} INFO - [2025-04-28T13:33:18.529+0000] {dag.py:3096} INFO - Sync 1 DAGs
[2025-04-28T13:33:18.540+0000] {logging_mixin.py:188} INFO - [2025-04-28T13:33:18.540+0000] {dag.py:3954} INFO - Setting next_dagrun for move_bronze_to_silver_partitioned to None, run_after=None
[2025-04-28T13:33:18.548+0000] {processor.py:183} INFO - Processing /opt/airflow/dags/move_bronze_to_silver_partitioned.py took 0.176 seconds
[2025-04-28T13:33:49.179+0000] {processor.py:161} INFO - Started process (PID=8125) to work on /opt/airflow/dags/move_bronze_to_silver_partitioned.py
[2025-04-28T13:33:49.180+0000] {processor.py:830} INFO - Processing file /opt/airflow/dags/move_bronze_to_silver_partitioned.py for tasks to queue
[2025-04-28T13:33:49.181+0000] {logging_mixin.py:188} INFO - [2025-04-28T13:33:49.180+0000] {dagbag.py:540} INFO - Filling up the DagBag from /opt/airflow/dags/move_bronze_to_silver_partitioned.py
[2025-04-28T13:33:49.323+0000] {processor.py:840} INFO - DAG(s) 'move_bronze_to_silver_partitioned' retrieved from /opt/airflow/dags/move_bronze_to_silver_partitioned.py
[2025-04-28T13:33:49.336+0000] {logging_mixin.py:188} INFO - [2025-04-28T13:33:49.336+0000] {dag.py:3096} INFO - Sync 1 DAGs
[2025-04-28T13:33:49.343+0000] {logging_mixin.py:188} INFO - [2025-04-28T13:33:49.343+0000] {dag.py:3954} INFO - Setting next_dagrun for move_bronze_to_silver_partitioned to None, run_after=None
[2025-04-28T13:33:49.354+0000] {processor.py:183} INFO - Processing /opt/airflow/dags/move_bronze_to_silver_partitioned.py took 0.178 seconds
[2025-04-28T13:34:19.924+0000] {processor.py:161} INFO - Started process (PID=8160) to work on /opt/airflow/dags/move_bronze_to_silver_partitioned.py
[2025-04-28T13:34:19.925+0000] {processor.py:830} INFO - Processing file /opt/airflow/dags/move_bronze_to_silver_partitioned.py for tasks to queue
[2025-04-28T13:34:19.926+0000] {logging_mixin.py:188} INFO - [2025-04-28T13:34:19.926+0000] {dagbag.py:540} INFO - Filling up the DagBag from /opt/airflow/dags/move_bronze_to_silver_partitioned.py
[2025-04-28T13:34:20.069+0000] {processor.py:840} INFO - DAG(s) 'move_bronze_to_silver_partitioned' retrieved from /opt/airflow/dags/move_bronze_to_silver_partitioned.py
[2025-04-28T13:34:20.081+0000] {logging_mixin.py:188} INFO - [2025-04-28T13:34:20.081+0000] {dag.py:3096} INFO - Sync 1 DAGs
[2025-04-28T13:34:20.088+0000] {logging_mixin.py:188} INFO - [2025-04-28T13:34:20.087+0000] {dag.py:3954} INFO - Setting next_dagrun for move_bronze_to_silver_partitioned to None, run_after=None
[2025-04-28T13:34:20.097+0000] {processor.py:183} INFO - Processing /opt/airflow/dags/move_bronze_to_silver_partitioned.py took 0.176 seconds
[2025-04-28T13:34:50.765+0000] {processor.py:161} INFO - Started process (PID=8195) to work on /opt/airflow/dags/move_bronze_to_silver_partitioned.py
[2025-04-28T13:34:50.766+0000] {processor.py:830} INFO - Processing file /opt/airflow/dags/move_bronze_to_silver_partitioned.py for tasks to queue
[2025-04-28T13:34:50.767+0000] {logging_mixin.py:188} INFO - [2025-04-28T13:34:50.767+0000] {dagbag.py:540} INFO - Filling up the DagBag from /opt/airflow/dags/move_bronze_to_silver_partitioned.py
[2025-04-28T13:34:50.911+0000] {processor.py:840} INFO - DAG(s) 'move_bronze_to_silver_partitioned' retrieved from /opt/airflow/dags/move_bronze_to_silver_partitioned.py
[2025-04-28T13:34:50.927+0000] {logging_mixin.py:188} INFO - [2025-04-28T13:34:50.927+0000] {dag.py:3096} INFO - Sync 1 DAGs
[2025-04-28T13:34:50.934+0000] {logging_mixin.py:188} INFO - [2025-04-28T13:34:50.934+0000] {dag.py:3954} INFO - Setting next_dagrun for move_bronze_to_silver_partitioned to None, run_after=None
[2025-04-28T13:34:50.943+0000] {processor.py:183} INFO - Processing /opt/airflow/dags/move_bronze_to_silver_partitioned.py took 0.180 seconds
[2025-04-28T13:35:21.496+0000] {processor.py:161} INFO - Started process (PID=8230) to work on /opt/airflow/dags/move_bronze_to_silver_partitioned.py
[2025-04-28T13:35:21.496+0000] {processor.py:830} INFO - Processing file /opt/airflow/dags/move_bronze_to_silver_partitioned.py for tasks to queue
[2025-04-28T13:35:21.497+0000] {logging_mixin.py:188} INFO - [2025-04-28T13:35:21.497+0000] {dagbag.py:540} INFO - Filling up the DagBag from /opt/airflow/dags/move_bronze_to_silver_partitioned.py
[2025-04-28T13:35:21.640+0000] {processor.py:840} INFO - DAG(s) 'move_bronze_to_silver_partitioned' retrieved from /opt/airflow/dags/move_bronze_to_silver_partitioned.py
[2025-04-28T13:35:21.654+0000] {logging_mixin.py:188} INFO - [2025-04-28T13:35:21.654+0000] {dag.py:3096} INFO - Sync 1 DAGs
[2025-04-28T13:35:21.663+0000] {logging_mixin.py:188} INFO - [2025-04-28T13:35:21.663+0000] {dag.py:3954} INFO - Setting next_dagrun for move_bronze_to_silver_partitioned to None, run_after=None
[2025-04-28T13:35:21.677+0000] {processor.py:183} INFO - Processing /opt/airflow/dags/move_bronze_to_silver_partitioned.py took 0.184 seconds
[2025-04-28T13:35:52.295+0000] {processor.py:161} INFO - Started process (PID=8265) to work on /opt/airflow/dags/move_bronze_to_silver_partitioned.py
[2025-04-28T13:35:52.296+0000] {processor.py:830} INFO - Processing file /opt/airflow/dags/move_bronze_to_silver_partitioned.py for tasks to queue
[2025-04-28T13:35:52.297+0000] {logging_mixin.py:188} INFO - [2025-04-28T13:35:52.297+0000] {dagbag.py:540} INFO - Filling up the DagBag from /opt/airflow/dags/move_bronze_to_silver_partitioned.py
[2025-04-28T13:35:52.446+0000] {processor.py:840} INFO - DAG(s) 'move_bronze_to_silver_partitioned' retrieved from /opt/airflow/dags/move_bronze_to_silver_partitioned.py
[2025-04-28T13:35:52.460+0000] {logging_mixin.py:188} INFO - [2025-04-28T13:35:52.460+0000] {dag.py:3096} INFO - Sync 1 DAGs
[2025-04-28T13:35:52.467+0000] {logging_mixin.py:188} INFO - [2025-04-28T13:35:52.467+0000] {dag.py:3954} INFO - Setting next_dagrun for move_bronze_to_silver_partitioned to None, run_after=None
[2025-04-28T13:35:52.477+0000] {processor.py:183} INFO - Processing /opt/airflow/dags/move_bronze_to_silver_partitioned.py took 0.184 seconds
[2025-04-28T13:36:23.013+0000] {processor.py:161} INFO - Started process (PID=8300) to work on /opt/airflow/dags/move_bronze_to_silver_partitioned.py
[2025-04-28T13:36:23.014+0000] {processor.py:830} INFO - Processing file /opt/airflow/dags/move_bronze_to_silver_partitioned.py for tasks to queue
[2025-04-28T13:36:23.015+0000] {logging_mixin.py:188} INFO - [2025-04-28T13:36:23.015+0000] {dagbag.py:540} INFO - Filling up the DagBag from /opt/airflow/dags/move_bronze_to_silver_partitioned.py
[2025-04-28T13:36:23.157+0000] {processor.py:840} INFO - DAG(s) 'move_bronze_to_silver_partitioned' retrieved from /opt/airflow/dags/move_bronze_to_silver_partitioned.py
[2025-04-28T13:36:23.170+0000] {logging_mixin.py:188} INFO - [2025-04-28T13:36:23.170+0000] {dag.py:3096} INFO - Sync 1 DAGs
[2025-04-28T13:36:23.176+0000] {logging_mixin.py:188} INFO - [2025-04-28T13:36:23.176+0000] {dag.py:3954} INFO - Setting next_dagrun for move_bronze_to_silver_partitioned to None, run_after=None
[2025-04-28T13:36:23.187+0000] {processor.py:183} INFO - Processing /opt/airflow/dags/move_bronze_to_silver_partitioned.py took 0.177 seconds
[2025-04-28T13:36:53.845+0000] {processor.py:161} INFO - Started process (PID=8335) to work on /opt/airflow/dags/move_bronze_to_silver_partitioned.py
[2025-04-28T13:36:53.846+0000] {processor.py:830} INFO - Processing file /opt/airflow/dags/move_bronze_to_silver_partitioned.py for tasks to queue
[2025-04-28T13:36:53.847+0000] {logging_mixin.py:188} INFO - [2025-04-28T13:36:53.847+0000] {dagbag.py:540} INFO - Filling up the DagBag from /opt/airflow/dags/move_bronze_to_silver_partitioned.py
[2025-04-28T13:36:54.015+0000] {processor.py:840} INFO - DAG(s) 'move_bronze_to_silver_partitioned' retrieved from /opt/airflow/dags/move_bronze_to_silver_partitioned.py
[2025-04-28T13:36:54.028+0000] {logging_mixin.py:188} INFO - [2025-04-28T13:36:54.028+0000] {dag.py:3096} INFO - Sync 1 DAGs
[2025-04-28T13:36:54.036+0000] {logging_mixin.py:188} INFO - [2025-04-28T13:36:54.036+0000] {dag.py:3954} INFO - Setting next_dagrun for move_bronze_to_silver_partitioned to None, run_after=None
[2025-04-28T13:36:54.046+0000] {processor.py:183} INFO - Processing /opt/airflow/dags/move_bronze_to_silver_partitioned.py took 0.204 seconds
[2025-04-28T13:37:24.649+0000] {processor.py:161} INFO - Started process (PID=8370) to work on /opt/airflow/dags/move_bronze_to_silver_partitioned.py
[2025-04-28T13:37:24.650+0000] {processor.py:830} INFO - Processing file /opt/airflow/dags/move_bronze_to_silver_partitioned.py for tasks to queue
[2025-04-28T13:37:24.651+0000] {logging_mixin.py:188} INFO - [2025-04-28T13:37:24.651+0000] {dagbag.py:540} INFO - Filling up the DagBag from /opt/airflow/dags/move_bronze_to_silver_partitioned.py
[2025-04-28T13:37:24.800+0000] {processor.py:840} INFO - DAG(s) 'move_bronze_to_silver_partitioned' retrieved from /opt/airflow/dags/move_bronze_to_silver_partitioned.py
[2025-04-28T13:37:24.815+0000] {logging_mixin.py:188} INFO - [2025-04-28T13:37:24.815+0000] {dag.py:3096} INFO - Sync 1 DAGs
[2025-04-28T13:37:24.821+0000] {logging_mixin.py:188} INFO - [2025-04-28T13:37:24.821+0000] {dag.py:3954} INFO - Setting next_dagrun for move_bronze_to_silver_partitioned to None, run_after=None
[2025-04-28T13:37:24.836+0000] {processor.py:183} INFO - Processing /opt/airflow/dags/move_bronze_to_silver_partitioned.py took 0.190 seconds
[2025-04-28T13:37:55.463+0000] {processor.py:161} INFO - Started process (PID=8405) to work on /opt/airflow/dags/move_bronze_to_silver_partitioned.py
[2025-04-28T13:37:55.463+0000] {processor.py:830} INFO - Processing file /opt/airflow/dags/move_bronze_to_silver_partitioned.py for tasks to queue
[2025-04-28T13:37:55.464+0000] {logging_mixin.py:188} INFO - [2025-04-28T13:37:55.464+0000] {dagbag.py:540} INFO - Filling up the DagBag from /opt/airflow/dags/move_bronze_to_silver_partitioned.py
[2025-04-28T13:37:55.629+0000] {processor.py:840} INFO - DAG(s) 'move_bronze_to_silver_partitioned' retrieved from /opt/airflow/dags/move_bronze_to_silver_partitioned.py
[2025-04-28T13:37:55.642+0000] {logging_mixin.py:188} INFO - [2025-04-28T13:37:55.641+0000] {dag.py:3096} INFO - Sync 1 DAGs
[2025-04-28T13:37:55.649+0000] {logging_mixin.py:188} INFO - [2025-04-28T13:37:55.649+0000] {dag.py:3954} INFO - Setting next_dagrun for move_bronze_to_silver_partitioned to None, run_after=None
[2025-04-28T13:37:55.659+0000] {processor.py:183} INFO - Processing /opt/airflow/dags/move_bronze_to_silver_partitioned.py took 0.199 seconds
[2025-04-28T13:38:26.191+0000] {processor.py:161} INFO - Started process (PID=8440) to work on /opt/airflow/dags/move_bronze_to_silver_partitioned.py
[2025-04-28T13:38:26.191+0000] {processor.py:830} INFO - Processing file /opt/airflow/dags/move_bronze_to_silver_partitioned.py for tasks to queue
[2025-04-28T13:38:26.193+0000] {logging_mixin.py:188} INFO - [2025-04-28T13:38:26.192+0000] {dagbag.py:540} INFO - Filling up the DagBag from /opt/airflow/dags/move_bronze_to_silver_partitioned.py
[2025-04-28T13:38:26.339+0000] {processor.py:840} INFO - DAG(s) 'move_bronze_to_silver_partitioned' retrieved from /opt/airflow/dags/move_bronze_to_silver_partitioned.py
[2025-04-28T13:38:26.352+0000] {logging_mixin.py:188} INFO - [2025-04-28T13:38:26.352+0000] {dag.py:3096} INFO - Sync 1 DAGs
[2025-04-28T13:38:26.358+0000] {logging_mixin.py:188} INFO - [2025-04-28T13:38:26.358+0000] {dag.py:3954} INFO - Setting next_dagrun for move_bronze_to_silver_partitioned to None, run_after=None
[2025-04-28T13:38:26.368+0000] {processor.py:183} INFO - Processing /opt/airflow/dags/move_bronze_to_silver_partitioned.py took 0.180 seconds
[2025-04-28T13:38:57.034+0000] {processor.py:161} INFO - Started process (PID=8475) to work on /opt/airflow/dags/move_bronze_to_silver_partitioned.py
[2025-04-28T13:38:57.034+0000] {processor.py:830} INFO - Processing file /opt/airflow/dags/move_bronze_to_silver_partitioned.py for tasks to queue
[2025-04-28T13:38:57.035+0000] {logging_mixin.py:188} INFO - [2025-04-28T13:38:57.035+0000] {dagbag.py:540} INFO - Filling up the DagBag from /opt/airflow/dags/move_bronze_to_silver_partitioned.py
[2025-04-28T13:38:57.179+0000] {processor.py:840} INFO - DAG(s) 'move_bronze_to_silver_partitioned' retrieved from /opt/airflow/dags/move_bronze_to_silver_partitioned.py
[2025-04-28T13:38:57.197+0000] {logging_mixin.py:188} INFO - [2025-04-28T13:38:57.196+0000] {dag.py:3096} INFO - Sync 1 DAGs
[2025-04-28T13:38:57.205+0000] {logging_mixin.py:188} INFO - [2025-04-28T13:38:57.205+0000] {dag.py:3954} INFO - Setting next_dagrun for move_bronze_to_silver_partitioned to None, run_after=None
[2025-04-28T13:38:57.216+0000] {processor.py:183} INFO - Processing /opt/airflow/dags/move_bronze_to_silver_partitioned.py took 0.185 seconds
[2025-04-28T13:39:27.849+0000] {processor.py:161} INFO - Started process (PID=8510) to work on /opt/airflow/dags/move_bronze_to_silver_partitioned.py
[2025-04-28T13:39:27.850+0000] {processor.py:830} INFO - Processing file /opt/airflow/dags/move_bronze_to_silver_partitioned.py for tasks to queue
[2025-04-28T13:39:27.851+0000] {logging_mixin.py:188} INFO - [2025-04-28T13:39:27.851+0000] {dagbag.py:540} INFO - Filling up the DagBag from /opt/airflow/dags/move_bronze_to_silver_partitioned.py
[2025-04-28T13:39:28.000+0000] {processor.py:840} INFO - DAG(s) 'move_bronze_to_silver_partitioned' retrieved from /opt/airflow/dags/move_bronze_to_silver_partitioned.py
[2025-04-28T13:39:28.016+0000] {logging_mixin.py:188} INFO - [2025-04-28T13:39:28.016+0000] {dag.py:3096} INFO - Sync 1 DAGs
[2025-04-28T13:39:28.025+0000] {logging_mixin.py:188} INFO - [2025-04-28T13:39:28.025+0000] {dag.py:3954} INFO - Setting next_dagrun for move_bronze_to_silver_partitioned to None, run_after=None
[2025-04-28T13:39:28.033+0000] {processor.py:183} INFO - Processing /opt/airflow/dags/move_bronze_to_silver_partitioned.py took 0.187 seconds
[2025-04-28T13:39:58.630+0000] {processor.py:161} INFO - Started process (PID=8545) to work on /opt/airflow/dags/move_bronze_to_silver_partitioned.py
[2025-04-28T13:39:58.630+0000] {processor.py:830} INFO - Processing file /opt/airflow/dags/move_bronze_to_silver_partitioned.py for tasks to queue
[2025-04-28T13:39:58.631+0000] {logging_mixin.py:188} INFO - [2025-04-28T13:39:58.631+0000] {dagbag.py:540} INFO - Filling up the DagBag from /opt/airflow/dags/move_bronze_to_silver_partitioned.py
[2025-04-28T13:39:58.785+0000] {processor.py:840} INFO - DAG(s) 'move_bronze_to_silver_partitioned' retrieved from /opt/airflow/dags/move_bronze_to_silver_partitioned.py
[2025-04-28T13:39:58.799+0000] {logging_mixin.py:188} INFO - [2025-04-28T13:39:58.799+0000] {dag.py:3096} INFO - Sync 1 DAGs
[2025-04-28T13:39:58.812+0000] {logging_mixin.py:188} INFO - [2025-04-28T13:39:58.812+0000] {dag.py:3954} INFO - Setting next_dagrun for move_bronze_to_silver_partitioned to None, run_after=None
[2025-04-28T13:39:58.827+0000] {processor.py:183} INFO - Processing /opt/airflow/dags/move_bronze_to_silver_partitioned.py took 0.201 seconds
[2025-04-28T13:40:29.471+0000] {processor.py:161} INFO - Started process (PID=8580) to work on /opt/airflow/dags/move_bronze_to_silver_partitioned.py
[2025-04-28T13:40:29.471+0000] {processor.py:830} INFO - Processing file /opt/airflow/dags/move_bronze_to_silver_partitioned.py for tasks to queue
[2025-04-28T13:40:29.472+0000] {logging_mixin.py:188} INFO - [2025-04-28T13:40:29.472+0000] {dagbag.py:540} INFO - Filling up the DagBag from /opt/airflow/dags/move_bronze_to_silver_partitioned.py
[2025-04-28T13:40:29.612+0000] {processor.py:840} INFO - DAG(s) 'move_bronze_to_silver_partitioned' retrieved from /opt/airflow/dags/move_bronze_to_silver_partitioned.py
[2025-04-28T13:40:29.625+0000] {logging_mixin.py:188} INFO - [2025-04-28T13:40:29.624+0000] {dag.py:3096} INFO - Sync 1 DAGs
[2025-04-28T13:40:29.631+0000] {logging_mixin.py:188} INFO - [2025-04-28T13:40:29.631+0000] {dag.py:3954} INFO - Setting next_dagrun for move_bronze_to_silver_partitioned to None, run_after=None
[2025-04-28T13:40:29.640+0000] {processor.py:183} INFO - Processing /opt/airflow/dags/move_bronze_to_silver_partitioned.py took 0.172 seconds
[2025-04-28T13:41:00.223+0000] {processor.py:161} INFO - Started process (PID=8615) to work on /opt/airflow/dags/move_bronze_to_silver_partitioned.py
[2025-04-28T13:41:00.223+0000] {processor.py:830} INFO - Processing file /opt/airflow/dags/move_bronze_to_silver_partitioned.py for tasks to queue
[2025-04-28T13:41:00.224+0000] {logging_mixin.py:188} INFO - [2025-04-28T13:41:00.224+0000] {dagbag.py:540} INFO - Filling up the DagBag from /opt/airflow/dags/move_bronze_to_silver_partitioned.py
[2025-04-28T13:41:00.368+0000] {processor.py:840} INFO - DAG(s) 'move_bronze_to_silver_partitioned' retrieved from /opt/airflow/dags/move_bronze_to_silver_partitioned.py
[2025-04-28T13:41:00.386+0000] {logging_mixin.py:188} INFO - [2025-04-28T13:41:00.386+0000] {dag.py:3096} INFO - Sync 1 DAGs
[2025-04-28T13:41:00.392+0000] {logging_mixin.py:188} INFO - [2025-04-28T13:41:00.392+0000] {dag.py:3954} INFO - Setting next_dagrun for move_bronze_to_silver_partitioned to None, run_after=None
[2025-04-28T13:41:00.403+0000] {processor.py:183} INFO - Processing /opt/airflow/dags/move_bronze_to_silver_partitioned.py took 0.183 seconds
[2025-04-28T13:41:31.053+0000] {processor.py:161} INFO - Started process (PID=8650) to work on /opt/airflow/dags/move_bronze_to_silver_partitioned.py
[2025-04-28T13:41:31.053+0000] {processor.py:830} INFO - Processing file /opt/airflow/dags/move_bronze_to_silver_partitioned.py for tasks to queue
[2025-04-28T13:41:31.054+0000] {logging_mixin.py:188} INFO - [2025-04-28T13:41:31.054+0000] {dagbag.py:540} INFO - Filling up the DagBag from /opt/airflow/dags/move_bronze_to_silver_partitioned.py
[2025-04-28T13:41:31.193+0000] {processor.py:840} INFO - DAG(s) 'move_bronze_to_silver_partitioned' retrieved from /opt/airflow/dags/move_bronze_to_silver_partitioned.py
[2025-04-28T13:41:31.206+0000] {logging_mixin.py:188} INFO - [2025-04-28T13:41:31.206+0000] {dag.py:3096} INFO - Sync 1 DAGs
[2025-04-28T13:41:31.212+0000] {logging_mixin.py:188} INFO - [2025-04-28T13:41:31.212+0000] {dag.py:3954} INFO - Setting next_dagrun for move_bronze_to_silver_partitioned to None, run_after=None
[2025-04-28T13:41:31.221+0000] {processor.py:183} INFO - Processing /opt/airflow/dags/move_bronze_to_silver_partitioned.py took 0.171 seconds
[2025-04-28T13:42:01.905+0000] {processor.py:161} INFO - Started process (PID=8685) to work on /opt/airflow/dags/move_bronze_to_silver_partitioned.py
[2025-04-28T13:42:01.906+0000] {processor.py:830} INFO - Processing file /opt/airflow/dags/move_bronze_to_silver_partitioned.py for tasks to queue
[2025-04-28T13:42:01.907+0000] {logging_mixin.py:188} INFO - [2025-04-28T13:42:01.907+0000] {dagbag.py:540} INFO - Filling up the DagBag from /opt/airflow/dags/move_bronze_to_silver_partitioned.py
[2025-04-28T13:42:02.048+0000] {processor.py:840} INFO - DAG(s) 'move_bronze_to_silver_partitioned' retrieved from /opt/airflow/dags/move_bronze_to_silver_partitioned.py
[2025-04-28T13:42:02.062+0000] {logging_mixin.py:188} INFO - [2025-04-28T13:42:02.062+0000] {dag.py:3096} INFO - Sync 1 DAGs
[2025-04-28T13:42:02.070+0000] {logging_mixin.py:188} INFO - [2025-04-28T13:42:02.070+0000] {dag.py:3954} INFO - Setting next_dagrun for move_bronze_to_silver_partitioned to None, run_after=None
[2025-04-28T13:42:02.079+0000] {processor.py:183} INFO - Processing /opt/airflow/dags/move_bronze_to_silver_partitioned.py took 0.177 seconds
[2025-04-28T13:42:32.664+0000] {processor.py:161} INFO - Started process (PID=8720) to work on /opt/airflow/dags/move_bronze_to_silver_partitioned.py
[2025-04-28T13:42:32.665+0000] {processor.py:830} INFO - Processing file /opt/airflow/dags/move_bronze_to_silver_partitioned.py for tasks to queue
[2025-04-28T13:42:32.666+0000] {logging_mixin.py:188} INFO - [2025-04-28T13:42:32.666+0000] {dagbag.py:540} INFO - Filling up the DagBag from /opt/airflow/dags/move_bronze_to_silver_partitioned.py
[2025-04-28T13:42:32.815+0000] {processor.py:840} INFO - DAG(s) 'move_bronze_to_silver_partitioned' retrieved from /opt/airflow/dags/move_bronze_to_silver_partitioned.py
[2025-04-28T13:42:32.828+0000] {logging_mixin.py:188} INFO - [2025-04-28T13:42:32.828+0000] {dag.py:3096} INFO - Sync 1 DAGs
[2025-04-28T13:42:32.839+0000] {logging_mixin.py:188} INFO - [2025-04-28T13:42:32.838+0000] {dag.py:3954} INFO - Setting next_dagrun for move_bronze_to_silver_partitioned to None, run_after=None
[2025-04-28T13:42:32.848+0000] {processor.py:183} INFO - Processing /opt/airflow/dags/move_bronze_to_silver_partitioned.py took 0.187 seconds
[2025-04-28T13:43:03.485+0000] {processor.py:161} INFO - Started process (PID=8755) to work on /opt/airflow/dags/move_bronze_to_silver_partitioned.py
[2025-04-28T13:43:03.486+0000] {processor.py:830} INFO - Processing file /opt/airflow/dags/move_bronze_to_silver_partitioned.py for tasks to queue
[2025-04-28T13:43:03.487+0000] {logging_mixin.py:188} INFO - [2025-04-28T13:43:03.486+0000] {dagbag.py:540} INFO - Filling up the DagBag from /opt/airflow/dags/move_bronze_to_silver_partitioned.py
[2025-04-28T13:43:03.633+0000] {processor.py:840} INFO - DAG(s) 'move_bronze_to_silver_partitioned' retrieved from /opt/airflow/dags/move_bronze_to_silver_partitioned.py
[2025-04-28T13:43:03.647+0000] {logging_mixin.py:188} INFO - [2025-04-28T13:43:03.647+0000] {dag.py:3096} INFO - Sync 1 DAGs
[2025-04-28T13:43:03.654+0000] {logging_mixin.py:188} INFO - [2025-04-28T13:43:03.654+0000] {dag.py:3954} INFO - Setting next_dagrun for move_bronze_to_silver_partitioned to None, run_after=None
[2025-04-28T13:43:03.665+0000] {processor.py:183} INFO - Processing /opt/airflow/dags/move_bronze_to_silver_partitioned.py took 0.182 seconds
[2025-04-28T13:43:34.302+0000] {processor.py:161} INFO - Started process (PID=8790) to work on /opt/airflow/dags/move_bronze_to_silver_partitioned.py
[2025-04-28T13:43:34.303+0000] {processor.py:830} INFO - Processing file /opt/airflow/dags/move_bronze_to_silver_partitioned.py for tasks to queue
[2025-04-28T13:43:34.303+0000] {logging_mixin.py:188} INFO - [2025-04-28T13:43:34.303+0000] {dagbag.py:540} INFO - Filling up the DagBag from /opt/airflow/dags/move_bronze_to_silver_partitioned.py
[2025-04-28T13:43:34.454+0000] {processor.py:840} INFO - DAG(s) 'move_bronze_to_silver_partitioned' retrieved from /opt/airflow/dags/move_bronze_to_silver_partitioned.py
[2025-04-28T13:43:34.467+0000] {logging_mixin.py:188} INFO - [2025-04-28T13:43:34.467+0000] {dag.py:3096} INFO - Sync 1 DAGs
[2025-04-28T13:43:34.479+0000] {logging_mixin.py:188} INFO - [2025-04-28T13:43:34.479+0000] {dag.py:3954} INFO - Setting next_dagrun for move_bronze_to_silver_partitioned to None, run_after=None
[2025-04-28T13:43:34.489+0000] {processor.py:183} INFO - Processing /opt/airflow/dags/move_bronze_to_silver_partitioned.py took 0.191 seconds
[2025-04-28T13:44:05.102+0000] {processor.py:161} INFO - Started process (PID=8825) to work on /opt/airflow/dags/move_bronze_to_silver_partitioned.py
[2025-04-28T13:44:05.103+0000] {processor.py:830} INFO - Processing file /opt/airflow/dags/move_bronze_to_silver_partitioned.py for tasks to queue
[2025-04-28T13:44:05.104+0000] {logging_mixin.py:188} INFO - [2025-04-28T13:44:05.103+0000] {dagbag.py:540} INFO - Filling up the DagBag from /opt/airflow/dags/move_bronze_to_silver_partitioned.py
[2025-04-28T13:44:05.254+0000] {processor.py:840} INFO - DAG(s) 'move_bronze_to_silver_partitioned' retrieved from /opt/airflow/dags/move_bronze_to_silver_partitioned.py
[2025-04-28T13:44:05.271+0000] {logging_mixin.py:188} INFO - [2025-04-28T13:44:05.271+0000] {dag.py:3096} INFO - Sync 1 DAGs
[2025-04-28T13:44:05.278+0000] {logging_mixin.py:188} INFO - [2025-04-28T13:44:05.278+0000] {dag.py:3954} INFO - Setting next_dagrun for move_bronze_to_silver_partitioned to None, run_after=None
[2025-04-28T13:44:05.287+0000] {processor.py:183} INFO - Processing /opt/airflow/dags/move_bronze_to_silver_partitioned.py took 0.189 seconds
[2025-04-28T13:44:35.911+0000] {processor.py:161} INFO - Started process (PID=8860) to work on /opt/airflow/dags/move_bronze_to_silver_partitioned.py
[2025-04-28T13:44:35.912+0000] {processor.py:830} INFO - Processing file /opt/airflow/dags/move_bronze_to_silver_partitioned.py for tasks to queue
[2025-04-28T13:44:35.913+0000] {logging_mixin.py:188} INFO - [2025-04-28T13:44:35.913+0000] {dagbag.py:540} INFO - Filling up the DagBag from /opt/airflow/dags/move_bronze_to_silver_partitioned.py
[2025-04-28T13:44:36.065+0000] {processor.py:840} INFO - DAG(s) 'move_bronze_to_silver_partitioned' retrieved from /opt/airflow/dags/move_bronze_to_silver_partitioned.py
[2025-04-28T13:44:36.078+0000] {logging_mixin.py:188} INFO - [2025-04-28T13:44:36.078+0000] {dag.py:3096} INFO - Sync 1 DAGs
[2025-04-28T13:44:36.084+0000] {logging_mixin.py:188} INFO - [2025-04-28T13:44:36.084+0000] {dag.py:3954} INFO - Setting next_dagrun for move_bronze_to_silver_partitioned to None, run_after=None
[2025-04-28T13:44:36.094+0000] {processor.py:183} INFO - Processing /opt/airflow/dags/move_bronze_to_silver_partitioned.py took 0.185 seconds
[2025-04-28T13:45:06.726+0000] {processor.py:161} INFO - Started process (PID=8895) to work on /opt/airflow/dags/move_bronze_to_silver_partitioned.py
[2025-04-28T13:45:06.727+0000] {processor.py:830} INFO - Processing file /opt/airflow/dags/move_bronze_to_silver_partitioned.py for tasks to queue
[2025-04-28T13:45:06.727+0000] {logging_mixin.py:188} INFO - [2025-04-28T13:45:06.727+0000] {dagbag.py:540} INFO - Filling up the DagBag from /opt/airflow/dags/move_bronze_to_silver_partitioned.py
[2025-04-28T13:45:06.872+0000] {processor.py:840} INFO - DAG(s) 'move_bronze_to_silver_partitioned' retrieved from /opt/airflow/dags/move_bronze_to_silver_partitioned.py
[2025-04-28T13:45:06.887+0000] {logging_mixin.py:188} INFO - [2025-04-28T13:45:06.886+0000] {dag.py:3096} INFO - Sync 1 DAGs
[2025-04-28T13:45:06.896+0000] {logging_mixin.py:188} INFO - [2025-04-28T13:45:06.896+0000] {dag.py:3954} INFO - Setting next_dagrun for move_bronze_to_silver_partitioned to None, run_after=None
[2025-04-28T13:45:06.907+0000] {processor.py:183} INFO - Processing /opt/airflow/dags/move_bronze_to_silver_partitioned.py took 0.184 seconds
[2025-04-28T13:45:37.495+0000] {processor.py:161} INFO - Started process (PID=8930) to work on /opt/airflow/dags/move_bronze_to_silver_partitioned.py
[2025-04-28T13:45:37.495+0000] {processor.py:830} INFO - Processing file /opt/airflow/dags/move_bronze_to_silver_partitioned.py for tasks to queue
[2025-04-28T13:45:37.496+0000] {logging_mixin.py:188} INFO - [2025-04-28T13:45:37.496+0000] {dagbag.py:540} INFO - Filling up the DagBag from /opt/airflow/dags/move_bronze_to_silver_partitioned.py
[2025-04-28T13:45:37.643+0000] {processor.py:840} INFO - DAG(s) 'move_bronze_to_silver_partitioned' retrieved from /opt/airflow/dags/move_bronze_to_silver_partitioned.py
[2025-04-28T13:45:37.660+0000] {logging_mixin.py:188} INFO - [2025-04-28T13:45:37.659+0000] {dag.py:3096} INFO - Sync 1 DAGs
[2025-04-28T13:45:37.666+0000] {logging_mixin.py:188} INFO - [2025-04-28T13:45:37.666+0000] {dag.py:3954} INFO - Setting next_dagrun for move_bronze_to_silver_partitioned to None, run_after=None
[2025-04-28T13:45:37.675+0000] {processor.py:183} INFO - Processing /opt/airflow/dags/move_bronze_to_silver_partitioned.py took 0.183 seconds
[2025-04-28T13:46:08.329+0000] {processor.py:161} INFO - Started process (PID=8965) to work on /opt/airflow/dags/move_bronze_to_silver_partitioned.py
[2025-04-28T13:46:08.329+0000] {processor.py:830} INFO - Processing file /opt/airflow/dags/move_bronze_to_silver_partitioned.py for tasks to queue
[2025-04-28T13:46:08.331+0000] {logging_mixin.py:188} INFO - [2025-04-28T13:46:08.330+0000] {dagbag.py:540} INFO - Filling up the DagBag from /opt/airflow/dags/move_bronze_to_silver_partitioned.py
[2025-04-28T13:46:08.483+0000] {processor.py:840} INFO - DAG(s) 'move_bronze_to_silver_partitioned' retrieved from /opt/airflow/dags/move_bronze_to_silver_partitioned.py
[2025-04-28T13:46:08.503+0000] {logging_mixin.py:188} INFO - [2025-04-28T13:46:08.503+0000] {dag.py:3096} INFO - Sync 1 DAGs
[2025-04-28T13:46:08.511+0000] {logging_mixin.py:188} INFO - [2025-04-28T13:46:08.511+0000] {dag.py:3954} INFO - Setting next_dagrun for move_bronze_to_silver_partitioned to None, run_after=None
[2025-04-28T13:46:08.523+0000] {processor.py:183} INFO - Processing /opt/airflow/dags/move_bronze_to_silver_partitioned.py took 0.197 seconds
[2025-04-28T13:46:39.137+0000] {processor.py:161} INFO - Started process (PID=9000) to work on /opt/airflow/dags/move_bronze_to_silver_partitioned.py
[2025-04-28T13:46:39.138+0000] {processor.py:830} INFO - Processing file /opt/airflow/dags/move_bronze_to_silver_partitioned.py for tasks to queue
[2025-04-28T13:46:39.139+0000] {logging_mixin.py:188} INFO - [2025-04-28T13:46:39.138+0000] {dagbag.py:540} INFO - Filling up the DagBag from /opt/airflow/dags/move_bronze_to_silver_partitioned.py
[2025-04-28T13:46:39.285+0000] {processor.py:840} INFO - DAG(s) 'move_bronze_to_silver_partitioned' retrieved from /opt/airflow/dags/move_bronze_to_silver_partitioned.py
[2025-04-28T13:46:39.298+0000] {logging_mixin.py:188} INFO - [2025-04-28T13:46:39.298+0000] {dag.py:3096} INFO - Sync 1 DAGs
[2025-04-28T13:46:39.308+0000] {logging_mixin.py:188} INFO - [2025-04-28T13:46:39.307+0000] {dag.py:3954} INFO - Setting next_dagrun for move_bronze_to_silver_partitioned to None, run_after=None
[2025-04-28T13:46:39.316+0000] {processor.py:183} INFO - Processing /opt/airflow/dags/move_bronze_to_silver_partitioned.py took 0.182 seconds
[2025-04-28T13:47:09.922+0000] {processor.py:161} INFO - Started process (PID=9035) to work on /opt/airflow/dags/move_bronze_to_silver_partitioned.py
[2025-04-28T13:47:09.923+0000] {processor.py:830} INFO - Processing file /opt/airflow/dags/move_bronze_to_silver_partitioned.py for tasks to queue
[2025-04-28T13:47:09.924+0000] {logging_mixin.py:188} INFO - [2025-04-28T13:47:09.924+0000] {dagbag.py:540} INFO - Filling up the DagBag from /opt/airflow/dags/move_bronze_to_silver_partitioned.py
[2025-04-28T13:47:10.076+0000] {processor.py:840} INFO - DAG(s) 'move_bronze_to_silver_partitioned' retrieved from /opt/airflow/dags/move_bronze_to_silver_partitioned.py
[2025-04-28T13:47:10.090+0000] {logging_mixin.py:188} INFO - [2025-04-28T13:47:10.090+0000] {dag.py:3096} INFO - Sync 1 DAGs
[2025-04-28T13:47:10.097+0000] {logging_mixin.py:188} INFO - [2025-04-28T13:47:10.097+0000] {dag.py:3954} INFO - Setting next_dagrun for move_bronze_to_silver_partitioned to None, run_after=None
[2025-04-28T13:47:10.109+0000] {processor.py:183} INFO - Processing /opt/airflow/dags/move_bronze_to_silver_partitioned.py took 0.190 seconds
[2025-04-28T13:47:40.753+0000] {processor.py:161} INFO - Started process (PID=9070) to work on /opt/airflow/dags/move_bronze_to_silver_partitioned.py
[2025-04-28T13:47:40.753+0000] {processor.py:830} INFO - Processing file /opt/airflow/dags/move_bronze_to_silver_partitioned.py for tasks to queue
[2025-04-28T13:47:40.754+0000] {logging_mixin.py:188} INFO - [2025-04-28T13:47:40.754+0000] {dagbag.py:540} INFO - Filling up the DagBag from /opt/airflow/dags/move_bronze_to_silver_partitioned.py
[2025-04-28T13:47:40.898+0000] {processor.py:840} INFO - DAG(s) 'move_bronze_to_silver_partitioned' retrieved from /opt/airflow/dags/move_bronze_to_silver_partitioned.py
[2025-04-28T13:47:40.912+0000] {logging_mixin.py:188} INFO - [2025-04-28T13:47:40.912+0000] {dag.py:3096} INFO - Sync 1 DAGs
[2025-04-28T13:47:40.919+0000] {logging_mixin.py:188} INFO - [2025-04-28T13:47:40.918+0000] {dag.py:3954} INFO - Setting next_dagrun for move_bronze_to_silver_partitioned to None, run_after=None
[2025-04-28T13:47:40.929+0000] {processor.py:183} INFO - Processing /opt/airflow/dags/move_bronze_to_silver_partitioned.py took 0.179 seconds
[2025-04-28T13:48:11.619+0000] {processor.py:161} INFO - Started process (PID=9105) to work on /opt/airflow/dags/move_bronze_to_silver_partitioned.py
[2025-04-28T13:48:11.619+0000] {processor.py:830} INFO - Processing file /opt/airflow/dags/move_bronze_to_silver_partitioned.py for tasks to queue
[2025-04-28T13:48:11.620+0000] {logging_mixin.py:188} INFO - [2025-04-28T13:48:11.620+0000] {dagbag.py:540} INFO - Filling up the DagBag from /opt/airflow/dags/move_bronze_to_silver_partitioned.py
[2025-04-28T13:48:11.764+0000] {processor.py:840} INFO - DAG(s) 'move_bronze_to_silver_partitioned' retrieved from /opt/airflow/dags/move_bronze_to_silver_partitioned.py
[2025-04-28T13:48:11.777+0000] {logging_mixin.py:188} INFO - [2025-04-28T13:48:11.777+0000] {dag.py:3096} INFO - Sync 1 DAGs
[2025-04-28T13:48:11.786+0000] {logging_mixin.py:188} INFO - [2025-04-28T13:48:11.786+0000] {dag.py:3954} INFO - Setting next_dagrun for move_bronze_to_silver_partitioned to None, run_after=None
[2025-04-28T13:48:11.797+0000] {processor.py:183} INFO - Processing /opt/airflow/dags/move_bronze_to_silver_partitioned.py took 0.181 seconds
[2025-04-28T13:48:42.433+0000] {processor.py:161} INFO - Started process (PID=9140) to work on /opt/airflow/dags/move_bronze_to_silver_partitioned.py
[2025-04-28T13:48:42.433+0000] {processor.py:830} INFO - Processing file /opt/airflow/dags/move_bronze_to_silver_partitioned.py for tasks to queue
[2025-04-28T13:48:42.434+0000] {logging_mixin.py:188} INFO - [2025-04-28T13:48:42.434+0000] {dagbag.py:540} INFO - Filling up the DagBag from /opt/airflow/dags/move_bronze_to_silver_partitioned.py
[2025-04-28T13:48:42.577+0000] {processor.py:840} INFO - DAG(s) 'move_bronze_to_silver_partitioned' retrieved from /opt/airflow/dags/move_bronze_to_silver_partitioned.py
[2025-04-28T13:48:42.590+0000] {logging_mixin.py:188} INFO - [2025-04-28T13:48:42.590+0000] {dag.py:3096} INFO - Sync 1 DAGs
[2025-04-28T13:48:42.599+0000] {logging_mixin.py:188} INFO - [2025-04-28T13:48:42.599+0000] {dag.py:3954} INFO - Setting next_dagrun for move_bronze_to_silver_partitioned to None, run_after=None
[2025-04-28T13:48:42.610+0000] {processor.py:183} INFO - Processing /opt/airflow/dags/move_bronze_to_silver_partitioned.py took 0.180 seconds
[2025-04-28T13:49:13.274+0000] {processor.py:161} INFO - Started process (PID=9175) to work on /opt/airflow/dags/move_bronze_to_silver_partitioned.py
[2025-04-28T13:49:13.275+0000] {processor.py:830} INFO - Processing file /opt/airflow/dags/move_bronze_to_silver_partitioned.py for tasks to queue
[2025-04-28T13:49:13.276+0000] {logging_mixin.py:188} INFO - [2025-04-28T13:49:13.275+0000] {dagbag.py:540} INFO - Filling up the DagBag from /opt/airflow/dags/move_bronze_to_silver_partitioned.py
[2025-04-28T13:49:13.418+0000] {processor.py:840} INFO - DAG(s) 'move_bronze_to_silver_partitioned' retrieved from /opt/airflow/dags/move_bronze_to_silver_partitioned.py
[2025-04-28T13:49:13.432+0000] {logging_mixin.py:188} INFO - [2025-04-28T13:49:13.431+0000] {dag.py:3096} INFO - Sync 1 DAGs
[2025-04-28T13:49:13.439+0000] {logging_mixin.py:188} INFO - [2025-04-28T13:49:13.439+0000] {dag.py:3954} INFO - Setting next_dagrun for move_bronze_to_silver_partitioned to None, run_after=None
[2025-04-28T13:49:13.450+0000] {processor.py:183} INFO - Processing /opt/airflow/dags/move_bronze_to_silver_partitioned.py took 0.178 seconds
[2025-04-28T13:49:44.083+0000] {processor.py:161} INFO - Started process (PID=9210) to work on /opt/airflow/dags/move_bronze_to_silver_partitioned.py
[2025-04-28T13:49:44.083+0000] {processor.py:830} INFO - Processing file /opt/airflow/dags/move_bronze_to_silver_partitioned.py for tasks to queue
[2025-04-28T13:49:44.084+0000] {logging_mixin.py:188} INFO - [2025-04-28T13:49:44.084+0000] {dagbag.py:540} INFO - Filling up the DagBag from /opt/airflow/dags/move_bronze_to_silver_partitioned.py
[2025-04-28T13:49:44.229+0000] {processor.py:840} INFO - DAG(s) 'move_bronze_to_silver_partitioned' retrieved from /opt/airflow/dags/move_bronze_to_silver_partitioned.py
[2025-04-28T13:49:44.242+0000] {logging_mixin.py:188} INFO - [2025-04-28T13:49:44.242+0000] {dag.py:3096} INFO - Sync 1 DAGs
[2025-04-28T13:49:44.250+0000] {logging_mixin.py:188} INFO - [2025-04-28T13:49:44.250+0000] {dag.py:3954} INFO - Setting next_dagrun for move_bronze_to_silver_partitioned to None, run_after=None
[2025-04-28T13:49:44.261+0000] {processor.py:183} INFO - Processing /opt/airflow/dags/move_bronze_to_silver_partitioned.py took 0.182 seconds
[2025-04-28T13:50:14.887+0000] {processor.py:161} INFO - Started process (PID=9245) to work on /opt/airflow/dags/move_bronze_to_silver_partitioned.py
[2025-04-28T13:50:14.888+0000] {processor.py:830} INFO - Processing file /opt/airflow/dags/move_bronze_to_silver_partitioned.py for tasks to queue
[2025-04-28T13:50:14.889+0000] {logging_mixin.py:188} INFO - [2025-04-28T13:50:14.888+0000] {dagbag.py:540} INFO - Filling up the DagBag from /opt/airflow/dags/move_bronze_to_silver_partitioned.py
[2025-04-28T13:50:15.066+0000] {processor.py:840} INFO - DAG(s) 'move_bronze_to_silver_partitioned' retrieved from /opt/airflow/dags/move_bronze_to_silver_partitioned.py
[2025-04-28T13:50:15.081+0000] {logging_mixin.py:188} INFO - [2025-04-28T13:50:15.080+0000] {dag.py:3096} INFO - Sync 1 DAGs
[2025-04-28T13:50:15.092+0000] {logging_mixin.py:188} INFO - [2025-04-28T13:50:15.091+0000] {dag.py:3954} INFO - Setting next_dagrun for move_bronze_to_silver_partitioned to None, run_after=None
[2025-04-28T13:50:15.103+0000] {processor.py:183} INFO - Processing /opt/airflow/dags/move_bronze_to_silver_partitioned.py took 0.218 seconds
[2025-04-28T13:50:45.729+0000] {processor.py:161} INFO - Started process (PID=9280) to work on /opt/airflow/dags/move_bronze_to_silver_partitioned.py
[2025-04-28T13:50:45.730+0000] {processor.py:830} INFO - Processing file /opt/airflow/dags/move_bronze_to_silver_partitioned.py for tasks to queue
[2025-04-28T13:50:45.730+0000] {logging_mixin.py:188} INFO - [2025-04-28T13:50:45.730+0000] {dagbag.py:540} INFO - Filling up the DagBag from /opt/airflow/dags/move_bronze_to_silver_partitioned.py
[2025-04-28T13:50:45.880+0000] {processor.py:840} INFO - DAG(s) 'move_bronze_to_silver_partitioned' retrieved from /opt/airflow/dags/move_bronze_to_silver_partitioned.py
[2025-04-28T13:50:45.897+0000] {logging_mixin.py:188} INFO - [2025-04-28T13:50:45.897+0000] {dag.py:3096} INFO - Sync 1 DAGs
[2025-04-28T13:50:45.904+0000] {logging_mixin.py:188} INFO - [2025-04-28T13:50:45.904+0000] {dag.py:3954} INFO - Setting next_dagrun for move_bronze_to_silver_partitioned to None, run_after=None
[2025-04-28T13:50:45.916+0000] {processor.py:183} INFO - Processing /opt/airflow/dags/move_bronze_to_silver_partitioned.py took 0.190 seconds
[2025-04-28T13:51:16.531+0000] {processor.py:161} INFO - Started process (PID=9315) to work on /opt/airflow/dags/move_bronze_to_silver_partitioned.py
[2025-04-28T13:51:16.532+0000] {processor.py:830} INFO - Processing file /opt/airflow/dags/move_bronze_to_silver_partitioned.py for tasks to queue
[2025-04-28T13:51:16.532+0000] {logging_mixin.py:188} INFO - [2025-04-28T13:51:16.532+0000] {dagbag.py:540} INFO - Filling up the DagBag from /opt/airflow/dags/move_bronze_to_silver_partitioned.py
[2025-04-28T13:51:16.676+0000] {processor.py:840} INFO - DAG(s) 'move_bronze_to_silver_partitioned' retrieved from /opt/airflow/dags/move_bronze_to_silver_partitioned.py
[2025-04-28T13:51:16.690+0000] {logging_mixin.py:188} INFO - [2025-04-28T13:51:16.690+0000] {dag.py:3096} INFO - Sync 1 DAGs
[2025-04-28T13:51:16.701+0000] {logging_mixin.py:188} INFO - [2025-04-28T13:51:16.701+0000] {dag.py:3954} INFO - Setting next_dagrun for move_bronze_to_silver_partitioned to None, run_after=None
[2025-04-28T13:51:16.709+0000] {processor.py:183} INFO - Processing /opt/airflow/dags/move_bronze_to_silver_partitioned.py took 0.181 seconds
[2025-04-28T13:51:47.352+0000] {processor.py:161} INFO - Started process (PID=9350) to work on /opt/airflow/dags/move_bronze_to_silver_partitioned.py
[2025-04-28T13:51:47.353+0000] {processor.py:830} INFO - Processing file /opt/airflow/dags/move_bronze_to_silver_partitioned.py for tasks to queue
[2025-04-28T13:51:47.354+0000] {logging_mixin.py:188} INFO - [2025-04-28T13:51:47.353+0000] {dagbag.py:540} INFO - Filling up the DagBag from /opt/airflow/dags/move_bronze_to_silver_partitioned.py
[2025-04-28T13:51:47.499+0000] {processor.py:840} INFO - DAG(s) 'move_bronze_to_silver_partitioned' retrieved from /opt/airflow/dags/move_bronze_to_silver_partitioned.py
[2025-04-28T13:51:47.515+0000] {logging_mixin.py:188} INFO - [2025-04-28T13:51:47.515+0000] {dag.py:3096} INFO - Sync 1 DAGs
[2025-04-28T13:51:47.521+0000] {logging_mixin.py:188} INFO - [2025-04-28T13:51:47.521+0000] {dag.py:3954} INFO - Setting next_dagrun for move_bronze_to_silver_partitioned to None, run_after=None
[2025-04-28T13:51:47.530+0000] {processor.py:183} INFO - Processing /opt/airflow/dags/move_bronze_to_silver_partitioned.py took 0.181 seconds
[2025-04-28T13:52:18.149+0000] {processor.py:161} INFO - Started process (PID=9385) to work on /opt/airflow/dags/move_bronze_to_silver_partitioned.py
[2025-04-28T13:52:18.150+0000] {processor.py:830} INFO - Processing file /opt/airflow/dags/move_bronze_to_silver_partitioned.py for tasks to queue
[2025-04-28T13:52:18.151+0000] {logging_mixin.py:188} INFO - [2025-04-28T13:52:18.151+0000] {dagbag.py:540} INFO - Filling up the DagBag from /opt/airflow/dags/move_bronze_to_silver_partitioned.py
[2025-04-28T13:52:18.300+0000] {processor.py:840} INFO - DAG(s) 'move_bronze_to_silver_partitioned' retrieved from /opt/airflow/dags/move_bronze_to_silver_partitioned.py
[2025-04-28T13:52:18.321+0000] {logging_mixin.py:188} INFO - [2025-04-28T13:52:18.321+0000] {dag.py:3096} INFO - Sync 1 DAGs
[2025-04-28T13:52:18.328+0000] {logging_mixin.py:188} INFO - [2025-04-28T13:52:18.328+0000] {dag.py:3954} INFO - Setting next_dagrun for move_bronze_to_silver_partitioned to None, run_after=None
[2025-04-28T13:52:18.340+0000] {processor.py:183} INFO - Processing /opt/airflow/dags/move_bronze_to_silver_partitioned.py took 0.193 seconds
[2025-04-28T13:52:48.990+0000] {processor.py:161} INFO - Started process (PID=9420) to work on /opt/airflow/dags/move_bronze_to_silver_partitioned.py
[2025-04-28T13:52:48.991+0000] {processor.py:830} INFO - Processing file /opt/airflow/dags/move_bronze_to_silver_partitioned.py for tasks to queue
[2025-04-28T13:52:48.992+0000] {logging_mixin.py:188} INFO - [2025-04-28T13:52:48.992+0000] {dagbag.py:540} INFO - Filling up the DagBag from /opt/airflow/dags/move_bronze_to_silver_partitioned.py
[2025-04-28T13:52:49.139+0000] {processor.py:840} INFO - DAG(s) 'move_bronze_to_silver_partitioned' retrieved from /opt/airflow/dags/move_bronze_to_silver_partitioned.py
[2025-04-28T13:52:49.153+0000] {logging_mixin.py:188} INFO - [2025-04-28T13:52:49.152+0000] {dag.py:3096} INFO - Sync 1 DAGs
[2025-04-28T13:52:49.162+0000] {logging_mixin.py:188} INFO - [2025-04-28T13:52:49.162+0000] {dag.py:3954} INFO - Setting next_dagrun for move_bronze_to_silver_partitioned to None, run_after=None
[2025-04-28T13:52:49.172+0000] {processor.py:183} INFO - Processing /opt/airflow/dags/move_bronze_to_silver_partitioned.py took 0.184 seconds
[2025-04-28T13:53:19.785+0000] {processor.py:161} INFO - Started process (PID=9455) to work on /opt/airflow/dags/move_bronze_to_silver_partitioned.py
[2025-04-28T13:53:19.785+0000] {processor.py:830} INFO - Processing file /opt/airflow/dags/move_bronze_to_silver_partitioned.py for tasks to queue
[2025-04-28T13:53:19.786+0000] {logging_mixin.py:188} INFO - [2025-04-28T13:53:19.786+0000] {dagbag.py:540} INFO - Filling up the DagBag from /opt/airflow/dags/move_bronze_to_silver_partitioned.py
[2025-04-28T13:53:19.931+0000] {processor.py:840} INFO - DAG(s) 'move_bronze_to_silver_partitioned' retrieved from /opt/airflow/dags/move_bronze_to_silver_partitioned.py
[2025-04-28T13:53:19.944+0000] {logging_mixin.py:188} INFO - [2025-04-28T13:53:19.944+0000] {dag.py:3096} INFO - Sync 1 DAGs
[2025-04-28T13:53:19.951+0000] {logging_mixin.py:188} INFO - [2025-04-28T13:53:19.951+0000] {dag.py:3954} INFO - Setting next_dagrun for move_bronze_to_silver_partitioned to None, run_after=None
[2025-04-28T13:53:19.963+0000] {processor.py:183} INFO - Processing /opt/airflow/dags/move_bronze_to_silver_partitioned.py took 0.181 seconds
[2025-04-28T13:53:50.575+0000] {processor.py:161} INFO - Started process (PID=9490) to work on /opt/airflow/dags/move_bronze_to_silver_partitioned.py
[2025-04-28T13:53:50.576+0000] {processor.py:830} INFO - Processing file /opt/airflow/dags/move_bronze_to_silver_partitioned.py for tasks to queue
[2025-04-28T13:53:50.577+0000] {logging_mixin.py:188} INFO - [2025-04-28T13:53:50.577+0000] {dagbag.py:540} INFO - Filling up the DagBag from /opt/airflow/dags/move_bronze_to_silver_partitioned.py
[2025-04-28T13:53:50.729+0000] {processor.py:840} INFO - DAG(s) 'move_bronze_to_silver_partitioned' retrieved from /opt/airflow/dags/move_bronze_to_silver_partitioned.py
[2025-04-28T13:53:50.747+0000] {logging_mixin.py:188} INFO - [2025-04-28T13:53:50.747+0000] {dag.py:3096} INFO - Sync 1 DAGs
[2025-04-28T13:53:50.755+0000] {logging_mixin.py:188} INFO - [2025-04-28T13:53:50.755+0000] {dag.py:3954} INFO - Setting next_dagrun for move_bronze_to_silver_partitioned to None, run_after=None
[2025-04-28T13:53:50.765+0000] {processor.py:183} INFO - Processing /opt/airflow/dags/move_bronze_to_silver_partitioned.py took 0.197 seconds
[2025-04-28T13:54:21.383+0000] {processor.py:161} INFO - Started process (PID=9525) to work on /opt/airflow/dags/move_bronze_to_silver_partitioned.py
[2025-04-28T13:54:21.384+0000] {processor.py:830} INFO - Processing file /opt/airflow/dags/move_bronze_to_silver_partitioned.py for tasks to queue
[2025-04-28T13:54:21.385+0000] {logging_mixin.py:188} INFO - [2025-04-28T13:54:21.385+0000] {dagbag.py:540} INFO - Filling up the DagBag from /opt/airflow/dags/move_bronze_to_silver_partitioned.py
[2025-04-28T13:54:21.532+0000] {processor.py:840} INFO - DAG(s) 'move_bronze_to_silver_partitioned' retrieved from /opt/airflow/dags/move_bronze_to_silver_partitioned.py
[2025-04-28T13:54:21.547+0000] {logging_mixin.py:188} INFO - [2025-04-28T13:54:21.547+0000] {dag.py:3096} INFO - Sync 1 DAGs
[2025-04-28T13:54:21.554+0000] {logging_mixin.py:188} INFO - [2025-04-28T13:54:21.554+0000] {dag.py:3954} INFO - Setting next_dagrun for move_bronze_to_silver_partitioned to None, run_after=None
[2025-04-28T13:54:21.568+0000] {processor.py:183} INFO - Processing /opt/airflow/dags/move_bronze_to_silver_partitioned.py took 0.188 seconds
[2025-04-28T13:54:52.233+0000] {processor.py:161} INFO - Started process (PID=9560) to work on /opt/airflow/dags/move_bronze_to_silver_partitioned.py
[2025-04-28T13:54:52.234+0000] {processor.py:830} INFO - Processing file /opt/airflow/dags/move_bronze_to_silver_partitioned.py for tasks to queue
[2025-04-28T13:54:52.235+0000] {logging_mixin.py:188} INFO - [2025-04-28T13:54:52.235+0000] {dagbag.py:540} INFO - Filling up the DagBag from /opt/airflow/dags/move_bronze_to_silver_partitioned.py
[2025-04-28T13:54:52.379+0000] {processor.py:840} INFO - DAG(s) 'move_bronze_to_silver_partitioned' retrieved from /opt/airflow/dags/move_bronze_to_silver_partitioned.py
[2025-04-28T13:54:52.394+0000] {logging_mixin.py:188} INFO - [2025-04-28T13:54:52.394+0000] {dag.py:3096} INFO - Sync 1 DAGs
[2025-04-28T13:54:52.401+0000] {logging_mixin.py:188} INFO - [2025-04-28T13:54:52.401+0000] {dag.py:3954} INFO - Setting next_dagrun for move_bronze_to_silver_partitioned to None, run_after=None
[2025-04-28T13:54:52.408+0000] {processor.py:183} INFO - Processing /opt/airflow/dags/move_bronze_to_silver_partitioned.py took 0.178 seconds
[2025-04-28T13:55:23.036+0000] {processor.py:161} INFO - Started process (PID=9595) to work on /opt/airflow/dags/move_bronze_to_silver_partitioned.py
[2025-04-28T13:55:23.037+0000] {processor.py:830} INFO - Processing file /opt/airflow/dags/move_bronze_to_silver_partitioned.py for tasks to queue
[2025-04-28T13:55:23.038+0000] {logging_mixin.py:188} INFO - [2025-04-28T13:55:23.038+0000] {dagbag.py:540} INFO - Filling up the DagBag from /opt/airflow/dags/move_bronze_to_silver_partitioned.py
[2025-04-28T13:55:23.184+0000] {processor.py:840} INFO - DAG(s) 'move_bronze_to_silver_partitioned' retrieved from /opt/airflow/dags/move_bronze_to_silver_partitioned.py
[2025-04-28T13:55:23.197+0000] {logging_mixin.py:188} INFO - [2025-04-28T13:55:23.197+0000] {dag.py:3096} INFO - Sync 1 DAGs
[2025-04-28T13:55:23.206+0000] {logging_mixin.py:188} INFO - [2025-04-28T13:55:23.206+0000] {dag.py:3954} INFO - Setting next_dagrun for move_bronze_to_silver_partitioned to None, run_after=None
[2025-04-28T13:55:23.220+0000] {processor.py:183} INFO - Processing /opt/airflow/dags/move_bronze_to_silver_partitioned.py took 0.187 seconds
[2025-04-28T13:55:53.878+0000] {processor.py:161} INFO - Started process (PID=9630) to work on /opt/airflow/dags/move_bronze_to_silver_partitioned.py
[2025-04-28T13:55:53.878+0000] {processor.py:830} INFO - Processing file /opt/airflow/dags/move_bronze_to_silver_partitioned.py for tasks to queue
[2025-04-28T13:55:53.879+0000] {logging_mixin.py:188} INFO - [2025-04-28T13:55:53.879+0000] {dagbag.py:540} INFO - Filling up the DagBag from /opt/airflow/dags/move_bronze_to_silver_partitioned.py
[2025-04-28T13:55:54.024+0000] {processor.py:840} INFO - DAG(s) 'move_bronze_to_silver_partitioned' retrieved from /opt/airflow/dags/move_bronze_to_silver_partitioned.py
[2025-04-28T13:55:54.038+0000] {logging_mixin.py:188} INFO - [2025-04-28T13:55:54.037+0000] {dag.py:3096} INFO - Sync 1 DAGs
[2025-04-28T13:55:54.046+0000] {logging_mixin.py:188} INFO - [2025-04-28T13:55:54.046+0000] {dag.py:3954} INFO - Setting next_dagrun for move_bronze_to_silver_partitioned to None, run_after=None
[2025-04-28T13:55:54.059+0000] {processor.py:183} INFO - Processing /opt/airflow/dags/move_bronze_to_silver_partitioned.py took 0.184 seconds
[2025-04-28T13:56:24.682+0000] {processor.py:161} INFO - Started process (PID=9665) to work on /opt/airflow/dags/move_bronze_to_silver_partitioned.py
[2025-04-28T13:56:24.682+0000] {processor.py:830} INFO - Processing file /opt/airflow/dags/move_bronze_to_silver_partitioned.py for tasks to queue
[2025-04-28T13:56:24.683+0000] {logging_mixin.py:188} INFO - [2025-04-28T13:56:24.683+0000] {dagbag.py:540} INFO - Filling up the DagBag from /opt/airflow/dags/move_bronze_to_silver_partitioned.py
[2025-04-28T13:56:24.827+0000] {processor.py:840} INFO - DAG(s) 'move_bronze_to_silver_partitioned' retrieved from /opt/airflow/dags/move_bronze_to_silver_partitioned.py
[2025-04-28T13:56:24.842+0000] {logging_mixin.py:188} INFO - [2025-04-28T13:56:24.842+0000] {dag.py:3096} INFO - Sync 1 DAGs
[2025-04-28T13:56:24.853+0000] {logging_mixin.py:188} INFO - [2025-04-28T13:56:24.853+0000] {dag.py:3954} INFO - Setting next_dagrun for move_bronze_to_silver_partitioned to None, run_after=None
[2025-04-28T13:56:24.865+0000] {processor.py:183} INFO - Processing /opt/airflow/dags/move_bronze_to_silver_partitioned.py took 0.186 seconds
[2025-04-28T13:56:55.465+0000] {processor.py:161} INFO - Started process (PID=9700) to work on /opt/airflow/dags/move_bronze_to_silver_partitioned.py
[2025-04-28T13:56:55.465+0000] {processor.py:830} INFO - Processing file /opt/airflow/dags/move_bronze_to_silver_partitioned.py for tasks to queue
[2025-04-28T13:56:55.466+0000] {logging_mixin.py:188} INFO - [2025-04-28T13:56:55.466+0000] {dagbag.py:540} INFO - Filling up the DagBag from /opt/airflow/dags/move_bronze_to_silver_partitioned.py
[2025-04-28T13:56:55.611+0000] {processor.py:840} INFO - DAG(s) 'move_bronze_to_silver_partitioned' retrieved from /opt/airflow/dags/move_bronze_to_silver_partitioned.py
[2025-04-28T13:56:55.624+0000] {logging_mixin.py:188} INFO - [2025-04-28T13:56:55.624+0000] {dag.py:3096} INFO - Sync 1 DAGs
[2025-04-28T13:56:55.632+0000] {logging_mixin.py:188} INFO - [2025-04-28T13:56:55.632+0000] {dag.py:3954} INFO - Setting next_dagrun for move_bronze_to_silver_partitioned to None, run_after=None
[2025-04-28T13:56:55.645+0000] {processor.py:183} INFO - Processing /opt/airflow/dags/move_bronze_to_silver_partitioned.py took 0.183 seconds
[2025-04-28T13:57:26.257+0000] {processor.py:161} INFO - Started process (PID=9735) to work on /opt/airflow/dags/move_bronze_to_silver_partitioned.py
[2025-04-28T13:57:26.258+0000] {processor.py:830} INFO - Processing file /opt/airflow/dags/move_bronze_to_silver_partitioned.py for tasks to queue
[2025-04-28T13:57:26.258+0000] {logging_mixin.py:188} INFO - [2025-04-28T13:57:26.258+0000] {dagbag.py:540} INFO - Filling up the DagBag from /opt/airflow/dags/move_bronze_to_silver_partitioned.py
[2025-04-28T13:57:26.404+0000] {processor.py:840} INFO - DAG(s) 'move_bronze_to_silver_partitioned' retrieved from /opt/airflow/dags/move_bronze_to_silver_partitioned.py
[2025-04-28T13:57:26.417+0000] {logging_mixin.py:188} INFO - [2025-04-28T13:57:26.417+0000] {dag.py:3096} INFO - Sync 1 DAGs
[2025-04-28T13:57:26.429+0000] {logging_mixin.py:188} INFO - [2025-04-28T13:57:26.429+0000] {dag.py:3954} INFO - Setting next_dagrun for move_bronze_to_silver_partitioned to None, run_after=None
[2025-04-28T13:57:26.441+0000] {processor.py:183} INFO - Processing /opt/airflow/dags/move_bronze_to_silver_partitioned.py took 0.186 seconds
[2025-04-28T13:57:57.081+0000] {processor.py:161} INFO - Started process (PID=9770) to work on /opt/airflow/dags/move_bronze_to_silver_partitioned.py
[2025-04-28T13:57:57.081+0000] {processor.py:830} INFO - Processing file /opt/airflow/dags/move_bronze_to_silver_partitioned.py for tasks to queue
[2025-04-28T13:57:57.082+0000] {logging_mixin.py:188} INFO - [2025-04-28T13:57:57.082+0000] {dagbag.py:540} INFO - Filling up the DagBag from /opt/airflow/dags/move_bronze_to_silver_partitioned.py
[2025-04-28T13:57:57.233+0000] {processor.py:840} INFO - DAG(s) 'move_bronze_to_silver_partitioned' retrieved from /opt/airflow/dags/move_bronze_to_silver_partitioned.py
[2025-04-28T13:57:57.247+0000] {logging_mixin.py:188} INFO - [2025-04-28T13:57:57.247+0000] {dag.py:3096} INFO - Sync 1 DAGs
[2025-04-28T13:57:57.254+0000] {logging_mixin.py:188} INFO - [2025-04-28T13:57:57.254+0000] {dag.py:3954} INFO - Setting next_dagrun for move_bronze_to_silver_partitioned to None, run_after=None
[2025-04-28T13:57:57.264+0000] {processor.py:183} INFO - Processing /opt/airflow/dags/move_bronze_to_silver_partitioned.py took 0.186 seconds
[2025-04-28T13:58:27.909+0000] {processor.py:161} INFO - Started process (PID=9805) to work on /opt/airflow/dags/move_bronze_to_silver_partitioned.py
[2025-04-28T13:58:27.910+0000] {processor.py:830} INFO - Processing file /opt/airflow/dags/move_bronze_to_silver_partitioned.py for tasks to queue
[2025-04-28T13:58:27.910+0000] {logging_mixin.py:188} INFO - [2025-04-28T13:58:27.910+0000] {dagbag.py:540} INFO - Filling up the DagBag from /opt/airflow/dags/move_bronze_to_silver_partitioned.py
[2025-04-28T13:58:28.063+0000] {processor.py:840} INFO - DAG(s) 'move_bronze_to_silver_partitioned' retrieved from /opt/airflow/dags/move_bronze_to_silver_partitioned.py
[2025-04-28T13:58:28.076+0000] {logging_mixin.py:188} INFO - [2025-04-28T13:58:28.075+0000] {dag.py:3096} INFO - Sync 1 DAGs
[2025-04-28T13:58:28.081+0000] {logging_mixin.py:188} INFO - [2025-04-28T13:58:28.081+0000] {dag.py:3954} INFO - Setting next_dagrun for move_bronze_to_silver_partitioned to None, run_after=None
[2025-04-28T13:58:28.092+0000] {processor.py:183} INFO - Processing /opt/airflow/dags/move_bronze_to_silver_partitioned.py took 0.186 seconds
[2025-04-28T13:58:58.677+0000] {processor.py:161} INFO - Started process (PID=9840) to work on /opt/airflow/dags/move_bronze_to_silver_partitioned.py
[2025-04-28T13:58:58.678+0000] {processor.py:830} INFO - Processing file /opt/airflow/dags/move_bronze_to_silver_partitioned.py for tasks to queue
[2025-04-28T13:58:58.679+0000] {logging_mixin.py:188} INFO - [2025-04-28T13:58:58.678+0000] {dagbag.py:540} INFO - Filling up the DagBag from /opt/airflow/dags/move_bronze_to_silver_partitioned.py
[2025-04-28T13:58:58.820+0000] {processor.py:840} INFO - DAG(s) 'move_bronze_to_silver_partitioned' retrieved from /opt/airflow/dags/move_bronze_to_silver_partitioned.py
[2025-04-28T13:58:58.834+0000] {logging_mixin.py:188} INFO - [2025-04-28T13:58:58.834+0000] {dag.py:3096} INFO - Sync 1 DAGs
[2025-04-28T13:58:58.841+0000] {logging_mixin.py:188} INFO - [2025-04-28T13:58:58.841+0000] {dag.py:3954} INFO - Setting next_dagrun for move_bronze_to_silver_partitioned to None, run_after=None
[2025-04-28T13:58:58.850+0000] {processor.py:183} INFO - Processing /opt/airflow/dags/move_bronze_to_silver_partitioned.py took 0.175 seconds
[2025-04-28T13:59:29.645+0000] {processor.py:161} INFO - Started process (PID=9877) to work on /opt/airflow/dags/move_bronze_to_silver_partitioned.py
[2025-04-28T13:59:29.646+0000] {processor.py:830} INFO - Processing file /opt/airflow/dags/move_bronze_to_silver_partitioned.py for tasks to queue
[2025-04-28T13:59:29.647+0000] {logging_mixin.py:188} INFO - [2025-04-28T13:59:29.647+0000] {dagbag.py:540} INFO - Filling up the DagBag from /opt/airflow/dags/move_bronze_to_silver_partitioned.py
[2025-04-28T13:59:29.798+0000] {processor.py:840} INFO - DAG(s) 'move_bronze_to_silver_partitioned' retrieved from /opt/airflow/dags/move_bronze_to_silver_partitioned.py
[2025-04-28T13:59:29.815+0000] {logging_mixin.py:188} INFO - [2025-04-28T13:59:29.815+0000] {dag.py:3096} INFO - Sync 1 DAGs
[2025-04-28T13:59:29.821+0000] {logging_mixin.py:188} INFO - [2025-04-28T13:59:29.821+0000] {dag.py:3954} INFO - Setting next_dagrun for move_bronze_to_silver_partitioned to None, run_after=None
[2025-04-28T13:59:29.846+0000] {processor.py:183} INFO - Processing /opt/airflow/dags/move_bronze_to_silver_partitioned.py took 0.203 seconds
[2025-04-28T14:00:00.590+0000] {processor.py:161} INFO - Started process (PID=9909) to work on /opt/airflow/dags/move_bronze_to_silver_partitioned.py
[2025-04-28T14:00:00.591+0000] {processor.py:830} INFO - Processing file /opt/airflow/dags/move_bronze_to_silver_partitioned.py for tasks to queue
[2025-04-28T14:00:00.592+0000] {logging_mixin.py:188} INFO - [2025-04-28T14:00:00.592+0000] {dagbag.py:540} INFO - Filling up the DagBag from /opt/airflow/dags/move_bronze_to_silver_partitioned.py
[2025-04-28T14:00:00.738+0000] {processor.py:840} INFO - DAG(s) 'move_bronze_to_silver_partitioned' retrieved from /opt/airflow/dags/move_bronze_to_silver_partitioned.py
[2025-04-28T14:00:00.755+0000] {logging_mixin.py:188} INFO - [2025-04-28T14:00:00.755+0000] {dag.py:3096} INFO - Sync 1 DAGs
[2025-04-28T14:00:00.761+0000] {logging_mixin.py:188} INFO - [2025-04-28T14:00:00.761+0000] {dag.py:3954} INFO - Setting next_dagrun for move_bronze_to_silver_partitioned to None, run_after=None
[2025-04-28T14:00:00.774+0000] {processor.py:183} INFO - Processing /opt/airflow/dags/move_bronze_to_silver_partitioned.py took 0.190 seconds
[2025-04-28T14:00:31.337+0000] {processor.py:161} INFO - Started process (PID=9944) to work on /opt/airflow/dags/move_bronze_to_silver_partitioned.py
[2025-04-28T14:00:31.344+0000] {processor.py:830} INFO - Processing file /opt/airflow/dags/move_bronze_to_silver_partitioned.py for tasks to queue
[2025-04-28T14:00:31.345+0000] {logging_mixin.py:188} INFO - [2025-04-28T14:00:31.345+0000] {dagbag.py:540} INFO - Filling up the DagBag from /opt/airflow/dags/move_bronze_to_silver_partitioned.py
[2025-04-28T14:00:31.486+0000] {processor.py:840} INFO - DAG(s) 'move_bronze_to_silver_partitioned' retrieved from /opt/airflow/dags/move_bronze_to_silver_partitioned.py
[2025-04-28T14:00:31.499+0000] {logging_mixin.py:188} INFO - [2025-04-28T14:00:31.498+0000] {dag.py:3096} INFO - Sync 1 DAGs
[2025-04-28T14:00:31.504+0000] {logging_mixin.py:188} INFO - [2025-04-28T14:00:31.504+0000] {dag.py:3954} INFO - Setting next_dagrun for move_bronze_to_silver_partitioned to None, run_after=None
[2025-04-28T14:00:31.515+0000] {processor.py:183} INFO - Processing /opt/airflow/dags/move_bronze_to_silver_partitioned.py took 0.182 seconds
[2025-04-28T14:01:02.050+0000] {processor.py:161} INFO - Started process (PID=9979) to work on /opt/airflow/dags/move_bronze_to_silver_partitioned.py
[2025-04-28T14:01:02.051+0000] {processor.py:830} INFO - Processing file /opt/airflow/dags/move_bronze_to_silver_partitioned.py for tasks to queue
[2025-04-28T14:01:02.052+0000] {logging_mixin.py:188} INFO - [2025-04-28T14:01:02.052+0000] {dagbag.py:540} INFO - Filling up the DagBag from /opt/airflow/dags/move_bronze_to_silver_partitioned.py
[2025-04-28T14:01:02.204+0000] {processor.py:840} INFO - DAG(s) 'move_bronze_to_silver_partitioned' retrieved from /opt/airflow/dags/move_bronze_to_silver_partitioned.py
[2025-04-28T14:01:02.219+0000] {logging_mixin.py:188} INFO - [2025-04-28T14:01:02.219+0000] {dag.py:3096} INFO - Sync 1 DAGs
[2025-04-28T14:01:02.229+0000] {logging_mixin.py:188} INFO - [2025-04-28T14:01:02.228+0000] {dag.py:3954} INFO - Setting next_dagrun for move_bronze_to_silver_partitioned to None, run_after=None
[2025-04-28T14:01:02.240+0000] {processor.py:183} INFO - Processing /opt/airflow/dags/move_bronze_to_silver_partitioned.py took 0.197 seconds
[2025-04-28T14:01:32.825+0000] {processor.py:161} INFO - Started process (PID=10014) to work on /opt/airflow/dags/move_bronze_to_silver_partitioned.py
[2025-04-28T14:01:32.826+0000] {processor.py:830} INFO - Processing file /opt/airflow/dags/move_bronze_to_silver_partitioned.py for tasks to queue
[2025-04-28T14:01:32.828+0000] {logging_mixin.py:188} INFO - [2025-04-28T14:01:32.827+0000] {dagbag.py:540} INFO - Filling up the DagBag from /opt/airflow/dags/move_bronze_to_silver_partitioned.py
[2025-04-28T14:01:32.977+0000] {processor.py:840} INFO - DAG(s) 'move_bronze_to_silver_partitioned' retrieved from /opt/airflow/dags/move_bronze_to_silver_partitioned.py
[2025-04-28T14:01:32.994+0000] {logging_mixin.py:188} INFO - [2025-04-28T14:01:32.994+0000] {dag.py:3096} INFO - Sync 1 DAGs
[2025-04-28T14:01:33.001+0000] {logging_mixin.py:188} INFO - [2025-04-28T14:01:33.001+0000] {dag.py:3954} INFO - Setting next_dagrun for move_bronze_to_silver_partitioned to None, run_after=None
[2025-04-28T14:01:33.010+0000] {processor.py:183} INFO - Processing /opt/airflow/dags/move_bronze_to_silver_partitioned.py took 0.189 seconds
[2025-04-28T14:02:03.547+0000] {processor.py:161} INFO - Started process (PID=10049) to work on /opt/airflow/dags/move_bronze_to_silver_partitioned.py
[2025-04-28T14:02:03.549+0000] {processor.py:830} INFO - Processing file /opt/airflow/dags/move_bronze_to_silver_partitioned.py for tasks to queue
[2025-04-28T14:02:03.551+0000] {logging_mixin.py:188} INFO - [2025-04-28T14:02:03.551+0000] {dagbag.py:540} INFO - Filling up the DagBag from /opt/airflow/dags/move_bronze_to_silver_partitioned.py
[2025-04-28T14:02:03.703+0000] {processor.py:840} INFO - DAG(s) 'move_bronze_to_silver_partitioned' retrieved from /opt/airflow/dags/move_bronze_to_silver_partitioned.py
[2025-04-28T14:02:03.721+0000] {logging_mixin.py:188} INFO - [2025-04-28T14:02:03.721+0000] {dag.py:3096} INFO - Sync 1 DAGs
[2025-04-28T14:02:03.727+0000] {logging_mixin.py:188} INFO - [2025-04-28T14:02:03.727+0000] {dag.py:3954} INFO - Setting next_dagrun for move_bronze_to_silver_partitioned to None, run_after=None
[2025-04-28T14:02:03.739+0000] {processor.py:183} INFO - Processing /opt/airflow/dags/move_bronze_to_silver_partitioned.py took 0.196 seconds
[2025-04-28T14:02:34.293+0000] {processor.py:161} INFO - Started process (PID=10084) to work on /opt/airflow/dags/move_bronze_to_silver_partitioned.py
[2025-04-28T14:02:34.294+0000] {processor.py:830} INFO - Processing file /opt/airflow/dags/move_bronze_to_silver_partitioned.py for tasks to queue
[2025-04-28T14:02:34.297+0000] {logging_mixin.py:188} INFO - [2025-04-28T14:02:34.297+0000] {dagbag.py:540} INFO - Filling up the DagBag from /opt/airflow/dags/move_bronze_to_silver_partitioned.py
[2025-04-28T14:02:34.454+0000] {processor.py:840} INFO - DAG(s) 'move_bronze_to_silver_partitioned' retrieved from /opt/airflow/dags/move_bronze_to_silver_partitioned.py
[2025-04-28T14:02:34.469+0000] {logging_mixin.py:188} INFO - [2025-04-28T14:02:34.469+0000] {dag.py:3096} INFO - Sync 1 DAGs
[2025-04-28T14:02:34.477+0000] {logging_mixin.py:188} INFO - [2025-04-28T14:02:34.477+0000] {dag.py:3954} INFO - Setting next_dagrun for move_bronze_to_silver_partitioned to None, run_after=None
[2025-04-28T14:02:34.488+0000] {processor.py:183} INFO - Processing /opt/airflow/dags/move_bronze_to_silver_partitioned.py took 0.201 seconds
[2025-04-28T14:03:05.033+0000] {processor.py:161} INFO - Started process (PID=10119) to work on /opt/airflow/dags/move_bronze_to_silver_partitioned.py
[2025-04-28T14:03:05.036+0000] {processor.py:830} INFO - Processing file /opt/airflow/dags/move_bronze_to_silver_partitioned.py for tasks to queue
[2025-04-28T14:03:05.040+0000] {logging_mixin.py:188} INFO - [2025-04-28T14:03:05.040+0000] {dagbag.py:540} INFO - Filling up the DagBag from /opt/airflow/dags/move_bronze_to_silver_partitioned.py
[2025-04-28T14:03:05.193+0000] {processor.py:840} INFO - DAG(s) 'move_bronze_to_silver_partitioned' retrieved from /opt/airflow/dags/move_bronze_to_silver_partitioned.py
[2025-04-28T14:03:05.210+0000] {logging_mixin.py:188} INFO - [2025-04-28T14:03:05.209+0000] {dag.py:3096} INFO - Sync 1 DAGs
[2025-04-28T14:03:05.218+0000] {logging_mixin.py:188} INFO - [2025-04-28T14:03:05.218+0000] {dag.py:3954} INFO - Setting next_dagrun for move_bronze_to_silver_partitioned to None, run_after=None
[2025-04-28T14:03:05.231+0000] {processor.py:183} INFO - Processing /opt/airflow/dags/move_bronze_to_silver_partitioned.py took 0.202 seconds
[2025-04-28T14:03:36.021+0000] {processor.py:161} INFO - Started process (PID=10154) to work on /opt/airflow/dags/move_bronze_to_silver_partitioned.py
[2025-04-28T14:03:36.022+0000] {processor.py:830} INFO - Processing file /opt/airflow/dags/move_bronze_to_silver_partitioned.py for tasks to queue
[2025-04-28T14:03:36.023+0000] {logging_mixin.py:188} INFO - [2025-04-28T14:03:36.023+0000] {dagbag.py:540} INFO - Filling up the DagBag from /opt/airflow/dags/move_bronze_to_silver_partitioned.py
[2025-04-28T14:03:36.168+0000] {processor.py:840} INFO - DAG(s) 'move_bronze_to_silver_partitioned' retrieved from /opt/airflow/dags/move_bronze_to_silver_partitioned.py
[2025-04-28T14:03:36.182+0000] {logging_mixin.py:188} INFO - [2025-04-28T14:03:36.181+0000] {dag.py:3096} INFO - Sync 1 DAGs
[2025-04-28T14:03:36.187+0000] {logging_mixin.py:188} INFO - [2025-04-28T14:03:36.187+0000] {dag.py:3954} INFO - Setting next_dagrun for move_bronze_to_silver_partitioned to None, run_after=None
[2025-04-28T14:03:36.202+0000] {processor.py:183} INFO - Processing /opt/airflow/dags/move_bronze_to_silver_partitioned.py took 0.185 seconds
[2025-04-28T14:04:06.725+0000] {processor.py:161} INFO - Started process (PID=10189) to work on /opt/airflow/dags/move_bronze_to_silver_partitioned.py
[2025-04-28T14:04:06.726+0000] {processor.py:830} INFO - Processing file /opt/airflow/dags/move_bronze_to_silver_partitioned.py for tasks to queue
[2025-04-28T14:04:06.727+0000] {logging_mixin.py:188} INFO - [2025-04-28T14:04:06.727+0000] {dagbag.py:540} INFO - Filling up the DagBag from /opt/airflow/dags/move_bronze_to_silver_partitioned.py
[2025-04-28T14:04:06.878+0000] {processor.py:840} INFO - DAG(s) 'move_bronze_to_silver_partitioned' retrieved from /opt/airflow/dags/move_bronze_to_silver_partitioned.py
[2025-04-28T14:04:06.892+0000] {logging_mixin.py:188} INFO - [2025-04-28T14:04:06.892+0000] {dag.py:3096} INFO - Sync 1 DAGs
[2025-04-28T14:04:06.899+0000] {logging_mixin.py:188} INFO - [2025-04-28T14:04:06.899+0000] {dag.py:3954} INFO - Setting next_dagrun for move_bronze_to_silver_partitioned to None, run_after=None
[2025-04-28T14:04:06.909+0000] {processor.py:183} INFO - Processing /opt/airflow/dags/move_bronze_to_silver_partitioned.py took 0.186 seconds
[2025-04-28T14:04:37.467+0000] {processor.py:161} INFO - Started process (PID=10224) to work on /opt/airflow/dags/move_bronze_to_silver_partitioned.py
[2025-04-28T14:04:37.468+0000] {processor.py:830} INFO - Processing file /opt/airflow/dags/move_bronze_to_silver_partitioned.py for tasks to queue
[2025-04-28T14:04:37.469+0000] {logging_mixin.py:188} INFO - [2025-04-28T14:04:37.468+0000] {dagbag.py:540} INFO - Filling up the DagBag from /opt/airflow/dags/move_bronze_to_silver_partitioned.py
[2025-04-28T14:04:37.617+0000] {processor.py:840} INFO - DAG(s) 'move_bronze_to_silver_partitioned' retrieved from /opt/airflow/dags/move_bronze_to_silver_partitioned.py
[2025-04-28T14:04:37.633+0000] {logging_mixin.py:188} INFO - [2025-04-28T14:04:37.633+0000] {dag.py:3096} INFO - Sync 1 DAGs
[2025-04-28T14:04:37.639+0000] {logging_mixin.py:188} INFO - [2025-04-28T14:04:37.639+0000] {dag.py:3954} INFO - Setting next_dagrun for move_bronze_to_silver_partitioned to None, run_after=None
[2025-04-28T14:04:37.653+0000] {processor.py:183} INFO - Processing /opt/airflow/dags/move_bronze_to_silver_partitioned.py took 0.191 seconds
[2025-04-28T14:05:08.456+0000] {processor.py:161} INFO - Started process (PID=10262) to work on /opt/airflow/dags/move_bronze_to_silver_partitioned.py
[2025-04-28T14:05:08.458+0000] {processor.py:830} INFO - Processing file /opt/airflow/dags/move_bronze_to_silver_partitioned.py for tasks to queue
[2025-04-28T14:05:08.460+0000] {logging_mixin.py:188} INFO - [2025-04-28T14:05:08.460+0000] {dagbag.py:540} INFO - Filling up the DagBag from /opt/airflow/dags/move_bronze_to_silver_partitioned.py
[2025-04-28T14:05:08.616+0000] {processor.py:840} INFO - DAG(s) 'move_bronze_to_silver_partitioned' retrieved from /opt/airflow/dags/move_bronze_to_silver_partitioned.py
[2025-04-28T14:05:08.632+0000] {logging_mixin.py:188} INFO - [2025-04-28T14:05:08.631+0000] {dag.py:3096} INFO - Sync 1 DAGs
[2025-04-28T14:05:08.637+0000] {logging_mixin.py:188} INFO - [2025-04-28T14:05:08.637+0000] {dag.py:3954} INFO - Setting next_dagrun for move_bronze_to_silver_partitioned to None, run_after=None
[2025-04-28T14:05:08.648+0000] {processor.py:183} INFO - Processing /opt/airflow/dags/move_bronze_to_silver_partitioned.py took 0.200 seconds
[2025-04-28T14:05:39.401+0000] {processor.py:161} INFO - Started process (PID=10297) to work on /opt/airflow/dags/move_bronze_to_silver_partitioned.py
[2025-04-28T14:05:39.403+0000] {processor.py:830} INFO - Processing file /opt/airflow/dags/move_bronze_to_silver_partitioned.py for tasks to queue
[2025-04-28T14:05:39.405+0000] {logging_mixin.py:188} INFO - [2025-04-28T14:05:39.405+0000] {dagbag.py:540} INFO - Filling up the DagBag from /opt/airflow/dags/move_bronze_to_silver_partitioned.py
[2025-04-28T14:05:39.550+0000] {processor.py:840} INFO - DAG(s) 'move_bronze_to_silver_partitioned' retrieved from /opt/airflow/dags/move_bronze_to_silver_partitioned.py
[2025-04-28T14:05:39.566+0000] {logging_mixin.py:188} INFO - [2025-04-28T14:05:39.566+0000] {dag.py:3096} INFO - Sync 1 DAGs
[2025-04-28T14:05:39.574+0000] {logging_mixin.py:188} INFO - [2025-04-28T14:05:39.574+0000] {dag.py:3954} INFO - Setting next_dagrun for move_bronze_to_silver_partitioned to None, run_after=None
[2025-04-28T14:05:39.585+0000] {processor.py:183} INFO - Processing /opt/airflow/dags/move_bronze_to_silver_partitioned.py took 0.189 seconds
[2025-04-28T14:06:10.291+0000] {processor.py:161} INFO - Started process (PID=10332) to work on /opt/airflow/dags/move_bronze_to_silver_partitioned.py
[2025-04-28T14:06:10.292+0000] {processor.py:830} INFO - Processing file /opt/airflow/dags/move_bronze_to_silver_partitioned.py for tasks to queue
[2025-04-28T14:06:10.292+0000] {logging_mixin.py:188} INFO - [2025-04-28T14:06:10.292+0000] {dagbag.py:540} INFO - Filling up the DagBag from /opt/airflow/dags/move_bronze_to_silver_partitioned.py
[2025-04-28T14:06:10.451+0000] {processor.py:840} INFO - DAG(s) 'move_bronze_to_silver_partitioned' retrieved from /opt/airflow/dags/move_bronze_to_silver_partitioned.py
[2025-04-28T14:06:10.471+0000] {logging_mixin.py:188} INFO - [2025-04-28T14:06:10.471+0000] {dag.py:3096} INFO - Sync 1 DAGs
[2025-04-28T14:06:10.477+0000] {logging_mixin.py:188} INFO - [2025-04-28T14:06:10.477+0000] {dag.py:3954} INFO - Setting next_dagrun for move_bronze_to_silver_partitioned to None, run_after=None
[2025-04-28T14:06:10.488+0000] {processor.py:183} INFO - Processing /opt/airflow/dags/move_bronze_to_silver_partitioned.py took 0.202 seconds
[2025-04-28T14:06:41.134+0000] {processor.py:161} INFO - Started process (PID=10367) to work on /opt/airflow/dags/move_bronze_to_silver_partitioned.py
[2025-04-28T14:06:41.135+0000] {processor.py:830} INFO - Processing file /opt/airflow/dags/move_bronze_to_silver_partitioned.py for tasks to queue
[2025-04-28T14:06:41.136+0000] {logging_mixin.py:188} INFO - [2025-04-28T14:06:41.136+0000] {dagbag.py:540} INFO - Filling up the DagBag from /opt/airflow/dags/move_bronze_to_silver_partitioned.py
[2025-04-28T14:06:41.298+0000] {processor.py:840} INFO - DAG(s) 'move_bronze_to_silver_partitioned' retrieved from /opt/airflow/dags/move_bronze_to_silver_partitioned.py
[2025-04-28T14:06:41.313+0000] {logging_mixin.py:188} INFO - [2025-04-28T14:06:41.313+0000] {dag.py:3096} INFO - Sync 1 DAGs
[2025-04-28T14:06:41.321+0000] {logging_mixin.py:188} INFO - [2025-04-28T14:06:41.321+0000] {dag.py:3954} INFO - Setting next_dagrun for move_bronze_to_silver_partitioned to None, run_after=None
[2025-04-28T14:06:41.333+0000] {processor.py:183} INFO - Processing /opt/airflow/dags/move_bronze_to_silver_partitioned.py took 0.202 seconds
[2025-04-28T14:07:11.855+0000] {processor.py:161} INFO - Started process (PID=10402) to work on /opt/airflow/dags/move_bronze_to_silver_partitioned.py
[2025-04-28T14:07:11.857+0000] {processor.py:830} INFO - Processing file /opt/airflow/dags/move_bronze_to_silver_partitioned.py for tasks to queue
[2025-04-28T14:07:11.859+0000] {logging_mixin.py:188} INFO - [2025-04-28T14:07:11.858+0000] {dagbag.py:540} INFO - Filling up the DagBag from /opt/airflow/dags/move_bronze_to_silver_partitioned.py
[2025-04-28T14:07:12.007+0000] {processor.py:840} INFO - DAG(s) 'move_bronze_to_silver_partitioned' retrieved from /opt/airflow/dags/move_bronze_to_silver_partitioned.py
[2025-04-28T14:07:12.020+0000] {logging_mixin.py:188} INFO - [2025-04-28T14:07:12.020+0000] {dag.py:3096} INFO - Sync 1 DAGs
[2025-04-28T14:07:12.027+0000] {logging_mixin.py:188} INFO - [2025-04-28T14:07:12.027+0000] {dag.py:3954} INFO - Setting next_dagrun for move_bronze_to_silver_partitioned to None, run_after=None
[2025-04-28T14:07:12.038+0000] {processor.py:183} INFO - Processing /opt/airflow/dags/move_bronze_to_silver_partitioned.py took 0.190 seconds
[2025-04-28T14:07:42.776+0000] {processor.py:161} INFO - Started process (PID=10437) to work on /opt/airflow/dags/move_bronze_to_silver_partitioned.py
[2025-04-28T14:07:42.779+0000] {processor.py:830} INFO - Processing file /opt/airflow/dags/move_bronze_to_silver_partitioned.py for tasks to queue
[2025-04-28T14:07:42.780+0000] {logging_mixin.py:188} INFO - [2025-04-28T14:07:42.780+0000] {dagbag.py:540} INFO - Filling up the DagBag from /opt/airflow/dags/move_bronze_to_silver_partitioned.py
[2025-04-28T14:07:42.926+0000] {processor.py:840} INFO - DAG(s) 'move_bronze_to_silver_partitioned' retrieved from /opt/airflow/dags/move_bronze_to_silver_partitioned.py
[2025-04-28T14:07:42.941+0000] {logging_mixin.py:188} INFO - [2025-04-28T14:07:42.941+0000] {dag.py:3096} INFO - Sync 1 DAGs
[2025-04-28T14:07:42.951+0000] {logging_mixin.py:188} INFO - [2025-04-28T14:07:42.951+0000] {dag.py:3954} INFO - Setting next_dagrun for move_bronze_to_silver_partitioned to None, run_after=None
[2025-04-28T14:07:42.961+0000] {processor.py:183} INFO - Processing /opt/airflow/dags/move_bronze_to_silver_partitioned.py took 0.192 seconds
[2025-04-28T14:08:13.682+0000] {processor.py:161} INFO - Started process (PID=10472) to work on /opt/airflow/dags/move_bronze_to_silver_partitioned.py
[2025-04-28T14:08:13.685+0000] {processor.py:830} INFO - Processing file /opt/airflow/dags/move_bronze_to_silver_partitioned.py for tasks to queue
[2025-04-28T14:08:13.686+0000] {logging_mixin.py:188} INFO - [2025-04-28T14:08:13.686+0000] {dagbag.py:540} INFO - Filling up the DagBag from /opt/airflow/dags/move_bronze_to_silver_partitioned.py
[2025-04-28T14:08:13.835+0000] {processor.py:840} INFO - DAG(s) 'move_bronze_to_silver_partitioned' retrieved from /opt/airflow/dags/move_bronze_to_silver_partitioned.py
[2025-04-28T14:08:13.849+0000] {logging_mixin.py:188} INFO - [2025-04-28T14:08:13.849+0000] {dag.py:3096} INFO - Sync 1 DAGs
[2025-04-28T14:08:13.858+0000] {logging_mixin.py:188} INFO - [2025-04-28T14:08:13.858+0000] {dag.py:3954} INFO - Setting next_dagrun for move_bronze_to_silver_partitioned to None, run_after=None
[2025-04-28T14:08:13.869+0000] {processor.py:183} INFO - Processing /opt/airflow/dags/move_bronze_to_silver_partitioned.py took 0.194 seconds
[2025-04-28T14:08:44.611+0000] {processor.py:161} INFO - Started process (PID=10507) to work on /opt/airflow/dags/move_bronze_to_silver_partitioned.py
[2025-04-28T14:08:44.613+0000] {processor.py:830} INFO - Processing file /opt/airflow/dags/move_bronze_to_silver_partitioned.py for tasks to queue
[2025-04-28T14:08:44.614+0000] {logging_mixin.py:188} INFO - [2025-04-28T14:08:44.613+0000] {dagbag.py:540} INFO - Filling up the DagBag from /opt/airflow/dags/move_bronze_to_silver_partitioned.py
[2025-04-28T14:08:44.769+0000] {processor.py:840} INFO - DAG(s) 'move_bronze_to_silver_partitioned' retrieved from /opt/airflow/dags/move_bronze_to_silver_partitioned.py
[2025-04-28T14:08:44.785+0000] {logging_mixin.py:188} INFO - [2025-04-28T14:08:44.785+0000] {dag.py:3096} INFO - Sync 1 DAGs
[2025-04-28T14:08:44.795+0000] {logging_mixin.py:188} INFO - [2025-04-28T14:08:44.795+0000] {dag.py:3954} INFO - Setting next_dagrun for move_bronze_to_silver_partitioned to None, run_after=None
[2025-04-28T14:08:44.805+0000] {processor.py:183} INFO - Processing /opt/airflow/dags/move_bronze_to_silver_partitioned.py took 0.201 seconds
[2025-04-28T14:09:20.032+0000] {processor.py:161} INFO - Started process (PID=180) to work on /opt/airflow/dags/move_bronze_to_silver_partitioned.py
[2025-04-28T14:09:20.035+0000] {processor.py:830} INFO - Processing file /opt/airflow/dags/move_bronze_to_silver_partitioned.py for tasks to queue
[2025-04-28T14:09:20.037+0000] {logging_mixin.py:188} INFO - [2025-04-28T14:09:20.036+0000] {dagbag.py:540} INFO - Filling up the DagBag from /opt/airflow/dags/move_bronze_to_silver_partitioned.py
[2025-04-28T14:09:20.279+0000] {processor.py:840} INFO - DAG(s) 'move_bronze_to_silver_partitioned' retrieved from /opt/airflow/dags/move_bronze_to_silver_partitioned.py
[2025-04-28T14:09:20.291+0000] {logging_mixin.py:188} INFO - [2025-04-28T14:09:20.291+0000] {dag.py:3096} INFO - Sync 1 DAGs
[2025-04-28T14:09:20.296+0000] {logging_mixin.py:188} INFO - [2025-04-28T14:09:20.295+0000] {dag.py:3954} INFO - Setting next_dagrun for move_bronze_to_silver_partitioned to None, run_after=None
[2025-04-28T14:09:20.305+0000] {processor.py:183} INFO - Processing /opt/airflow/dags/move_bronze_to_silver_partitioned.py took 0.278 seconds
[2025-04-28T14:09:51.038+0000] {processor.py:161} INFO - Started process (PID=215) to work on /opt/airflow/dags/move_bronze_to_silver_partitioned.py
[2025-04-28T14:09:51.042+0000] {processor.py:830} INFO - Processing file /opt/airflow/dags/move_bronze_to_silver_partitioned.py for tasks to queue
[2025-04-28T14:09:51.043+0000] {logging_mixin.py:188} INFO - [2025-04-28T14:09:51.043+0000] {dagbag.py:540} INFO - Filling up the DagBag from /opt/airflow/dags/move_bronze_to_silver_partitioned.py
[2025-04-28T14:09:51.267+0000] {processor.py:840} INFO - DAG(s) 'move_bronze_to_silver_partitioned' retrieved from /opt/airflow/dags/move_bronze_to_silver_partitioned.py
[2025-04-28T14:09:51.314+0000] {logging_mixin.py:188} INFO - [2025-04-28T14:09:51.314+0000] {dag.py:3096} INFO - Sync 1 DAGs
[2025-04-28T14:09:51.319+0000] {logging_mixin.py:188} INFO - [2025-04-28T14:09:51.319+0000] {dag.py:3954} INFO - Setting next_dagrun for move_bronze_to_silver_partitioned to None, run_after=None
[2025-04-28T14:09:51.330+0000] {processor.py:183} INFO - Processing /opt/airflow/dags/move_bronze_to_silver_partitioned.py took 0.295 seconds
[2025-04-28T14:10:22.124+0000] {processor.py:161} INFO - Started process (PID=302) to work on /opt/airflow/dags/move_bronze_to_silver_partitioned.py
[2025-04-28T14:10:22.125+0000] {processor.py:830} INFO - Processing file /opt/airflow/dags/move_bronze_to_silver_partitioned.py for tasks to queue
[2025-04-28T14:10:22.126+0000] {logging_mixin.py:188} INFO - [2025-04-28T14:10:22.126+0000] {dagbag.py:540} INFO - Filling up the DagBag from /opt/airflow/dags/move_bronze_to_silver_partitioned.py
[2025-04-28T14:10:22.348+0000] {processor.py:840} INFO - DAG(s) 'move_bronze_to_silver_partitioned' retrieved from /opt/airflow/dags/move_bronze_to_silver_partitioned.py
[2025-04-28T14:10:22.358+0000] {logging_mixin.py:188} INFO - [2025-04-28T14:10:22.358+0000] {dag.py:3096} INFO - Sync 1 DAGs
[2025-04-28T14:10:22.363+0000] {logging_mixin.py:188} INFO - [2025-04-28T14:10:22.363+0000] {dag.py:3954} INFO - Setting next_dagrun for move_bronze_to_silver_partitioned to None, run_after=None
[2025-04-28T14:10:22.376+0000] {processor.py:183} INFO - Processing /opt/airflow/dags/move_bronze_to_silver_partitioned.py took 0.254 seconds
[2025-04-28T14:10:53.072+0000] {processor.py:161} INFO - Started process (PID=337) to work on /opt/airflow/dags/move_bronze_to_silver_partitioned.py
[2025-04-28T14:10:53.073+0000] {processor.py:830} INFO - Processing file /opt/airflow/dags/move_bronze_to_silver_partitioned.py for tasks to queue
[2025-04-28T14:10:53.074+0000] {logging_mixin.py:188} INFO - [2025-04-28T14:10:53.074+0000] {dagbag.py:540} INFO - Filling up the DagBag from /opt/airflow/dags/move_bronze_to_silver_partitioned.py
[2025-04-28T14:10:53.311+0000] {processor.py:840} INFO - DAG(s) 'move_bronze_to_silver_partitioned' retrieved from /opt/airflow/dags/move_bronze_to_silver_partitioned.py
[2025-04-28T14:10:53.332+0000] {logging_mixin.py:188} INFO - [2025-04-28T14:10:53.331+0000] {dag.py:3096} INFO - Sync 1 DAGs
[2025-04-28T14:10:53.338+0000] {logging_mixin.py:188} INFO - [2025-04-28T14:10:53.338+0000] {dag.py:3954} INFO - Setting next_dagrun for move_bronze_to_silver_partitioned to None, run_after=None
[2025-04-28T14:10:53.349+0000] {processor.py:183} INFO - Processing /opt/airflow/dags/move_bronze_to_silver_partitioned.py took 0.280 seconds
[2025-04-28T14:11:38.007+0000] {processor.py:161} INFO - Started process (PID=180) to work on /opt/airflow/dags/move_bronze_to_silver_partitioned.py
[2025-04-28T14:11:38.008+0000] {processor.py:830} INFO - Processing file /opt/airflow/dags/move_bronze_to_silver_partitioned.py for tasks to queue
[2025-04-28T14:11:38.009+0000] {logging_mixin.py:188} INFO - [2025-04-28T14:11:38.009+0000] {dagbag.py:540} INFO - Filling up the DagBag from /opt/airflow/dags/move_bronze_to_silver_partitioned.py
[2025-04-28T14:11:38.170+0000] {processor.py:840} INFO - DAG(s) 'move_bronze_to_silver_partitioned' retrieved from /opt/airflow/dags/move_bronze_to_silver_partitioned.py
[2025-04-28T14:11:38.181+0000] {logging_mixin.py:188} INFO - [2025-04-28T14:11:38.181+0000] {dag.py:3096} INFO - Sync 1 DAGs
[2025-04-28T14:11:38.267+0000] {logging_mixin.py:188} INFO - [2025-04-28T14:11:38.267+0000] {dag.py:3954} INFO - Setting next_dagrun for move_bronze_to_silver_partitioned to None, run_after=None
[2025-04-28T14:11:38.287+0000] {processor.py:183} INFO - Processing /opt/airflow/dags/move_bronze_to_silver_partitioned.py took 0.284 seconds
[2025-04-28T14:12:09.156+0000] {processor.py:161} INFO - Started process (PID=217) to work on /opt/airflow/dags/move_bronze_to_silver_partitioned.py
[2025-04-28T14:12:09.156+0000] {processor.py:830} INFO - Processing file /opt/airflow/dags/move_bronze_to_silver_partitioned.py for tasks to queue
[2025-04-28T14:12:09.157+0000] {logging_mixin.py:188} INFO - [2025-04-28T14:12:09.157+0000] {dagbag.py:540} INFO - Filling up the DagBag from /opt/airflow/dags/move_bronze_to_silver_partitioned.py
[2025-04-28T14:12:09.357+0000] {processor.py:840} INFO - DAG(s) 'move_bronze_to_silver_partitioned' retrieved from /opt/airflow/dags/move_bronze_to_silver_partitioned.py
[2025-04-28T14:12:09.395+0000] {logging_mixin.py:188} INFO - [2025-04-28T14:12:09.395+0000] {dag.py:3096} INFO - Sync 1 DAGs
[2025-04-28T14:12:09.399+0000] {logging_mixin.py:188} INFO - [2025-04-28T14:12:09.399+0000] {dag.py:3954} INFO - Setting next_dagrun for move_bronze_to_silver_partitioned to None, run_after=None
[2025-04-28T14:12:09.407+0000] {processor.py:183} INFO - Processing /opt/airflow/dags/move_bronze_to_silver_partitioned.py took 0.254 seconds
[2025-04-28T14:12:40.364+0000] {processor.py:161} INFO - Started process (PID=252) to work on /opt/airflow/dags/move_bronze_to_silver_partitioned.py
[2025-04-28T14:12:40.365+0000] {processor.py:830} INFO - Processing file /opt/airflow/dags/move_bronze_to_silver_partitioned.py for tasks to queue
[2025-04-28T14:12:40.366+0000] {logging_mixin.py:188} INFO - [2025-04-28T14:12:40.366+0000] {dagbag.py:540} INFO - Filling up the DagBag from /opt/airflow/dags/move_bronze_to_silver_partitioned.py
[2025-04-28T14:12:40.587+0000] {processor.py:840} INFO - DAG(s) 'move_bronze_to_silver_partitioned' retrieved from /opt/airflow/dags/move_bronze_to_silver_partitioned.py
[2025-04-28T14:12:40.598+0000] {logging_mixin.py:188} INFO - [2025-04-28T14:12:40.598+0000] {dag.py:3096} INFO - Sync 1 DAGs
[2025-04-28T14:12:40.604+0000] {logging_mixin.py:188} INFO - [2025-04-28T14:12:40.604+0000] {dag.py:3954} INFO - Setting next_dagrun for move_bronze_to_silver_partitioned to None, run_after=None
[2025-04-28T14:12:40.612+0000] {processor.py:183} INFO - Processing /opt/airflow/dags/move_bronze_to_silver_partitioned.py took 0.250 seconds
[2025-04-28T14:13:11.534+0000] {processor.py:161} INFO - Started process (PID=350) to work on /opt/airflow/dags/move_bronze_to_silver_partitioned.py
[2025-04-28T14:13:11.535+0000] {processor.py:830} INFO - Processing file /opt/airflow/dags/move_bronze_to_silver_partitioned.py for tasks to queue
[2025-04-28T14:13:11.536+0000] {logging_mixin.py:188} INFO - [2025-04-28T14:13:11.536+0000] {dagbag.py:540} INFO - Filling up the DagBag from /opt/airflow/dags/move_bronze_to_silver_partitioned.py
[2025-04-28T14:13:11.738+0000] {processor.py:840} INFO - DAG(s) 'move_bronze_to_silver_partitioned' retrieved from /opt/airflow/dags/move_bronze_to_silver_partitioned.py
[2025-04-28T14:13:11.752+0000] {logging_mixin.py:188} INFO - [2025-04-28T14:13:11.752+0000] {dag.py:3096} INFO - Sync 1 DAGs
[2025-04-28T14:13:11.757+0000] {logging_mixin.py:188} INFO - [2025-04-28T14:13:11.756+0000] {dag.py:3954} INFO - Setting next_dagrun for move_bronze_to_silver_partitioned to None, run_after=None
[2025-04-28T14:13:11.766+0000] {processor.py:183} INFO - Processing /opt/airflow/dags/move_bronze_to_silver_partitioned.py took 0.234 seconds
[2025-04-28T14:13:42.689+0000] {processor.py:161} INFO - Started process (PID=385) to work on /opt/airflow/dags/move_bronze_to_silver_partitioned.py
[2025-04-28T14:13:42.690+0000] {processor.py:830} INFO - Processing file /opt/airflow/dags/move_bronze_to_silver_partitioned.py for tasks to queue
[2025-04-28T14:13:42.691+0000] {logging_mixin.py:188} INFO - [2025-04-28T14:13:42.690+0000] {dagbag.py:540} INFO - Filling up the DagBag from /opt/airflow/dags/move_bronze_to_silver_partitioned.py
[2025-04-28T14:13:42.897+0000] {processor.py:840} INFO - DAG(s) 'move_bronze_to_silver_partitioned' retrieved from /opt/airflow/dags/move_bronze_to_silver_partitioned.py
[2025-04-28T14:13:42.908+0000] {logging_mixin.py:188} INFO - [2025-04-28T14:13:42.908+0000] {dag.py:3096} INFO - Sync 1 DAGs
[2025-04-28T14:13:42.912+0000] {logging_mixin.py:188} INFO - [2025-04-28T14:13:42.912+0000] {dag.py:3954} INFO - Setting next_dagrun for move_bronze_to_silver_partitioned to None, run_after=None
[2025-04-28T14:13:42.920+0000] {processor.py:183} INFO - Processing /opt/airflow/dags/move_bronze_to_silver_partitioned.py took 0.233 seconds
[2025-04-28T14:14:13.900+0000] {processor.py:161} INFO - Started process (PID=420) to work on /opt/airflow/dags/move_bronze_to_silver_partitioned.py
[2025-04-28T14:14:13.903+0000] {processor.py:830} INFO - Processing file /opt/airflow/dags/move_bronze_to_silver_partitioned.py for tasks to queue
[2025-04-28T14:14:13.905+0000] {logging_mixin.py:188} INFO - [2025-04-28T14:14:13.905+0000] {dagbag.py:540} INFO - Filling up the DagBag from /opt/airflow/dags/move_bronze_to_silver_partitioned.py
[2025-04-28T14:14:14.123+0000] {processor.py:840} INFO - DAG(s) 'move_bronze_to_silver_partitioned' retrieved from /opt/airflow/dags/move_bronze_to_silver_partitioned.py
[2025-04-28T14:14:14.133+0000] {logging_mixin.py:188} INFO - [2025-04-28T14:14:14.133+0000] {dag.py:3096} INFO - Sync 1 DAGs
[2025-04-28T14:14:14.139+0000] {logging_mixin.py:188} INFO - [2025-04-28T14:14:14.139+0000] {dag.py:3954} INFO - Setting next_dagrun for move_bronze_to_silver_partitioned to None, run_after=None
[2025-04-28T14:14:14.146+0000] {processor.py:183} INFO - Processing /opt/airflow/dags/move_bronze_to_silver_partitioned.py took 0.250 seconds
[2025-04-28T14:14:45.091+0000] {processor.py:161} INFO - Started process (PID=455) to work on /opt/airflow/dags/move_bronze_to_silver_partitioned.py
[2025-04-28T14:14:45.091+0000] {processor.py:830} INFO - Processing file /opt/airflow/dags/move_bronze_to_silver_partitioned.py for tasks to queue
[2025-04-28T14:14:45.092+0000] {logging_mixin.py:188} INFO - [2025-04-28T14:14:45.092+0000] {dagbag.py:540} INFO - Filling up the DagBag from /opt/airflow/dags/move_bronze_to_silver_partitioned.py
[2025-04-28T14:14:45.296+0000] {processor.py:840} INFO - DAG(s) 'move_bronze_to_silver_partitioned' retrieved from /opt/airflow/dags/move_bronze_to_silver_partitioned.py
[2025-04-28T14:14:45.307+0000] {logging_mixin.py:188} INFO - [2025-04-28T14:14:45.307+0000] {dag.py:3096} INFO - Sync 1 DAGs
[2025-04-28T14:14:45.311+0000] {logging_mixin.py:188} INFO - [2025-04-28T14:14:45.311+0000] {dag.py:3954} INFO - Setting next_dagrun for move_bronze_to_silver_partitioned to None, run_after=None
[2025-04-28T14:14:45.319+0000] {processor.py:183} INFO - Processing /opt/airflow/dags/move_bronze_to_silver_partitioned.py took 0.230 seconds
[2025-04-28T14:15:16.267+0000] {processor.py:161} INFO - Started process (PID=490) to work on /opt/airflow/dags/move_bronze_to_silver_partitioned.py
[2025-04-28T14:15:16.267+0000] {processor.py:830} INFO - Processing file /opt/airflow/dags/move_bronze_to_silver_partitioned.py for tasks to queue
[2025-04-28T14:15:16.268+0000] {logging_mixin.py:188} INFO - [2025-04-28T14:15:16.268+0000] {dagbag.py:540} INFO - Filling up the DagBag from /opt/airflow/dags/move_bronze_to_silver_partitioned.py
[2025-04-28T14:15:16.477+0000] {processor.py:840} INFO - DAG(s) 'move_bronze_to_silver_partitioned' retrieved from /opt/airflow/dags/move_bronze_to_silver_partitioned.py
[2025-04-28T14:15:16.487+0000] {logging_mixin.py:188} INFO - [2025-04-28T14:15:16.487+0000] {dag.py:3096} INFO - Sync 1 DAGs
[2025-04-28T14:15:16.492+0000] {logging_mixin.py:188} INFO - [2025-04-28T14:15:16.492+0000] {dag.py:3954} INFO - Setting next_dagrun for move_bronze_to_silver_partitioned to None, run_after=None
[2025-04-28T14:15:16.499+0000] {processor.py:183} INFO - Processing /opt/airflow/dags/move_bronze_to_silver_partitioned.py took 0.236 seconds
[2025-04-28T14:15:47.426+0000] {processor.py:161} INFO - Started process (PID=539) to work on /opt/airflow/dags/move_bronze_to_silver_partitioned.py
[2025-04-28T14:15:47.427+0000] {processor.py:830} INFO - Processing file /opt/airflow/dags/move_bronze_to_silver_partitioned.py for tasks to queue
[2025-04-28T14:15:47.428+0000] {logging_mixin.py:188} INFO - [2025-04-28T14:15:47.428+0000] {dagbag.py:540} INFO - Filling up the DagBag from /opt/airflow/dags/move_bronze_to_silver_partitioned.py
[2025-04-28T14:15:47.653+0000] {processor.py:840} INFO - DAG(s) 'move_bronze_to_silver_partitioned' retrieved from /opt/airflow/dags/move_bronze_to_silver_partitioned.py
[2025-04-28T14:15:47.666+0000] {logging_mixin.py:188} INFO - [2025-04-28T14:15:47.666+0000] {dag.py:3096} INFO - Sync 1 DAGs
[2025-04-28T14:15:47.672+0000] {logging_mixin.py:188} INFO - [2025-04-28T14:15:47.672+0000] {dag.py:3954} INFO - Setting next_dagrun for move_bronze_to_silver_partitioned to None, run_after=None
[2025-04-28T14:15:47.681+0000] {processor.py:183} INFO - Processing /opt/airflow/dags/move_bronze_to_silver_partitioned.py took 0.258 seconds
[2025-04-28T14:16:18.572+0000] {processor.py:161} INFO - Started process (PID=574) to work on /opt/airflow/dags/move_bronze_to_silver_partitioned.py
[2025-04-28T14:16:18.574+0000] {processor.py:830} INFO - Processing file /opt/airflow/dags/move_bronze_to_silver_partitioned.py for tasks to queue
[2025-04-28T14:16:18.575+0000] {logging_mixin.py:188} INFO - [2025-04-28T14:16:18.575+0000] {dagbag.py:540} INFO - Filling up the DagBag from /opt/airflow/dags/move_bronze_to_silver_partitioned.py
[2025-04-28T14:16:18.802+0000] {processor.py:840} INFO - DAG(s) 'move_bronze_to_silver_partitioned' retrieved from /opt/airflow/dags/move_bronze_to_silver_partitioned.py
[2025-04-28T14:16:18.817+0000] {logging_mixin.py:188} INFO - [2025-04-28T14:16:18.816+0000] {dag.py:3096} INFO - Sync 1 DAGs
[2025-04-28T14:16:18.822+0000] {logging_mixin.py:188} INFO - [2025-04-28T14:16:18.822+0000] {dag.py:3954} INFO - Setting next_dagrun for move_bronze_to_silver_partitioned to None, run_after=None
[2025-04-28T14:16:18.831+0000] {processor.py:183} INFO - Processing /opt/airflow/dags/move_bronze_to_silver_partitioned.py took 0.262 seconds
[2025-04-28T14:16:49.504+0000] {processor.py:161} INFO - Started process (PID=609) to work on /opt/airflow/dags/move_bronze_to_silver_partitioned.py
[2025-04-28T14:16:49.505+0000] {processor.py:830} INFO - Processing file /opt/airflow/dags/move_bronze_to_silver_partitioned.py for tasks to queue
[2025-04-28T14:16:49.506+0000] {logging_mixin.py:188} INFO - [2025-04-28T14:16:49.506+0000] {dagbag.py:540} INFO - Filling up the DagBag from /opt/airflow/dags/move_bronze_to_silver_partitioned.py
[2025-04-28T14:16:49.711+0000] {processor.py:840} INFO - DAG(s) 'move_bronze_to_silver_partitioned' retrieved from /opt/airflow/dags/move_bronze_to_silver_partitioned.py
[2025-04-28T14:16:49.721+0000] {logging_mixin.py:188} INFO - [2025-04-28T14:16:49.721+0000] {dag.py:3096} INFO - Sync 1 DAGs
[2025-04-28T14:16:49.726+0000] {logging_mixin.py:188} INFO - [2025-04-28T14:16:49.726+0000] {dag.py:3954} INFO - Setting next_dagrun for move_bronze_to_silver_partitioned to None, run_after=None
[2025-04-28T14:16:49.733+0000] {processor.py:183} INFO - Processing /opt/airflow/dags/move_bronze_to_silver_partitioned.py took 0.232 seconds
[2025-04-28T14:17:20.634+0000] {processor.py:161} INFO - Started process (PID=644) to work on /opt/airflow/dags/move_bronze_to_silver_partitioned.py
[2025-04-28T14:17:20.634+0000] {processor.py:830} INFO - Processing file /opt/airflow/dags/move_bronze_to_silver_partitioned.py for tasks to queue
[2025-04-28T14:17:20.635+0000] {logging_mixin.py:188} INFO - [2025-04-28T14:17:20.635+0000] {dagbag.py:540} INFO - Filling up the DagBag from /opt/airflow/dags/move_bronze_to_silver_partitioned.py
[2025-04-28T14:17:20.861+0000] {processor.py:840} INFO - DAG(s) 'move_bronze_to_silver_partitioned' retrieved from /opt/airflow/dags/move_bronze_to_silver_partitioned.py
[2025-04-28T14:17:20.874+0000] {logging_mixin.py:188} INFO - [2025-04-28T14:17:20.874+0000] {dag.py:3096} INFO - Sync 1 DAGs
[2025-04-28T14:17:20.879+0000] {logging_mixin.py:188} INFO - [2025-04-28T14:17:20.879+0000] {dag.py:3954} INFO - Setting next_dagrun for move_bronze_to_silver_partitioned to None, run_after=None
[2025-04-28T14:17:20.890+0000] {processor.py:183} INFO - Processing /opt/airflow/dags/move_bronze_to_silver_partitioned.py took 0.259 seconds
[2025-04-28T14:17:51.784+0000] {processor.py:161} INFO - Started process (PID=679) to work on /opt/airflow/dags/move_bronze_to_silver_partitioned.py
[2025-04-28T14:17:51.785+0000] {processor.py:830} INFO - Processing file /opt/airflow/dags/move_bronze_to_silver_partitioned.py for tasks to queue
[2025-04-28T14:17:51.785+0000] {logging_mixin.py:188} INFO - [2025-04-28T14:17:51.785+0000] {dagbag.py:540} INFO - Filling up the DagBag from /opt/airflow/dags/move_bronze_to_silver_partitioned.py
[2025-04-28T14:17:51.999+0000] {processor.py:840} INFO - DAG(s) 'move_bronze_to_silver_partitioned' retrieved from /opt/airflow/dags/move_bronze_to_silver_partitioned.py
[2025-04-28T14:17:52.010+0000] {logging_mixin.py:188} INFO - [2025-04-28T14:17:52.010+0000] {dag.py:3096} INFO - Sync 1 DAGs
[2025-04-28T14:17:52.015+0000] {logging_mixin.py:188} INFO - [2025-04-28T14:17:52.014+0000] {dag.py:3954} INFO - Setting next_dagrun for move_bronze_to_silver_partitioned to None, run_after=None
[2025-04-28T14:17:52.022+0000] {processor.py:183} INFO - Processing /opt/airflow/dags/move_bronze_to_silver_partitioned.py took 0.241 seconds
[2025-04-28T14:18:22.968+0000] {processor.py:161} INFO - Started process (PID=714) to work on /opt/airflow/dags/move_bronze_to_silver_partitioned.py
[2025-04-28T14:18:22.968+0000] {processor.py:830} INFO - Processing file /opt/airflow/dags/move_bronze_to_silver_partitioned.py for tasks to queue
[2025-04-28T14:18:22.969+0000] {logging_mixin.py:188} INFO - [2025-04-28T14:18:22.969+0000] {dagbag.py:540} INFO - Filling up the DagBag from /opt/airflow/dags/move_bronze_to_silver_partitioned.py
[2025-04-28T14:18:23.170+0000] {processor.py:840} INFO - DAG(s) 'move_bronze_to_silver_partitioned' retrieved from /opt/airflow/dags/move_bronze_to_silver_partitioned.py
[2025-04-28T14:18:23.181+0000] {logging_mixin.py:188} INFO - [2025-04-28T14:18:23.181+0000] {dag.py:3096} INFO - Sync 1 DAGs
[2025-04-28T14:18:23.185+0000] {logging_mixin.py:188} INFO - [2025-04-28T14:18:23.185+0000] {dag.py:3954} INFO - Setting next_dagrun for move_bronze_to_silver_partitioned to None, run_after=None
[2025-04-28T14:18:23.192+0000] {processor.py:183} INFO - Processing /opt/airflow/dags/move_bronze_to_silver_partitioned.py took 0.228 seconds
[2025-04-28T14:18:54.101+0000] {processor.py:161} INFO - Started process (PID=749) to work on /opt/airflow/dags/move_bronze_to_silver_partitioned.py
[2025-04-28T14:18:54.102+0000] {processor.py:830} INFO - Processing file /opt/airflow/dags/move_bronze_to_silver_partitioned.py for tasks to queue
[2025-04-28T14:18:54.103+0000] {logging_mixin.py:188} INFO - [2025-04-28T14:18:54.102+0000] {dagbag.py:540} INFO - Filling up the DagBag from /opt/airflow/dags/move_bronze_to_silver_partitioned.py
[2025-04-28T14:18:54.305+0000] {processor.py:840} INFO - DAG(s) 'move_bronze_to_silver_partitioned' retrieved from /opt/airflow/dags/move_bronze_to_silver_partitioned.py
[2025-04-28T14:18:54.315+0000] {logging_mixin.py:188} INFO - [2025-04-28T14:18:54.315+0000] {dag.py:3096} INFO - Sync 1 DAGs
[2025-04-28T14:18:54.320+0000] {logging_mixin.py:188} INFO - [2025-04-28T14:18:54.320+0000] {dag.py:3954} INFO - Setting next_dagrun for move_bronze_to_silver_partitioned to None, run_after=None
[2025-04-28T14:18:54.328+0000] {processor.py:183} INFO - Processing /opt/airflow/dags/move_bronze_to_silver_partitioned.py took 0.229 seconds
[2025-04-28T14:19:25.253+0000] {processor.py:161} INFO - Started process (PID=784) to work on /opt/airflow/dags/move_bronze_to_silver_partitioned.py
[2025-04-28T14:19:25.253+0000] {processor.py:830} INFO - Processing file /opt/airflow/dags/move_bronze_to_silver_partitioned.py for tasks to queue
[2025-04-28T14:19:25.254+0000] {logging_mixin.py:188} INFO - [2025-04-28T14:19:25.254+0000] {dagbag.py:540} INFO - Filling up the DagBag from /opt/airflow/dags/move_bronze_to_silver_partitioned.py
[2025-04-28T14:19:25.466+0000] {processor.py:840} INFO - DAG(s) 'move_bronze_to_silver_partitioned' retrieved from /opt/airflow/dags/move_bronze_to_silver_partitioned.py
[2025-04-28T14:19:25.477+0000] {logging_mixin.py:188} INFO - [2025-04-28T14:19:25.477+0000] {dag.py:3096} INFO - Sync 1 DAGs
[2025-04-28T14:19:25.481+0000] {logging_mixin.py:188} INFO - [2025-04-28T14:19:25.481+0000] {dag.py:3954} INFO - Setting next_dagrun for move_bronze_to_silver_partitioned to None, run_after=None
[2025-04-28T14:19:25.490+0000] {processor.py:183} INFO - Processing /opt/airflow/dags/move_bronze_to_silver_partitioned.py took 0.240 seconds
[2025-04-28T14:19:56.348+0000] {processor.py:161} INFO - Started process (PID=819) to work on /opt/airflow/dags/move_bronze_to_silver_partitioned.py
[2025-04-28T14:19:56.348+0000] {processor.py:830} INFO - Processing file /opt/airflow/dags/move_bronze_to_silver_partitioned.py for tasks to queue
[2025-04-28T14:19:56.349+0000] {logging_mixin.py:188} INFO - [2025-04-28T14:19:56.349+0000] {dagbag.py:540} INFO - Filling up the DagBag from /opt/airflow/dags/move_bronze_to_silver_partitioned.py
[2025-04-28T14:19:56.567+0000] {processor.py:840} INFO - DAG(s) 'move_bronze_to_silver_partitioned' retrieved from /opt/airflow/dags/move_bronze_to_silver_partitioned.py
[2025-04-28T14:19:56.580+0000] {logging_mixin.py:188} INFO - [2025-04-28T14:19:56.579+0000] {dag.py:3096} INFO - Sync 1 DAGs
[2025-04-28T14:19:56.586+0000] {logging_mixin.py:188} INFO - [2025-04-28T14:19:56.586+0000] {dag.py:3954} INFO - Setting next_dagrun for move_bronze_to_silver_partitioned to None, run_after=None
[2025-04-28T14:19:56.596+0000] {processor.py:183} INFO - Processing /opt/airflow/dags/move_bronze_to_silver_partitioned.py took 0.251 seconds
[2025-04-28T14:20:27.461+0000] {processor.py:161} INFO - Started process (PID=854) to work on /opt/airflow/dags/move_bronze_to_silver_partitioned.py
[2025-04-28T14:20:27.461+0000] {processor.py:830} INFO - Processing file /opt/airflow/dags/move_bronze_to_silver_partitioned.py for tasks to queue
[2025-04-28T14:20:27.462+0000] {logging_mixin.py:188} INFO - [2025-04-28T14:20:27.462+0000] {dagbag.py:540} INFO - Filling up the DagBag from /opt/airflow/dags/move_bronze_to_silver_partitioned.py
[2025-04-28T14:20:27.693+0000] {processor.py:840} INFO - DAG(s) 'move_bronze_to_silver_partitioned' retrieved from /opt/airflow/dags/move_bronze_to_silver_partitioned.py
[2025-04-28T14:20:27.703+0000] {logging_mixin.py:188} INFO - [2025-04-28T14:20:27.703+0000] {dag.py:3096} INFO - Sync 1 DAGs
[2025-04-28T14:20:27.709+0000] {logging_mixin.py:188} INFO - [2025-04-28T14:20:27.709+0000] {dag.py:3954} INFO - Setting next_dagrun for move_bronze_to_silver_partitioned to None, run_after=None
[2025-04-28T14:20:27.721+0000] {processor.py:183} INFO - Processing /opt/airflow/dags/move_bronze_to_silver_partitioned.py took 0.263 seconds
[2025-04-28T14:20:58.572+0000] {processor.py:161} INFO - Started process (PID=889) to work on /opt/airflow/dags/move_bronze_to_silver_partitioned.py
[2025-04-28T14:20:58.572+0000] {processor.py:830} INFO - Processing file /opt/airflow/dags/move_bronze_to_silver_partitioned.py for tasks to queue
[2025-04-28T14:20:58.573+0000] {logging_mixin.py:188} INFO - [2025-04-28T14:20:58.573+0000] {dagbag.py:540} INFO - Filling up the DagBag from /opt/airflow/dags/move_bronze_to_silver_partitioned.py
[2025-04-28T14:20:58.777+0000] {processor.py:840} INFO - DAG(s) 'move_bronze_to_silver_partitioned' retrieved from /opt/airflow/dags/move_bronze_to_silver_partitioned.py
[2025-04-28T14:20:58.787+0000] {logging_mixin.py:188} INFO - [2025-04-28T14:20:58.787+0000] {dag.py:3096} INFO - Sync 1 DAGs
[2025-04-28T14:20:58.792+0000] {logging_mixin.py:188} INFO - [2025-04-28T14:20:58.791+0000] {dag.py:3954} INFO - Setting next_dagrun for move_bronze_to_silver_partitioned to None, run_after=None
[2025-04-28T14:20:58.799+0000] {processor.py:183} INFO - Processing /opt/airflow/dags/move_bronze_to_silver_partitioned.py took 0.230 seconds
[2025-04-28T14:21:29.744+0000] {processor.py:161} INFO - Started process (PID=924) to work on /opt/airflow/dags/move_bronze_to_silver_partitioned.py
[2025-04-28T14:21:29.745+0000] {processor.py:830} INFO - Processing file /opt/airflow/dags/move_bronze_to_silver_partitioned.py for tasks to queue
[2025-04-28T14:21:29.746+0000] {logging_mixin.py:188} INFO - [2025-04-28T14:21:29.746+0000] {dagbag.py:540} INFO - Filling up the DagBag from /opt/airflow/dags/move_bronze_to_silver_partitioned.py
[2025-04-28T14:21:29.960+0000] {processor.py:840} INFO - DAG(s) 'move_bronze_to_silver_partitioned' retrieved from /opt/airflow/dags/move_bronze_to_silver_partitioned.py
[2025-04-28T14:21:29.970+0000] {logging_mixin.py:188} INFO - [2025-04-28T14:21:29.970+0000] {dag.py:3096} INFO - Sync 1 DAGs
[2025-04-28T14:21:29.974+0000] {logging_mixin.py:188} INFO - [2025-04-28T14:21:29.974+0000] {dag.py:3954} INFO - Setting next_dagrun for move_bronze_to_silver_partitioned to None, run_after=None
[2025-04-28T14:21:29.982+0000] {processor.py:183} INFO - Processing /opt/airflow/dags/move_bronze_to_silver_partitioned.py took 0.240 seconds
[2025-04-28T14:22:00.940+0000] {processor.py:161} INFO - Started process (PID=959) to work on /opt/airflow/dags/move_bronze_to_silver_partitioned.py
[2025-04-28T14:22:00.940+0000] {processor.py:830} INFO - Processing file /opt/airflow/dags/move_bronze_to_silver_partitioned.py for tasks to queue
[2025-04-28T14:22:00.941+0000] {logging_mixin.py:188} INFO - [2025-04-28T14:22:00.941+0000] {dagbag.py:540} INFO - Filling up the DagBag from /opt/airflow/dags/move_bronze_to_silver_partitioned.py
[2025-04-28T14:22:01.143+0000] {processor.py:840} INFO - DAG(s) 'move_bronze_to_silver_partitioned' retrieved from /opt/airflow/dags/move_bronze_to_silver_partitioned.py
[2025-04-28T14:22:01.153+0000] {logging_mixin.py:188} INFO - [2025-04-28T14:22:01.153+0000] {dag.py:3096} INFO - Sync 1 DAGs
[2025-04-28T14:22:01.158+0000] {logging_mixin.py:188} INFO - [2025-04-28T14:22:01.158+0000] {dag.py:3954} INFO - Setting next_dagrun for move_bronze_to_silver_partitioned to None, run_after=None
[2025-04-28T14:22:01.165+0000] {processor.py:183} INFO - Processing /opt/airflow/dags/move_bronze_to_silver_partitioned.py took 0.228 seconds
[2025-04-28T14:22:32.059+0000] {processor.py:161} INFO - Started process (PID=994) to work on /opt/airflow/dags/move_bronze_to_silver_partitioned.py
[2025-04-28T14:22:32.059+0000] {processor.py:830} INFO - Processing file /opt/airflow/dags/move_bronze_to_silver_partitioned.py for tasks to queue
[2025-04-28T14:22:32.060+0000] {logging_mixin.py:188} INFO - [2025-04-28T14:22:32.060+0000] {dagbag.py:540} INFO - Filling up the DagBag from /opt/airflow/dags/move_bronze_to_silver_partitioned.py
[2025-04-28T14:22:32.260+0000] {processor.py:840} INFO - DAG(s) 'move_bronze_to_silver_partitioned' retrieved from /opt/airflow/dags/move_bronze_to_silver_partitioned.py
[2025-04-28T14:22:32.272+0000] {logging_mixin.py:188} INFO - [2025-04-28T14:22:32.272+0000] {dag.py:3096} INFO - Sync 1 DAGs
[2025-04-28T14:22:32.276+0000] {logging_mixin.py:188} INFO - [2025-04-28T14:22:32.276+0000] {dag.py:3954} INFO - Setting next_dagrun for move_bronze_to_silver_partitioned to None, run_after=None
[2025-04-28T14:22:32.285+0000] {processor.py:183} INFO - Processing /opt/airflow/dags/move_bronze_to_silver_partitioned.py took 0.229 seconds
[2025-04-28T14:23:03.246+0000] {processor.py:161} INFO - Started process (PID=1029) to work on /opt/airflow/dags/move_bronze_to_silver_partitioned.py
[2025-04-28T14:23:03.247+0000] {processor.py:830} INFO - Processing file /opt/airflow/dags/move_bronze_to_silver_partitioned.py for tasks to queue
[2025-04-28T14:23:03.248+0000] {logging_mixin.py:188} INFO - [2025-04-28T14:23:03.248+0000] {dagbag.py:540} INFO - Filling up the DagBag from /opt/airflow/dags/move_bronze_to_silver_partitioned.py
[2025-04-28T14:23:03.446+0000] {processor.py:840} INFO - DAG(s) 'move_bronze_to_silver_partitioned' retrieved from /opt/airflow/dags/move_bronze_to_silver_partitioned.py
[2025-04-28T14:23:03.457+0000] {logging_mixin.py:188} INFO - [2025-04-28T14:23:03.456+0000] {dag.py:3096} INFO - Sync 1 DAGs
[2025-04-28T14:23:03.461+0000] {logging_mixin.py:188} INFO - [2025-04-28T14:23:03.461+0000] {dag.py:3954} INFO - Setting next_dagrun for move_bronze_to_silver_partitioned to None, run_after=None
[2025-04-28T14:23:03.469+0000] {processor.py:183} INFO - Processing /opt/airflow/dags/move_bronze_to_silver_partitioned.py took 0.225 seconds
[2025-04-28T14:23:34.383+0000] {processor.py:161} INFO - Started process (PID=1064) to work on /opt/airflow/dags/move_bronze_to_silver_partitioned.py
[2025-04-28T14:23:34.384+0000] {processor.py:830} INFO - Processing file /opt/airflow/dags/move_bronze_to_silver_partitioned.py for tasks to queue
[2025-04-28T14:23:34.385+0000] {logging_mixin.py:188} INFO - [2025-04-28T14:23:34.384+0000] {dagbag.py:540} INFO - Filling up the DagBag from /opt/airflow/dags/move_bronze_to_silver_partitioned.py
[2025-04-28T14:23:34.607+0000] {processor.py:840} INFO - DAG(s) 'move_bronze_to_silver_partitioned' retrieved from /opt/airflow/dags/move_bronze_to_silver_partitioned.py
[2025-04-28T14:23:34.619+0000] {logging_mixin.py:188} INFO - [2025-04-28T14:23:34.618+0000] {dag.py:3096} INFO - Sync 1 DAGs
[2025-04-28T14:23:34.624+0000] {logging_mixin.py:188} INFO - [2025-04-28T14:23:34.624+0000] {dag.py:3954} INFO - Setting next_dagrun for move_bronze_to_silver_partitioned to None, run_after=None
[2025-04-28T14:23:34.635+0000] {processor.py:183} INFO - Processing /opt/airflow/dags/move_bronze_to_silver_partitioned.py took 0.255 seconds
[2025-04-28T14:24:05.528+0000] {processor.py:161} INFO - Started process (PID=1099) to work on /opt/airflow/dags/move_bronze_to_silver_partitioned.py
[2025-04-28T14:24:05.528+0000] {processor.py:830} INFO - Processing file /opt/airflow/dags/move_bronze_to_silver_partitioned.py for tasks to queue
[2025-04-28T14:24:05.529+0000] {logging_mixin.py:188} INFO - [2025-04-28T14:24:05.529+0000] {dagbag.py:540} INFO - Filling up the DagBag from /opt/airflow/dags/move_bronze_to_silver_partitioned.py
[2025-04-28T14:24:05.737+0000] {processor.py:840} INFO - DAG(s) 'move_bronze_to_silver_partitioned' retrieved from /opt/airflow/dags/move_bronze_to_silver_partitioned.py
[2025-04-28T14:24:05.749+0000] {logging_mixin.py:188} INFO - [2025-04-28T14:24:05.749+0000] {dag.py:3096} INFO - Sync 1 DAGs
[2025-04-28T14:24:05.753+0000] {logging_mixin.py:188} INFO - [2025-04-28T14:24:05.753+0000] {dag.py:3954} INFO - Setting next_dagrun for move_bronze_to_silver_partitioned to None, run_after=None
[2025-04-28T14:24:05.761+0000] {processor.py:183} INFO - Processing /opt/airflow/dags/move_bronze_to_silver_partitioned.py took 0.236 seconds
[2025-04-28T14:24:36.699+0000] {processor.py:161} INFO - Started process (PID=1134) to work on /opt/airflow/dags/move_bronze_to_silver_partitioned.py
[2025-04-28T14:24:36.700+0000] {processor.py:830} INFO - Processing file /opt/airflow/dags/move_bronze_to_silver_partitioned.py for tasks to queue
[2025-04-28T14:24:36.701+0000] {logging_mixin.py:188} INFO - [2025-04-28T14:24:36.701+0000] {dagbag.py:540} INFO - Filling up the DagBag from /opt/airflow/dags/move_bronze_to_silver_partitioned.py
[2025-04-28T14:24:36.913+0000] {processor.py:840} INFO - DAG(s) 'move_bronze_to_silver_partitioned' retrieved from /opt/airflow/dags/move_bronze_to_silver_partitioned.py
[2025-04-28T14:24:36.924+0000] {logging_mixin.py:188} INFO - [2025-04-28T14:24:36.924+0000] {dag.py:3096} INFO - Sync 1 DAGs
[2025-04-28T14:24:36.928+0000] {logging_mixin.py:188} INFO - [2025-04-28T14:24:36.928+0000] {dag.py:3954} INFO - Setting next_dagrun for move_bronze_to_silver_partitioned to None, run_after=None
[2025-04-28T14:24:36.936+0000] {processor.py:183} INFO - Processing /opt/airflow/dags/move_bronze_to_silver_partitioned.py took 0.239 seconds
[2025-04-28T14:25:07.832+0000] {processor.py:161} INFO - Started process (PID=1169) to work on /opt/airflow/dags/move_bronze_to_silver_partitioned.py
[2025-04-28T14:25:07.833+0000] {processor.py:830} INFO - Processing file /opt/airflow/dags/move_bronze_to_silver_partitioned.py for tasks to queue
[2025-04-28T14:25:07.834+0000] {logging_mixin.py:188} INFO - [2025-04-28T14:25:07.834+0000] {dagbag.py:540} INFO - Filling up the DagBag from /opt/airflow/dags/move_bronze_to_silver_partitioned.py
[2025-04-28T14:25:08.057+0000] {processor.py:840} INFO - DAG(s) 'move_bronze_to_silver_partitioned' retrieved from /opt/airflow/dags/move_bronze_to_silver_partitioned.py
[2025-04-28T14:25:08.070+0000] {logging_mixin.py:188} INFO - [2025-04-28T14:25:08.070+0000] {dag.py:3096} INFO - Sync 1 DAGs
[2025-04-28T14:25:08.076+0000] {logging_mixin.py:188} INFO - [2025-04-28T14:25:08.076+0000] {dag.py:3954} INFO - Setting next_dagrun for move_bronze_to_silver_partitioned to None, run_after=None
[2025-04-28T14:25:08.088+0000] {processor.py:183} INFO - Processing /opt/airflow/dags/move_bronze_to_silver_partitioned.py took 0.258 seconds
[2025-04-28T14:25:39.027+0000] {processor.py:161} INFO - Started process (PID=1204) to work on /opt/airflow/dags/move_bronze_to_silver_partitioned.py
[2025-04-28T14:25:39.028+0000] {processor.py:830} INFO - Processing file /opt/airflow/dags/move_bronze_to_silver_partitioned.py for tasks to queue
[2025-04-28T14:25:39.029+0000] {logging_mixin.py:188} INFO - [2025-04-28T14:25:39.029+0000] {dagbag.py:540} INFO - Filling up the DagBag from /opt/airflow/dags/move_bronze_to_silver_partitioned.py
[2025-04-28T14:25:39.231+0000] {processor.py:840} INFO - DAG(s) 'move_bronze_to_silver_partitioned' retrieved from /opt/airflow/dags/move_bronze_to_silver_partitioned.py
[2025-04-28T14:25:39.242+0000] {logging_mixin.py:188} INFO - [2025-04-28T14:25:39.242+0000] {dag.py:3096} INFO - Sync 1 DAGs
[2025-04-28T14:25:39.246+0000] {logging_mixin.py:188} INFO - [2025-04-28T14:25:39.246+0000] {dag.py:3954} INFO - Setting next_dagrun for move_bronze_to_silver_partitioned to None, run_after=None
[2025-04-28T14:25:39.254+0000] {processor.py:183} INFO - Processing /opt/airflow/dags/move_bronze_to_silver_partitioned.py took 0.229 seconds
[2025-04-28T14:26:10.231+0000] {processor.py:161} INFO - Started process (PID=1239) to work on /opt/airflow/dags/move_bronze_to_silver_partitioned.py
[2025-04-28T14:26:10.231+0000] {processor.py:830} INFO - Processing file /opt/airflow/dags/move_bronze_to_silver_partitioned.py for tasks to queue
[2025-04-28T14:26:10.232+0000] {logging_mixin.py:188} INFO - [2025-04-28T14:26:10.232+0000] {dagbag.py:540} INFO - Filling up the DagBag from /opt/airflow/dags/move_bronze_to_silver_partitioned.py
[2025-04-28T14:26:10.471+0000] {processor.py:840} INFO - DAG(s) 'move_bronze_to_silver_partitioned' retrieved from /opt/airflow/dags/move_bronze_to_silver_partitioned.py
[2025-04-28T14:26:10.484+0000] {logging_mixin.py:188} INFO - [2025-04-28T14:26:10.484+0000] {dag.py:3096} INFO - Sync 1 DAGs
[2025-04-28T14:26:10.489+0000] {logging_mixin.py:188} INFO - [2025-04-28T14:26:10.489+0000] {dag.py:3954} INFO - Setting next_dagrun for move_bronze_to_silver_partitioned to None, run_after=None
[2025-04-28T14:26:10.498+0000] {processor.py:183} INFO - Processing /opt/airflow/dags/move_bronze_to_silver_partitioned.py took 0.271 seconds
[2025-04-28T14:26:41.468+0000] {processor.py:161} INFO - Started process (PID=1274) to work on /opt/airflow/dags/move_bronze_to_silver_partitioned.py
[2025-04-28T14:26:41.468+0000] {processor.py:830} INFO - Processing file /opt/airflow/dags/move_bronze_to_silver_partitioned.py for tasks to queue
[2025-04-28T14:26:41.469+0000] {logging_mixin.py:188} INFO - [2025-04-28T14:26:41.469+0000] {dagbag.py:540} INFO - Filling up the DagBag from /opt/airflow/dags/move_bronze_to_silver_partitioned.py
[2025-04-28T14:26:41.670+0000] {processor.py:840} INFO - DAG(s) 'move_bronze_to_silver_partitioned' retrieved from /opt/airflow/dags/move_bronze_to_silver_partitioned.py
[2025-04-28T14:26:41.680+0000] {logging_mixin.py:188} INFO - [2025-04-28T14:26:41.680+0000] {dag.py:3096} INFO - Sync 1 DAGs
[2025-04-28T14:26:41.685+0000] {logging_mixin.py:188} INFO - [2025-04-28T14:26:41.685+0000] {dag.py:3954} INFO - Setting next_dagrun for move_bronze_to_silver_partitioned to None, run_after=None
[2025-04-28T14:26:41.694+0000] {processor.py:183} INFO - Processing /opt/airflow/dags/move_bronze_to_silver_partitioned.py took 0.229 seconds
[2025-04-28T14:27:12.596+0000] {processor.py:161} INFO - Started process (PID=1309) to work on /opt/airflow/dags/move_bronze_to_silver_partitioned.py
[2025-04-28T14:27:12.596+0000] {processor.py:830} INFO - Processing file /opt/airflow/dags/move_bronze_to_silver_partitioned.py for tasks to queue
[2025-04-28T14:27:12.597+0000] {logging_mixin.py:188} INFO - [2025-04-28T14:27:12.597+0000] {dagbag.py:540} INFO - Filling up the DagBag from /opt/airflow/dags/move_bronze_to_silver_partitioned.py
[2025-04-28T14:27:12.800+0000] {processor.py:840} INFO - DAG(s) 'move_bronze_to_silver_partitioned' retrieved from /opt/airflow/dags/move_bronze_to_silver_partitioned.py
[2025-04-28T14:27:12.811+0000] {logging_mixin.py:188} INFO - [2025-04-28T14:27:12.810+0000] {dag.py:3096} INFO - Sync 1 DAGs
[2025-04-28T14:27:12.815+0000] {logging_mixin.py:188} INFO - [2025-04-28T14:27:12.815+0000] {dag.py:3954} INFO - Setting next_dagrun for move_bronze_to_silver_partitioned to None, run_after=None
[2025-04-28T14:27:12.822+0000] {processor.py:183} INFO - Processing /opt/airflow/dags/move_bronze_to_silver_partitioned.py took 0.229 seconds
[2025-04-28T14:27:43.739+0000] {processor.py:161} INFO - Started process (PID=1347) to work on /opt/airflow/dags/move_bronze_to_silver_partitioned.py
[2025-04-28T14:27:43.740+0000] {processor.py:830} INFO - Processing file /opt/airflow/dags/move_bronze_to_silver_partitioned.py for tasks to queue
[2025-04-28T14:27:43.741+0000] {logging_mixin.py:188} INFO - [2025-04-28T14:27:43.741+0000] {dagbag.py:540} INFO - Filling up the DagBag from /opt/airflow/dags/move_bronze_to_silver_partitioned.py
[2025-04-28T14:27:43.983+0000] {processor.py:840} INFO - DAG(s) 'move_bronze_to_silver_partitioned' retrieved from /opt/airflow/dags/move_bronze_to_silver_partitioned.py
[2025-04-28T14:27:43.995+0000] {logging_mixin.py:188} INFO - [2025-04-28T14:27:43.995+0000] {dag.py:3096} INFO - Sync 1 DAGs
[2025-04-28T14:27:44.001+0000] {logging_mixin.py:188} INFO - [2025-04-28T14:27:44.000+0000] {dag.py:3954} INFO - Setting next_dagrun for move_bronze_to_silver_partitioned to None, run_after=None
[2025-04-28T14:27:44.013+0000] {processor.py:183} INFO - Processing /opt/airflow/dags/move_bronze_to_silver_partitioned.py took 0.277 seconds
[2025-04-28T14:28:14.904+0000] {processor.py:161} INFO - Started process (PID=1384) to work on /opt/airflow/dags/move_bronze_to_silver_partitioned.py
[2025-04-28T14:28:14.905+0000] {processor.py:830} INFO - Processing file /opt/airflow/dags/move_bronze_to_silver_partitioned.py for tasks to queue
[2025-04-28T14:28:14.906+0000] {logging_mixin.py:188} INFO - [2025-04-28T14:28:14.905+0000] {dagbag.py:540} INFO - Filling up the DagBag from /opt/airflow/dags/move_bronze_to_silver_partitioned.py
[2025-04-28T14:28:15.105+0000] {processor.py:840} INFO - DAG(s) 'move_bronze_to_silver_partitioned' retrieved from /opt/airflow/dags/move_bronze_to_silver_partitioned.py
[2025-04-28T14:28:15.115+0000] {logging_mixin.py:188} INFO - [2025-04-28T14:28:15.115+0000] {dag.py:3096} INFO - Sync 1 DAGs
[2025-04-28T14:28:15.119+0000] {logging_mixin.py:188} INFO - [2025-04-28T14:28:15.119+0000] {dag.py:3954} INFO - Setting next_dagrun for move_bronze_to_silver_partitioned to None, run_after=None
[2025-04-28T14:28:15.128+0000] {processor.py:183} INFO - Processing /opt/airflow/dags/move_bronze_to_silver_partitioned.py took 0.226 seconds
[2025-04-28T14:28:45.993+0000] {processor.py:161} INFO - Started process (PID=1419) to work on /opt/airflow/dags/move_bronze_to_silver_partitioned.py
[2025-04-28T14:28:45.993+0000] {processor.py:830} INFO - Processing file /opt/airflow/dags/move_bronze_to_silver_partitioned.py for tasks to queue
[2025-04-28T14:28:45.994+0000] {logging_mixin.py:188} INFO - [2025-04-28T14:28:45.994+0000] {dagbag.py:540} INFO - Filling up the DagBag from /opt/airflow/dags/move_bronze_to_silver_partitioned.py
[2025-04-28T14:28:46.212+0000] {processor.py:840} INFO - DAG(s) 'move_bronze_to_silver_partitioned' retrieved from /opt/airflow/dags/move_bronze_to_silver_partitioned.py
[2025-04-28T14:28:46.225+0000] {logging_mixin.py:188} INFO - [2025-04-28T14:28:46.225+0000] {dag.py:3096} INFO - Sync 1 DAGs
[2025-04-28T14:28:46.230+0000] {logging_mixin.py:188} INFO - [2025-04-28T14:28:46.230+0000] {dag.py:3954} INFO - Setting next_dagrun for move_bronze_to_silver_partitioned to None, run_after=None
[2025-04-28T14:28:46.238+0000] {processor.py:183} INFO - Processing /opt/airflow/dags/move_bronze_to_silver_partitioned.py took 0.248 seconds
[2025-04-28T14:29:17.153+0000] {processor.py:161} INFO - Started process (PID=1454) to work on /opt/airflow/dags/move_bronze_to_silver_partitioned.py
[2025-04-28T14:29:17.153+0000] {processor.py:830} INFO - Processing file /opt/airflow/dags/move_bronze_to_silver_partitioned.py for tasks to queue
[2025-04-28T14:29:17.154+0000] {logging_mixin.py:188} INFO - [2025-04-28T14:29:17.154+0000] {dagbag.py:540} INFO - Filling up the DagBag from /opt/airflow/dags/move_bronze_to_silver_partitioned.py
[2025-04-28T14:29:17.378+0000] {processor.py:840} INFO - DAG(s) 'move_bronze_to_silver_partitioned' retrieved from /opt/airflow/dags/move_bronze_to_silver_partitioned.py
[2025-04-28T14:29:17.389+0000] {logging_mixin.py:188} INFO - [2025-04-28T14:29:17.389+0000] {dag.py:3096} INFO - Sync 1 DAGs
[2025-04-28T14:29:17.393+0000] {logging_mixin.py:188} INFO - [2025-04-28T14:29:17.393+0000] {dag.py:3954} INFO - Setting next_dagrun for move_bronze_to_silver_partitioned to None, run_after=None
[2025-04-28T14:29:17.400+0000] {processor.py:183} INFO - Processing /opt/airflow/dags/move_bronze_to_silver_partitioned.py took 0.251 seconds
[2025-04-28T14:29:48.325+0000] {processor.py:161} INFO - Started process (PID=1489) to work on /opt/airflow/dags/move_bronze_to_silver_partitioned.py
[2025-04-28T14:29:48.325+0000] {processor.py:830} INFO - Processing file /opt/airflow/dags/move_bronze_to_silver_partitioned.py for tasks to queue
[2025-04-28T14:29:48.326+0000] {logging_mixin.py:188} INFO - [2025-04-28T14:29:48.326+0000] {dagbag.py:540} INFO - Filling up the DagBag from /opt/airflow/dags/move_bronze_to_silver_partitioned.py
[2025-04-28T14:29:48.551+0000] {processor.py:840} INFO - DAG(s) 'move_bronze_to_silver_partitioned' retrieved from /opt/airflow/dags/move_bronze_to_silver_partitioned.py
[2025-04-28T14:29:48.563+0000] {logging_mixin.py:188} INFO - [2025-04-28T14:29:48.562+0000] {dag.py:3096} INFO - Sync 1 DAGs
[2025-04-28T14:29:48.567+0000] {logging_mixin.py:188} INFO - [2025-04-28T14:29:48.567+0000] {dag.py:3954} INFO - Setting next_dagrun for move_bronze_to_silver_partitioned to None, run_after=None
[2025-04-28T14:29:48.578+0000] {processor.py:183} INFO - Processing /opt/airflow/dags/move_bronze_to_silver_partitioned.py took 0.256 seconds
[2025-04-28T14:30:19.452+0000] {processor.py:161} INFO - Started process (PID=1524) to work on /opt/airflow/dags/move_bronze_to_silver_partitioned.py
[2025-04-28T14:30:19.453+0000] {processor.py:830} INFO - Processing file /opt/airflow/dags/move_bronze_to_silver_partitioned.py for tasks to queue
[2025-04-28T14:30:19.454+0000] {logging_mixin.py:188} INFO - [2025-04-28T14:30:19.454+0000] {dagbag.py:540} INFO - Filling up the DagBag from /opt/airflow/dags/move_bronze_to_silver_partitioned.py
[2025-04-28T14:30:19.672+0000] {processor.py:840} INFO - DAG(s) 'move_bronze_to_silver_partitioned' retrieved from /opt/airflow/dags/move_bronze_to_silver_partitioned.py
[2025-04-28T14:30:19.686+0000] {logging_mixin.py:188} INFO - [2025-04-28T14:30:19.686+0000] {dag.py:3096} INFO - Sync 1 DAGs
[2025-04-28T14:30:19.690+0000] {logging_mixin.py:188} INFO - [2025-04-28T14:30:19.690+0000] {dag.py:3954} INFO - Setting next_dagrun for move_bronze_to_silver_partitioned to None, run_after=None
[2025-04-28T14:30:19.702+0000] {processor.py:183} INFO - Processing /opt/airflow/dags/move_bronze_to_silver_partitioned.py took 0.253 seconds
[2025-04-28T14:30:50.609+0000] {processor.py:161} INFO - Started process (PID=1559) to work on /opt/airflow/dags/move_bronze_to_silver_partitioned.py
[2025-04-28T14:30:50.610+0000] {processor.py:830} INFO - Processing file /opt/airflow/dags/move_bronze_to_silver_partitioned.py for tasks to queue
[2025-04-28T14:30:50.611+0000] {logging_mixin.py:188} INFO - [2025-04-28T14:30:50.611+0000] {dagbag.py:540} INFO - Filling up the DagBag from /opt/airflow/dags/move_bronze_to_silver_partitioned.py
[2025-04-28T14:30:50.827+0000] {processor.py:840} INFO - DAG(s) 'move_bronze_to_silver_partitioned' retrieved from /opt/airflow/dags/move_bronze_to_silver_partitioned.py
[2025-04-28T14:30:50.838+0000] {logging_mixin.py:188} INFO - [2025-04-28T14:30:50.838+0000] {dag.py:3096} INFO - Sync 1 DAGs
[2025-04-28T14:30:50.843+0000] {logging_mixin.py:188} INFO - [2025-04-28T14:30:50.843+0000] {dag.py:3954} INFO - Setting next_dagrun for move_bronze_to_silver_partitioned to None, run_after=None
[2025-04-28T14:30:50.852+0000] {processor.py:183} INFO - Processing /opt/airflow/dags/move_bronze_to_silver_partitioned.py took 0.245 seconds
[2025-04-28T14:31:21.713+0000] {processor.py:161} INFO - Started process (PID=1594) to work on /opt/airflow/dags/move_bronze_to_silver_partitioned.py
[2025-04-28T14:31:21.713+0000] {processor.py:830} INFO - Processing file /opt/airflow/dags/move_bronze_to_silver_partitioned.py for tasks to queue
[2025-04-28T14:31:21.714+0000] {logging_mixin.py:188} INFO - [2025-04-28T14:31:21.714+0000] {dagbag.py:540} INFO - Filling up the DagBag from /opt/airflow/dags/move_bronze_to_silver_partitioned.py
[2025-04-28T14:31:21.914+0000] {processor.py:840} INFO - DAG(s) 'move_bronze_to_silver_partitioned' retrieved from /opt/airflow/dags/move_bronze_to_silver_partitioned.py
[2025-04-28T14:31:21.924+0000] {logging_mixin.py:188} INFO - [2025-04-28T14:31:21.924+0000] {dag.py:3096} INFO - Sync 1 DAGs
[2025-04-28T14:31:21.929+0000] {logging_mixin.py:188} INFO - [2025-04-28T14:31:21.929+0000] {dag.py:3954} INFO - Setting next_dagrun for move_bronze_to_silver_partitioned to None, run_after=None
[2025-04-28T14:31:21.937+0000] {processor.py:183} INFO - Processing /opt/airflow/dags/move_bronze_to_silver_partitioned.py took 0.227 seconds
[2025-04-28T14:31:52.823+0000] {processor.py:161} INFO - Started process (PID=1629) to work on /opt/airflow/dags/move_bronze_to_silver_partitioned.py
[2025-04-28T14:31:52.823+0000] {processor.py:830} INFO - Processing file /opt/airflow/dags/move_bronze_to_silver_partitioned.py for tasks to queue
[2025-04-28T14:31:52.824+0000] {logging_mixin.py:188} INFO - [2025-04-28T14:31:52.824+0000] {dagbag.py:540} INFO - Filling up the DagBag from /opt/airflow/dags/move_bronze_to_silver_partitioned.py
[2025-04-28T14:31:53.019+0000] {processor.py:840} INFO - DAG(s) 'move_bronze_to_silver_partitioned' retrieved from /opt/airflow/dags/move_bronze_to_silver_partitioned.py
[2025-04-28T14:31:53.030+0000] {logging_mixin.py:188} INFO - [2025-04-28T14:31:53.030+0000] {dag.py:3096} INFO - Sync 1 DAGs
[2025-04-28T14:31:53.034+0000] {logging_mixin.py:188} INFO - [2025-04-28T14:31:53.034+0000] {dag.py:3954} INFO - Setting next_dagrun for move_bronze_to_silver_partitioned to None, run_after=None
[2025-04-28T14:31:53.042+0000] {processor.py:183} INFO - Processing /opt/airflow/dags/move_bronze_to_silver_partitioned.py took 0.222 seconds
[2025-04-28T14:32:23.932+0000] {processor.py:161} INFO - Started process (PID=1664) to work on /opt/airflow/dags/move_bronze_to_silver_partitioned.py
[2025-04-28T14:32:23.933+0000] {processor.py:830} INFO - Processing file /opt/airflow/dags/move_bronze_to_silver_partitioned.py for tasks to queue
[2025-04-28T14:32:23.933+0000] {logging_mixin.py:188} INFO - [2025-04-28T14:32:23.933+0000] {dagbag.py:540} INFO - Filling up the DagBag from /opt/airflow/dags/move_bronze_to_silver_partitioned.py
[2025-04-28T14:32:24.133+0000] {processor.py:840} INFO - DAG(s) 'move_bronze_to_silver_partitioned' retrieved from /opt/airflow/dags/move_bronze_to_silver_partitioned.py
[2025-04-28T14:32:24.143+0000] {logging_mixin.py:188} INFO - [2025-04-28T14:32:24.143+0000] {dag.py:3096} INFO - Sync 1 DAGs
[2025-04-28T14:32:24.148+0000] {logging_mixin.py:188} INFO - [2025-04-28T14:32:24.148+0000] {dag.py:3954} INFO - Setting next_dagrun for move_bronze_to_silver_partitioned to None, run_after=None
[2025-04-28T14:32:24.155+0000] {processor.py:183} INFO - Processing /opt/airflow/dags/move_bronze_to_silver_partitioned.py took 0.226 seconds
[2025-04-28T14:32:55.017+0000] {processor.py:161} INFO - Started process (PID=1699) to work on /opt/airflow/dags/move_bronze_to_silver_partitioned.py
[2025-04-28T14:32:55.017+0000] {processor.py:830} INFO - Processing file /opt/airflow/dags/move_bronze_to_silver_partitioned.py for tasks to queue
[2025-04-28T14:32:55.018+0000] {logging_mixin.py:188} INFO - [2025-04-28T14:32:55.018+0000] {dagbag.py:540} INFO - Filling up the DagBag from /opt/airflow/dags/move_bronze_to_silver_partitioned.py
[2025-04-28T14:32:55.213+0000] {processor.py:840} INFO - DAG(s) 'move_bronze_to_silver_partitioned' retrieved from /opt/airflow/dags/move_bronze_to_silver_partitioned.py
[2025-04-28T14:32:55.224+0000] {logging_mixin.py:188} INFO - [2025-04-28T14:32:55.224+0000] {dag.py:3096} INFO - Sync 1 DAGs
[2025-04-28T14:32:55.228+0000] {logging_mixin.py:188} INFO - [2025-04-28T14:32:55.228+0000] {dag.py:3954} INFO - Setting next_dagrun for move_bronze_to_silver_partitioned to None, run_after=None
[2025-04-28T14:32:55.236+0000] {processor.py:183} INFO - Processing /opt/airflow/dags/move_bronze_to_silver_partitioned.py took 0.222 seconds
[2025-04-28T14:33:26.142+0000] {processor.py:161} INFO - Started process (PID=1734) to work on /opt/airflow/dags/move_bronze_to_silver_partitioned.py
[2025-04-28T14:33:26.142+0000] {processor.py:830} INFO - Processing file /opt/airflow/dags/move_bronze_to_silver_partitioned.py for tasks to queue
[2025-04-28T14:33:26.143+0000] {logging_mixin.py:188} INFO - [2025-04-28T14:33:26.143+0000] {dagbag.py:540} INFO - Filling up the DagBag from /opt/airflow/dags/move_bronze_to_silver_partitioned.py
[2025-04-28T14:33:26.339+0000] {processor.py:840} INFO - DAG(s) 'move_bronze_to_silver_partitioned' retrieved from /opt/airflow/dags/move_bronze_to_silver_partitioned.py
[2025-04-28T14:33:26.350+0000] {logging_mixin.py:188} INFO - [2025-04-28T14:33:26.350+0000] {dag.py:3096} INFO - Sync 1 DAGs
[2025-04-28T14:33:26.354+0000] {logging_mixin.py:188} INFO - [2025-04-28T14:33:26.354+0000] {dag.py:3954} INFO - Setting next_dagrun for move_bronze_to_silver_partitioned to None, run_after=None
[2025-04-28T14:33:26.361+0000] {processor.py:183} INFO - Processing /opt/airflow/dags/move_bronze_to_silver_partitioned.py took 0.222 seconds
[2025-04-28T14:33:57.310+0000] {processor.py:161} INFO - Started process (PID=1769) to work on /opt/airflow/dags/move_bronze_to_silver_partitioned.py
[2025-04-28T14:33:57.310+0000] {processor.py:830} INFO - Processing file /opt/airflow/dags/move_bronze_to_silver_partitioned.py for tasks to queue
[2025-04-28T14:33:57.311+0000] {logging_mixin.py:188} INFO - [2025-04-28T14:33:57.311+0000] {dagbag.py:540} INFO - Filling up the DagBag from /opt/airflow/dags/move_bronze_to_silver_partitioned.py
[2025-04-28T14:33:57.518+0000] {processor.py:840} INFO - DAG(s) 'move_bronze_to_silver_partitioned' retrieved from /opt/airflow/dags/move_bronze_to_silver_partitioned.py
[2025-04-28T14:33:57.529+0000] {logging_mixin.py:188} INFO - [2025-04-28T14:33:57.529+0000] {dag.py:3096} INFO - Sync 1 DAGs
[2025-04-28T14:33:57.533+0000] {logging_mixin.py:188} INFO - [2025-04-28T14:33:57.533+0000] {dag.py:3954} INFO - Setting next_dagrun for move_bronze_to_silver_partitioned to None, run_after=None
[2025-04-28T14:33:57.540+0000] {processor.py:183} INFO - Processing /opt/airflow/dags/move_bronze_to_silver_partitioned.py took 0.233 seconds
[2025-04-28T14:34:28.464+0000] {processor.py:161} INFO - Started process (PID=1804) to work on /opt/airflow/dags/move_bronze_to_silver_partitioned.py
[2025-04-28T14:34:28.464+0000] {processor.py:830} INFO - Processing file /opt/airflow/dags/move_bronze_to_silver_partitioned.py for tasks to queue
[2025-04-28T14:34:28.465+0000] {logging_mixin.py:188} INFO - [2025-04-28T14:34:28.465+0000] {dagbag.py:540} INFO - Filling up the DagBag from /opt/airflow/dags/move_bronze_to_silver_partitioned.py
[2025-04-28T14:34:28.662+0000] {processor.py:840} INFO - DAG(s) 'move_bronze_to_silver_partitioned' retrieved from /opt/airflow/dags/move_bronze_to_silver_partitioned.py
[2025-04-28T14:34:28.672+0000] {logging_mixin.py:188} INFO - [2025-04-28T14:34:28.672+0000] {dag.py:3096} INFO - Sync 1 DAGs
[2025-04-28T14:34:28.677+0000] {logging_mixin.py:188} INFO - [2025-04-28T14:34:28.677+0000] {dag.py:3954} INFO - Setting next_dagrun for move_bronze_to_silver_partitioned to None, run_after=None
[2025-04-28T14:34:28.685+0000] {processor.py:183} INFO - Processing /opt/airflow/dags/move_bronze_to_silver_partitioned.py took 0.224 seconds
[2025-04-28T14:34:59.671+0000] {processor.py:161} INFO - Started process (PID=1839) to work on /opt/airflow/dags/move_bronze_to_silver_partitioned.py
[2025-04-28T14:34:59.672+0000] {processor.py:830} INFO - Processing file /opt/airflow/dags/move_bronze_to_silver_partitioned.py for tasks to queue
[2025-04-28T14:34:59.672+0000] {logging_mixin.py:188} INFO - [2025-04-28T14:34:59.672+0000] {dagbag.py:540} INFO - Filling up the DagBag from /opt/airflow/dags/move_bronze_to_silver_partitioned.py
[2025-04-28T14:34:59.873+0000] {processor.py:840} INFO - DAG(s) 'move_bronze_to_silver_partitioned' retrieved from /opt/airflow/dags/move_bronze_to_silver_partitioned.py
[2025-04-28T14:34:59.884+0000] {logging_mixin.py:188} INFO - [2025-04-28T14:34:59.884+0000] {dag.py:3096} INFO - Sync 1 DAGs
[2025-04-28T14:34:59.888+0000] {logging_mixin.py:188} INFO - [2025-04-28T14:34:59.888+0000] {dag.py:3954} INFO - Setting next_dagrun for move_bronze_to_silver_partitioned to None, run_after=None
[2025-04-28T14:34:59.896+0000] {processor.py:183} INFO - Processing /opt/airflow/dags/move_bronze_to_silver_partitioned.py took 0.228 seconds
[2025-04-28T14:35:30.809+0000] {processor.py:161} INFO - Started process (PID=1874) to work on /opt/airflow/dags/move_bronze_to_silver_partitioned.py
[2025-04-28T14:35:30.809+0000] {processor.py:830} INFO - Processing file /opt/airflow/dags/move_bronze_to_silver_partitioned.py for tasks to queue
[2025-04-28T14:35:30.810+0000] {logging_mixin.py:188} INFO - [2025-04-28T14:35:30.810+0000] {dagbag.py:540} INFO - Filling up the DagBag from /opt/airflow/dags/move_bronze_to_silver_partitioned.py
[2025-04-28T14:35:31.014+0000] {processor.py:840} INFO - DAG(s) 'move_bronze_to_silver_partitioned' retrieved from /opt/airflow/dags/move_bronze_to_silver_partitioned.py
[2025-04-28T14:35:31.025+0000] {logging_mixin.py:188} INFO - [2025-04-28T14:35:31.025+0000] {dag.py:3096} INFO - Sync 1 DAGs
[2025-04-28T14:35:31.029+0000] {logging_mixin.py:188} INFO - [2025-04-28T14:35:31.029+0000] {dag.py:3954} INFO - Setting next_dagrun for move_bronze_to_silver_partitioned to None, run_after=None
[2025-04-28T14:35:31.037+0000] {processor.py:183} INFO - Processing /opt/airflow/dags/move_bronze_to_silver_partitioned.py took 0.230 seconds
[2025-04-28T14:36:01.930+0000] {processor.py:161} INFO - Started process (PID=1909) to work on /opt/airflow/dags/move_bronze_to_silver_partitioned.py
[2025-04-28T14:36:01.931+0000] {processor.py:830} INFO - Processing file /opt/airflow/dags/move_bronze_to_silver_partitioned.py for tasks to queue
[2025-04-28T14:36:01.931+0000] {logging_mixin.py:188} INFO - [2025-04-28T14:36:01.931+0000] {dagbag.py:540} INFO - Filling up the DagBag from /opt/airflow/dags/move_bronze_to_silver_partitioned.py
[2025-04-28T14:36:02.129+0000] {processor.py:840} INFO - DAG(s) 'move_bronze_to_silver_partitioned' retrieved from /opt/airflow/dags/move_bronze_to_silver_partitioned.py
[2025-04-28T14:36:02.139+0000] {logging_mixin.py:188} INFO - [2025-04-28T14:36:02.139+0000] {dag.py:3096} INFO - Sync 1 DAGs
[2025-04-28T14:36:02.143+0000] {logging_mixin.py:188} INFO - [2025-04-28T14:36:02.143+0000] {dag.py:3954} INFO - Setting next_dagrun for move_bronze_to_silver_partitioned to None, run_after=None
[2025-04-28T14:36:02.151+0000] {processor.py:183} INFO - Processing /opt/airflow/dags/move_bronze_to_silver_partitioned.py took 0.224 seconds
[2025-04-28T14:36:33.019+0000] {processor.py:161} INFO - Started process (PID=1944) to work on /opt/airflow/dags/move_bronze_to_silver_partitioned.py
[2025-04-28T14:36:33.021+0000] {processor.py:830} INFO - Processing file /opt/airflow/dags/move_bronze_to_silver_partitioned.py for tasks to queue
[2025-04-28T14:36:33.022+0000] {logging_mixin.py:188} INFO - [2025-04-28T14:36:33.022+0000] {dagbag.py:540} INFO - Filling up the DagBag from /opt/airflow/dags/move_bronze_to_silver_partitioned.py
[2025-04-28T14:36:33.241+0000] {processor.py:840} INFO - DAG(s) 'move_bronze_to_silver_partitioned' retrieved from /opt/airflow/dags/move_bronze_to_silver_partitioned.py
[2025-04-28T14:36:33.253+0000] {logging_mixin.py:188} INFO - [2025-04-28T14:36:33.253+0000] {dag.py:3096} INFO - Sync 1 DAGs
[2025-04-28T14:36:33.258+0000] {logging_mixin.py:188} INFO - [2025-04-28T14:36:33.258+0000] {dag.py:3954} INFO - Setting next_dagrun for move_bronze_to_silver_partitioned to None, run_after=None
[2025-04-28T14:36:33.269+0000] {processor.py:183} INFO - Processing /opt/airflow/dags/move_bronze_to_silver_partitioned.py took 0.253 seconds
[2025-04-28T14:37:04.162+0000] {processor.py:161} INFO - Started process (PID=1979) to work on /opt/airflow/dags/move_bronze_to_silver_partitioned.py
[2025-04-28T14:37:04.162+0000] {processor.py:830} INFO - Processing file /opt/airflow/dags/move_bronze_to_silver_partitioned.py for tasks to queue
[2025-04-28T14:37:04.163+0000] {logging_mixin.py:188} INFO - [2025-04-28T14:37:04.163+0000] {dagbag.py:540} INFO - Filling up the DagBag from /opt/airflow/dags/move_bronze_to_silver_partitioned.py
[2025-04-28T14:37:04.361+0000] {processor.py:840} INFO - DAG(s) 'move_bronze_to_silver_partitioned' retrieved from /opt/airflow/dags/move_bronze_to_silver_partitioned.py
[2025-04-28T14:37:04.372+0000] {logging_mixin.py:188} INFO - [2025-04-28T14:37:04.372+0000] {dag.py:3096} INFO - Sync 1 DAGs
[2025-04-28T14:37:04.376+0000] {logging_mixin.py:188} INFO - [2025-04-28T14:37:04.376+0000] {dag.py:3954} INFO - Setting next_dagrun for move_bronze_to_silver_partitioned to None, run_after=None
[2025-04-28T14:37:04.383+0000] {processor.py:183} INFO - Processing /opt/airflow/dags/move_bronze_to_silver_partitioned.py took 0.224 seconds
[2025-04-28T14:37:35.293+0000] {processor.py:161} INFO - Started process (PID=2014) to work on /opt/airflow/dags/move_bronze_to_silver_partitioned.py
[2025-04-28T14:37:35.294+0000] {processor.py:830} INFO - Processing file /opt/airflow/dags/move_bronze_to_silver_partitioned.py for tasks to queue
[2025-04-28T14:37:35.295+0000] {logging_mixin.py:188} INFO - [2025-04-28T14:37:35.295+0000] {dagbag.py:540} INFO - Filling up the DagBag from /opt/airflow/dags/move_bronze_to_silver_partitioned.py
[2025-04-28T14:37:35.509+0000] {processor.py:840} INFO - DAG(s) 'move_bronze_to_silver_partitioned' retrieved from /opt/airflow/dags/move_bronze_to_silver_partitioned.py
[2025-04-28T14:37:35.521+0000] {logging_mixin.py:188} INFO - [2025-04-28T14:37:35.520+0000] {dag.py:3096} INFO - Sync 1 DAGs
[2025-04-28T14:37:35.526+0000] {logging_mixin.py:188} INFO - [2025-04-28T14:37:35.525+0000] {dag.py:3954} INFO - Setting next_dagrun for move_bronze_to_silver_partitioned to None, run_after=None
[2025-04-28T14:37:35.534+0000] {processor.py:183} INFO - Processing /opt/airflow/dags/move_bronze_to_silver_partitioned.py took 0.244 seconds
[2025-04-28T14:38:06.481+0000] {processor.py:161} INFO - Started process (PID=2049) to work on /opt/airflow/dags/move_bronze_to_silver_partitioned.py
[2025-04-28T14:38:06.481+0000] {processor.py:830} INFO - Processing file /opt/airflow/dags/move_bronze_to_silver_partitioned.py for tasks to queue
[2025-04-28T14:38:06.482+0000] {logging_mixin.py:188} INFO - [2025-04-28T14:38:06.482+0000] {dagbag.py:540} INFO - Filling up the DagBag from /opt/airflow/dags/move_bronze_to_silver_partitioned.py
[2025-04-28T14:38:06.680+0000] {processor.py:840} INFO - DAG(s) 'move_bronze_to_silver_partitioned' retrieved from /opt/airflow/dags/move_bronze_to_silver_partitioned.py
[2025-04-28T14:38:06.691+0000] {logging_mixin.py:188} INFO - [2025-04-28T14:38:06.691+0000] {dag.py:3096} INFO - Sync 1 DAGs
[2025-04-28T14:38:06.696+0000] {logging_mixin.py:188} INFO - [2025-04-28T14:38:06.696+0000] {dag.py:3954} INFO - Setting next_dagrun for move_bronze_to_silver_partitioned to None, run_after=None
[2025-04-28T14:38:06.703+0000] {processor.py:183} INFO - Processing /opt/airflow/dags/move_bronze_to_silver_partitioned.py took 0.225 seconds
[2025-04-28T14:38:37.610+0000] {processor.py:161} INFO - Started process (PID=2084) to work on /opt/airflow/dags/move_bronze_to_silver_partitioned.py
[2025-04-28T14:38:37.611+0000] {processor.py:830} INFO - Processing file /opt/airflow/dags/move_bronze_to_silver_partitioned.py for tasks to queue
[2025-04-28T14:38:37.611+0000] {logging_mixin.py:188} INFO - [2025-04-28T14:38:37.611+0000] {dagbag.py:540} INFO - Filling up the DagBag from /opt/airflow/dags/move_bronze_to_silver_partitioned.py
[2025-04-28T14:38:37.807+0000] {processor.py:840} INFO - DAG(s) 'move_bronze_to_silver_partitioned' retrieved from /opt/airflow/dags/move_bronze_to_silver_partitioned.py
[2025-04-28T14:38:37.818+0000] {logging_mixin.py:188} INFO - [2025-04-28T14:38:37.817+0000] {dag.py:3096} INFO - Sync 1 DAGs
[2025-04-28T14:38:37.822+0000] {logging_mixin.py:188} INFO - [2025-04-28T14:38:37.822+0000] {dag.py:3954} INFO - Setting next_dagrun for move_bronze_to_silver_partitioned to None, run_after=None
[2025-04-28T14:38:37.829+0000] {processor.py:183} INFO - Processing /opt/airflow/dags/move_bronze_to_silver_partitioned.py took 0.222 seconds
[2025-04-28T14:39:08.730+0000] {processor.py:161} INFO - Started process (PID=2119) to work on /opt/airflow/dags/move_bronze_to_silver_partitioned.py
[2025-04-28T14:39:08.731+0000] {processor.py:830} INFO - Processing file /opt/airflow/dags/move_bronze_to_silver_partitioned.py for tasks to queue
[2025-04-28T14:39:08.731+0000] {logging_mixin.py:188} INFO - [2025-04-28T14:39:08.731+0000] {dagbag.py:540} INFO - Filling up the DagBag from /opt/airflow/dags/move_bronze_to_silver_partitioned.py
[2025-04-28T14:39:08.931+0000] {processor.py:840} INFO - DAG(s) 'move_bronze_to_silver_partitioned' retrieved from /opt/airflow/dags/move_bronze_to_silver_partitioned.py
[2025-04-28T14:39:08.941+0000] {logging_mixin.py:188} INFO - [2025-04-28T14:39:08.941+0000] {dag.py:3096} INFO - Sync 1 DAGs
[2025-04-28T14:39:08.945+0000] {logging_mixin.py:188} INFO - [2025-04-28T14:39:08.945+0000] {dag.py:3954} INFO - Setting next_dagrun for move_bronze_to_silver_partitioned to None, run_after=None
[2025-04-28T14:39:08.953+0000] {processor.py:183} INFO - Processing /opt/airflow/dags/move_bronze_to_silver_partitioned.py took 0.226 seconds
[2025-04-28T14:39:39.825+0000] {processor.py:161} INFO - Started process (PID=2154) to work on /opt/airflow/dags/move_bronze_to_silver_partitioned.py
[2025-04-28T14:39:39.825+0000] {processor.py:830} INFO - Processing file /opt/airflow/dags/move_bronze_to_silver_partitioned.py for tasks to queue
[2025-04-28T14:39:39.826+0000] {logging_mixin.py:188} INFO - [2025-04-28T14:39:39.826+0000] {dagbag.py:540} INFO - Filling up the DagBag from /opt/airflow/dags/move_bronze_to_silver_partitioned.py
[2025-04-28T14:39:40.026+0000] {processor.py:840} INFO - DAG(s) 'move_bronze_to_silver_partitioned' retrieved from /opt/airflow/dags/move_bronze_to_silver_partitioned.py
[2025-04-28T14:39:40.036+0000] {logging_mixin.py:188} INFO - [2025-04-28T14:39:40.036+0000] {dag.py:3096} INFO - Sync 1 DAGs
[2025-04-28T14:39:40.041+0000] {logging_mixin.py:188} INFO - [2025-04-28T14:39:40.041+0000] {dag.py:3954} INFO - Setting next_dagrun for move_bronze_to_silver_partitioned to None, run_after=None
[2025-04-28T14:39:40.048+0000] {processor.py:183} INFO - Processing /opt/airflow/dags/move_bronze_to_silver_partitioned.py took 0.226 seconds
[2025-04-28T14:40:10.910+0000] {processor.py:161} INFO - Started process (PID=2189) to work on /opt/airflow/dags/move_bronze_to_silver_partitioned.py
[2025-04-28T14:40:10.910+0000] {processor.py:830} INFO - Processing file /opt/airflow/dags/move_bronze_to_silver_partitioned.py for tasks to queue
[2025-04-28T14:40:10.911+0000] {logging_mixin.py:188} INFO - [2025-04-28T14:40:10.911+0000] {dagbag.py:540} INFO - Filling up the DagBag from /opt/airflow/dags/move_bronze_to_silver_partitioned.py
[2025-04-28T14:40:11.106+0000] {processor.py:840} INFO - DAG(s) 'move_bronze_to_silver_partitioned' retrieved from /opt/airflow/dags/move_bronze_to_silver_partitioned.py
[2025-04-28T14:40:11.116+0000] {logging_mixin.py:188} INFO - [2025-04-28T14:40:11.116+0000] {dag.py:3096} INFO - Sync 1 DAGs
[2025-04-28T14:40:11.121+0000] {logging_mixin.py:188} INFO - [2025-04-28T14:40:11.120+0000] {dag.py:3954} INFO - Setting next_dagrun for move_bronze_to_silver_partitioned to None, run_after=None
[2025-04-28T14:40:11.128+0000] {processor.py:183} INFO - Processing /opt/airflow/dags/move_bronze_to_silver_partitioned.py took 0.221 seconds
[2025-04-28T14:40:42.068+0000] {processor.py:161} INFO - Started process (PID=2224) to work on /opt/airflow/dags/move_bronze_to_silver_partitioned.py
[2025-04-28T14:40:42.068+0000] {processor.py:830} INFO - Processing file /opt/airflow/dags/move_bronze_to_silver_partitioned.py for tasks to queue
[2025-04-28T14:40:42.069+0000] {logging_mixin.py:188} INFO - [2025-04-28T14:40:42.069+0000] {dagbag.py:540} INFO - Filling up the DagBag from /opt/airflow/dags/move_bronze_to_silver_partitioned.py
[2025-04-28T14:40:42.265+0000] {processor.py:840} INFO - DAG(s) 'move_bronze_to_silver_partitioned' retrieved from /opt/airflow/dags/move_bronze_to_silver_partitioned.py
[2025-04-28T14:40:42.276+0000] {logging_mixin.py:188} INFO - [2025-04-28T14:40:42.276+0000] {dag.py:3096} INFO - Sync 1 DAGs
[2025-04-28T14:40:42.280+0000] {logging_mixin.py:188} INFO - [2025-04-28T14:40:42.280+0000] {dag.py:3954} INFO - Setting next_dagrun for move_bronze_to_silver_partitioned to None, run_after=None
[2025-04-28T14:40:42.288+0000] {processor.py:183} INFO - Processing /opt/airflow/dags/move_bronze_to_silver_partitioned.py took 0.223 seconds
[2025-04-28T14:41:13.219+0000] {processor.py:161} INFO - Started process (PID=2259) to work on /opt/airflow/dags/move_bronze_to_silver_partitioned.py
[2025-04-28T14:41:13.220+0000] {processor.py:830} INFO - Processing file /opt/airflow/dags/move_bronze_to_silver_partitioned.py for tasks to queue
[2025-04-28T14:41:13.221+0000] {logging_mixin.py:188} INFO - [2025-04-28T14:41:13.221+0000] {dagbag.py:540} INFO - Filling up the DagBag from /opt/airflow/dags/move_bronze_to_silver_partitioned.py
[2025-04-28T14:41:13.417+0000] {processor.py:840} INFO - DAG(s) 'move_bronze_to_silver_partitioned' retrieved from /opt/airflow/dags/move_bronze_to_silver_partitioned.py
[2025-04-28T14:41:13.428+0000] {logging_mixin.py:188} INFO - [2025-04-28T14:41:13.428+0000] {dag.py:3096} INFO - Sync 1 DAGs
[2025-04-28T14:41:13.432+0000] {logging_mixin.py:188} INFO - [2025-04-28T14:41:13.432+0000] {dag.py:3954} INFO - Setting next_dagrun for move_bronze_to_silver_partitioned to None, run_after=None
[2025-04-28T14:41:13.440+0000] {processor.py:183} INFO - Processing /opt/airflow/dags/move_bronze_to_silver_partitioned.py took 0.223 seconds
[2025-04-28T14:41:44.397+0000] {processor.py:161} INFO - Started process (PID=2294) to work on /opt/airflow/dags/move_bronze_to_silver_partitioned.py
[2025-04-28T14:41:44.398+0000] {processor.py:830} INFO - Processing file /opt/airflow/dags/move_bronze_to_silver_partitioned.py for tasks to queue
[2025-04-28T14:41:44.399+0000] {logging_mixin.py:188} INFO - [2025-04-28T14:41:44.399+0000] {dagbag.py:540} INFO - Filling up the DagBag from /opt/airflow/dags/move_bronze_to_silver_partitioned.py
[2025-04-28T14:41:44.617+0000] {processor.py:840} INFO - DAG(s) 'move_bronze_to_silver_partitioned' retrieved from /opt/airflow/dags/move_bronze_to_silver_partitioned.py
[2025-04-28T14:41:44.628+0000] {logging_mixin.py:188} INFO - [2025-04-28T14:41:44.628+0000] {dag.py:3096} INFO - Sync 1 DAGs
[2025-04-28T14:41:44.633+0000] {logging_mixin.py:188} INFO - [2025-04-28T14:41:44.633+0000] {dag.py:3954} INFO - Setting next_dagrun for move_bronze_to_silver_partitioned to None, run_after=None
[2025-04-28T14:41:44.645+0000] {processor.py:183} INFO - Processing /opt/airflow/dags/move_bronze_to_silver_partitioned.py took 0.250 seconds
[2025-04-28T14:42:15.561+0000] {processor.py:161} INFO - Started process (PID=2329) to work on /opt/airflow/dags/move_bronze_to_silver_partitioned.py
[2025-04-28T14:42:15.561+0000] {processor.py:830} INFO - Processing file /opt/airflow/dags/move_bronze_to_silver_partitioned.py for tasks to queue
[2025-04-28T14:42:15.562+0000] {logging_mixin.py:188} INFO - [2025-04-28T14:42:15.562+0000] {dagbag.py:540} INFO - Filling up the DagBag from /opt/airflow/dags/move_bronze_to_silver_partitioned.py
[2025-04-28T14:42:15.785+0000] {processor.py:840} INFO - DAG(s) 'move_bronze_to_silver_partitioned' retrieved from /opt/airflow/dags/move_bronze_to_silver_partitioned.py
[2025-04-28T14:42:15.797+0000] {logging_mixin.py:188} INFO - [2025-04-28T14:42:15.796+0000] {dag.py:3096} INFO - Sync 1 DAGs
[2025-04-28T14:42:15.801+0000] {logging_mixin.py:188} INFO - [2025-04-28T14:42:15.801+0000] {dag.py:3954} INFO - Setting next_dagrun for move_bronze_to_silver_partitioned to None, run_after=None
[2025-04-28T14:42:15.815+0000] {processor.py:183} INFO - Processing /opt/airflow/dags/move_bronze_to_silver_partitioned.py took 0.257 seconds
[2025-04-28T14:42:46.714+0000] {processor.py:161} INFO - Started process (PID=2364) to work on /opt/airflow/dags/move_bronze_to_silver_partitioned.py
[2025-04-28T14:42:46.715+0000] {processor.py:830} INFO - Processing file /opt/airflow/dags/move_bronze_to_silver_partitioned.py for tasks to queue
[2025-04-28T14:42:46.715+0000] {logging_mixin.py:188} INFO - [2025-04-28T14:42:46.715+0000] {dagbag.py:540} INFO - Filling up the DagBag from /opt/airflow/dags/move_bronze_to_silver_partitioned.py
[2025-04-28T14:42:46.921+0000] {processor.py:840} INFO - DAG(s) 'move_bronze_to_silver_partitioned' retrieved from /opt/airflow/dags/move_bronze_to_silver_partitioned.py
[2025-04-28T14:42:46.933+0000] {logging_mixin.py:188} INFO - [2025-04-28T14:42:46.932+0000] {dag.py:3096} INFO - Sync 1 DAGs
[2025-04-28T14:42:46.937+0000] {logging_mixin.py:188} INFO - [2025-04-28T14:42:46.937+0000] {dag.py:3954} INFO - Setting next_dagrun for move_bronze_to_silver_partitioned to None, run_after=None
[2025-04-28T14:42:46.944+0000] {processor.py:183} INFO - Processing /opt/airflow/dags/move_bronze_to_silver_partitioned.py took 0.233 seconds
[2025-04-28T14:43:17.891+0000] {processor.py:161} INFO - Started process (PID=2402) to work on /opt/airflow/dags/move_bronze_to_silver_partitioned.py
[2025-04-28T14:43:17.892+0000] {processor.py:830} INFO - Processing file /opt/airflow/dags/move_bronze_to_silver_partitioned.py for tasks to queue
[2025-04-28T14:43:17.894+0000] {logging_mixin.py:188} INFO - [2025-04-28T14:43:17.893+0000] {dagbag.py:540} INFO - Filling up the DagBag from /opt/airflow/dags/move_bronze_to_silver_partitioned.py
[2025-04-28T14:43:18.124+0000] {processor.py:840} INFO - DAG(s) 'move_bronze_to_silver_partitioned' retrieved from /opt/airflow/dags/move_bronze_to_silver_partitioned.py
[2025-04-28T14:43:18.139+0000] {logging_mixin.py:188} INFO - [2025-04-28T14:43:18.139+0000] {dag.py:3096} INFO - Sync 1 DAGs
[2025-04-28T14:43:18.144+0000] {logging_mixin.py:188} INFO - [2025-04-28T14:43:18.144+0000] {dag.py:3954} INFO - Setting next_dagrun for move_bronze_to_silver_partitioned to None, run_after=None
[2025-04-28T14:43:18.153+0000] {processor.py:183} INFO - Processing /opt/airflow/dags/move_bronze_to_silver_partitioned.py took 0.265 seconds
[2025-04-28T14:43:49.075+0000] {processor.py:161} INFO - Started process (PID=2439) to work on /opt/airflow/dags/move_bronze_to_silver_partitioned.py
[2025-04-28T14:43:49.075+0000] {processor.py:830} INFO - Processing file /opt/airflow/dags/move_bronze_to_silver_partitioned.py for tasks to queue
[2025-04-28T14:43:49.076+0000] {logging_mixin.py:188} INFO - [2025-04-28T14:43:49.076+0000] {dagbag.py:540} INFO - Filling up the DagBag from /opt/airflow/dags/move_bronze_to_silver_partitioned.py
[2025-04-28T14:43:49.293+0000] {processor.py:840} INFO - DAG(s) 'move_bronze_to_silver_partitioned' retrieved from /opt/airflow/dags/move_bronze_to_silver_partitioned.py
[2025-04-28T14:43:49.305+0000] {logging_mixin.py:188} INFO - [2025-04-28T14:43:49.305+0000] {dag.py:3096} INFO - Sync 1 DAGs
[2025-04-28T14:43:49.310+0000] {logging_mixin.py:188} INFO - [2025-04-28T14:43:49.310+0000] {dag.py:3954} INFO - Setting next_dagrun for move_bronze_to_silver_partitioned to None, run_after=None
[2025-04-28T14:43:49.321+0000] {processor.py:183} INFO - Processing /opt/airflow/dags/move_bronze_to_silver_partitioned.py took 0.249 seconds
[2025-04-28T14:44:19.953+0000] {processor.py:161} INFO - Started process (PID=2474) to work on /opt/airflow/dags/move_bronze_to_silver_partitioned.py
[2025-04-28T14:44:19.954+0000] {processor.py:830} INFO - Processing file /opt/airflow/dags/move_bronze_to_silver_partitioned.py for tasks to queue
[2025-04-28T14:44:19.955+0000] {logging_mixin.py:188} INFO - [2025-04-28T14:44:19.955+0000] {dagbag.py:540} INFO - Filling up the DagBag from /opt/airflow/dags/move_bronze_to_silver_partitioned.py
[2025-04-28T14:44:20.191+0000] {processor.py:840} INFO - DAG(s) 'move_bronze_to_silver_partitioned' retrieved from /opt/airflow/dags/move_bronze_to_silver_partitioned.py
[2025-04-28T14:44:20.203+0000] {logging_mixin.py:188} INFO - [2025-04-28T14:44:20.203+0000] {dag.py:3096} INFO - Sync 1 DAGs
[2025-04-28T14:44:20.208+0000] {logging_mixin.py:188} INFO - [2025-04-28T14:44:20.208+0000] {dag.py:3954} INFO - Setting next_dagrun for move_bronze_to_silver_partitioned to None, run_after=None
[2025-04-28T14:44:20.216+0000] {processor.py:183} INFO - Processing /opt/airflow/dags/move_bronze_to_silver_partitioned.py took 0.266 seconds
[2025-04-28T14:44:51.086+0000] {processor.py:161} INFO - Started process (PID=2509) to work on /opt/airflow/dags/move_bronze_to_silver_partitioned.py
[2025-04-28T14:44:51.087+0000] {processor.py:830} INFO - Processing file /opt/airflow/dags/move_bronze_to_silver_partitioned.py for tasks to queue
[2025-04-28T14:44:51.087+0000] {logging_mixin.py:188} INFO - [2025-04-28T14:44:51.087+0000] {dagbag.py:540} INFO - Filling up the DagBag from /opt/airflow/dags/move_bronze_to_silver_partitioned.py
[2025-04-28T14:44:51.286+0000] {processor.py:840} INFO - DAG(s) 'move_bronze_to_silver_partitioned' retrieved from /opt/airflow/dags/move_bronze_to_silver_partitioned.py
[2025-04-28T14:44:51.297+0000] {logging_mixin.py:188} INFO - [2025-04-28T14:44:51.296+0000] {dag.py:3096} INFO - Sync 1 DAGs
[2025-04-28T14:44:51.301+0000] {logging_mixin.py:188} INFO - [2025-04-28T14:44:51.301+0000] {dag.py:3954} INFO - Setting next_dagrun for move_bronze_to_silver_partitioned to None, run_after=None
[2025-04-28T14:44:51.309+0000] {processor.py:183} INFO - Processing /opt/airflow/dags/move_bronze_to_silver_partitioned.py took 0.225 seconds
[2025-04-28T14:45:22.186+0000] {processor.py:161} INFO - Started process (PID=2544) to work on /opt/airflow/dags/move_bronze_to_silver_partitioned.py
[2025-04-28T14:45:22.186+0000] {processor.py:830} INFO - Processing file /opt/airflow/dags/move_bronze_to_silver_partitioned.py for tasks to queue
[2025-04-28T14:45:22.187+0000] {logging_mixin.py:188} INFO - [2025-04-28T14:45:22.187+0000] {dagbag.py:540} INFO - Filling up the DagBag from /opt/airflow/dags/move_bronze_to_silver_partitioned.py
[2025-04-28T14:45:22.385+0000] {processor.py:840} INFO - DAG(s) 'move_bronze_to_silver_partitioned' retrieved from /opt/airflow/dags/move_bronze_to_silver_partitioned.py
[2025-04-28T14:45:22.395+0000] {logging_mixin.py:188} INFO - [2025-04-28T14:45:22.395+0000] {dag.py:3096} INFO - Sync 1 DAGs
[2025-04-28T14:45:22.400+0000] {logging_mixin.py:188} INFO - [2025-04-28T14:45:22.400+0000] {dag.py:3954} INFO - Setting next_dagrun for move_bronze_to_silver_partitioned to None, run_after=None
[2025-04-28T14:45:22.407+0000] {processor.py:183} INFO - Processing /opt/airflow/dags/move_bronze_to_silver_partitioned.py took 0.225 seconds
[2025-04-28T14:45:53.328+0000] {processor.py:161} INFO - Started process (PID=2579) to work on /opt/airflow/dags/move_bronze_to_silver_partitioned.py
[2025-04-28T14:45:53.329+0000] {processor.py:830} INFO - Processing file /opt/airflow/dags/move_bronze_to_silver_partitioned.py for tasks to queue
[2025-04-28T14:45:53.330+0000] {logging_mixin.py:188} INFO - [2025-04-28T14:45:53.330+0000] {dagbag.py:540} INFO - Filling up the DagBag from /opt/airflow/dags/move_bronze_to_silver_partitioned.py
[2025-04-28T14:45:53.533+0000] {processor.py:840} INFO - DAG(s) 'move_bronze_to_silver_partitioned' retrieved from /opt/airflow/dags/move_bronze_to_silver_partitioned.py
[2025-04-28T14:45:53.544+0000] {logging_mixin.py:188} INFO - [2025-04-28T14:45:53.544+0000] {dag.py:3096} INFO - Sync 1 DAGs
[2025-04-28T14:45:53.549+0000] {logging_mixin.py:188} INFO - [2025-04-28T14:45:53.548+0000] {dag.py:3954} INFO - Setting next_dagrun for move_bronze_to_silver_partitioned to None, run_after=None
[2025-04-28T14:45:53.556+0000] {processor.py:183} INFO - Processing /opt/airflow/dags/move_bronze_to_silver_partitioned.py took 0.231 seconds
[2025-04-28T14:46:24.450+0000] {processor.py:161} INFO - Started process (PID=2614) to work on /opt/airflow/dags/move_bronze_to_silver_partitioned.py
[2025-04-28T14:46:24.451+0000] {processor.py:830} INFO - Processing file /opt/airflow/dags/move_bronze_to_silver_partitioned.py for tasks to queue
[2025-04-28T14:46:24.452+0000] {logging_mixin.py:188} INFO - [2025-04-28T14:46:24.452+0000] {dagbag.py:540} INFO - Filling up the DagBag from /opt/airflow/dags/move_bronze_to_silver_partitioned.py
[2025-04-28T14:46:24.646+0000] {processor.py:840} INFO - DAG(s) 'move_bronze_to_silver_partitioned' retrieved from /opt/airflow/dags/move_bronze_to_silver_partitioned.py
[2025-04-28T14:46:24.656+0000] {logging_mixin.py:188} INFO - [2025-04-28T14:46:24.656+0000] {dag.py:3096} INFO - Sync 1 DAGs
[2025-04-28T14:46:24.661+0000] {logging_mixin.py:188} INFO - [2025-04-28T14:46:24.661+0000] {dag.py:3954} INFO - Setting next_dagrun for move_bronze_to_silver_partitioned to None, run_after=None
[2025-04-28T14:46:24.668+0000] {processor.py:183} INFO - Processing /opt/airflow/dags/move_bronze_to_silver_partitioned.py took 0.220 seconds
[2025-04-28T14:46:55.538+0000] {processor.py:161} INFO - Started process (PID=2649) to work on /opt/airflow/dags/move_bronze_to_silver_partitioned.py
[2025-04-28T14:46:55.538+0000] {processor.py:830} INFO - Processing file /opt/airflow/dags/move_bronze_to_silver_partitioned.py for tasks to queue
[2025-04-28T14:46:55.539+0000] {logging_mixin.py:188} INFO - [2025-04-28T14:46:55.539+0000] {dagbag.py:540} INFO - Filling up the DagBag from /opt/airflow/dags/move_bronze_to_silver_partitioned.py
[2025-04-28T14:46:55.735+0000] {processor.py:840} INFO - DAG(s) 'move_bronze_to_silver_partitioned' retrieved from /opt/airflow/dags/move_bronze_to_silver_partitioned.py
[2025-04-28T14:46:55.745+0000] {logging_mixin.py:188} INFO - [2025-04-28T14:46:55.745+0000] {dag.py:3096} INFO - Sync 1 DAGs
[2025-04-28T14:46:55.750+0000] {logging_mixin.py:188} INFO - [2025-04-28T14:46:55.750+0000] {dag.py:3954} INFO - Setting next_dagrun for move_bronze_to_silver_partitioned to None, run_after=None
[2025-04-28T14:46:55.757+0000] {processor.py:183} INFO - Processing /opt/airflow/dags/move_bronze_to_silver_partitioned.py took 0.222 seconds
[2025-04-28T14:47:26.680+0000] {processor.py:161} INFO - Started process (PID=2684) to work on /opt/airflow/dags/move_bronze_to_silver_partitioned.py
[2025-04-28T14:47:26.681+0000] {processor.py:830} INFO - Processing file /opt/airflow/dags/move_bronze_to_silver_partitioned.py for tasks to queue
[2025-04-28T14:47:26.681+0000] {logging_mixin.py:188} INFO - [2025-04-28T14:47:26.681+0000] {dagbag.py:540} INFO - Filling up the DagBag from /opt/airflow/dags/move_bronze_to_silver_partitioned.py
[2025-04-28T14:47:26.880+0000] {processor.py:840} INFO - DAG(s) 'move_bronze_to_silver_partitioned' retrieved from /opt/airflow/dags/move_bronze_to_silver_partitioned.py
[2025-04-28T14:47:26.892+0000] {logging_mixin.py:188} INFO - [2025-04-28T14:47:26.892+0000] {dag.py:3096} INFO - Sync 1 DAGs
[2025-04-28T14:47:26.897+0000] {logging_mixin.py:188} INFO - [2025-04-28T14:47:26.896+0000] {dag.py:3954} INFO - Setting next_dagrun for move_bronze_to_silver_partitioned to None, run_after=None
[2025-04-28T14:47:26.904+0000] {processor.py:183} INFO - Processing /opt/airflow/dags/move_bronze_to_silver_partitioned.py took 0.227 seconds
[2025-04-28T14:47:57.806+0000] {processor.py:161} INFO - Started process (PID=2719) to work on /opt/airflow/dags/move_bronze_to_silver_partitioned.py
[2025-04-28T14:47:57.806+0000] {processor.py:830} INFO - Processing file /opt/airflow/dags/move_bronze_to_silver_partitioned.py for tasks to queue
[2025-04-28T14:47:57.807+0000] {logging_mixin.py:188} INFO - [2025-04-28T14:47:57.807+0000] {dagbag.py:540} INFO - Filling up the DagBag from /opt/airflow/dags/move_bronze_to_silver_partitioned.py
[2025-04-28T14:47:58.032+0000] {processor.py:840} INFO - DAG(s) 'move_bronze_to_silver_partitioned' retrieved from /opt/airflow/dags/move_bronze_to_silver_partitioned.py
[2025-04-28T14:47:58.047+0000] {logging_mixin.py:188} INFO - [2025-04-28T14:47:58.047+0000] {dag.py:3096} INFO - Sync 1 DAGs
[2025-04-28T14:47:58.054+0000] {logging_mixin.py:188} INFO - [2025-04-28T14:47:58.054+0000] {dag.py:3954} INFO - Setting next_dagrun for move_bronze_to_silver_partitioned to None, run_after=None
[2025-04-28T14:47:58.069+0000] {processor.py:183} INFO - Processing /opt/airflow/dags/move_bronze_to_silver_partitioned.py took 0.266 seconds
[2025-04-28T14:48:28.935+0000] {processor.py:161} INFO - Started process (PID=2754) to work on /opt/airflow/dags/move_bronze_to_silver_partitioned.py
[2025-04-28T14:48:28.936+0000] {processor.py:830} INFO - Processing file /opt/airflow/dags/move_bronze_to_silver_partitioned.py for tasks to queue
[2025-04-28T14:48:28.937+0000] {logging_mixin.py:188} INFO - [2025-04-28T14:48:28.937+0000] {dagbag.py:540} INFO - Filling up the DagBag from /opt/airflow/dags/move_bronze_to_silver_partitioned.py
[2025-04-28T14:48:29.156+0000] {processor.py:840} INFO - DAG(s) 'move_bronze_to_silver_partitioned' retrieved from /opt/airflow/dags/move_bronze_to_silver_partitioned.py
[2025-04-28T14:48:29.167+0000] {logging_mixin.py:188} INFO - [2025-04-28T14:48:29.167+0000] {dag.py:3096} INFO - Sync 1 DAGs
[2025-04-28T14:48:29.172+0000] {logging_mixin.py:188} INFO - [2025-04-28T14:48:29.172+0000] {dag.py:3954} INFO - Setting next_dagrun for move_bronze_to_silver_partitioned to None, run_after=None
[2025-04-28T14:48:29.180+0000] {processor.py:183} INFO - Processing /opt/airflow/dags/move_bronze_to_silver_partitioned.py took 0.248 seconds
[2025-04-28T14:49:00.110+0000] {processor.py:161} INFO - Started process (PID=2789) to work on /opt/airflow/dags/move_bronze_to_silver_partitioned.py
[2025-04-28T14:49:00.111+0000] {processor.py:830} INFO - Processing file /opt/airflow/dags/move_bronze_to_silver_partitioned.py for tasks to queue
[2025-04-28T14:49:00.112+0000] {logging_mixin.py:188} INFO - [2025-04-28T14:49:00.112+0000] {dagbag.py:540} INFO - Filling up the DagBag from /opt/airflow/dags/move_bronze_to_silver_partitioned.py
[2025-04-28T14:49:00.330+0000] {processor.py:840} INFO - DAG(s) 'move_bronze_to_silver_partitioned' retrieved from /opt/airflow/dags/move_bronze_to_silver_partitioned.py
[2025-04-28T14:49:00.345+0000] {logging_mixin.py:188} INFO - [2025-04-28T14:49:00.345+0000] {dag.py:3096} INFO - Sync 1 DAGs
[2025-04-28T14:49:00.351+0000] {logging_mixin.py:188} INFO - [2025-04-28T14:49:00.351+0000] {dag.py:3954} INFO - Setting next_dagrun for move_bronze_to_silver_partitioned to None, run_after=None
[2025-04-28T14:49:00.364+0000] {processor.py:183} INFO - Processing /opt/airflow/dags/move_bronze_to_silver_partitioned.py took 0.257 seconds
[2025-04-28T14:49:31.252+0000] {processor.py:161} INFO - Started process (PID=2824) to work on /opt/airflow/dags/move_bronze_to_silver_partitioned.py
[2025-04-28T14:49:31.253+0000] {processor.py:830} INFO - Processing file /opt/airflow/dags/move_bronze_to_silver_partitioned.py for tasks to queue
[2025-04-28T14:49:31.254+0000] {logging_mixin.py:188} INFO - [2025-04-28T14:49:31.254+0000] {dagbag.py:540} INFO - Filling up the DagBag from /opt/airflow/dags/move_bronze_to_silver_partitioned.py
[2025-04-28T14:49:31.481+0000] {processor.py:840} INFO - DAG(s) 'move_bronze_to_silver_partitioned' retrieved from /opt/airflow/dags/move_bronze_to_silver_partitioned.py
[2025-04-28T14:49:31.492+0000] {logging_mixin.py:188} INFO - [2025-04-28T14:49:31.492+0000] {dag.py:3096} INFO - Sync 1 DAGs
[2025-04-28T14:49:31.497+0000] {logging_mixin.py:188} INFO - [2025-04-28T14:49:31.496+0000] {dag.py:3954} INFO - Setting next_dagrun for move_bronze_to_silver_partitioned to None, run_after=None
[2025-04-28T14:49:31.510+0000] {processor.py:183} INFO - Processing /opt/airflow/dags/move_bronze_to_silver_partitioned.py took 0.261 seconds
[2025-04-28T14:50:02.374+0000] {processor.py:161} INFO - Started process (PID=2859) to work on /opt/airflow/dags/move_bronze_to_silver_partitioned.py
[2025-04-28T14:50:02.375+0000] {processor.py:830} INFO - Processing file /opt/airflow/dags/move_bronze_to_silver_partitioned.py for tasks to queue
[2025-04-28T14:50:02.376+0000] {logging_mixin.py:188} INFO - [2025-04-28T14:50:02.376+0000] {dagbag.py:540} INFO - Filling up the DagBag from /opt/airflow/dags/move_bronze_to_silver_partitioned.py
[2025-04-28T14:50:02.586+0000] {processor.py:840} INFO - DAG(s) 'move_bronze_to_silver_partitioned' retrieved from /opt/airflow/dags/move_bronze_to_silver_partitioned.py
[2025-04-28T14:50:02.597+0000] {logging_mixin.py:188} INFO - [2025-04-28T14:50:02.596+0000] {dag.py:3096} INFO - Sync 1 DAGs
[2025-04-28T14:50:02.602+0000] {logging_mixin.py:188} INFO - [2025-04-28T14:50:02.601+0000] {dag.py:3954} INFO - Setting next_dagrun for move_bronze_to_silver_partitioned to None, run_after=None
[2025-04-28T14:50:02.609+0000] {processor.py:183} INFO - Processing /opt/airflow/dags/move_bronze_to_silver_partitioned.py took 0.238 seconds
[2025-04-28T14:50:33.456+0000] {processor.py:161} INFO - Started process (PID=2894) to work on /opt/airflow/dags/move_bronze_to_silver_partitioned.py
[2025-04-28T14:50:33.457+0000] {processor.py:830} INFO - Processing file /opt/airflow/dags/move_bronze_to_silver_partitioned.py for tasks to queue
[2025-04-28T14:50:33.458+0000] {logging_mixin.py:188} INFO - [2025-04-28T14:50:33.457+0000] {dagbag.py:540} INFO - Filling up the DagBag from /opt/airflow/dags/move_bronze_to_silver_partitioned.py
[2025-04-28T14:50:33.654+0000] {processor.py:840} INFO - DAG(s) 'move_bronze_to_silver_partitioned' retrieved from /opt/airflow/dags/move_bronze_to_silver_partitioned.py
[2025-04-28T14:50:33.665+0000] {logging_mixin.py:188} INFO - [2025-04-28T14:50:33.665+0000] {dag.py:3096} INFO - Sync 1 DAGs
[2025-04-28T14:50:33.669+0000] {logging_mixin.py:188} INFO - [2025-04-28T14:50:33.669+0000] {dag.py:3954} INFO - Setting next_dagrun for move_bronze_to_silver_partitioned to None, run_after=None
[2025-04-28T14:50:33.678+0000] {processor.py:183} INFO - Processing /opt/airflow/dags/move_bronze_to_silver_partitioned.py took 0.224 seconds
[2025-04-28T14:51:04.295+0000] {processor.py:161} INFO - Started process (PID=2929) to work on /opt/airflow/dags/move_bronze_to_silver_partitioned.py
[2025-04-28T14:51:04.295+0000] {processor.py:830} INFO - Processing file /opt/airflow/dags/move_bronze_to_silver_partitioned.py for tasks to queue
[2025-04-28T14:51:04.296+0000] {logging_mixin.py:188} INFO - [2025-04-28T14:51:04.296+0000] {dagbag.py:540} INFO - Filling up the DagBag from /opt/airflow/dags/move_bronze_to_silver_partitioned.py
[2025-04-28T14:51:04.518+0000] {processor.py:840} INFO - DAG(s) 'move_bronze_to_silver_partitioned' retrieved from /opt/airflow/dags/move_bronze_to_silver_partitioned.py
[2025-04-28T14:51:04.537+0000] {logging_mixin.py:188} INFO - [2025-04-28T14:51:04.537+0000] {dag.py:3096} INFO - Sync 1 DAGs
[2025-04-28T14:51:04.542+0000] {logging_mixin.py:188} INFO - [2025-04-28T14:51:04.542+0000] {dag.py:3954} INFO - Setting next_dagrun for move_bronze_to_silver_partitioned to None, run_after=None
[2025-04-28T14:51:04.554+0000] {processor.py:183} INFO - Processing /opt/airflow/dags/move_bronze_to_silver_partitioned.py took 0.262 seconds
[2025-04-28T14:51:35.419+0000] {processor.py:161} INFO - Started process (PID=2964) to work on /opt/airflow/dags/move_bronze_to_silver_partitioned.py
[2025-04-28T14:51:35.420+0000] {processor.py:830} INFO - Processing file /opt/airflow/dags/move_bronze_to_silver_partitioned.py for tasks to queue
[2025-04-28T14:51:35.421+0000] {logging_mixin.py:188} INFO - [2025-04-28T14:51:35.421+0000] {dagbag.py:540} INFO - Filling up the DagBag from /opt/airflow/dags/move_bronze_to_silver_partitioned.py
[2025-04-28T14:51:35.617+0000] {processor.py:840} INFO - DAG(s) 'move_bronze_to_silver_partitioned' retrieved from /opt/airflow/dags/move_bronze_to_silver_partitioned.py
[2025-04-28T14:51:35.628+0000] {logging_mixin.py:188} INFO - [2025-04-28T14:51:35.628+0000] {dag.py:3096} INFO - Sync 1 DAGs
[2025-04-28T14:51:35.633+0000] {logging_mixin.py:188} INFO - [2025-04-28T14:51:35.633+0000] {dag.py:3954} INFO - Setting next_dagrun for move_bronze_to_silver_partitioned to None, run_after=None
[2025-04-28T14:51:35.640+0000] {processor.py:183} INFO - Processing /opt/airflow/dags/move_bronze_to_silver_partitioned.py took 0.223 seconds
[2025-04-28T14:52:06.529+0000] {processor.py:161} INFO - Started process (PID=2999) to work on /opt/airflow/dags/move_bronze_to_silver_partitioned.py
[2025-04-28T14:52:06.529+0000] {processor.py:830} INFO - Processing file /opt/airflow/dags/move_bronze_to_silver_partitioned.py for tasks to queue
[2025-04-28T14:52:06.530+0000] {logging_mixin.py:188} INFO - [2025-04-28T14:52:06.530+0000] {dagbag.py:540} INFO - Filling up the DagBag from /opt/airflow/dags/move_bronze_to_silver_partitioned.py
[2025-04-28T14:52:06.758+0000] {processor.py:840} INFO - DAG(s) 'move_bronze_to_silver_partitioned' retrieved from /opt/airflow/dags/move_bronze_to_silver_partitioned.py
[2025-04-28T14:52:06.770+0000] {logging_mixin.py:188} INFO - [2025-04-28T14:52:06.770+0000] {dag.py:3096} INFO - Sync 1 DAGs
[2025-04-28T14:52:06.774+0000] {logging_mixin.py:188} INFO - [2025-04-28T14:52:06.774+0000] {dag.py:3954} INFO - Setting next_dagrun for move_bronze_to_silver_partitioned to None, run_after=None
[2025-04-28T14:52:06.782+0000] {processor.py:183} INFO - Processing /opt/airflow/dags/move_bronze_to_silver_partitioned.py took 0.256 seconds
[2025-04-28T14:52:37.701+0000] {processor.py:161} INFO - Started process (PID=3034) to work on /opt/airflow/dags/move_bronze_to_silver_partitioned.py
[2025-04-28T14:52:37.702+0000] {processor.py:830} INFO - Processing file /opt/airflow/dags/move_bronze_to_silver_partitioned.py for tasks to queue
[2025-04-28T14:52:37.703+0000] {logging_mixin.py:188} INFO - [2025-04-28T14:52:37.703+0000] {dagbag.py:540} INFO - Filling up the DagBag from /opt/airflow/dags/move_bronze_to_silver_partitioned.py
[2025-04-28T14:52:37.910+0000] {processor.py:840} INFO - DAG(s) 'move_bronze_to_silver_partitioned' retrieved from /opt/airflow/dags/move_bronze_to_silver_partitioned.py
[2025-04-28T14:52:37.921+0000] {logging_mixin.py:188} INFO - [2025-04-28T14:52:37.921+0000] {dag.py:3096} INFO - Sync 1 DAGs
[2025-04-28T14:52:37.926+0000] {logging_mixin.py:188} INFO - [2025-04-28T14:52:37.926+0000] {dag.py:3954} INFO - Setting next_dagrun for move_bronze_to_silver_partitioned to None, run_after=None
[2025-04-28T14:52:37.933+0000] {processor.py:183} INFO - Processing /opt/airflow/dags/move_bronze_to_silver_partitioned.py took 0.234 seconds
[2025-04-28T14:53:08.601+0000] {processor.py:161} INFO - Started process (PID=3069) to work on /opt/airflow/dags/move_bronze_to_silver_partitioned.py
[2025-04-28T14:53:08.602+0000] {processor.py:830} INFO - Processing file /opt/airflow/dags/move_bronze_to_silver_partitioned.py for tasks to queue
[2025-04-28T14:53:08.603+0000] {logging_mixin.py:188} INFO - [2025-04-28T14:53:08.603+0000] {dagbag.py:540} INFO - Filling up the DagBag from /opt/airflow/dags/move_bronze_to_silver_partitioned.py
[2025-04-28T14:53:08.801+0000] {processor.py:840} INFO - DAG(s) 'move_bronze_to_silver_partitioned' retrieved from /opt/airflow/dags/move_bronze_to_silver_partitioned.py
[2025-04-28T14:53:08.811+0000] {logging_mixin.py:188} INFO - [2025-04-28T14:53:08.811+0000] {dag.py:3096} INFO - Sync 1 DAGs
[2025-04-28T14:53:08.816+0000] {logging_mixin.py:188} INFO - [2025-04-28T14:53:08.816+0000] {dag.py:3954} INFO - Setting next_dagrun for move_bronze_to_silver_partitioned to None, run_after=None
[2025-04-28T14:53:08.824+0000] {processor.py:183} INFO - Processing /opt/airflow/dags/move_bronze_to_silver_partitioned.py took 0.225 seconds
[2025-04-28T14:53:39.772+0000] {processor.py:161} INFO - Started process (PID=3104) to work on /opt/airflow/dags/move_bronze_to_silver_partitioned.py
[2025-04-28T14:53:39.772+0000] {processor.py:830} INFO - Processing file /opt/airflow/dags/move_bronze_to_silver_partitioned.py for tasks to queue
[2025-04-28T14:53:39.773+0000] {logging_mixin.py:188} INFO - [2025-04-28T14:53:39.773+0000] {dagbag.py:540} INFO - Filling up the DagBag from /opt/airflow/dags/move_bronze_to_silver_partitioned.py
[2025-04-28T14:53:39.969+0000] {processor.py:840} INFO - DAG(s) 'move_bronze_to_silver_partitioned' retrieved from /opt/airflow/dags/move_bronze_to_silver_partitioned.py
[2025-04-28T14:53:39.980+0000] {logging_mixin.py:188} INFO - [2025-04-28T14:53:39.980+0000] {dag.py:3096} INFO - Sync 1 DAGs
[2025-04-28T14:53:39.984+0000] {logging_mixin.py:188} INFO - [2025-04-28T14:53:39.984+0000] {dag.py:3954} INFO - Setting next_dagrun for move_bronze_to_silver_partitioned to None, run_after=None
[2025-04-28T14:53:39.992+0000] {processor.py:183} INFO - Processing /opt/airflow/dags/move_bronze_to_silver_partitioned.py took 0.223 seconds
[2025-04-28T14:54:10.053+0000] {processor.py:161} INFO - Started process (PID=3136) to work on /opt/airflow/dags/move_bronze_to_silver_partitioned.py
[2025-04-28T14:54:10.053+0000] {processor.py:830} INFO - Processing file /opt/airflow/dags/move_bronze_to_silver_partitioned.py for tasks to queue
[2025-04-28T14:54:10.055+0000] {logging_mixin.py:188} INFO - [2025-04-28T14:54:10.054+0000] {dagbag.py:540} INFO - Filling up the DagBag from /opt/airflow/dags/move_bronze_to_silver_partitioned.py
[2025-04-28T14:54:10.272+0000] {processor.py:840} INFO - DAG(s) 'move_bronze_to_silver_partitioned' retrieved from /opt/airflow/dags/move_bronze_to_silver_partitioned.py
[2025-04-28T14:54:10.285+0000] {logging_mixin.py:188} INFO - [2025-04-28T14:54:10.284+0000] {dag.py:3096} INFO - Sync 1 DAGs
[2025-04-28T14:54:10.292+0000] {logging_mixin.py:188} INFO - [2025-04-28T14:54:10.291+0000] {dag.py:3954} INFO - Setting next_dagrun for move_bronze_to_silver_partitioned to None, run_after=None
[2025-04-28T14:54:10.300+0000] {processor.py:183} INFO - Processing /opt/airflow/dags/move_bronze_to_silver_partitioned.py took 0.251 seconds
[2025-04-28T14:54:40.352+0000] {processor.py:161} INFO - Started process (PID=3171) to work on /opt/airflow/dags/move_bronze_to_silver_partitioned.py
[2025-04-28T14:54:40.353+0000] {processor.py:830} INFO - Processing file /opt/airflow/dags/move_bronze_to_silver_partitioned.py for tasks to queue
[2025-04-28T14:54:40.355+0000] {logging_mixin.py:188} INFO - [2025-04-28T14:54:40.354+0000] {dagbag.py:540} INFO - Filling up the DagBag from /opt/airflow/dags/move_bronze_to_silver_partitioned.py
[2025-04-28T14:54:40.491+0000] {processor.py:840} INFO - DAG(s) 'move_bronze_to_silver_partitioned' retrieved from /opt/airflow/dags/move_bronze_to_silver_partitioned.py
[2025-04-28T14:54:40.505+0000] {logging_mixin.py:188} INFO - [2025-04-28T14:54:40.504+0000] {dag.py:3096} INFO - Sync 1 DAGs
[2025-04-28T14:54:40.511+0000] {logging_mixin.py:188} INFO - [2025-04-28T14:54:40.510+0000] {dag.py:3954} INFO - Setting next_dagrun for move_bronze_to_silver_partitioned to None, run_after=None
[2025-04-28T14:54:40.521+0000] {processor.py:183} INFO - Processing /opt/airflow/dags/move_bronze_to_silver_partitioned.py took 0.171 seconds
[2025-04-28T14:55:11.135+0000] {processor.py:161} INFO - Started process (PID=3209) to work on /opt/airflow/dags/move_bronze_to_silver_partitioned.py
[2025-04-28T14:55:11.135+0000] {processor.py:830} INFO - Processing file /opt/airflow/dags/move_bronze_to_silver_partitioned.py for tasks to queue
[2025-04-28T14:55:11.136+0000] {logging_mixin.py:188} INFO - [2025-04-28T14:55:11.136+0000] {dagbag.py:540} INFO - Filling up the DagBag from /opt/airflow/dags/move_bronze_to_silver_partitioned.py
[2025-04-28T14:55:11.267+0000] {processor.py:840} INFO - DAG(s) 'move_bronze_to_silver_partitioned' retrieved from /opt/airflow/dags/move_bronze_to_silver_partitioned.py
[2025-04-28T14:55:11.279+0000] {logging_mixin.py:188} INFO - [2025-04-28T14:55:11.279+0000] {dag.py:3096} INFO - Sync 1 DAGs
[2025-04-28T14:55:11.285+0000] {logging_mixin.py:188} INFO - [2025-04-28T14:55:11.285+0000] {dag.py:3954} INFO - Setting next_dagrun for move_bronze_to_silver_partitioned to None, run_after=None
[2025-04-28T14:55:11.293+0000] {processor.py:183} INFO - Processing /opt/airflow/dags/move_bronze_to_silver_partitioned.py took 0.161 seconds
[2025-04-28T14:55:41.900+0000] {processor.py:161} INFO - Started process (PID=3244) to work on /opt/airflow/dags/move_bronze_to_silver_partitioned.py
[2025-04-28T14:55:41.900+0000] {processor.py:830} INFO - Processing file /opt/airflow/dags/move_bronze_to_silver_partitioned.py for tasks to queue
[2025-04-28T14:55:41.901+0000] {logging_mixin.py:188} INFO - [2025-04-28T14:55:41.901+0000] {dagbag.py:540} INFO - Filling up the DagBag from /opt/airflow/dags/move_bronze_to_silver_partitioned.py
[2025-04-28T14:55:42.032+0000] {processor.py:840} INFO - DAG(s) 'move_bronze_to_silver_partitioned' retrieved from /opt/airflow/dags/move_bronze_to_silver_partitioned.py
[2025-04-28T14:55:42.044+0000] {logging_mixin.py:188} INFO - [2025-04-28T14:55:42.044+0000] {dag.py:3096} INFO - Sync 1 DAGs
[2025-04-28T14:55:42.050+0000] {logging_mixin.py:188} INFO - [2025-04-28T14:55:42.049+0000] {dag.py:3954} INFO - Setting next_dagrun for move_bronze_to_silver_partitioned to None, run_after=None
[2025-04-28T14:55:42.057+0000] {processor.py:183} INFO - Processing /opt/airflow/dags/move_bronze_to_silver_partitioned.py took 0.160 seconds
[2025-04-28T14:56:12.645+0000] {processor.py:161} INFO - Started process (PID=3279) to work on /opt/airflow/dags/move_bronze_to_silver_partitioned.py
[2025-04-28T14:56:12.646+0000] {processor.py:830} INFO - Processing file /opt/airflow/dags/move_bronze_to_silver_partitioned.py for tasks to queue
[2025-04-28T14:56:12.647+0000] {logging_mixin.py:188} INFO - [2025-04-28T14:56:12.646+0000] {dagbag.py:540} INFO - Filling up the DagBag from /opt/airflow/dags/move_bronze_to_silver_partitioned.py
[2025-04-28T14:56:12.798+0000] {processor.py:840} INFO - DAG(s) 'move_bronze_to_silver_partitioned' retrieved from /opt/airflow/dags/move_bronze_to_silver_partitioned.py
[2025-04-28T14:56:12.811+0000] {logging_mixin.py:188} INFO - [2025-04-28T14:56:12.811+0000] {dag.py:3096} INFO - Sync 1 DAGs
[2025-04-28T14:56:12.818+0000] {logging_mixin.py:188} INFO - [2025-04-28T14:56:12.818+0000] {dag.py:3954} INFO - Setting next_dagrun for move_bronze_to_silver_partitioned to None, run_after=None
[2025-04-28T14:56:12.828+0000] {processor.py:183} INFO - Processing /opt/airflow/dags/move_bronze_to_silver_partitioned.py took 0.187 seconds
[2025-04-28T14:56:43.435+0000] {processor.py:161} INFO - Started process (PID=3314) to work on /opt/airflow/dags/move_bronze_to_silver_partitioned.py
[2025-04-28T14:56:43.435+0000] {processor.py:830} INFO - Processing file /opt/airflow/dags/move_bronze_to_silver_partitioned.py for tasks to queue
[2025-04-28T14:56:43.436+0000] {logging_mixin.py:188} INFO - [2025-04-28T14:56:43.436+0000] {dagbag.py:540} INFO - Filling up the DagBag from /opt/airflow/dags/move_bronze_to_silver_partitioned.py
[2025-04-28T14:56:43.570+0000] {processor.py:840} INFO - DAG(s) 'move_bronze_to_silver_partitioned' retrieved from /opt/airflow/dags/move_bronze_to_silver_partitioned.py
[2025-04-28T14:56:43.583+0000] {logging_mixin.py:188} INFO - [2025-04-28T14:56:43.583+0000] {dag.py:3096} INFO - Sync 1 DAGs
[2025-04-28T14:56:43.588+0000] {logging_mixin.py:188} INFO - [2025-04-28T14:56:43.588+0000] {dag.py:3954} INFO - Setting next_dagrun for move_bronze_to_silver_partitioned to None, run_after=None
[2025-04-28T14:56:43.598+0000] {processor.py:183} INFO - Processing /opt/airflow/dags/move_bronze_to_silver_partitioned.py took 0.166 seconds
[2025-04-28T14:57:14.159+0000] {processor.py:161} INFO - Started process (PID=3349) to work on /opt/airflow/dags/move_bronze_to_silver_partitioned.py
[2025-04-28T14:57:14.159+0000] {processor.py:830} INFO - Processing file /opt/airflow/dags/move_bronze_to_silver_partitioned.py for tasks to queue
[2025-04-28T14:57:14.160+0000] {logging_mixin.py:188} INFO - [2025-04-28T14:57:14.160+0000] {dagbag.py:540} INFO - Filling up the DagBag from /opt/airflow/dags/move_bronze_to_silver_partitioned.py
[2025-04-28T14:57:14.300+0000] {processor.py:840} INFO - DAG(s) 'move_bronze_to_silver_partitioned' retrieved from /opt/airflow/dags/move_bronze_to_silver_partitioned.py
[2025-04-28T14:57:14.313+0000] {logging_mixin.py:188} INFO - [2025-04-28T14:57:14.313+0000] {dag.py:3096} INFO - Sync 1 DAGs
[2025-04-28T14:57:14.318+0000] {logging_mixin.py:188} INFO - [2025-04-28T14:57:14.318+0000] {dag.py:3954} INFO - Setting next_dagrun for move_bronze_to_silver_partitioned to None, run_after=None
[2025-04-28T14:57:14.327+0000] {processor.py:183} INFO - Processing /opt/airflow/dags/move_bronze_to_silver_partitioned.py took 0.171 seconds
[2025-04-28T14:57:44.921+0000] {processor.py:161} INFO - Started process (PID=3384) to work on /opt/airflow/dags/move_bronze_to_silver_partitioned.py
[2025-04-28T14:57:44.922+0000] {processor.py:830} INFO - Processing file /opt/airflow/dags/move_bronze_to_silver_partitioned.py for tasks to queue
[2025-04-28T14:57:44.923+0000] {logging_mixin.py:188} INFO - [2025-04-28T14:57:44.923+0000] {dagbag.py:540} INFO - Filling up the DagBag from /opt/airflow/dags/move_bronze_to_silver_partitioned.py
[2025-04-28T14:57:45.070+0000] {processor.py:840} INFO - DAG(s) 'move_bronze_to_silver_partitioned' retrieved from /opt/airflow/dags/move_bronze_to_silver_partitioned.py
[2025-04-28T14:57:45.083+0000] {logging_mixin.py:188} INFO - [2025-04-28T14:57:45.083+0000] {dag.py:3096} INFO - Sync 1 DAGs
[2025-04-28T14:57:45.090+0000] {logging_mixin.py:188} INFO - [2025-04-28T14:57:45.090+0000] {dag.py:3954} INFO - Setting next_dagrun for move_bronze_to_silver_partitioned to None, run_after=None
[2025-04-28T14:57:45.099+0000] {processor.py:183} INFO - Processing /opt/airflow/dags/move_bronze_to_silver_partitioned.py took 0.181 seconds
[2025-04-28T14:58:15.604+0000] {processor.py:161} INFO - Started process (PID=3419) to work on /opt/airflow/dags/move_bronze_to_silver_partitioned.py
[2025-04-28T14:58:15.604+0000] {processor.py:830} INFO - Processing file /opt/airflow/dags/move_bronze_to_silver_partitioned.py for tasks to queue
[2025-04-28T14:58:15.605+0000] {logging_mixin.py:188} INFO - [2025-04-28T14:58:15.605+0000] {dagbag.py:540} INFO - Filling up the DagBag from /opt/airflow/dags/move_bronze_to_silver_partitioned.py
[2025-04-28T14:58:15.741+0000] {processor.py:840} INFO - DAG(s) 'move_bronze_to_silver_partitioned' retrieved from /opt/airflow/dags/move_bronze_to_silver_partitioned.py
[2025-04-28T14:58:15.755+0000] {logging_mixin.py:188} INFO - [2025-04-28T14:58:15.755+0000] {dag.py:3096} INFO - Sync 1 DAGs
[2025-04-28T14:58:15.761+0000] {logging_mixin.py:188} INFO - [2025-04-28T14:58:15.761+0000] {dag.py:3954} INFO - Setting next_dagrun for move_bronze_to_silver_partitioned to None, run_after=None
[2025-04-28T14:58:15.771+0000] {processor.py:183} INFO - Processing /opt/airflow/dags/move_bronze_to_silver_partitioned.py took 0.170 seconds
[2025-04-28T14:58:46.373+0000] {processor.py:161} INFO - Started process (PID=3454) to work on /opt/airflow/dags/move_bronze_to_silver_partitioned.py
[2025-04-28T14:58:46.374+0000] {processor.py:830} INFO - Processing file /opt/airflow/dags/move_bronze_to_silver_partitioned.py for tasks to queue
[2025-04-28T14:58:46.375+0000] {logging_mixin.py:188} INFO - [2025-04-28T14:58:46.374+0000] {dagbag.py:540} INFO - Filling up the DagBag from /opt/airflow/dags/move_bronze_to_silver_partitioned.py
[2025-04-28T14:58:46.508+0000] {processor.py:840} INFO - DAG(s) 'move_bronze_to_silver_partitioned' retrieved from /opt/airflow/dags/move_bronze_to_silver_partitioned.py
[2025-04-28T14:58:46.520+0000] {logging_mixin.py:188} INFO - [2025-04-28T14:58:46.520+0000] {dag.py:3096} INFO - Sync 1 DAGs
[2025-04-28T14:58:46.526+0000] {logging_mixin.py:188} INFO - [2025-04-28T14:58:46.526+0000] {dag.py:3954} INFO - Setting next_dagrun for move_bronze_to_silver_partitioned to None, run_after=None
[2025-04-28T14:58:46.534+0000] {processor.py:183} INFO - Processing /opt/airflow/dags/move_bronze_to_silver_partitioned.py took 0.164 seconds
[2025-04-28T14:59:17.202+0000] {processor.py:161} INFO - Started process (PID=3489) to work on /opt/airflow/dags/move_bronze_to_silver_partitioned.py
[2025-04-28T14:59:17.203+0000] {processor.py:830} INFO - Processing file /opt/airflow/dags/move_bronze_to_silver_partitioned.py for tasks to queue
[2025-04-28T14:59:17.204+0000] {logging_mixin.py:188} INFO - [2025-04-28T14:59:17.203+0000] {dagbag.py:540} INFO - Filling up the DagBag from /opt/airflow/dags/move_bronze_to_silver_partitioned.py
[2025-04-28T14:59:17.343+0000] {processor.py:840} INFO - DAG(s) 'move_bronze_to_silver_partitioned' retrieved from /opt/airflow/dags/move_bronze_to_silver_partitioned.py
[2025-04-28T14:59:17.356+0000] {logging_mixin.py:188} INFO - [2025-04-28T14:59:17.356+0000] {dag.py:3096} INFO - Sync 1 DAGs
[2025-04-28T14:59:17.362+0000] {logging_mixin.py:188} INFO - [2025-04-28T14:59:17.362+0000] {dag.py:3954} INFO - Setting next_dagrun for move_bronze_to_silver_partitioned to None, run_after=None
[2025-04-28T14:59:17.371+0000] {processor.py:183} INFO - Processing /opt/airflow/dags/move_bronze_to_silver_partitioned.py took 0.172 seconds
[2025-04-28T14:59:47.977+0000] {processor.py:161} INFO - Started process (PID=3524) to work on /opt/airflow/dags/move_bronze_to_silver_partitioned.py
[2025-04-28T14:59:47.977+0000] {processor.py:830} INFO - Processing file /opt/airflow/dags/move_bronze_to_silver_partitioned.py for tasks to queue
[2025-04-28T14:59:47.978+0000] {logging_mixin.py:188} INFO - [2025-04-28T14:59:47.978+0000] {dagbag.py:540} INFO - Filling up the DagBag from /opt/airflow/dags/move_bronze_to_silver_partitioned.py
[2025-04-28T14:59:48.108+0000] {processor.py:840} INFO - DAG(s) 'move_bronze_to_silver_partitioned' retrieved from /opt/airflow/dags/move_bronze_to_silver_partitioned.py
[2025-04-28T14:59:48.123+0000] {logging_mixin.py:188} INFO - [2025-04-28T14:59:48.123+0000] {dag.py:3096} INFO - Sync 1 DAGs
[2025-04-28T14:59:48.129+0000] {logging_mixin.py:188} INFO - [2025-04-28T14:59:48.128+0000] {dag.py:3954} INFO - Setting next_dagrun for move_bronze_to_silver_partitioned to None, run_after=None
[2025-04-28T14:59:48.139+0000] {processor.py:183} INFO - Processing /opt/airflow/dags/move_bronze_to_silver_partitioned.py took 0.165 seconds
[2025-04-28T15:00:18.762+0000] {processor.py:161} INFO - Started process (PID=3559) to work on /opt/airflow/dags/move_bronze_to_silver_partitioned.py
[2025-04-28T15:00:18.763+0000] {processor.py:830} INFO - Processing file /opt/airflow/dags/move_bronze_to_silver_partitioned.py for tasks to queue
[2025-04-28T15:00:18.764+0000] {logging_mixin.py:188} INFO - [2025-04-28T15:00:18.763+0000] {dagbag.py:540} INFO - Filling up the DagBag from /opt/airflow/dags/move_bronze_to_silver_partitioned.py
[2025-04-28T15:00:18.905+0000] {processor.py:840} INFO - DAG(s) 'move_bronze_to_silver_partitioned' retrieved from /opt/airflow/dags/move_bronze_to_silver_partitioned.py
[2025-04-28T15:00:18.918+0000] {logging_mixin.py:188} INFO - [2025-04-28T15:00:18.917+0000] {dag.py:3096} INFO - Sync 1 DAGs
[2025-04-28T15:00:18.923+0000] {logging_mixin.py:188} INFO - [2025-04-28T15:00:18.923+0000] {dag.py:3954} INFO - Setting next_dagrun for move_bronze_to_silver_partitioned to None, run_after=None
[2025-04-28T15:00:18.933+0000] {processor.py:183} INFO - Processing /opt/airflow/dags/move_bronze_to_silver_partitioned.py took 0.174 seconds
[2025-04-28T15:00:49.489+0000] {processor.py:161} INFO - Started process (PID=3594) to work on /opt/airflow/dags/move_bronze_to_silver_partitioned.py
[2025-04-28T15:00:49.489+0000] {processor.py:830} INFO - Processing file /opt/airflow/dags/move_bronze_to_silver_partitioned.py for tasks to queue
[2025-04-28T15:00:49.490+0000] {logging_mixin.py:188} INFO - [2025-04-28T15:00:49.490+0000] {dagbag.py:540} INFO - Filling up the DagBag from /opt/airflow/dags/move_bronze_to_silver_partitioned.py
[2025-04-28T15:00:49.633+0000] {processor.py:840} INFO - DAG(s) 'move_bronze_to_silver_partitioned' retrieved from /opt/airflow/dags/move_bronze_to_silver_partitioned.py
[2025-04-28T15:00:49.646+0000] {logging_mixin.py:188} INFO - [2025-04-28T15:00:49.646+0000] {dag.py:3096} INFO - Sync 1 DAGs
[2025-04-28T15:00:49.652+0000] {logging_mixin.py:188} INFO - [2025-04-28T15:00:49.652+0000] {dag.py:3954} INFO - Setting next_dagrun for move_bronze_to_silver_partitioned to None, run_after=None
[2025-04-28T15:00:49.661+0000] {processor.py:183} INFO - Processing /opt/airflow/dags/move_bronze_to_silver_partitioned.py took 0.176 seconds
[2025-04-28T15:01:20.283+0000] {processor.py:161} INFO - Started process (PID=3629) to work on /opt/airflow/dags/move_bronze_to_silver_partitioned.py
[2025-04-28T15:01:20.283+0000] {processor.py:830} INFO - Processing file /opt/airflow/dags/move_bronze_to_silver_partitioned.py for tasks to queue
[2025-04-28T15:01:20.284+0000] {logging_mixin.py:188} INFO - [2025-04-28T15:01:20.284+0000] {dagbag.py:540} INFO - Filling up the DagBag from /opt/airflow/dags/move_bronze_to_silver_partitioned.py
[2025-04-28T15:01:20.416+0000] {processor.py:840} INFO - DAG(s) 'move_bronze_to_silver_partitioned' retrieved from /opt/airflow/dags/move_bronze_to_silver_partitioned.py
[2025-04-28T15:01:20.429+0000] {logging_mixin.py:188} INFO - [2025-04-28T15:01:20.428+0000] {dag.py:3096} INFO - Sync 1 DAGs
[2025-04-28T15:01:20.434+0000] {logging_mixin.py:188} INFO - [2025-04-28T15:01:20.434+0000] {dag.py:3954} INFO - Setting next_dagrun for move_bronze_to_silver_partitioned to None, run_after=None
[2025-04-28T15:01:20.442+0000] {processor.py:183} INFO - Processing /opt/airflow/dags/move_bronze_to_silver_partitioned.py took 0.162 seconds
[2025-04-28T15:01:51.065+0000] {processor.py:161} INFO - Started process (PID=3664) to work on /opt/airflow/dags/move_bronze_to_silver_partitioned.py
[2025-04-28T15:01:51.065+0000] {processor.py:830} INFO - Processing file /opt/airflow/dags/move_bronze_to_silver_partitioned.py for tasks to queue
[2025-04-28T15:01:51.066+0000] {logging_mixin.py:188} INFO - [2025-04-28T15:01:51.066+0000] {dagbag.py:540} INFO - Filling up the DagBag from /opt/airflow/dags/move_bronze_to_silver_partitioned.py
[2025-04-28T15:01:51.202+0000] {processor.py:840} INFO - DAG(s) 'move_bronze_to_silver_partitioned' retrieved from /opt/airflow/dags/move_bronze_to_silver_partitioned.py
[2025-04-28T15:01:51.215+0000] {logging_mixin.py:188} INFO - [2025-04-28T15:01:51.215+0000] {dag.py:3096} INFO - Sync 1 DAGs
[2025-04-28T15:01:51.221+0000] {logging_mixin.py:188} INFO - [2025-04-28T15:01:51.221+0000] {dag.py:3954} INFO - Setting next_dagrun for move_bronze_to_silver_partitioned to None, run_after=None
[2025-04-28T15:01:51.231+0000] {processor.py:183} INFO - Processing /opt/airflow/dags/move_bronze_to_silver_partitioned.py took 0.169 seconds
[2025-04-28T15:02:21.838+0000] {processor.py:161} INFO - Started process (PID=3699) to work on /opt/airflow/dags/move_bronze_to_silver_partitioned.py
[2025-04-28T15:02:21.839+0000] {processor.py:830} INFO - Processing file /opt/airflow/dags/move_bronze_to_silver_partitioned.py for tasks to queue
[2025-04-28T15:02:21.840+0000] {logging_mixin.py:188} INFO - [2025-04-28T15:02:21.840+0000] {dagbag.py:540} INFO - Filling up the DagBag from /opt/airflow/dags/move_bronze_to_silver_partitioned.py
[2025-04-28T15:02:21.984+0000] {processor.py:840} INFO - DAG(s) 'move_bronze_to_silver_partitioned' retrieved from /opt/airflow/dags/move_bronze_to_silver_partitioned.py
[2025-04-28T15:02:21.997+0000] {logging_mixin.py:188} INFO - [2025-04-28T15:02:21.997+0000] {dag.py:3096} INFO - Sync 1 DAGs
[2025-04-28T15:02:22.003+0000] {logging_mixin.py:188} INFO - [2025-04-28T15:02:22.003+0000] {dag.py:3954} INFO - Setting next_dagrun for move_bronze_to_silver_partitioned to None, run_after=None
[2025-04-28T15:02:22.012+0000] {processor.py:183} INFO - Processing /opt/airflow/dags/move_bronze_to_silver_partitioned.py took 0.177 seconds
[2025-04-28T15:02:52.568+0000] {processor.py:161} INFO - Started process (PID=3734) to work on /opt/airflow/dags/move_bronze_to_silver_partitioned.py
[2025-04-28T15:02:52.569+0000] {processor.py:830} INFO - Processing file /opt/airflow/dags/move_bronze_to_silver_partitioned.py for tasks to queue
[2025-04-28T15:02:52.570+0000] {logging_mixin.py:188} INFO - [2025-04-28T15:02:52.570+0000] {dagbag.py:540} INFO - Filling up the DagBag from /opt/airflow/dags/move_bronze_to_silver_partitioned.py
[2025-04-28T15:02:52.730+0000] {processor.py:840} INFO - DAG(s) 'move_bronze_to_silver_partitioned' retrieved from /opt/airflow/dags/move_bronze_to_silver_partitioned.py
[2025-04-28T15:02:52.746+0000] {logging_mixin.py:188} INFO - [2025-04-28T15:02:52.745+0000] {dag.py:3096} INFO - Sync 1 DAGs
[2025-04-28T15:02:52.752+0000] {logging_mixin.py:188} INFO - [2025-04-28T15:02:52.752+0000] {dag.py:3954} INFO - Setting next_dagrun for move_bronze_to_silver_partitioned to None, run_after=None
[2025-04-28T15:02:52.761+0000] {processor.py:183} INFO - Processing /opt/airflow/dags/move_bronze_to_silver_partitioned.py took 0.196 seconds
[2025-04-28T15:03:23.353+0000] {processor.py:161} INFO - Started process (PID=3769) to work on /opt/airflow/dags/move_bronze_to_silver_partitioned.py
[2025-04-28T15:03:23.353+0000] {processor.py:830} INFO - Processing file /opt/airflow/dags/move_bronze_to_silver_partitioned.py for tasks to queue
[2025-04-28T15:03:23.354+0000] {logging_mixin.py:188} INFO - [2025-04-28T15:03:23.354+0000] {dagbag.py:540} INFO - Filling up the DagBag from /opt/airflow/dags/move_bronze_to_silver_partitioned.py
[2025-04-28T15:03:23.490+0000] {processor.py:840} INFO - DAG(s) 'move_bronze_to_silver_partitioned' retrieved from /opt/airflow/dags/move_bronze_to_silver_partitioned.py
[2025-04-28T15:03:23.503+0000] {logging_mixin.py:188} INFO - [2025-04-28T15:03:23.503+0000] {dag.py:3096} INFO - Sync 1 DAGs
[2025-04-28T15:03:23.509+0000] {logging_mixin.py:188} INFO - [2025-04-28T15:03:23.508+0000] {dag.py:3954} INFO - Setting next_dagrun for move_bronze_to_silver_partitioned to None, run_after=None
[2025-04-28T15:03:23.517+0000] {processor.py:183} INFO - Processing /opt/airflow/dags/move_bronze_to_silver_partitioned.py took 0.167 seconds
[2025-04-28T15:03:54.152+0000] {processor.py:161} INFO - Started process (PID=3804) to work on /opt/airflow/dags/move_bronze_to_silver_partitioned.py
[2025-04-28T15:03:54.153+0000] {processor.py:830} INFO - Processing file /opt/airflow/dags/move_bronze_to_silver_partitioned.py for tasks to queue
[2025-04-28T15:03:54.153+0000] {logging_mixin.py:188} INFO - [2025-04-28T15:03:54.153+0000] {dagbag.py:540} INFO - Filling up the DagBag from /opt/airflow/dags/move_bronze_to_silver_partitioned.py
[2025-04-28T15:03:54.288+0000] {processor.py:840} INFO - DAG(s) 'move_bronze_to_silver_partitioned' retrieved from /opt/airflow/dags/move_bronze_to_silver_partitioned.py
[2025-04-28T15:03:54.300+0000] {logging_mixin.py:188} INFO - [2025-04-28T15:03:54.300+0000] {dag.py:3096} INFO - Sync 1 DAGs
[2025-04-28T15:03:54.306+0000] {logging_mixin.py:188} INFO - [2025-04-28T15:03:54.306+0000] {dag.py:3954} INFO - Setting next_dagrun for move_bronze_to_silver_partitioned to None, run_after=None
[2025-04-28T15:03:54.315+0000] {processor.py:183} INFO - Processing /opt/airflow/dags/move_bronze_to_silver_partitioned.py took 0.166 seconds
[2025-04-28T15:04:24.903+0000] {processor.py:161} INFO - Started process (PID=3839) to work on /opt/airflow/dags/move_bronze_to_silver_partitioned.py
[2025-04-28T15:04:24.903+0000] {processor.py:830} INFO - Processing file /opt/airflow/dags/move_bronze_to_silver_partitioned.py for tasks to queue
[2025-04-28T15:04:24.904+0000] {logging_mixin.py:188} INFO - [2025-04-28T15:04:24.904+0000] {dagbag.py:540} INFO - Filling up the DagBag from /opt/airflow/dags/move_bronze_to_silver_partitioned.py
[2025-04-28T15:04:25.034+0000] {processor.py:840} INFO - DAG(s) 'move_bronze_to_silver_partitioned' retrieved from /opt/airflow/dags/move_bronze_to_silver_partitioned.py
[2025-04-28T15:04:25.046+0000] {logging_mixin.py:188} INFO - [2025-04-28T15:04:25.046+0000] {dag.py:3096} INFO - Sync 1 DAGs
[2025-04-28T15:04:25.052+0000] {logging_mixin.py:188} INFO - [2025-04-28T15:04:25.052+0000] {dag.py:3954} INFO - Setting next_dagrun for move_bronze_to_silver_partitioned to None, run_after=None
[2025-04-28T15:04:25.060+0000] {processor.py:183} INFO - Processing /opt/airflow/dags/move_bronze_to_silver_partitioned.py took 0.160 seconds
[2025-04-28T15:04:55.678+0000] {processor.py:161} INFO - Started process (PID=3874) to work on /opt/airflow/dags/move_bronze_to_silver_partitioned.py
[2025-04-28T15:04:55.679+0000] {processor.py:830} INFO - Processing file /opt/airflow/dags/move_bronze_to_silver_partitioned.py for tasks to queue
[2025-04-28T15:04:55.679+0000] {logging_mixin.py:188} INFO - [2025-04-28T15:04:55.679+0000] {dagbag.py:540} INFO - Filling up the DagBag from /opt/airflow/dags/move_bronze_to_silver_partitioned.py
[2025-04-28T15:04:55.808+0000] {processor.py:840} INFO - DAG(s) 'move_bronze_to_silver_partitioned' retrieved from /opt/airflow/dags/move_bronze_to_silver_partitioned.py
[2025-04-28T15:04:55.821+0000] {logging_mixin.py:188} INFO - [2025-04-28T15:04:55.821+0000] {dag.py:3096} INFO - Sync 1 DAGs
[2025-04-28T15:04:55.826+0000] {logging_mixin.py:188} INFO - [2025-04-28T15:04:55.826+0000] {dag.py:3954} INFO - Setting next_dagrun for move_bronze_to_silver_partitioned to None, run_after=None
[2025-04-28T15:04:55.834+0000] {processor.py:183} INFO - Processing /opt/airflow/dags/move_bronze_to_silver_partitioned.py took 0.159 seconds
[2025-04-28T15:05:26.428+0000] {processor.py:161} INFO - Started process (PID=3909) to work on /opt/airflow/dags/move_bronze_to_silver_partitioned.py
[2025-04-28T15:05:26.429+0000] {processor.py:830} INFO - Processing file /opt/airflow/dags/move_bronze_to_silver_partitioned.py for tasks to queue
[2025-04-28T15:05:26.429+0000] {logging_mixin.py:188} INFO - [2025-04-28T15:05:26.429+0000] {dagbag.py:540} INFO - Filling up the DagBag from /opt/airflow/dags/move_bronze_to_silver_partitioned.py
[2025-04-28T15:05:26.564+0000] {processor.py:840} INFO - DAG(s) 'move_bronze_to_silver_partitioned' retrieved from /opt/airflow/dags/move_bronze_to_silver_partitioned.py
[2025-04-28T15:05:26.577+0000] {logging_mixin.py:188} INFO - [2025-04-28T15:05:26.576+0000] {dag.py:3096} INFO - Sync 1 DAGs
[2025-04-28T15:05:26.582+0000] {logging_mixin.py:188} INFO - [2025-04-28T15:05:26.582+0000] {dag.py:3954} INFO - Setting next_dagrun for move_bronze_to_silver_partitioned to None, run_after=None
[2025-04-28T15:05:26.590+0000] {processor.py:183} INFO - Processing /opt/airflow/dags/move_bronze_to_silver_partitioned.py took 0.165 seconds
[2025-04-28T15:05:57.234+0000] {processor.py:161} INFO - Started process (PID=3944) to work on /opt/airflow/dags/move_bronze_to_silver_partitioned.py
[2025-04-28T15:05:57.234+0000] {processor.py:830} INFO - Processing file /opt/airflow/dags/move_bronze_to_silver_partitioned.py for tasks to queue
[2025-04-28T15:05:57.235+0000] {logging_mixin.py:188} INFO - [2025-04-28T15:05:57.235+0000] {dagbag.py:540} INFO - Filling up the DagBag from /opt/airflow/dags/move_bronze_to_silver_partitioned.py
[2025-04-28T15:05:57.368+0000] {processor.py:840} INFO - DAG(s) 'move_bronze_to_silver_partitioned' retrieved from /opt/airflow/dags/move_bronze_to_silver_partitioned.py
[2025-04-28T15:05:57.380+0000] {logging_mixin.py:188} INFO - [2025-04-28T15:05:57.380+0000] {dag.py:3096} INFO - Sync 1 DAGs
[2025-04-28T15:05:57.385+0000] {logging_mixin.py:188} INFO - [2025-04-28T15:05:57.385+0000] {dag.py:3954} INFO - Setting next_dagrun for move_bronze_to_silver_partitioned to None, run_after=None
[2025-04-28T15:05:57.393+0000] {processor.py:183} INFO - Processing /opt/airflow/dags/move_bronze_to_silver_partitioned.py took 0.162 seconds
[2025-04-28T15:06:27.983+0000] {processor.py:161} INFO - Started process (PID=3979) to work on /opt/airflow/dags/move_bronze_to_silver_partitioned.py
[2025-04-28T15:06:27.983+0000] {processor.py:830} INFO - Processing file /opt/airflow/dags/move_bronze_to_silver_partitioned.py for tasks to queue
[2025-04-28T15:06:27.984+0000] {logging_mixin.py:188} INFO - [2025-04-28T15:06:27.984+0000] {dagbag.py:540} INFO - Filling up the DagBag from /opt/airflow/dags/move_bronze_to_silver_partitioned.py
[2025-04-28T15:06:28.116+0000] {processor.py:840} INFO - DAG(s) 'move_bronze_to_silver_partitioned' retrieved from /opt/airflow/dags/move_bronze_to_silver_partitioned.py
[2025-04-28T15:06:28.128+0000] {logging_mixin.py:188} INFO - [2025-04-28T15:06:28.128+0000] {dag.py:3096} INFO - Sync 1 DAGs
[2025-04-28T15:06:28.134+0000] {logging_mixin.py:188} INFO - [2025-04-28T15:06:28.133+0000] {dag.py:3954} INFO - Setting next_dagrun for move_bronze_to_silver_partitioned to None, run_after=None
[2025-04-28T15:06:28.142+0000] {processor.py:183} INFO - Processing /opt/airflow/dags/move_bronze_to_silver_partitioned.py took 0.161 seconds
[2025-04-28T15:06:58.808+0000] {processor.py:161} INFO - Started process (PID=4014) to work on /opt/airflow/dags/move_bronze_to_silver_partitioned.py
[2025-04-28T15:06:58.809+0000] {processor.py:830} INFO - Processing file /opt/airflow/dags/move_bronze_to_silver_partitioned.py for tasks to queue
[2025-04-28T15:06:58.809+0000] {logging_mixin.py:188} INFO - [2025-04-28T15:06:58.809+0000] {dagbag.py:540} INFO - Filling up the DagBag from /opt/airflow/dags/move_bronze_to_silver_partitioned.py
[2025-04-28T15:06:58.943+0000] {processor.py:840} INFO - DAG(s) 'move_bronze_to_silver_partitioned' retrieved from /opt/airflow/dags/move_bronze_to_silver_partitioned.py
[2025-04-28T15:06:58.955+0000] {logging_mixin.py:188} INFO - [2025-04-28T15:06:58.955+0000] {dag.py:3096} INFO - Sync 1 DAGs
[2025-04-28T15:06:58.961+0000] {logging_mixin.py:188} INFO - [2025-04-28T15:06:58.961+0000] {dag.py:3954} INFO - Setting next_dagrun for move_bronze_to_silver_partitioned to None, run_after=None
[2025-04-28T15:06:58.969+0000] {processor.py:183} INFO - Processing /opt/airflow/dags/move_bronze_to_silver_partitioned.py took 0.164 seconds
[2025-04-28T15:07:29.547+0000] {processor.py:161} INFO - Started process (PID=4049) to work on /opt/airflow/dags/move_bronze_to_silver_partitioned.py
[2025-04-28T15:07:29.548+0000] {processor.py:830} INFO - Processing file /opt/airflow/dags/move_bronze_to_silver_partitioned.py for tasks to queue
[2025-04-28T15:07:29.549+0000] {logging_mixin.py:188} INFO - [2025-04-28T15:07:29.549+0000] {dagbag.py:540} INFO - Filling up the DagBag from /opt/airflow/dags/move_bronze_to_silver_partitioned.py
[2025-04-28T15:07:29.680+0000] {processor.py:840} INFO - DAG(s) 'move_bronze_to_silver_partitioned' retrieved from /opt/airflow/dags/move_bronze_to_silver_partitioned.py
[2025-04-28T15:07:29.693+0000] {logging_mixin.py:188} INFO - [2025-04-28T15:07:29.692+0000] {dag.py:3096} INFO - Sync 1 DAGs
[2025-04-28T15:07:29.698+0000] {logging_mixin.py:188} INFO - [2025-04-28T15:07:29.698+0000] {dag.py:3954} INFO - Setting next_dagrun for move_bronze_to_silver_partitioned to None, run_after=None
[2025-04-28T15:07:29.708+0000] {processor.py:183} INFO - Processing /opt/airflow/dags/move_bronze_to_silver_partitioned.py took 0.163 seconds
[2025-04-28T15:08:00.315+0000] {processor.py:161} INFO - Started process (PID=4084) to work on /opt/airflow/dags/move_bronze_to_silver_partitioned.py
[2025-04-28T15:08:00.315+0000] {processor.py:830} INFO - Processing file /opt/airflow/dags/move_bronze_to_silver_partitioned.py for tasks to queue
[2025-04-28T15:08:00.316+0000] {logging_mixin.py:188} INFO - [2025-04-28T15:08:00.316+0000] {dagbag.py:540} INFO - Filling up the DagBag from /opt/airflow/dags/move_bronze_to_silver_partitioned.py
[2025-04-28T15:08:00.451+0000] {processor.py:840} INFO - DAG(s) 'move_bronze_to_silver_partitioned' retrieved from /opt/airflow/dags/move_bronze_to_silver_partitioned.py
[2025-04-28T15:08:00.463+0000] {logging_mixin.py:188} INFO - [2025-04-28T15:08:00.463+0000] {dag.py:3096} INFO - Sync 1 DAGs
[2025-04-28T15:08:00.469+0000] {logging_mixin.py:188} INFO - [2025-04-28T15:08:00.469+0000] {dag.py:3954} INFO - Setting next_dagrun for move_bronze_to_silver_partitioned to None, run_after=None
[2025-04-28T15:08:00.477+0000] {processor.py:183} INFO - Processing /opt/airflow/dags/move_bronze_to_silver_partitioned.py took 0.165 seconds
[2025-04-28T15:08:31.084+0000] {processor.py:161} INFO - Started process (PID=4119) to work on /opt/airflow/dags/move_bronze_to_silver_partitioned.py
[2025-04-28T15:08:31.085+0000] {processor.py:830} INFO - Processing file /opt/airflow/dags/move_bronze_to_silver_partitioned.py for tasks to queue
[2025-04-28T15:08:31.085+0000] {logging_mixin.py:188} INFO - [2025-04-28T15:08:31.085+0000] {dagbag.py:540} INFO - Filling up the DagBag from /opt/airflow/dags/move_bronze_to_silver_partitioned.py
[2025-04-28T15:08:31.214+0000] {processor.py:840} INFO - DAG(s) 'move_bronze_to_silver_partitioned' retrieved from /opt/airflow/dags/move_bronze_to_silver_partitioned.py
[2025-04-28T15:08:31.226+0000] {logging_mixin.py:188} INFO - [2025-04-28T15:08:31.226+0000] {dag.py:3096} INFO - Sync 1 DAGs
[2025-04-28T15:08:31.232+0000] {logging_mixin.py:188} INFO - [2025-04-28T15:08:31.232+0000] {dag.py:3954} INFO - Setting next_dagrun for move_bronze_to_silver_partitioned to None, run_after=None
[2025-04-28T15:08:31.240+0000] {processor.py:183} INFO - Processing /opt/airflow/dags/move_bronze_to_silver_partitioned.py took 0.159 seconds
[2025-04-28T15:09:01.821+0000] {processor.py:161} INFO - Started process (PID=4154) to work on /opt/airflow/dags/move_bronze_to_silver_partitioned.py
[2025-04-28T15:09:01.822+0000] {processor.py:830} INFO - Processing file /opt/airflow/dags/move_bronze_to_silver_partitioned.py for tasks to queue
[2025-04-28T15:09:01.823+0000] {logging_mixin.py:188} INFO - [2025-04-28T15:09:01.823+0000] {dagbag.py:540} INFO - Filling up the DagBag from /opt/airflow/dags/move_bronze_to_silver_partitioned.py
[2025-04-28T15:09:01.985+0000] {processor.py:840} INFO - DAG(s) 'move_bronze_to_silver_partitioned' retrieved from /opt/airflow/dags/move_bronze_to_silver_partitioned.py
[2025-04-28T15:09:02.003+0000] {logging_mixin.py:188} INFO - [2025-04-28T15:09:02.003+0000] {dag.py:3096} INFO - Sync 1 DAGs
[2025-04-28T15:09:02.009+0000] {logging_mixin.py:188} INFO - [2025-04-28T15:09:02.009+0000] {dag.py:3954} INFO - Setting next_dagrun for move_bronze_to_silver_partitioned to None, run_after=None
[2025-04-28T15:09:02.016+0000] {processor.py:183} INFO - Processing /opt/airflow/dags/move_bronze_to_silver_partitioned.py took 0.198 seconds
[2025-04-28T15:09:32.590+0000] {processor.py:161} INFO - Started process (PID=4189) to work on /opt/airflow/dags/move_bronze_to_silver_partitioned.py
[2025-04-28T15:09:32.590+0000] {processor.py:830} INFO - Processing file /opt/airflow/dags/move_bronze_to_silver_partitioned.py for tasks to queue
[2025-04-28T15:09:32.591+0000] {logging_mixin.py:188} INFO - [2025-04-28T15:09:32.591+0000] {dagbag.py:540} INFO - Filling up the DagBag from /opt/airflow/dags/move_bronze_to_silver_partitioned.py
[2025-04-28T15:09:32.733+0000] {processor.py:840} INFO - DAG(s) 'move_bronze_to_silver_partitioned' retrieved from /opt/airflow/dags/move_bronze_to_silver_partitioned.py
[2025-04-28T15:09:32.746+0000] {logging_mixin.py:188} INFO - [2025-04-28T15:09:32.746+0000] {dag.py:3096} INFO - Sync 1 DAGs
[2025-04-28T15:09:32.753+0000] {logging_mixin.py:188} INFO - [2025-04-28T15:09:32.753+0000] {dag.py:3954} INFO - Setting next_dagrun for move_bronze_to_silver_partitioned to None, run_after=None
[2025-04-28T15:09:32.762+0000] {processor.py:183} INFO - Processing /opt/airflow/dags/move_bronze_to_silver_partitioned.py took 0.175 seconds
[2025-04-28T15:10:03.302+0000] {processor.py:161} INFO - Started process (PID=4224) to work on /opt/airflow/dags/move_bronze_to_silver_partitioned.py
[2025-04-28T15:10:03.302+0000] {processor.py:830} INFO - Processing file /opt/airflow/dags/move_bronze_to_silver_partitioned.py for tasks to queue
[2025-04-28T15:10:03.303+0000] {logging_mixin.py:188} INFO - [2025-04-28T15:10:03.303+0000] {dagbag.py:540} INFO - Filling up the DagBag from /opt/airflow/dags/move_bronze_to_silver_partitioned.py
[2025-04-28T15:10:03.448+0000] {processor.py:840} INFO - DAG(s) 'move_bronze_to_silver_partitioned' retrieved from /opt/airflow/dags/move_bronze_to_silver_partitioned.py
[2025-04-28T15:10:03.461+0000] {logging_mixin.py:188} INFO - [2025-04-28T15:10:03.461+0000] {dag.py:3096} INFO - Sync 1 DAGs
[2025-04-28T15:10:03.467+0000] {logging_mixin.py:188} INFO - [2025-04-28T15:10:03.467+0000] {dag.py:3954} INFO - Setting next_dagrun for move_bronze_to_silver_partitioned to None, run_after=None
[2025-04-28T15:10:03.475+0000] {processor.py:183} INFO - Processing /opt/airflow/dags/move_bronze_to_silver_partitioned.py took 0.177 seconds
[2025-04-28T15:10:34.057+0000] {processor.py:161} INFO - Started process (PID=4259) to work on /opt/airflow/dags/move_bronze_to_silver_partitioned.py
[2025-04-28T15:10:34.058+0000] {processor.py:830} INFO - Processing file /opt/airflow/dags/move_bronze_to_silver_partitioned.py for tasks to queue
[2025-04-28T15:10:34.059+0000] {logging_mixin.py:188} INFO - [2025-04-28T15:10:34.058+0000] {dagbag.py:540} INFO - Filling up the DagBag from /opt/airflow/dags/move_bronze_to_silver_partitioned.py
[2025-04-28T15:10:34.193+0000] {processor.py:840} INFO - DAG(s) 'move_bronze_to_silver_partitioned' retrieved from /opt/airflow/dags/move_bronze_to_silver_partitioned.py
[2025-04-28T15:10:34.206+0000] {logging_mixin.py:188} INFO - [2025-04-28T15:10:34.205+0000] {dag.py:3096} INFO - Sync 1 DAGs
[2025-04-28T15:10:34.211+0000] {logging_mixin.py:188} INFO - [2025-04-28T15:10:34.211+0000] {dag.py:3954} INFO - Setting next_dagrun for move_bronze_to_silver_partitioned to None, run_after=None
[2025-04-28T15:10:34.219+0000] {processor.py:183} INFO - Processing /opt/airflow/dags/move_bronze_to_silver_partitioned.py took 0.165 seconds
[2025-04-28T15:11:04.766+0000] {processor.py:161} INFO - Started process (PID=4294) to work on /opt/airflow/dags/move_bronze_to_silver_partitioned.py
[2025-04-28T15:11:04.767+0000] {processor.py:830} INFO - Processing file /opt/airflow/dags/move_bronze_to_silver_partitioned.py for tasks to queue
[2025-04-28T15:11:04.768+0000] {logging_mixin.py:188} INFO - [2025-04-28T15:11:04.767+0000] {dagbag.py:540} INFO - Filling up the DagBag from /opt/airflow/dags/move_bronze_to_silver_partitioned.py
[2025-04-28T15:11:04.907+0000] {processor.py:840} INFO - DAG(s) 'move_bronze_to_silver_partitioned' retrieved from /opt/airflow/dags/move_bronze_to_silver_partitioned.py
[2025-04-28T15:11:04.920+0000] {logging_mixin.py:188} INFO - [2025-04-28T15:11:04.919+0000] {dag.py:3096} INFO - Sync 1 DAGs
[2025-04-28T15:11:04.925+0000] {logging_mixin.py:188} INFO - [2025-04-28T15:11:04.925+0000] {dag.py:3954} INFO - Setting next_dagrun for move_bronze_to_silver_partitioned to None, run_after=None
[2025-04-28T15:11:04.933+0000] {processor.py:183} INFO - Processing /opt/airflow/dags/move_bronze_to_silver_partitioned.py took 0.169 seconds
[2025-04-28T15:11:35.536+0000] {processor.py:161} INFO - Started process (PID=4329) to work on /opt/airflow/dags/move_bronze_to_silver_partitioned.py
[2025-04-28T15:11:35.536+0000] {processor.py:830} INFO - Processing file /opt/airflow/dags/move_bronze_to_silver_partitioned.py for tasks to queue
[2025-04-28T15:11:35.537+0000] {logging_mixin.py:188} INFO - [2025-04-28T15:11:35.537+0000] {dagbag.py:540} INFO - Filling up the DagBag from /opt/airflow/dags/move_bronze_to_silver_partitioned.py
[2025-04-28T15:11:35.670+0000] {processor.py:840} INFO - DAG(s) 'move_bronze_to_silver_partitioned' retrieved from /opt/airflow/dags/move_bronze_to_silver_partitioned.py
[2025-04-28T15:11:35.682+0000] {logging_mixin.py:188} INFO - [2025-04-28T15:11:35.682+0000] {dag.py:3096} INFO - Sync 1 DAGs
[2025-04-28T15:11:35.688+0000] {logging_mixin.py:188} INFO - [2025-04-28T15:11:35.688+0000] {dag.py:3954} INFO - Setting next_dagrun for move_bronze_to_silver_partitioned to None, run_after=None
[2025-04-28T15:11:35.696+0000] {processor.py:183} INFO - Processing /opt/airflow/dags/move_bronze_to_silver_partitioned.py took 0.163 seconds
[2025-04-28T15:12:06.399+0000] {processor.py:161} INFO - Started process (PID=4364) to work on /opt/airflow/dags/move_bronze_to_silver_partitioned.py
[2025-04-28T15:12:06.399+0000] {processor.py:830} INFO - Processing file /opt/airflow/dags/move_bronze_to_silver_partitioned.py for tasks to queue
[2025-04-28T15:12:06.400+0000] {logging_mixin.py:188} INFO - [2025-04-28T15:12:06.400+0000] {dagbag.py:540} INFO - Filling up the DagBag from /opt/airflow/dags/move_bronze_to_silver_partitioned.py
[2025-04-28T15:12:06.551+0000] {processor.py:840} INFO - DAG(s) 'move_bronze_to_silver_partitioned' retrieved from /opt/airflow/dags/move_bronze_to_silver_partitioned.py
[2025-04-28T15:12:06.565+0000] {logging_mixin.py:188} INFO - [2025-04-28T15:12:06.564+0000] {dag.py:3096} INFO - Sync 1 DAGs
[2025-04-28T15:12:06.571+0000] {logging_mixin.py:188} INFO - [2025-04-28T15:12:06.570+0000] {dag.py:3954} INFO - Setting next_dagrun for move_bronze_to_silver_partitioned to None, run_after=None
[2025-04-28T15:12:06.579+0000] {processor.py:183} INFO - Processing /opt/airflow/dags/move_bronze_to_silver_partitioned.py took 0.183 seconds
[2025-04-28T15:12:37.173+0000] {processor.py:161} INFO - Started process (PID=4399) to work on /opt/airflow/dags/move_bronze_to_silver_partitioned.py
[2025-04-28T15:12:37.174+0000] {processor.py:830} INFO - Processing file /opt/airflow/dags/move_bronze_to_silver_partitioned.py for tasks to queue
[2025-04-28T15:12:37.174+0000] {logging_mixin.py:188} INFO - [2025-04-28T15:12:37.174+0000] {dagbag.py:540} INFO - Filling up the DagBag from /opt/airflow/dags/move_bronze_to_silver_partitioned.py
[2025-04-28T15:12:37.305+0000] {processor.py:840} INFO - DAG(s) 'move_bronze_to_silver_partitioned' retrieved from /opt/airflow/dags/move_bronze_to_silver_partitioned.py
[2025-04-28T15:12:37.317+0000] {logging_mixin.py:188} INFO - [2025-04-28T15:12:37.317+0000] {dag.py:3096} INFO - Sync 1 DAGs
[2025-04-28T15:12:37.322+0000] {logging_mixin.py:188} INFO - [2025-04-28T15:12:37.322+0000] {dag.py:3954} INFO - Setting next_dagrun for move_bronze_to_silver_partitioned to None, run_after=None
[2025-04-28T15:12:37.330+0000] {processor.py:183} INFO - Processing /opt/airflow/dags/move_bronze_to_silver_partitioned.py took 0.160 seconds
[2025-04-28T15:13:07.894+0000] {processor.py:161} INFO - Started process (PID=4434) to work on /opt/airflow/dags/move_bronze_to_silver_partitioned.py
[2025-04-28T15:13:07.894+0000] {processor.py:830} INFO - Processing file /opt/airflow/dags/move_bronze_to_silver_partitioned.py for tasks to queue
[2025-04-28T15:13:07.895+0000] {logging_mixin.py:188} INFO - [2025-04-28T15:13:07.895+0000] {dagbag.py:540} INFO - Filling up the DagBag from /opt/airflow/dags/move_bronze_to_silver_partitioned.py
[2025-04-28T15:13:08.026+0000] {processor.py:840} INFO - DAG(s) 'move_bronze_to_silver_partitioned' retrieved from /opt/airflow/dags/move_bronze_to_silver_partitioned.py
[2025-04-28T15:13:08.038+0000] {logging_mixin.py:188} INFO - [2025-04-28T15:13:08.038+0000] {dag.py:3096} INFO - Sync 1 DAGs
[2025-04-28T15:13:08.044+0000] {logging_mixin.py:188} INFO - [2025-04-28T15:13:08.044+0000] {dag.py:3954} INFO - Setting next_dagrun for move_bronze_to_silver_partitioned to None, run_after=None
[2025-04-28T15:13:08.052+0000] {processor.py:183} INFO - Processing /opt/airflow/dags/move_bronze_to_silver_partitioned.py took 0.161 seconds
[2025-04-28T15:13:38.585+0000] {processor.py:161} INFO - Started process (PID=4469) to work on /opt/airflow/dags/move_bronze_to_silver_partitioned.py
[2025-04-28T15:13:38.586+0000] {processor.py:830} INFO - Processing file /opt/airflow/dags/move_bronze_to_silver_partitioned.py for tasks to queue
[2025-04-28T15:13:38.587+0000] {logging_mixin.py:188} INFO - [2025-04-28T15:13:38.586+0000] {dagbag.py:540} INFO - Filling up the DagBag from /opt/airflow/dags/move_bronze_to_silver_partitioned.py
[2025-04-28T15:13:38.732+0000] {processor.py:840} INFO - DAG(s) 'move_bronze_to_silver_partitioned' retrieved from /opt/airflow/dags/move_bronze_to_silver_partitioned.py
[2025-04-28T15:13:38.746+0000] {logging_mixin.py:188} INFO - [2025-04-28T15:13:38.746+0000] {dag.py:3096} INFO - Sync 1 DAGs
[2025-04-28T15:13:38.752+0000] {logging_mixin.py:188} INFO - [2025-04-28T15:13:38.752+0000] {dag.py:3954} INFO - Setting next_dagrun for move_bronze_to_silver_partitioned to None, run_after=None
[2025-04-28T15:13:38.760+0000] {processor.py:183} INFO - Processing /opt/airflow/dags/move_bronze_to_silver_partitioned.py took 0.178 seconds
[2025-04-28T15:14:09.317+0000] {processor.py:161} INFO - Started process (PID=4504) to work on /opt/airflow/dags/move_bronze_to_silver_partitioned.py
[2025-04-28T15:14:09.318+0000] {processor.py:830} INFO - Processing file /opt/airflow/dags/move_bronze_to_silver_partitioned.py for tasks to queue
[2025-04-28T15:14:09.318+0000] {logging_mixin.py:188} INFO - [2025-04-28T15:14:09.318+0000] {dagbag.py:540} INFO - Filling up the DagBag from /opt/airflow/dags/move_bronze_to_silver_partitioned.py
[2025-04-28T15:14:09.454+0000] {processor.py:840} INFO - DAG(s) 'move_bronze_to_silver_partitioned' retrieved from /opt/airflow/dags/move_bronze_to_silver_partitioned.py
[2025-04-28T15:14:09.467+0000] {logging_mixin.py:188} INFO - [2025-04-28T15:14:09.466+0000] {dag.py:3096} INFO - Sync 1 DAGs
[2025-04-28T15:14:09.473+0000] {logging_mixin.py:188} INFO - [2025-04-28T15:14:09.473+0000] {dag.py:3954} INFO - Setting next_dagrun for move_bronze_to_silver_partitioned to None, run_after=None
[2025-04-28T15:14:09.481+0000] {processor.py:183} INFO - Processing /opt/airflow/dags/move_bronze_to_silver_partitioned.py took 0.167 seconds
[2025-04-28T15:14:40.065+0000] {processor.py:161} INFO - Started process (PID=4539) to work on /opt/airflow/dags/move_bronze_to_silver_partitioned.py
[2025-04-28T15:14:40.066+0000] {processor.py:830} INFO - Processing file /opt/airflow/dags/move_bronze_to_silver_partitioned.py for tasks to queue
[2025-04-28T15:14:40.066+0000] {logging_mixin.py:188} INFO - [2025-04-28T15:14:40.066+0000] {dagbag.py:540} INFO - Filling up the DagBag from /opt/airflow/dags/move_bronze_to_silver_partitioned.py
[2025-04-28T15:14:40.238+0000] {processor.py:840} INFO - DAG(s) 'move_bronze_to_silver_partitioned' retrieved from /opt/airflow/dags/move_bronze_to_silver_partitioned.py
[2025-04-28T15:14:40.250+0000] {logging_mixin.py:188} INFO - [2025-04-28T15:14:40.250+0000] {dag.py:3096} INFO - Sync 1 DAGs
[2025-04-28T15:14:40.256+0000] {logging_mixin.py:188} INFO - [2025-04-28T15:14:40.256+0000] {dag.py:3954} INFO - Setting next_dagrun for move_bronze_to_silver_partitioned to None, run_after=None
[2025-04-28T15:14:40.264+0000] {processor.py:183} INFO - Processing /opt/airflow/dags/move_bronze_to_silver_partitioned.py took 0.203 seconds
[2025-04-28T15:15:10.873+0000] {processor.py:161} INFO - Started process (PID=4574) to work on /opt/airflow/dags/move_bronze_to_silver_partitioned.py
[2025-04-28T15:15:10.874+0000] {processor.py:830} INFO - Processing file /opt/airflow/dags/move_bronze_to_silver_partitioned.py for tasks to queue
[2025-04-28T15:15:10.875+0000] {logging_mixin.py:188} INFO - [2025-04-28T15:15:10.874+0000] {dagbag.py:540} INFO - Filling up the DagBag from /opt/airflow/dags/move_bronze_to_silver_partitioned.py
[2025-04-28T15:15:11.012+0000] {processor.py:840} INFO - DAG(s) 'move_bronze_to_silver_partitioned' retrieved from /opt/airflow/dags/move_bronze_to_silver_partitioned.py
[2025-04-28T15:15:11.028+0000] {logging_mixin.py:188} INFO - [2025-04-28T15:15:11.028+0000] {dag.py:3096} INFO - Sync 1 DAGs
[2025-04-28T15:15:11.034+0000] {logging_mixin.py:188} INFO - [2025-04-28T15:15:11.034+0000] {dag.py:3954} INFO - Setting next_dagrun for move_bronze_to_silver_partitioned to None, run_after=None
[2025-04-28T15:15:11.043+0000] {processor.py:183} INFO - Processing /opt/airflow/dags/move_bronze_to_silver_partitioned.py took 0.173 seconds
[2025-04-28T15:15:41.590+0000] {processor.py:161} INFO - Started process (PID=4609) to work on /opt/airflow/dags/move_bronze_to_silver_partitioned.py
[2025-04-28T15:15:41.590+0000] {processor.py:830} INFO - Processing file /opt/airflow/dags/move_bronze_to_silver_partitioned.py for tasks to queue
[2025-04-28T15:15:41.591+0000] {logging_mixin.py:188} INFO - [2025-04-28T15:15:41.591+0000] {dagbag.py:540} INFO - Filling up the DagBag from /opt/airflow/dags/move_bronze_to_silver_partitioned.py
[2025-04-28T15:15:41.723+0000] {processor.py:840} INFO - DAG(s) 'move_bronze_to_silver_partitioned' retrieved from /opt/airflow/dags/move_bronze_to_silver_partitioned.py
[2025-04-28T15:15:41.736+0000] {logging_mixin.py:188} INFO - [2025-04-28T15:15:41.736+0000] {dag.py:3096} INFO - Sync 1 DAGs
[2025-04-28T15:15:41.741+0000] {logging_mixin.py:188} INFO - [2025-04-28T15:15:41.741+0000] {dag.py:3954} INFO - Setting next_dagrun for move_bronze_to_silver_partitioned to None, run_after=None
[2025-04-28T15:15:41.749+0000] {processor.py:183} INFO - Processing /opt/airflow/dags/move_bronze_to_silver_partitioned.py took 0.163 seconds
[2025-04-28T15:16:12.354+0000] {processor.py:161} INFO - Started process (PID=4644) to work on /opt/airflow/dags/move_bronze_to_silver_partitioned.py
[2025-04-28T15:16:12.354+0000] {processor.py:830} INFO - Processing file /opt/airflow/dags/move_bronze_to_silver_partitioned.py for tasks to queue
[2025-04-28T15:16:12.355+0000] {logging_mixin.py:188} INFO - [2025-04-28T15:16:12.355+0000] {dagbag.py:540} INFO - Filling up the DagBag from /opt/airflow/dags/move_bronze_to_silver_partitioned.py
[2025-04-28T15:16:12.489+0000] {processor.py:840} INFO - DAG(s) 'move_bronze_to_silver_partitioned' retrieved from /opt/airflow/dags/move_bronze_to_silver_partitioned.py
[2025-04-28T15:16:12.502+0000] {logging_mixin.py:188} INFO - [2025-04-28T15:16:12.501+0000] {dag.py:3096} INFO - Sync 1 DAGs
[2025-04-28T15:16:12.507+0000] {logging_mixin.py:188} INFO - [2025-04-28T15:16:12.507+0000] {dag.py:3954} INFO - Setting next_dagrun for move_bronze_to_silver_partitioned to None, run_after=None
[2025-04-28T15:16:12.515+0000] {processor.py:183} INFO - Processing /opt/airflow/dags/move_bronze_to_silver_partitioned.py took 0.163 seconds
[2025-04-28T15:16:43.151+0000] {processor.py:161} INFO - Started process (PID=4679) to work on /opt/airflow/dags/move_bronze_to_silver_partitioned.py
[2025-04-28T15:16:43.151+0000] {processor.py:830} INFO - Processing file /opt/airflow/dags/move_bronze_to_silver_partitioned.py for tasks to queue
[2025-04-28T15:16:43.152+0000] {logging_mixin.py:188} INFO - [2025-04-28T15:16:43.152+0000] {dagbag.py:540} INFO - Filling up the DagBag from /opt/airflow/dags/move_bronze_to_silver_partitioned.py
[2025-04-28T15:16:43.284+0000] {processor.py:840} INFO - DAG(s) 'move_bronze_to_silver_partitioned' retrieved from /opt/airflow/dags/move_bronze_to_silver_partitioned.py
[2025-04-28T15:16:43.297+0000] {logging_mixin.py:188} INFO - [2025-04-28T15:16:43.297+0000] {dag.py:3096} INFO - Sync 1 DAGs
[2025-04-28T15:16:43.303+0000] {logging_mixin.py:188} INFO - [2025-04-28T15:16:43.302+0000] {dag.py:3954} INFO - Setting next_dagrun for move_bronze_to_silver_partitioned to None, run_after=None
[2025-04-28T15:16:43.310+0000] {processor.py:183} INFO - Processing /opt/airflow/dags/move_bronze_to_silver_partitioned.py took 0.162 seconds
[2025-04-28T15:17:13.894+0000] {processor.py:161} INFO - Started process (PID=4714) to work on /opt/airflow/dags/move_bronze_to_silver_partitioned.py
[2025-04-28T15:17:13.895+0000] {processor.py:830} INFO - Processing file /opt/airflow/dags/move_bronze_to_silver_partitioned.py for tasks to queue
[2025-04-28T15:17:13.896+0000] {logging_mixin.py:188} INFO - [2025-04-28T15:17:13.896+0000] {dagbag.py:540} INFO - Filling up the DagBag from /opt/airflow/dags/move_bronze_to_silver_partitioned.py
[2025-04-28T15:17:14.034+0000] {processor.py:840} INFO - DAG(s) 'move_bronze_to_silver_partitioned' retrieved from /opt/airflow/dags/move_bronze_to_silver_partitioned.py
[2025-04-28T15:17:14.046+0000] {logging_mixin.py:188} INFO - [2025-04-28T15:17:14.046+0000] {dag.py:3096} INFO - Sync 1 DAGs
[2025-04-28T15:17:14.052+0000] {logging_mixin.py:188} INFO - [2025-04-28T15:17:14.052+0000] {dag.py:3954} INFO - Setting next_dagrun for move_bronze_to_silver_partitioned to None, run_after=None
[2025-04-28T15:17:14.060+0000] {processor.py:183} INFO - Processing /opt/airflow/dags/move_bronze_to_silver_partitioned.py took 0.169 seconds
[2025-04-28T15:17:44.598+0000] {processor.py:161} INFO - Started process (PID=4749) to work on /opt/airflow/dags/move_bronze_to_silver_partitioned.py
[2025-04-28T15:17:44.598+0000] {processor.py:830} INFO - Processing file /opt/airflow/dags/move_bronze_to_silver_partitioned.py for tasks to queue
[2025-04-28T15:17:44.599+0000] {logging_mixin.py:188} INFO - [2025-04-28T15:17:44.599+0000] {dagbag.py:540} INFO - Filling up the DagBag from /opt/airflow/dags/move_bronze_to_silver_partitioned.py
[2025-04-28T15:17:44.740+0000] {processor.py:840} INFO - DAG(s) 'move_bronze_to_silver_partitioned' retrieved from /opt/airflow/dags/move_bronze_to_silver_partitioned.py
[2025-04-28T15:17:44.753+0000] {logging_mixin.py:188} INFO - [2025-04-28T15:17:44.753+0000] {dag.py:3096} INFO - Sync 1 DAGs
[2025-04-28T15:17:44.758+0000] {logging_mixin.py:188} INFO - [2025-04-28T15:17:44.758+0000] {dag.py:3954} INFO - Setting next_dagrun for move_bronze_to_silver_partitioned to None, run_after=None
[2025-04-28T15:17:44.767+0000] {processor.py:183} INFO - Processing /opt/airflow/dags/move_bronze_to_silver_partitioned.py took 0.172 seconds
[2025-04-28T15:18:15.357+0000] {processor.py:161} INFO - Started process (PID=4784) to work on /opt/airflow/dags/move_bronze_to_silver_partitioned.py
[2025-04-28T15:18:15.357+0000] {processor.py:830} INFO - Processing file /opt/airflow/dags/move_bronze_to_silver_partitioned.py for tasks to queue
[2025-04-28T15:18:15.358+0000] {logging_mixin.py:188} INFO - [2025-04-28T15:18:15.358+0000] {dagbag.py:540} INFO - Filling up the DagBag from /opt/airflow/dags/move_bronze_to_silver_partitioned.py
[2025-04-28T15:18:15.490+0000] {processor.py:840} INFO - DAG(s) 'move_bronze_to_silver_partitioned' retrieved from /opt/airflow/dags/move_bronze_to_silver_partitioned.py
[2025-04-28T15:18:15.503+0000] {logging_mixin.py:188} INFO - [2025-04-28T15:18:15.503+0000] {dag.py:3096} INFO - Sync 1 DAGs
[2025-04-28T15:18:15.509+0000] {logging_mixin.py:188} INFO - [2025-04-28T15:18:15.509+0000] {dag.py:3954} INFO - Setting next_dagrun for move_bronze_to_silver_partitioned to None, run_after=None
[2025-04-28T15:18:15.517+0000] {processor.py:183} INFO - Processing /opt/airflow/dags/move_bronze_to_silver_partitioned.py took 0.163 seconds
[2025-04-28T15:18:46.161+0000] {processor.py:161} INFO - Started process (PID=4819) to work on /opt/airflow/dags/move_bronze_to_silver_partitioned.py
[2025-04-28T15:18:46.161+0000] {processor.py:830} INFO - Processing file /opt/airflow/dags/move_bronze_to_silver_partitioned.py for tasks to queue
[2025-04-28T15:18:46.162+0000] {logging_mixin.py:188} INFO - [2025-04-28T15:18:46.162+0000] {dagbag.py:540} INFO - Filling up the DagBag from /opt/airflow/dags/move_bronze_to_silver_partitioned.py
[2025-04-28T15:18:46.298+0000] {processor.py:840} INFO - DAG(s) 'move_bronze_to_silver_partitioned' retrieved from /opt/airflow/dags/move_bronze_to_silver_partitioned.py
[2025-04-28T15:18:46.310+0000] {logging_mixin.py:188} INFO - [2025-04-28T15:18:46.310+0000] {dag.py:3096} INFO - Sync 1 DAGs
[2025-04-28T15:18:46.316+0000] {logging_mixin.py:188} INFO - [2025-04-28T15:18:46.316+0000] {dag.py:3954} INFO - Setting next_dagrun for move_bronze_to_silver_partitioned to None, run_after=None
[2025-04-28T15:18:46.324+0000] {processor.py:183} INFO - Processing /opt/airflow/dags/move_bronze_to_silver_partitioned.py took 0.166 seconds
[2025-04-28T15:19:16.913+0000] {processor.py:161} INFO - Started process (PID=4854) to work on /opt/airflow/dags/move_bronze_to_silver_partitioned.py
[2025-04-28T15:19:16.913+0000] {processor.py:830} INFO - Processing file /opt/airflow/dags/move_bronze_to_silver_partitioned.py for tasks to queue
[2025-04-28T15:19:16.914+0000] {logging_mixin.py:188} INFO - [2025-04-28T15:19:16.914+0000] {dagbag.py:540} INFO - Filling up the DagBag from /opt/airflow/dags/move_bronze_to_silver_partitioned.py
[2025-04-28T15:19:17.051+0000] {processor.py:840} INFO - DAG(s) 'move_bronze_to_silver_partitioned' retrieved from /opt/airflow/dags/move_bronze_to_silver_partitioned.py
[2025-04-28T15:19:17.065+0000] {logging_mixin.py:188} INFO - [2025-04-28T15:19:17.065+0000] {dag.py:3096} INFO - Sync 1 DAGs
[2025-04-28T15:19:17.072+0000] {logging_mixin.py:188} INFO - [2025-04-28T15:19:17.071+0000] {dag.py:3954} INFO - Setting next_dagrun for move_bronze_to_silver_partitioned to None, run_after=None
[2025-04-28T15:19:17.081+0000] {processor.py:183} INFO - Processing /opt/airflow/dags/move_bronze_to_silver_partitioned.py took 0.171 seconds
[2025-04-28T15:19:47.680+0000] {processor.py:161} INFO - Started process (PID=4889) to work on /opt/airflow/dags/move_bronze_to_silver_partitioned.py
[2025-04-28T15:19:47.681+0000] {processor.py:830} INFO - Processing file /opt/airflow/dags/move_bronze_to_silver_partitioned.py for tasks to queue
[2025-04-28T15:19:47.682+0000] {logging_mixin.py:188} INFO - [2025-04-28T15:19:47.682+0000] {dagbag.py:540} INFO - Filling up the DagBag from /opt/airflow/dags/move_bronze_to_silver_partitioned.py
[2025-04-28T15:19:47.816+0000] {processor.py:840} INFO - DAG(s) 'move_bronze_to_silver_partitioned' retrieved from /opt/airflow/dags/move_bronze_to_silver_partitioned.py
[2025-04-28T15:19:47.829+0000] {logging_mixin.py:188} INFO - [2025-04-28T15:19:47.828+0000] {dag.py:3096} INFO - Sync 1 DAGs
[2025-04-28T15:19:47.834+0000] {logging_mixin.py:188} INFO - [2025-04-28T15:19:47.834+0000] {dag.py:3954} INFO - Setting next_dagrun for move_bronze_to_silver_partitioned to None, run_after=None
[2025-04-28T15:19:47.842+0000] {processor.py:183} INFO - Processing /opt/airflow/dags/move_bronze_to_silver_partitioned.py took 0.165 seconds
[2025-04-28T15:20:18.437+0000] {processor.py:161} INFO - Started process (PID=4924) to work on /opt/airflow/dags/move_bronze_to_silver_partitioned.py
[2025-04-28T15:20:18.438+0000] {processor.py:830} INFO - Processing file /opt/airflow/dags/move_bronze_to_silver_partitioned.py for tasks to queue
[2025-04-28T15:20:18.438+0000] {logging_mixin.py:188} INFO - [2025-04-28T15:20:18.438+0000] {dagbag.py:540} INFO - Filling up the DagBag from /opt/airflow/dags/move_bronze_to_silver_partitioned.py
[2025-04-28T15:20:18.577+0000] {processor.py:840} INFO - DAG(s) 'move_bronze_to_silver_partitioned' retrieved from /opt/airflow/dags/move_bronze_to_silver_partitioned.py
[2025-04-28T15:20:18.590+0000] {logging_mixin.py:188} INFO - [2025-04-28T15:20:18.590+0000] {dag.py:3096} INFO - Sync 1 DAGs
[2025-04-28T15:20:18.595+0000] {logging_mixin.py:188} INFO - [2025-04-28T15:20:18.595+0000] {dag.py:3954} INFO - Setting next_dagrun for move_bronze_to_silver_partitioned to None, run_after=None
[2025-04-28T15:20:18.603+0000] {processor.py:183} INFO - Processing /opt/airflow/dags/move_bronze_to_silver_partitioned.py took 0.168 seconds
[2025-04-28T15:20:49.212+0000] {processor.py:161} INFO - Started process (PID=4959) to work on /opt/airflow/dags/move_bronze_to_silver_partitioned.py
[2025-04-28T15:20:49.212+0000] {processor.py:830} INFO - Processing file /opt/airflow/dags/move_bronze_to_silver_partitioned.py for tasks to queue
[2025-04-28T15:20:49.213+0000] {logging_mixin.py:188} INFO - [2025-04-28T15:20:49.213+0000] {dagbag.py:540} INFO - Filling up the DagBag from /opt/airflow/dags/move_bronze_to_silver_partitioned.py
[2025-04-28T15:20:49.355+0000] {processor.py:840} INFO - DAG(s) 'move_bronze_to_silver_partitioned' retrieved from /opt/airflow/dags/move_bronze_to_silver_partitioned.py
[2025-04-28T15:20:49.368+0000] {logging_mixin.py:188} INFO - [2025-04-28T15:20:49.367+0000] {dag.py:3096} INFO - Sync 1 DAGs
[2025-04-28T15:20:49.373+0000] {logging_mixin.py:188} INFO - [2025-04-28T15:20:49.373+0000] {dag.py:3954} INFO - Setting next_dagrun for move_bronze_to_silver_partitioned to None, run_after=None
[2025-04-28T15:20:49.382+0000] {processor.py:183} INFO - Processing /opt/airflow/dags/move_bronze_to_silver_partitioned.py took 0.173 seconds
[2025-04-28T15:21:20.008+0000] {processor.py:161} INFO - Started process (PID=4994) to work on /opt/airflow/dags/move_bronze_to_silver_partitioned.py
[2025-04-28T15:21:20.009+0000] {processor.py:830} INFO - Processing file /opt/airflow/dags/move_bronze_to_silver_partitioned.py for tasks to queue
[2025-04-28T15:21:20.009+0000] {logging_mixin.py:188} INFO - [2025-04-28T15:21:20.009+0000] {dagbag.py:540} INFO - Filling up the DagBag from /opt/airflow/dags/move_bronze_to_silver_partitioned.py
[2025-04-28T15:21:20.144+0000] {processor.py:840} INFO - DAG(s) 'move_bronze_to_silver_partitioned' retrieved from /opt/airflow/dags/move_bronze_to_silver_partitioned.py
[2025-04-28T15:21:20.156+0000] {logging_mixin.py:188} INFO - [2025-04-28T15:21:20.156+0000] {dag.py:3096} INFO - Sync 1 DAGs
[2025-04-28T15:21:20.162+0000] {logging_mixin.py:188} INFO - [2025-04-28T15:21:20.162+0000] {dag.py:3954} INFO - Setting next_dagrun for move_bronze_to_silver_partitioned to None, run_after=None
[2025-04-28T15:21:20.170+0000] {processor.py:183} INFO - Processing /opt/airflow/dags/move_bronze_to_silver_partitioned.py took 0.165 seconds
[2025-04-28T15:21:50.775+0000] {processor.py:161} INFO - Started process (PID=5029) to work on /opt/airflow/dags/move_bronze_to_silver_partitioned.py
[2025-04-28T15:21:50.776+0000] {processor.py:830} INFO - Processing file /opt/airflow/dags/move_bronze_to_silver_partitioned.py for tasks to queue
[2025-04-28T15:21:50.777+0000] {logging_mixin.py:188} INFO - [2025-04-28T15:21:50.776+0000] {dagbag.py:540} INFO - Filling up the DagBag from /opt/airflow/dags/move_bronze_to_silver_partitioned.py
[2025-04-28T15:21:50.910+0000] {processor.py:840} INFO - DAG(s) 'move_bronze_to_silver_partitioned' retrieved from /opt/airflow/dags/move_bronze_to_silver_partitioned.py
[2025-04-28T15:21:50.924+0000] {logging_mixin.py:188} INFO - [2025-04-28T15:21:50.923+0000] {dag.py:3096} INFO - Sync 1 DAGs
[2025-04-28T15:21:50.929+0000] {logging_mixin.py:188} INFO - [2025-04-28T15:21:50.929+0000] {dag.py:3954} INFO - Setting next_dagrun for move_bronze_to_silver_partitioned to None, run_after=None
[2025-04-28T15:21:50.937+0000] {processor.py:183} INFO - Processing /opt/airflow/dags/move_bronze_to_silver_partitioned.py took 0.164 seconds
[2025-04-28T15:22:21.517+0000] {processor.py:161} INFO - Started process (PID=5064) to work on /opt/airflow/dags/move_bronze_to_silver_partitioned.py
[2025-04-28T15:22:21.518+0000] {processor.py:830} INFO - Processing file /opt/airflow/dags/move_bronze_to_silver_partitioned.py for tasks to queue
[2025-04-28T15:22:21.518+0000] {logging_mixin.py:188} INFO - [2025-04-28T15:22:21.518+0000] {dagbag.py:540} INFO - Filling up the DagBag from /opt/airflow/dags/move_bronze_to_silver_partitioned.py
[2025-04-28T15:22:21.648+0000] {processor.py:840} INFO - DAG(s) 'move_bronze_to_silver_partitioned' retrieved from /opt/airflow/dags/move_bronze_to_silver_partitioned.py
[2025-04-28T15:22:21.660+0000] {logging_mixin.py:188} INFO - [2025-04-28T15:22:21.660+0000] {dag.py:3096} INFO - Sync 1 DAGs
[2025-04-28T15:22:21.665+0000] {logging_mixin.py:188} INFO - [2025-04-28T15:22:21.665+0000] {dag.py:3954} INFO - Setting next_dagrun for move_bronze_to_silver_partitioned to None, run_after=None
[2025-04-28T15:22:21.674+0000] {processor.py:183} INFO - Processing /opt/airflow/dags/move_bronze_to_silver_partitioned.py took 0.160 seconds
[2025-04-28T15:22:52.303+0000] {processor.py:161} INFO - Started process (PID=5099) to work on /opt/airflow/dags/move_bronze_to_silver_partitioned.py
[2025-04-28T15:22:52.303+0000] {processor.py:830} INFO - Processing file /opt/airflow/dags/move_bronze_to_silver_partitioned.py for tasks to queue
[2025-04-28T15:22:52.304+0000] {logging_mixin.py:188} INFO - [2025-04-28T15:22:52.304+0000] {dagbag.py:540} INFO - Filling up the DagBag from /opt/airflow/dags/move_bronze_to_silver_partitioned.py
[2025-04-28T15:22:52.437+0000] {processor.py:840} INFO - DAG(s) 'move_bronze_to_silver_partitioned' retrieved from /opt/airflow/dags/move_bronze_to_silver_partitioned.py
[2025-04-28T15:22:52.451+0000] {logging_mixin.py:188} INFO - [2025-04-28T15:22:52.451+0000] {dag.py:3096} INFO - Sync 1 DAGs
[2025-04-28T15:22:52.457+0000] {logging_mixin.py:188} INFO - [2025-04-28T15:22:52.457+0000] {dag.py:3954} INFO - Setting next_dagrun for move_bronze_to_silver_partitioned to None, run_after=None
[2025-04-28T15:22:52.465+0000] {processor.py:183} INFO - Processing /opt/airflow/dags/move_bronze_to_silver_partitioned.py took 0.166 seconds
[2025-04-28T15:23:23.159+0000] {processor.py:161} INFO - Started process (PID=5134) to work on /opt/airflow/dags/move_bronze_to_silver_partitioned.py
[2025-04-28T15:23:23.160+0000] {processor.py:830} INFO - Processing file /opt/airflow/dags/move_bronze_to_silver_partitioned.py for tasks to queue
[2025-04-28T15:23:23.161+0000] {logging_mixin.py:188} INFO - [2025-04-28T15:23:23.161+0000] {dagbag.py:540} INFO - Filling up the DagBag from /opt/airflow/dags/move_bronze_to_silver_partitioned.py
[2025-04-28T15:23:23.296+0000] {processor.py:840} INFO - DAG(s) 'move_bronze_to_silver_partitioned' retrieved from /opt/airflow/dags/move_bronze_to_silver_partitioned.py
[2025-04-28T15:23:23.309+0000] {logging_mixin.py:188} INFO - [2025-04-28T15:23:23.309+0000] {dag.py:3096} INFO - Sync 1 DAGs
[2025-04-28T15:23:23.314+0000] {logging_mixin.py:188} INFO - [2025-04-28T15:23:23.314+0000] {dag.py:3954} INFO - Setting next_dagrun for move_bronze_to_silver_partitioned to None, run_after=None
[2025-04-28T15:23:23.322+0000] {processor.py:183} INFO - Processing /opt/airflow/dags/move_bronze_to_silver_partitioned.py took 0.166 seconds
[2025-04-28T15:23:53.897+0000] {processor.py:161} INFO - Started process (PID=5169) to work on /opt/airflow/dags/move_bronze_to_silver_partitioned.py
[2025-04-28T15:23:53.897+0000] {processor.py:830} INFO - Processing file /opt/airflow/dags/move_bronze_to_silver_partitioned.py for tasks to queue
[2025-04-28T15:23:53.898+0000] {logging_mixin.py:188} INFO - [2025-04-28T15:23:53.898+0000] {dagbag.py:540} INFO - Filling up the DagBag from /opt/airflow/dags/move_bronze_to_silver_partitioned.py
[2025-04-28T15:23:54.044+0000] {processor.py:840} INFO - DAG(s) 'move_bronze_to_silver_partitioned' retrieved from /opt/airflow/dags/move_bronze_to_silver_partitioned.py
[2025-04-28T15:23:54.057+0000] {logging_mixin.py:188} INFO - [2025-04-28T15:23:54.057+0000] {dag.py:3096} INFO - Sync 1 DAGs
[2025-04-28T15:23:54.062+0000] {logging_mixin.py:188} INFO - [2025-04-28T15:23:54.062+0000] {dag.py:3954} INFO - Setting next_dagrun for move_bronze_to_silver_partitioned to None, run_after=None
[2025-04-28T15:23:54.071+0000] {processor.py:183} INFO - Processing /opt/airflow/dags/move_bronze_to_silver_partitioned.py took 0.178 seconds
[2025-04-28T15:24:24.627+0000] {processor.py:161} INFO - Started process (PID=5204) to work on /opt/airflow/dags/move_bronze_to_silver_partitioned.py
[2025-04-28T15:24:24.628+0000] {processor.py:830} INFO - Processing file /opt/airflow/dags/move_bronze_to_silver_partitioned.py for tasks to queue
[2025-04-28T15:24:24.629+0000] {logging_mixin.py:188} INFO - [2025-04-28T15:24:24.629+0000] {dagbag.py:540} INFO - Filling up the DagBag from /opt/airflow/dags/move_bronze_to_silver_partitioned.py
[2025-04-28T15:24:24.759+0000] {processor.py:840} INFO - DAG(s) 'move_bronze_to_silver_partitioned' retrieved from /opt/airflow/dags/move_bronze_to_silver_partitioned.py
[2025-04-28T15:24:24.773+0000] {logging_mixin.py:188} INFO - [2025-04-28T15:24:24.773+0000] {dag.py:3096} INFO - Sync 1 DAGs
[2025-04-28T15:24:24.779+0000] {logging_mixin.py:188} INFO - [2025-04-28T15:24:24.779+0000] {dag.py:3954} INFO - Setting next_dagrun for move_bronze_to_silver_partitioned to None, run_after=None
[2025-04-28T15:24:24.788+0000] {processor.py:183} INFO - Processing /opt/airflow/dags/move_bronze_to_silver_partitioned.py took 0.163 seconds
[2025-04-28T15:24:55.409+0000] {processor.py:161} INFO - Started process (PID=5239) to work on /opt/airflow/dags/move_bronze_to_silver_partitioned.py
[2025-04-28T15:24:55.409+0000] {processor.py:830} INFO - Processing file /opt/airflow/dags/move_bronze_to_silver_partitioned.py for tasks to queue
[2025-04-28T15:24:55.410+0000] {logging_mixin.py:188} INFO - [2025-04-28T15:24:55.410+0000] {dagbag.py:540} INFO - Filling up the DagBag from /opt/airflow/dags/move_bronze_to_silver_partitioned.py
[2025-04-28T15:24:55.553+0000] {processor.py:840} INFO - DAG(s) 'move_bronze_to_silver_partitioned' retrieved from /opt/airflow/dags/move_bronze_to_silver_partitioned.py
[2025-04-28T15:24:55.566+0000] {logging_mixin.py:188} INFO - [2025-04-28T15:24:55.566+0000] {dag.py:3096} INFO - Sync 1 DAGs
[2025-04-28T15:24:55.572+0000] {logging_mixin.py:188} INFO - [2025-04-28T15:24:55.572+0000] {dag.py:3954} INFO - Setting next_dagrun for move_bronze_to_silver_partitioned to None, run_after=None
[2025-04-28T15:24:55.580+0000] {processor.py:183} INFO - Processing /opt/airflow/dags/move_bronze_to_silver_partitioned.py took 0.175 seconds
[2025-04-28T15:25:26.163+0000] {processor.py:161} INFO - Started process (PID=5274) to work on /opt/airflow/dags/move_bronze_to_silver_partitioned.py
[2025-04-28T15:25:26.163+0000] {processor.py:830} INFO - Processing file /opt/airflow/dags/move_bronze_to_silver_partitioned.py for tasks to queue
[2025-04-28T15:25:26.164+0000] {logging_mixin.py:188} INFO - [2025-04-28T15:25:26.164+0000] {dagbag.py:540} INFO - Filling up the DagBag from /opt/airflow/dags/move_bronze_to_silver_partitioned.py
[2025-04-28T15:25:26.294+0000] {processor.py:840} INFO - DAG(s) 'move_bronze_to_silver_partitioned' retrieved from /opt/airflow/dags/move_bronze_to_silver_partitioned.py
[2025-04-28T15:25:26.307+0000] {logging_mixin.py:188} INFO - [2025-04-28T15:25:26.306+0000] {dag.py:3096} INFO - Sync 1 DAGs
[2025-04-28T15:25:26.312+0000] {logging_mixin.py:188} INFO - [2025-04-28T15:25:26.312+0000] {dag.py:3954} INFO - Setting next_dagrun for move_bronze_to_silver_partitioned to None, run_after=None
[2025-04-28T15:25:26.320+0000] {processor.py:183} INFO - Processing /opt/airflow/dags/move_bronze_to_silver_partitioned.py took 0.161 seconds
[2025-04-28T15:25:56.907+0000] {processor.py:161} INFO - Started process (PID=5309) to work on /opt/airflow/dags/move_bronze_to_silver_partitioned.py
[2025-04-28T15:25:56.908+0000] {processor.py:830} INFO - Processing file /opt/airflow/dags/move_bronze_to_silver_partitioned.py for tasks to queue
[2025-04-28T15:25:56.909+0000] {logging_mixin.py:188} INFO - [2025-04-28T15:25:56.909+0000] {dagbag.py:540} INFO - Filling up the DagBag from /opt/airflow/dags/move_bronze_to_silver_partitioned.py
[2025-04-28T15:25:57.037+0000] {processor.py:840} INFO - DAG(s) 'move_bronze_to_silver_partitioned' retrieved from /opt/airflow/dags/move_bronze_to_silver_partitioned.py
[2025-04-28T15:25:57.050+0000] {logging_mixin.py:188} INFO - [2025-04-28T15:25:57.050+0000] {dag.py:3096} INFO - Sync 1 DAGs
[2025-04-28T15:25:57.055+0000] {logging_mixin.py:188} INFO - [2025-04-28T15:25:57.055+0000] {dag.py:3954} INFO - Setting next_dagrun for move_bronze_to_silver_partitioned to None, run_after=None
[2025-04-28T15:25:57.063+0000] {processor.py:183} INFO - Processing /opt/airflow/dags/move_bronze_to_silver_partitioned.py took 0.158 seconds
[2025-04-28T15:26:27.752+0000] {processor.py:161} INFO - Started process (PID=5344) to work on /opt/airflow/dags/move_bronze_to_silver_partitioned.py
[2025-04-28T15:26:27.752+0000] {processor.py:830} INFO - Processing file /opt/airflow/dags/move_bronze_to_silver_partitioned.py for tasks to queue
[2025-04-28T15:26:27.753+0000] {logging_mixin.py:188} INFO - [2025-04-28T15:26:27.753+0000] {dagbag.py:540} INFO - Filling up the DagBag from /opt/airflow/dags/move_bronze_to_silver_partitioned.py
[2025-04-28T15:26:27.887+0000] {processor.py:840} INFO - DAG(s) 'move_bronze_to_silver_partitioned' retrieved from /opt/airflow/dags/move_bronze_to_silver_partitioned.py
[2025-04-28T15:26:27.899+0000] {logging_mixin.py:188} INFO - [2025-04-28T15:26:27.899+0000] {dag.py:3096} INFO - Sync 1 DAGs
[2025-04-28T15:26:27.904+0000] {logging_mixin.py:188} INFO - [2025-04-28T15:26:27.904+0000] {dag.py:3954} INFO - Setting next_dagrun for move_bronze_to_silver_partitioned to None, run_after=None
[2025-04-28T15:26:27.912+0000] {processor.py:183} INFO - Processing /opt/airflow/dags/move_bronze_to_silver_partitioned.py took 0.163 seconds
[2025-04-28T15:26:58.526+0000] {processor.py:161} INFO - Started process (PID=5379) to work on /opt/airflow/dags/move_bronze_to_silver_partitioned.py
[2025-04-28T15:26:58.527+0000] {processor.py:830} INFO - Processing file /opt/airflow/dags/move_bronze_to_silver_partitioned.py for tasks to queue
[2025-04-28T15:26:58.528+0000] {logging_mixin.py:188} INFO - [2025-04-28T15:26:58.527+0000] {dagbag.py:540} INFO - Filling up the DagBag from /opt/airflow/dags/move_bronze_to_silver_partitioned.py
[2025-04-28T15:26:58.664+0000] {processor.py:840} INFO - DAG(s) 'move_bronze_to_silver_partitioned' retrieved from /opt/airflow/dags/move_bronze_to_silver_partitioned.py
[2025-04-28T15:26:58.676+0000] {logging_mixin.py:188} INFO - [2025-04-28T15:26:58.676+0000] {dag.py:3096} INFO - Sync 1 DAGs
[2025-04-28T15:26:58.681+0000] {logging_mixin.py:188} INFO - [2025-04-28T15:26:58.681+0000] {dag.py:3954} INFO - Setting next_dagrun for move_bronze_to_silver_partitioned to None, run_after=None
[2025-04-28T15:26:58.690+0000] {processor.py:183} INFO - Processing /opt/airflow/dags/move_bronze_to_silver_partitioned.py took 0.167 seconds
[2025-04-28T15:27:29.358+0000] {processor.py:161} INFO - Started process (PID=5414) to work on /opt/airflow/dags/move_bronze_to_silver_partitioned.py
[2025-04-28T15:27:29.358+0000] {processor.py:830} INFO - Processing file /opt/airflow/dags/move_bronze_to_silver_partitioned.py for tasks to queue
[2025-04-28T15:27:29.359+0000] {logging_mixin.py:188} INFO - [2025-04-28T15:27:29.359+0000] {dagbag.py:540} INFO - Filling up the DagBag from /opt/airflow/dags/move_bronze_to_silver_partitioned.py
[2025-04-28T15:27:29.490+0000] {processor.py:840} INFO - DAG(s) 'move_bronze_to_silver_partitioned' retrieved from /opt/airflow/dags/move_bronze_to_silver_partitioned.py
[2025-04-28T15:27:29.503+0000] {logging_mixin.py:188} INFO - [2025-04-28T15:27:29.503+0000] {dag.py:3096} INFO - Sync 1 DAGs
[2025-04-28T15:27:29.509+0000] {logging_mixin.py:188} INFO - [2025-04-28T15:27:29.509+0000] {dag.py:3954} INFO - Setting next_dagrun for move_bronze_to_silver_partitioned to None, run_after=None
[2025-04-28T15:27:29.517+0000] {processor.py:183} INFO - Processing /opt/airflow/dags/move_bronze_to_silver_partitioned.py took 0.162 seconds
[2025-04-28T15:28:00.086+0000] {processor.py:161} INFO - Started process (PID=5449) to work on /opt/airflow/dags/move_bronze_to_silver_partitioned.py
[2025-04-28T15:28:00.086+0000] {processor.py:830} INFO - Processing file /opt/airflow/dags/move_bronze_to_silver_partitioned.py for tasks to queue
[2025-04-28T15:28:00.087+0000] {logging_mixin.py:188} INFO - [2025-04-28T15:28:00.087+0000] {dagbag.py:540} INFO - Filling up the DagBag from /opt/airflow/dags/move_bronze_to_silver_partitioned.py
[2025-04-28T15:28:00.219+0000] {processor.py:840} INFO - DAG(s) 'move_bronze_to_silver_partitioned' retrieved from /opt/airflow/dags/move_bronze_to_silver_partitioned.py
[2025-04-28T15:28:00.232+0000] {logging_mixin.py:188} INFO - [2025-04-28T15:28:00.231+0000] {dag.py:3096} INFO - Sync 1 DAGs
[2025-04-28T15:28:00.237+0000] {logging_mixin.py:188} INFO - [2025-04-28T15:28:00.237+0000] {dag.py:3954} INFO - Setting next_dagrun for move_bronze_to_silver_partitioned to None, run_after=None
[2025-04-28T15:28:00.245+0000] {processor.py:183} INFO - Processing /opt/airflow/dags/move_bronze_to_silver_partitioned.py took 0.162 seconds
[2025-04-28T15:28:30.861+0000] {processor.py:161} INFO - Started process (PID=5484) to work on /opt/airflow/dags/move_bronze_to_silver_partitioned.py
[2025-04-28T15:28:30.862+0000] {processor.py:830} INFO - Processing file /opt/airflow/dags/move_bronze_to_silver_partitioned.py for tasks to queue
[2025-04-28T15:28:30.863+0000] {logging_mixin.py:188} INFO - [2025-04-28T15:28:30.863+0000] {dagbag.py:540} INFO - Filling up the DagBag from /opt/airflow/dags/move_bronze_to_silver_partitioned.py
[2025-04-28T15:28:30.993+0000] {processor.py:840} INFO - DAG(s) 'move_bronze_to_silver_partitioned' retrieved from /opt/airflow/dags/move_bronze_to_silver_partitioned.py
[2025-04-28T15:28:31.006+0000] {logging_mixin.py:188} INFO - [2025-04-28T15:28:31.006+0000] {dag.py:3096} INFO - Sync 1 DAGs
[2025-04-28T15:28:31.012+0000] {logging_mixin.py:188} INFO - [2025-04-28T15:28:31.012+0000] {dag.py:3954} INFO - Setting next_dagrun for move_bronze_to_silver_partitioned to None, run_after=None
[2025-04-28T15:28:31.020+0000] {processor.py:183} INFO - Processing /opt/airflow/dags/move_bronze_to_silver_partitioned.py took 0.162 seconds
[2025-04-28T15:29:01.695+0000] {processor.py:161} INFO - Started process (PID=5519) to work on /opt/airflow/dags/move_bronze_to_silver_partitioned.py
[2025-04-28T15:29:01.696+0000] {processor.py:830} INFO - Processing file /opt/airflow/dags/move_bronze_to_silver_partitioned.py for tasks to queue
[2025-04-28T15:29:01.697+0000] {logging_mixin.py:188} INFO - [2025-04-28T15:29:01.696+0000] {dagbag.py:540} INFO - Filling up the DagBag from /opt/airflow/dags/move_bronze_to_silver_partitioned.py
[2025-04-28T15:29:01.844+0000] {processor.py:840} INFO - DAG(s) 'move_bronze_to_silver_partitioned' retrieved from /opt/airflow/dags/move_bronze_to_silver_partitioned.py
[2025-04-28T15:29:01.857+0000] {logging_mixin.py:188} INFO - [2025-04-28T15:29:01.857+0000] {dag.py:3096} INFO - Sync 1 DAGs
[2025-04-28T15:29:01.863+0000] {logging_mixin.py:188} INFO - [2025-04-28T15:29:01.863+0000] {dag.py:3954} INFO - Setting next_dagrun for move_bronze_to_silver_partitioned to None, run_after=None
[2025-04-28T15:29:01.878+0000] {processor.py:183} INFO - Processing /opt/airflow/dags/move_bronze_to_silver_partitioned.py took 0.187 seconds
[2025-04-28T15:29:32.488+0000] {processor.py:161} INFO - Started process (PID=5554) to work on /opt/airflow/dags/move_bronze_to_silver_partitioned.py
[2025-04-28T15:29:32.488+0000] {processor.py:830} INFO - Processing file /opt/airflow/dags/move_bronze_to_silver_partitioned.py for tasks to queue
[2025-04-28T15:29:32.489+0000] {logging_mixin.py:188} INFO - [2025-04-28T15:29:32.489+0000] {dagbag.py:540} INFO - Filling up the DagBag from /opt/airflow/dags/move_bronze_to_silver_partitioned.py
[2025-04-28T15:29:32.620+0000] {processor.py:840} INFO - DAG(s) 'move_bronze_to_silver_partitioned' retrieved from /opt/airflow/dags/move_bronze_to_silver_partitioned.py
[2025-04-28T15:29:32.632+0000] {logging_mixin.py:188} INFO - [2025-04-28T15:29:32.632+0000] {dag.py:3096} INFO - Sync 1 DAGs
[2025-04-28T15:29:32.638+0000] {logging_mixin.py:188} INFO - [2025-04-28T15:29:32.637+0000] {dag.py:3954} INFO - Setting next_dagrun for move_bronze_to_silver_partitioned to None, run_after=None
[2025-04-28T15:29:32.645+0000] {processor.py:183} INFO - Processing /opt/airflow/dags/move_bronze_to_silver_partitioned.py took 0.161 seconds
[2025-04-28T15:30:03.251+0000] {processor.py:161} INFO - Started process (PID=5589) to work on /opt/airflow/dags/move_bronze_to_silver_partitioned.py
[2025-04-28T15:30:03.252+0000] {processor.py:830} INFO - Processing file /opt/airflow/dags/move_bronze_to_silver_partitioned.py for tasks to queue
[2025-04-28T15:30:03.253+0000] {logging_mixin.py:188} INFO - [2025-04-28T15:30:03.253+0000] {dagbag.py:540} INFO - Filling up the DagBag from /opt/airflow/dags/move_bronze_to_silver_partitioned.py
[2025-04-28T15:30:03.386+0000] {processor.py:840} INFO - DAG(s) 'move_bronze_to_silver_partitioned' retrieved from /opt/airflow/dags/move_bronze_to_silver_partitioned.py
[2025-04-28T15:30:03.399+0000] {logging_mixin.py:188} INFO - [2025-04-28T15:30:03.399+0000] {dag.py:3096} INFO - Sync 1 DAGs
[2025-04-28T15:30:03.404+0000] {logging_mixin.py:188} INFO - [2025-04-28T15:30:03.404+0000] {dag.py:3954} INFO - Setting next_dagrun for move_bronze_to_silver_partitioned to None, run_after=None
[2025-04-28T15:30:03.413+0000] {processor.py:183} INFO - Processing /opt/airflow/dags/move_bronze_to_silver_partitioned.py took 0.165 seconds
[2025-04-28T15:30:33.978+0000] {processor.py:161} INFO - Started process (PID=5624) to work on /opt/airflow/dags/move_bronze_to_silver_partitioned.py
[2025-04-28T15:30:33.979+0000] {processor.py:830} INFO - Processing file /opt/airflow/dags/move_bronze_to_silver_partitioned.py for tasks to queue
[2025-04-28T15:30:33.980+0000] {logging_mixin.py:188} INFO - [2025-04-28T15:30:33.979+0000] {dagbag.py:540} INFO - Filling up the DagBag from /opt/airflow/dags/move_bronze_to_silver_partitioned.py
[2025-04-28T15:30:34.119+0000] {processor.py:840} INFO - DAG(s) 'move_bronze_to_silver_partitioned' retrieved from /opt/airflow/dags/move_bronze_to_silver_partitioned.py
[2025-04-28T15:30:34.131+0000] {logging_mixin.py:188} INFO - [2025-04-28T15:30:34.131+0000] {dag.py:3096} INFO - Sync 1 DAGs
[2025-04-28T15:30:34.137+0000] {logging_mixin.py:188} INFO - [2025-04-28T15:30:34.137+0000] {dag.py:3954} INFO - Setting next_dagrun for move_bronze_to_silver_partitioned to None, run_after=None
[2025-04-28T15:30:34.145+0000] {processor.py:183} INFO - Processing /opt/airflow/dags/move_bronze_to_silver_partitioned.py took 0.170 seconds
[2025-04-28T15:31:04.738+0000] {processor.py:161} INFO - Started process (PID=5659) to work on /opt/airflow/dags/move_bronze_to_silver_partitioned.py
[2025-04-28T15:31:04.738+0000] {processor.py:830} INFO - Processing file /opt/airflow/dags/move_bronze_to_silver_partitioned.py for tasks to queue
[2025-04-28T15:31:04.739+0000] {logging_mixin.py:188} INFO - [2025-04-28T15:31:04.739+0000] {dagbag.py:540} INFO - Filling up the DagBag from /opt/airflow/dags/move_bronze_to_silver_partitioned.py
[2025-04-28T15:31:04.875+0000] {processor.py:840} INFO - DAG(s) 'move_bronze_to_silver_partitioned' retrieved from /opt/airflow/dags/move_bronze_to_silver_partitioned.py
[2025-04-28T15:31:04.887+0000] {logging_mixin.py:188} INFO - [2025-04-28T15:31:04.887+0000] {dag.py:3096} INFO - Sync 1 DAGs
[2025-04-28T15:31:04.893+0000] {logging_mixin.py:188} INFO - [2025-04-28T15:31:04.892+0000] {dag.py:3954} INFO - Setting next_dagrun for move_bronze_to_silver_partitioned to None, run_after=None
[2025-04-28T15:31:04.900+0000] {processor.py:183} INFO - Processing /opt/airflow/dags/move_bronze_to_silver_partitioned.py took 0.165 seconds
[2025-04-28T15:31:35.532+0000] {processor.py:161} INFO - Started process (PID=5694) to work on /opt/airflow/dags/move_bronze_to_silver_partitioned.py
[2025-04-28T15:31:35.533+0000] {processor.py:830} INFO - Processing file /opt/airflow/dags/move_bronze_to_silver_partitioned.py for tasks to queue
[2025-04-28T15:31:35.534+0000] {logging_mixin.py:188} INFO - [2025-04-28T15:31:35.534+0000] {dagbag.py:540} INFO - Filling up the DagBag from /opt/airflow/dags/move_bronze_to_silver_partitioned.py
[2025-04-28T15:31:35.668+0000] {processor.py:840} INFO - DAG(s) 'move_bronze_to_silver_partitioned' retrieved from /opt/airflow/dags/move_bronze_to_silver_partitioned.py
[2025-04-28T15:31:35.681+0000] {logging_mixin.py:188} INFO - [2025-04-28T15:31:35.681+0000] {dag.py:3096} INFO - Sync 1 DAGs
[2025-04-28T15:31:35.687+0000] {logging_mixin.py:188} INFO - [2025-04-28T15:31:35.687+0000] {dag.py:3954} INFO - Setting next_dagrun for move_bronze_to_silver_partitioned to None, run_after=None
[2025-04-28T15:31:35.698+0000] {processor.py:183} INFO - Processing /opt/airflow/dags/move_bronze_to_silver_partitioned.py took 0.169 seconds
[2025-04-28T15:32:06.300+0000] {processor.py:161} INFO - Started process (PID=5729) to work on /opt/airflow/dags/move_bronze_to_silver_partitioned.py
[2025-04-28T15:32:06.300+0000] {processor.py:830} INFO - Processing file /opt/airflow/dags/move_bronze_to_silver_partitioned.py for tasks to queue
[2025-04-28T15:32:06.301+0000] {logging_mixin.py:188} INFO - [2025-04-28T15:32:06.301+0000] {dagbag.py:540} INFO - Filling up the DagBag from /opt/airflow/dags/move_bronze_to_silver_partitioned.py
[2025-04-28T15:32:06.435+0000] {processor.py:840} INFO - DAG(s) 'move_bronze_to_silver_partitioned' retrieved from /opt/airflow/dags/move_bronze_to_silver_partitioned.py
[2025-04-28T15:32:06.452+0000] {logging_mixin.py:188} INFO - [2025-04-28T15:32:06.451+0000] {dag.py:3096} INFO - Sync 1 DAGs
[2025-04-28T15:32:06.458+0000] {logging_mixin.py:188} INFO - [2025-04-28T15:32:06.458+0000] {dag.py:3954} INFO - Setting next_dagrun for move_bronze_to_silver_partitioned to None, run_after=None
[2025-04-28T15:32:06.468+0000] {processor.py:183} INFO - Processing /opt/airflow/dags/move_bronze_to_silver_partitioned.py took 0.171 seconds
[2025-04-28T15:32:37.048+0000] {processor.py:161} INFO - Started process (PID=5764) to work on /opt/airflow/dags/move_bronze_to_silver_partitioned.py
[2025-04-28T15:32:37.049+0000] {processor.py:830} INFO - Processing file /opt/airflow/dags/move_bronze_to_silver_partitioned.py for tasks to queue
[2025-04-28T15:32:37.049+0000] {logging_mixin.py:188} INFO - [2025-04-28T15:32:37.049+0000] {dagbag.py:540} INFO - Filling up the DagBag from /opt/airflow/dags/move_bronze_to_silver_partitioned.py
[2025-04-28T15:32:37.182+0000] {processor.py:840} INFO - DAG(s) 'move_bronze_to_silver_partitioned' retrieved from /opt/airflow/dags/move_bronze_to_silver_partitioned.py
[2025-04-28T15:32:37.195+0000] {logging_mixin.py:188} INFO - [2025-04-28T15:32:37.195+0000] {dag.py:3096} INFO - Sync 1 DAGs
[2025-04-28T15:32:37.200+0000] {logging_mixin.py:188} INFO - [2025-04-28T15:32:37.200+0000] {dag.py:3954} INFO - Setting next_dagrun for move_bronze_to_silver_partitioned to None, run_after=None
[2025-04-28T15:32:37.208+0000] {processor.py:183} INFO - Processing /opt/airflow/dags/move_bronze_to_silver_partitioned.py took 0.163 seconds
[2025-04-28T15:33:07.834+0000] {processor.py:161} INFO - Started process (PID=5799) to work on /opt/airflow/dags/move_bronze_to_silver_partitioned.py
[2025-04-28T15:33:07.835+0000] {processor.py:830} INFO - Processing file /opt/airflow/dags/move_bronze_to_silver_partitioned.py for tasks to queue
[2025-04-28T15:33:07.835+0000] {logging_mixin.py:188} INFO - [2025-04-28T15:33:07.835+0000] {dagbag.py:540} INFO - Filling up the DagBag from /opt/airflow/dags/move_bronze_to_silver_partitioned.py
[2025-04-28T15:33:07.974+0000] {processor.py:840} INFO - DAG(s) 'move_bronze_to_silver_partitioned' retrieved from /opt/airflow/dags/move_bronze_to_silver_partitioned.py
[2025-04-28T15:33:07.986+0000] {logging_mixin.py:188} INFO - [2025-04-28T15:33:07.986+0000] {dag.py:3096} INFO - Sync 1 DAGs
[2025-04-28T15:33:07.992+0000] {logging_mixin.py:188} INFO - [2025-04-28T15:33:07.992+0000] {dag.py:3954} INFO - Setting next_dagrun for move_bronze_to_silver_partitioned to None, run_after=None
[2025-04-28T15:33:08.000+0000] {processor.py:183} INFO - Processing /opt/airflow/dags/move_bronze_to_silver_partitioned.py took 0.169 seconds
[2025-04-28T15:33:38.642+0000] {processor.py:161} INFO - Started process (PID=5834) to work on /opt/airflow/dags/move_bronze_to_silver_partitioned.py
[2025-04-28T15:33:38.643+0000] {processor.py:830} INFO - Processing file /opt/airflow/dags/move_bronze_to_silver_partitioned.py for tasks to queue
[2025-04-28T15:33:38.644+0000] {logging_mixin.py:188} INFO - [2025-04-28T15:33:38.644+0000] {dagbag.py:540} INFO - Filling up the DagBag from /opt/airflow/dags/move_bronze_to_silver_partitioned.py
[2025-04-28T15:33:38.785+0000] {processor.py:840} INFO - DAG(s) 'move_bronze_to_silver_partitioned' retrieved from /opt/airflow/dags/move_bronze_to_silver_partitioned.py
[2025-04-28T15:33:38.801+0000] {logging_mixin.py:188} INFO - [2025-04-28T15:33:38.801+0000] {dag.py:3096} INFO - Sync 1 DAGs
[2025-04-28T15:33:38.808+0000] {logging_mixin.py:188} INFO - [2025-04-28T15:33:38.808+0000] {dag.py:3954} INFO - Setting next_dagrun for move_bronze_to_silver_partitioned to None, run_after=None
[2025-04-28T15:33:38.817+0000] {processor.py:183} INFO - Processing /opt/airflow/dags/move_bronze_to_silver_partitioned.py took 0.177 seconds
[2025-04-28T15:34:09.396+0000] {processor.py:161} INFO - Started process (PID=5869) to work on /opt/airflow/dags/move_bronze_to_silver_partitioned.py
[2025-04-28T15:34:09.396+0000] {processor.py:830} INFO - Processing file /opt/airflow/dags/move_bronze_to_silver_partitioned.py for tasks to queue
[2025-04-28T15:34:09.397+0000] {logging_mixin.py:188} INFO - [2025-04-28T15:34:09.397+0000] {dagbag.py:540} INFO - Filling up the DagBag from /opt/airflow/dags/move_bronze_to_silver_partitioned.py
[2025-04-28T15:34:09.542+0000] {processor.py:840} INFO - DAG(s) 'move_bronze_to_silver_partitioned' retrieved from /opt/airflow/dags/move_bronze_to_silver_partitioned.py
[2025-04-28T15:34:09.555+0000] {logging_mixin.py:188} INFO - [2025-04-28T15:34:09.555+0000] {dag.py:3096} INFO - Sync 1 DAGs
[2025-04-28T15:34:09.561+0000] {logging_mixin.py:188} INFO - [2025-04-28T15:34:09.561+0000] {dag.py:3954} INFO - Setting next_dagrun for move_bronze_to_silver_partitioned to None, run_after=None
[2025-04-28T15:34:09.569+0000] {processor.py:183} INFO - Processing /opt/airflow/dags/move_bronze_to_silver_partitioned.py took 0.176 seconds
[2025-04-28T15:34:40.176+0000] {processor.py:161} INFO - Started process (PID=5904) to work on /opt/airflow/dags/move_bronze_to_silver_partitioned.py
[2025-04-28T15:34:40.176+0000] {processor.py:830} INFO - Processing file /opt/airflow/dags/move_bronze_to_silver_partitioned.py for tasks to queue
[2025-04-28T15:34:40.177+0000] {logging_mixin.py:188} INFO - [2025-04-28T15:34:40.177+0000] {dagbag.py:540} INFO - Filling up the DagBag from /opt/airflow/dags/move_bronze_to_silver_partitioned.py
[2025-04-28T15:34:40.322+0000] {processor.py:840} INFO - DAG(s) 'move_bronze_to_silver_partitioned' retrieved from /opt/airflow/dags/move_bronze_to_silver_partitioned.py
[2025-04-28T15:34:40.336+0000] {logging_mixin.py:188} INFO - [2025-04-28T15:34:40.335+0000] {dag.py:3096} INFO - Sync 1 DAGs
[2025-04-28T15:34:40.341+0000] {logging_mixin.py:188} INFO - [2025-04-28T15:34:40.341+0000] {dag.py:3954} INFO - Setting next_dagrun for move_bronze_to_silver_partitioned to None, run_after=None
[2025-04-28T15:34:40.351+0000] {processor.py:183} INFO - Processing /opt/airflow/dags/move_bronze_to_silver_partitioned.py took 0.179 seconds
[2025-04-28T15:35:10.987+0000] {processor.py:161} INFO - Started process (PID=5939) to work on /opt/airflow/dags/move_bronze_to_silver_partitioned.py
[2025-04-28T15:35:10.987+0000] {processor.py:830} INFO - Processing file /opt/airflow/dags/move_bronze_to_silver_partitioned.py for tasks to queue
[2025-04-28T15:35:10.988+0000] {logging_mixin.py:188} INFO - [2025-04-28T15:35:10.988+0000] {dagbag.py:540} INFO - Filling up the DagBag from /opt/airflow/dags/move_bronze_to_silver_partitioned.py
[2025-04-28T15:35:11.132+0000] {processor.py:840} INFO - DAG(s) 'move_bronze_to_silver_partitioned' retrieved from /opt/airflow/dags/move_bronze_to_silver_partitioned.py
[2025-04-28T15:35:11.145+0000] {logging_mixin.py:188} INFO - [2025-04-28T15:35:11.145+0000] {dag.py:3096} INFO - Sync 1 DAGs
[2025-04-28T15:35:11.151+0000] {logging_mixin.py:188} INFO - [2025-04-28T15:35:11.151+0000] {dag.py:3954} INFO - Setting next_dagrun for move_bronze_to_silver_partitioned to None, run_after=None
[2025-04-28T15:35:11.160+0000] {processor.py:183} INFO - Processing /opt/airflow/dags/move_bronze_to_silver_partitioned.py took 0.177 seconds
[2025-04-28T15:35:41.799+0000] {processor.py:161} INFO - Started process (PID=5974) to work on /opt/airflow/dags/move_bronze_to_silver_partitioned.py
[2025-04-28T15:35:41.799+0000] {processor.py:830} INFO - Processing file /opt/airflow/dags/move_bronze_to_silver_partitioned.py for tasks to queue
[2025-04-28T15:35:41.800+0000] {logging_mixin.py:188} INFO - [2025-04-28T15:35:41.800+0000] {dagbag.py:540} INFO - Filling up the DagBag from /opt/airflow/dags/move_bronze_to_silver_partitioned.py
[2025-04-28T15:35:41.947+0000] {processor.py:840} INFO - DAG(s) 'move_bronze_to_silver_partitioned' retrieved from /opt/airflow/dags/move_bronze_to_silver_partitioned.py
[2025-04-28T15:35:41.960+0000] {logging_mixin.py:188} INFO - [2025-04-28T15:35:41.960+0000] {dag.py:3096} INFO - Sync 1 DAGs
[2025-04-28T15:35:41.967+0000] {logging_mixin.py:188} INFO - [2025-04-28T15:35:41.966+0000] {dag.py:3954} INFO - Setting next_dagrun for move_bronze_to_silver_partitioned to None, run_after=None
[2025-04-28T15:35:41.976+0000] {processor.py:183} INFO - Processing /opt/airflow/dags/move_bronze_to_silver_partitioned.py took 0.180 seconds
[2025-04-28T15:36:12.584+0000] {processor.py:161} INFO - Started process (PID=6009) to work on /opt/airflow/dags/move_bronze_to_silver_partitioned.py
[2025-04-28T15:36:12.585+0000] {processor.py:830} INFO - Processing file /opt/airflow/dags/move_bronze_to_silver_partitioned.py for tasks to queue
[2025-04-28T15:36:12.585+0000] {logging_mixin.py:188} INFO - [2025-04-28T15:36:12.585+0000] {dagbag.py:540} INFO - Filling up the DagBag from /opt/airflow/dags/move_bronze_to_silver_partitioned.py
[2025-04-28T15:36:12.726+0000] {processor.py:840} INFO - DAG(s) 'move_bronze_to_silver_partitioned' retrieved from /opt/airflow/dags/move_bronze_to_silver_partitioned.py
[2025-04-28T15:36:12.740+0000] {logging_mixin.py:188} INFO - [2025-04-28T15:36:12.739+0000] {dag.py:3096} INFO - Sync 1 DAGs
[2025-04-28T15:36:12.745+0000] {logging_mixin.py:188} INFO - [2025-04-28T15:36:12.745+0000] {dag.py:3954} INFO - Setting next_dagrun for move_bronze_to_silver_partitioned to None, run_after=None
[2025-04-28T15:36:12.756+0000] {processor.py:183} INFO - Processing /opt/airflow/dags/move_bronze_to_silver_partitioned.py took 0.175 seconds
[2025-04-28T15:36:43.315+0000] {processor.py:161} INFO - Started process (PID=6044) to work on /opt/airflow/dags/move_bronze_to_silver_partitioned.py
[2025-04-28T15:36:43.316+0000] {processor.py:830} INFO - Processing file /opt/airflow/dags/move_bronze_to_silver_partitioned.py for tasks to queue
[2025-04-28T15:36:43.317+0000] {logging_mixin.py:188} INFO - [2025-04-28T15:36:43.317+0000] {dagbag.py:540} INFO - Filling up the DagBag from /opt/airflow/dags/move_bronze_to_silver_partitioned.py
[2025-04-28T15:36:43.452+0000] {processor.py:840} INFO - DAG(s) 'move_bronze_to_silver_partitioned' retrieved from /opt/airflow/dags/move_bronze_to_silver_partitioned.py
[2025-04-28T15:36:43.464+0000] {logging_mixin.py:188} INFO - [2025-04-28T15:36:43.464+0000] {dag.py:3096} INFO - Sync 1 DAGs
[2025-04-28T15:36:43.471+0000] {logging_mixin.py:188} INFO - [2025-04-28T15:36:43.471+0000] {dag.py:3954} INFO - Setting next_dagrun for move_bronze_to_silver_partitioned to None, run_after=None
[2025-04-28T15:36:43.480+0000] {processor.py:183} INFO - Processing /opt/airflow/dags/move_bronze_to_silver_partitioned.py took 0.169 seconds
[2025-04-28T15:37:14.085+0000] {processor.py:161} INFO - Started process (PID=6079) to work on /opt/airflow/dags/move_bronze_to_silver_partitioned.py
[2025-04-28T15:37:14.086+0000] {processor.py:830} INFO - Processing file /opt/airflow/dags/move_bronze_to_silver_partitioned.py for tasks to queue
[2025-04-28T15:37:14.086+0000] {logging_mixin.py:188} INFO - [2025-04-28T15:37:14.086+0000] {dagbag.py:540} INFO - Filling up the DagBag from /opt/airflow/dags/move_bronze_to_silver_partitioned.py
[2025-04-28T15:37:14.216+0000] {processor.py:840} INFO - DAG(s) 'move_bronze_to_silver_partitioned' retrieved from /opt/airflow/dags/move_bronze_to_silver_partitioned.py
[2025-04-28T15:37:14.228+0000] {logging_mixin.py:188} INFO - [2025-04-28T15:37:14.228+0000] {dag.py:3096} INFO - Sync 1 DAGs
[2025-04-28T15:37:14.233+0000] {logging_mixin.py:188} INFO - [2025-04-28T15:37:14.233+0000] {dag.py:3954} INFO - Setting next_dagrun for move_bronze_to_silver_partitioned to None, run_after=None
[2025-04-28T15:37:14.241+0000] {processor.py:183} INFO - Processing /opt/airflow/dags/move_bronze_to_silver_partitioned.py took 0.158 seconds
[2025-04-28T15:37:44.895+0000] {processor.py:161} INFO - Started process (PID=6114) to work on /opt/airflow/dags/move_bronze_to_silver_partitioned.py
[2025-04-28T15:37:44.895+0000] {processor.py:830} INFO - Processing file /opt/airflow/dags/move_bronze_to_silver_partitioned.py for tasks to queue
[2025-04-28T15:37:44.896+0000] {logging_mixin.py:188} INFO - [2025-04-28T15:37:44.896+0000] {dagbag.py:540} INFO - Filling up the DagBag from /opt/airflow/dags/move_bronze_to_silver_partitioned.py
[2025-04-28T15:37:45.040+0000] {processor.py:840} INFO - DAG(s) 'move_bronze_to_silver_partitioned' retrieved from /opt/airflow/dags/move_bronze_to_silver_partitioned.py
[2025-04-28T15:37:45.054+0000] {logging_mixin.py:188} INFO - [2025-04-28T15:37:45.054+0000] {dag.py:3096} INFO - Sync 1 DAGs
[2025-04-28T15:37:45.060+0000] {logging_mixin.py:188} INFO - [2025-04-28T15:37:45.060+0000] {dag.py:3954} INFO - Setting next_dagrun for move_bronze_to_silver_partitioned to None, run_after=None
[2025-04-28T15:37:45.070+0000] {processor.py:183} INFO - Processing /opt/airflow/dags/move_bronze_to_silver_partitioned.py took 0.178 seconds
[2025-04-28T15:38:15.652+0000] {processor.py:161} INFO - Started process (PID=6149) to work on /opt/airflow/dags/move_bronze_to_silver_partitioned.py
[2025-04-28T15:38:15.652+0000] {processor.py:830} INFO - Processing file /opt/airflow/dags/move_bronze_to_silver_partitioned.py for tasks to queue
[2025-04-28T15:38:15.653+0000] {logging_mixin.py:188} INFO - [2025-04-28T15:38:15.653+0000] {dagbag.py:540} INFO - Filling up the DagBag from /opt/airflow/dags/move_bronze_to_silver_partitioned.py
[2025-04-28T15:38:15.788+0000] {processor.py:840} INFO - DAG(s) 'move_bronze_to_silver_partitioned' retrieved from /opt/airflow/dags/move_bronze_to_silver_partitioned.py
[2025-04-28T15:38:15.801+0000] {logging_mixin.py:188} INFO - [2025-04-28T15:38:15.801+0000] {dag.py:3096} INFO - Sync 1 DAGs
[2025-04-28T15:38:15.807+0000] {logging_mixin.py:188} INFO - [2025-04-28T15:38:15.807+0000] {dag.py:3954} INFO - Setting next_dagrun for move_bronze_to_silver_partitioned to None, run_after=None
[2025-04-28T15:38:15.815+0000] {processor.py:183} INFO - Processing /opt/airflow/dags/move_bronze_to_silver_partitioned.py took 0.166 seconds
[2025-04-28T15:38:46.398+0000] {processor.py:161} INFO - Started process (PID=6184) to work on /opt/airflow/dags/move_bronze_to_silver_partitioned.py
[2025-04-28T15:38:46.398+0000] {processor.py:830} INFO - Processing file /opt/airflow/dags/move_bronze_to_silver_partitioned.py for tasks to queue
[2025-04-28T15:38:46.399+0000] {logging_mixin.py:188} INFO - [2025-04-28T15:38:46.399+0000] {dagbag.py:540} INFO - Filling up the DagBag from /opt/airflow/dags/move_bronze_to_silver_partitioned.py
[2025-04-28T15:38:46.535+0000] {processor.py:840} INFO - DAG(s) 'move_bronze_to_silver_partitioned' retrieved from /opt/airflow/dags/move_bronze_to_silver_partitioned.py
[2025-04-28T15:38:46.547+0000] {logging_mixin.py:188} INFO - [2025-04-28T15:38:46.547+0000] {dag.py:3096} INFO - Sync 1 DAGs
[2025-04-28T15:38:46.553+0000] {logging_mixin.py:188} INFO - [2025-04-28T15:38:46.553+0000] {dag.py:3954} INFO - Setting next_dagrun for move_bronze_to_silver_partitioned to None, run_after=None
[2025-04-28T15:38:46.561+0000] {processor.py:183} INFO - Processing /opt/airflow/dags/move_bronze_to_silver_partitioned.py took 0.165 seconds
[2025-04-28T15:39:17.132+0000] {processor.py:161} INFO - Started process (PID=6219) to work on /opt/airflow/dags/move_bronze_to_silver_partitioned.py
[2025-04-28T15:39:17.132+0000] {processor.py:830} INFO - Processing file /opt/airflow/dags/move_bronze_to_silver_partitioned.py for tasks to queue
[2025-04-28T15:39:17.133+0000] {logging_mixin.py:188} INFO - [2025-04-28T15:39:17.133+0000] {dagbag.py:540} INFO - Filling up the DagBag from /opt/airflow/dags/move_bronze_to_silver_partitioned.py
[2025-04-28T15:39:17.281+0000] {processor.py:840} INFO - DAG(s) 'move_bronze_to_silver_partitioned' retrieved from /opt/airflow/dags/move_bronze_to_silver_partitioned.py
[2025-04-28T15:39:17.295+0000] {logging_mixin.py:188} INFO - [2025-04-28T15:39:17.295+0000] {dag.py:3096} INFO - Sync 1 DAGs
[2025-04-28T15:39:17.301+0000] {logging_mixin.py:188} INFO - [2025-04-28T15:39:17.301+0000] {dag.py:3954} INFO - Setting next_dagrun for move_bronze_to_silver_partitioned to None, run_after=None
[2025-04-28T15:39:17.311+0000] {processor.py:183} INFO - Processing /opt/airflow/dags/move_bronze_to_silver_partitioned.py took 0.183 seconds
[2025-04-28T15:39:47.927+0000] {processor.py:161} INFO - Started process (PID=6254) to work on /opt/airflow/dags/move_bronze_to_silver_partitioned.py
[2025-04-28T15:39:47.928+0000] {processor.py:830} INFO - Processing file /opt/airflow/dags/move_bronze_to_silver_partitioned.py for tasks to queue
[2025-04-28T15:39:47.929+0000] {logging_mixin.py:188} INFO - [2025-04-28T15:39:47.929+0000] {dagbag.py:540} INFO - Filling up the DagBag from /opt/airflow/dags/move_bronze_to_silver_partitioned.py
[2025-04-28T15:39:48.064+0000] {processor.py:840} INFO - DAG(s) 'move_bronze_to_silver_partitioned' retrieved from /opt/airflow/dags/move_bronze_to_silver_partitioned.py
[2025-04-28T15:39:48.077+0000] {logging_mixin.py:188} INFO - [2025-04-28T15:39:48.077+0000] {dag.py:3096} INFO - Sync 1 DAGs
[2025-04-28T15:39:48.082+0000] {logging_mixin.py:188} INFO - [2025-04-28T15:39:48.082+0000] {dag.py:3954} INFO - Setting next_dagrun for move_bronze_to_silver_partitioned to None, run_after=None
[2025-04-28T15:39:48.090+0000] {processor.py:183} INFO - Processing /opt/airflow/dags/move_bronze_to_silver_partitioned.py took 0.166 seconds
[2025-04-28T15:40:18.614+0000] {processor.py:161} INFO - Started process (PID=6289) to work on /opt/airflow/dags/move_bronze_to_silver_partitioned.py
[2025-04-28T15:40:18.614+0000] {processor.py:830} INFO - Processing file /opt/airflow/dags/move_bronze_to_silver_partitioned.py for tasks to queue
[2025-04-28T15:40:18.615+0000] {logging_mixin.py:188} INFO - [2025-04-28T15:40:18.615+0000] {dagbag.py:540} INFO - Filling up the DagBag from /opt/airflow/dags/move_bronze_to_silver_partitioned.py
[2025-04-28T15:40:18.755+0000] {processor.py:840} INFO - DAG(s) 'move_bronze_to_silver_partitioned' retrieved from /opt/airflow/dags/move_bronze_to_silver_partitioned.py
[2025-04-28T15:40:18.768+0000] {logging_mixin.py:188} INFO - [2025-04-28T15:40:18.768+0000] {dag.py:3096} INFO - Sync 1 DAGs
[2025-04-28T15:40:18.773+0000] {logging_mixin.py:188} INFO - [2025-04-28T15:40:18.773+0000] {dag.py:3954} INFO - Setting next_dagrun for move_bronze_to_silver_partitioned to None, run_after=None
[2025-04-28T15:40:18.781+0000] {processor.py:183} INFO - Processing /opt/airflow/dags/move_bronze_to_silver_partitioned.py took 0.170 seconds
[2025-04-28T15:40:49.352+0000] {processor.py:161} INFO - Started process (PID=6324) to work on /opt/airflow/dags/move_bronze_to_silver_partitioned.py
[2025-04-28T15:40:49.352+0000] {processor.py:830} INFO - Processing file /opt/airflow/dags/move_bronze_to_silver_partitioned.py for tasks to queue
[2025-04-28T15:40:49.353+0000] {logging_mixin.py:188} INFO - [2025-04-28T15:40:49.353+0000] {dagbag.py:540} INFO - Filling up the DagBag from /opt/airflow/dags/move_bronze_to_silver_partitioned.py
[2025-04-28T15:40:49.484+0000] {processor.py:840} INFO - DAG(s) 'move_bronze_to_silver_partitioned' retrieved from /opt/airflow/dags/move_bronze_to_silver_partitioned.py
[2025-04-28T15:40:49.496+0000] {logging_mixin.py:188} INFO - [2025-04-28T15:40:49.496+0000] {dag.py:3096} INFO - Sync 1 DAGs
[2025-04-28T15:40:49.502+0000] {logging_mixin.py:188} INFO - [2025-04-28T15:40:49.501+0000] {dag.py:3954} INFO - Setting next_dagrun for move_bronze_to_silver_partitioned to None, run_after=None
[2025-04-28T15:40:49.510+0000] {processor.py:183} INFO - Processing /opt/airflow/dags/move_bronze_to_silver_partitioned.py took 0.161 seconds
[2025-04-28T15:41:20.077+0000] {processor.py:161} INFO - Started process (PID=6359) to work on /opt/airflow/dags/move_bronze_to_silver_partitioned.py
[2025-04-28T15:41:20.077+0000] {processor.py:830} INFO - Processing file /opt/airflow/dags/move_bronze_to_silver_partitioned.py for tasks to queue
[2025-04-28T15:41:20.078+0000] {logging_mixin.py:188} INFO - [2025-04-28T15:41:20.078+0000] {dagbag.py:540} INFO - Filling up the DagBag from /opt/airflow/dags/move_bronze_to_silver_partitioned.py
[2025-04-28T15:41:20.225+0000] {processor.py:840} INFO - DAG(s) 'move_bronze_to_silver_partitioned' retrieved from /opt/airflow/dags/move_bronze_to_silver_partitioned.py
[2025-04-28T15:41:20.240+0000] {logging_mixin.py:188} INFO - [2025-04-28T15:41:20.240+0000] {dag.py:3096} INFO - Sync 1 DAGs
[2025-04-28T15:41:20.246+0000] {logging_mixin.py:188} INFO - [2025-04-28T15:41:20.246+0000] {dag.py:3954} INFO - Setting next_dagrun for move_bronze_to_silver_partitioned to None, run_after=None
[2025-04-28T15:41:20.255+0000] {processor.py:183} INFO - Processing /opt/airflow/dags/move_bronze_to_silver_partitioned.py took 0.182 seconds
