[2025-04-28T01:51:36.116+0000] {processor.py:161} INFO - Started process (PID=165) to work on /opt/airflow/dags/orchestrate_full_pipeline.py
[2025-04-28T01:51:36.118+0000] {processor.py:830} INFO - Processing file /opt/airflow/dags/orchestrate_full_pipeline.py for tasks to queue
[2025-04-28T01:51:36.119+0000] {logging_mixin.py:188} INFO - [2025-04-28T01:51:36.119+0000] {dagbag.py:540} INFO - Filling up the DagBag from /opt/airflow/dags/orchestrate_full_pipeline.py
[2025-04-28T01:51:36.131+0000] {processor.py:840} INFO - DAG(s) 'orchestrate_full_pipeline' retrieved from /opt/airflow/dags/orchestrate_full_pipeline.py
[2025-04-28T01:51:36.188+0000] {logging_mixin.py:188} INFO - [2025-04-28T01:51:36.188+0000] {dag.py:3096} INFO - Sync 1 DAGs
[2025-04-28T01:51:36.195+0000] {logging_mixin.py:188} INFO - [2025-04-28T01:51:36.195+0000] {dag.py:3118} INFO - Creating ORM DAG for orchestrate_full_pipeline
[2025-04-28T01:51:36.195+0000] {logging_mixin.py:188} INFO - [2025-04-28T01:51:36.195+0000] {dag.py:3954} INFO - Setting next_dagrun for orchestrate_full_pipeline to None, run_after=None
[2025-04-28T01:51:36.456+0000] {logging_mixin.py:188} INFO - [2025-04-28T01:51:36.454+0000] {dagbag.py:649} ERROR - Failed to write serialized DAG: /opt/airflow/dags/orchestrate_full_pipeline.py
Traceback (most recent call last):
  File "/home/airflow/.local/lib/python3.12/site-packages/airflow/models/dagbag.py", line 637, in _serialize_dag_capturing_errors
    dag_was_updated = SerializedDagModel.write_dag(
                      ^^^^^^^^^^^^^^^^^^^^^^^^^^^^^
  File "/home/airflow/.local/lib/python3.12/site-packages/airflow/utils/session.py", line 76, in wrapper
    return func(*args, **kwargs)
           ^^^^^^^^^^^^^^^^^^^^^
  File "/home/airflow/.local/lib/python3.12/site-packages/airflow/models/serialized_dag.py", line 158, in write_dag
    if session.scalar(
       ^^^^^^^^^^^^^^^
  File "/home/airflow/.local/lib/python3.12/site-packages/sqlalchemy/orm/session.py", line 1747, in scalar
    return self.execute(
           ^^^^^^^^^^^^^
  File "/home/airflow/.local/lib/python3.12/site-packages/sqlalchemy/orm/session.py", line 1716, in execute
    conn = self._connection_for_bind(bind)
           ^^^^^^^^^^^^^^^^^^^^^^^^^^^^^^^
  File "/home/airflow/.local/lib/python3.12/site-packages/sqlalchemy/orm/session.py", line 1555, in _connection_for_bind
    return self._transaction._connection_for_bind(
           ^^^^^^^^^^^^^^^^^^^^^^^^^^^^^^^^^^^^^^^
  File "/home/airflow/.local/lib/python3.12/site-packages/sqlalchemy/orm/session.py", line 724, in _connection_for_bind
    self._assert_active()
  File "/home/airflow/.local/lib/python3.12/site-packages/sqlalchemy/orm/session.py", line 604, in _assert_active
    raise sa_exc.PendingRollbackError(
sqlalchemy.exc.PendingRollbackError: This Session's transaction has been rolled back due to a previous exception during flush. To begin a new transaction with this Session, first issue Session.rollback(). Original exception was: (psycopg2.errors.UniqueViolation) duplicate key value violates unique constraint "dag_pkey"
DETAIL:  Key (dag_id)=(orchestrate_full_pipeline) already exists.

[SQL: INSERT INTO dag (dag_id, root_dag_id, is_paused, is_subdag, is_active, last_parsed_time, last_pickled, last_expired, scheduler_lock, pickle_id, fileloc, processor_subdir, owners, dag_display_name, description, default_view, schedule_interval, timetable_description, dataset_expression, max_active_tasks, max_active_runs, max_consecutive_failed_dag_runs, has_task_concurrency_limits, has_import_errors, next_dagrun, next_dagrun_data_interval_start, next_dagrun_data_interval_end, next_dagrun_create_after) VALUES (%(dag_id)s, %(root_dag_id)s, %(is_paused)s, %(is_subdag)s, %(is_active)s, %(last_parsed_time)s, %(last_pickled)s, %(last_expired)s, %(scheduler_lock)s, %(pickle_id)s, %(fileloc)s, %(processor_subdir)s, %(owners)s, %(dag_display_name)s, %(description)s, %(default_view)s, %(schedule_interval)s, %(timetable_description)s, %(dataset_expression)s, %(max_active_tasks)s, %(max_active_runs)s, %(max_consecutive_failed_dag_runs)s, %(has_task_concurrency_limits)s, %(has_import_errors)s, %(next_dagrun)s, %(next_dagrun_data_interval_start)s, %(next_dagrun_data_interval_end)s, %(next_dagrun_create_after)s)]
[parameters: {'dag_id': 'orchestrate_full_pipeline', 'root_dag_id': None, 'is_paused': True, 'is_subdag': False, 'is_active': True, 'last_parsed_time': datetime.datetime(2025, 4, 28, 1, 51, 36, 195502, tzinfo=Timezone('UTC')), 'last_pickled': None, 'last_expired': None, 'scheduler_lock': None, 'pickle_id': None, 'fileloc': '/opt/airflow/dags/orchestrate_full_pipeline.py', 'processor_subdir': '/opt/airflow/dags', 'owners': 'airflow', 'dag_display_name': None, 'description': None, 'default_view': 'grid', 'schedule_interval': 'null', 'timetable_description': 'Never, external triggers only', 'dataset_expression': 'null', 'max_active_tasks': 16, 'max_active_runs': 16, 'max_consecutive_failed_dag_runs': 0, 'has_task_concurrency_limits': False, 'has_import_errors': False, 'next_dagrun': None, 'next_dagrun_data_interval_start': None, 'next_dagrun_data_interval_end': None, 'next_dagrun_create_after': None}]
(Background on this error at: https://sqlalche.me/e/14/gkpj) (Background on this error at: https://sqlalche.me/e/14/7s2a)
[2025-04-28T01:51:36.462+0000] {logging_mixin.py:188} INFO - [2025-04-28T01:51:36.462+0000] {dag.py:3096} INFO - Sync 1 DAGs
[2025-04-28T01:51:36.463+0000] {processor.py:186} ERROR - Got an exception! Propagating...
Traceback (most recent call last):
  File "/home/airflow/.local/lib/python3.12/site-packages/airflow/dag_processing/processor.py", line 182, in _run_file_processor
    _handle_dag_file_processing()
  File "/home/airflow/.local/lib/python3.12/site-packages/airflow/dag_processing/processor.py", line 163, in _handle_dag_file_processing
    result: tuple[int, int] = dag_file_processor.process_file(
                              ^^^^^^^^^^^^^^^^^^^^^^^^^^^^^^^^
  File "/home/airflow/.local/lib/python3.12/site-packages/airflow/utils/session.py", line 79, in wrapper
    return func(*args, session=session, **kwargs)
           ^^^^^^^^^^^^^^^^^^^^^^^^^^^^^^^^^^^^^^
  File "/home/airflow/.local/lib/python3.12/site-packages/airflow/dag_processing/processor.py", line 859, in process_file
    serialize_errors = DagFileProcessor.save_dag_to_db(
                       ^^^^^^^^^^^^^^^^^^^^^^^^^^^^^^^^
  File "/home/airflow/.local/lib/python3.12/site-packages/airflow/api_internal/internal_api_call.py", line 115, in wrapper
    return func(*args, **kwargs)
           ^^^^^^^^^^^^^^^^^^^^^
  File "/home/airflow/.local/lib/python3.12/site-packages/airflow/utils/session.py", line 79, in wrapper
    return func(*args, session=session, **kwargs)
           ^^^^^^^^^^^^^^^^^^^^^^^^^^^^^^^^^^^^^^
  File "/home/airflow/.local/lib/python3.12/site-packages/airflow/dag_processing/processor.py", line 895, in save_dag_to_db
    import_errors = DagBag._sync_to_db(dags=dags, processor_subdir=dag_directory, session=session)
                    ^^^^^^^^^^^^^^^^^^^^^^^^^^^^^^^^^^^^^^^^^^^^^^^^^^^^^^^^^^^^^^^^^^^^^^^^^^^^^^
  File "/home/airflow/.local/lib/python3.12/site-packages/airflow/utils/session.py", line 76, in wrapper
    return func(*args, **kwargs)
           ^^^^^^^^^^^^^^^^^^^^^
  File "/home/airflow/.local/lib/python3.12/site-packages/airflow/models/dagbag.py", line 659, in _sync_to_db
    for attempt in run_with_db_retries(logger=log):
  File "/home/airflow/.local/lib/python3.12/site-packages/tenacity/__init__.py", line 347, in __iter__
    do = self.iter(retry_state=retry_state)
         ^^^^^^^^^^^^^^^^^^^^^^^^^^^^^^^^^^
  File "/home/airflow/.local/lib/python3.12/site-packages/tenacity/__init__.py", line 314, in iter
    return fut.result()
           ^^^^^^^^^^^^
  File "/usr/local/lib/python3.12/concurrent/futures/_base.py", line 449, in result
    return self.__get_result()
           ^^^^^^^^^^^^^^^^^^^
  File "/usr/local/lib/python3.12/concurrent/futures/_base.py", line 401, in __get_result
    raise self._exception
  File "/home/airflow/.local/lib/python3.12/site-packages/airflow/models/dagbag.py", line 675, in _sync_to_db
    DAG.bulk_write_to_db(dags.values(), processor_subdir=processor_subdir, session=session)
  File "/home/airflow/.local/lib/python3.12/site-packages/airflow/utils/session.py", line 76, in wrapper
    return func(*args, **kwargs)
           ^^^^^^^^^^^^^^^^^^^^^
  File "/home/airflow/.local/lib/python3.12/site-packages/airflow/models/dag.py", line 3108, in bulk_write_to_db
    orm_dags: list[DagModel] = session.scalars(query).unique().all()
                               ^^^^^^^^^^^^^^^^^^^^^^
  File "/home/airflow/.local/lib/python3.12/site-packages/sqlalchemy/orm/session.py", line 1778, in scalars
    return self.execute(
           ^^^^^^^^^^^^^
  File "/home/airflow/.local/lib/python3.12/site-packages/sqlalchemy/orm/session.py", line 1716, in execute
    conn = self._connection_for_bind(bind)
           ^^^^^^^^^^^^^^^^^^^^^^^^^^^^^^^
  File "/home/airflow/.local/lib/python3.12/site-packages/sqlalchemy/orm/session.py", line 1555, in _connection_for_bind
    return self._transaction._connection_for_bind(
           ^^^^^^^^^^^^^^^^^^^^^^^^^^^^^^^^^^^^^^^
  File "/home/airflow/.local/lib/python3.12/site-packages/sqlalchemy/orm/session.py", line 724, in _connection_for_bind
    self._assert_active()
  File "/home/airflow/.local/lib/python3.12/site-packages/sqlalchemy/orm/session.py", line 604, in _assert_active
    raise sa_exc.PendingRollbackError(
sqlalchemy.exc.PendingRollbackError: This Session's transaction has been rolled back due to a previous exception during flush. To begin a new transaction with this Session, first issue Session.rollback(). Original exception was: (psycopg2.errors.UniqueViolation) duplicate key value violates unique constraint "dag_pkey"
DETAIL:  Key (dag_id)=(orchestrate_full_pipeline) already exists.

[SQL: INSERT INTO dag (dag_id, root_dag_id, is_paused, is_subdag, is_active, last_parsed_time, last_pickled, last_expired, scheduler_lock, pickle_id, fileloc, processor_subdir, owners, dag_display_name, description, default_view, schedule_interval, timetable_description, dataset_expression, max_active_tasks, max_active_runs, max_consecutive_failed_dag_runs, has_task_concurrency_limits, has_import_errors, next_dagrun, next_dagrun_data_interval_start, next_dagrun_data_interval_end, next_dagrun_create_after) VALUES (%(dag_id)s, %(root_dag_id)s, %(is_paused)s, %(is_subdag)s, %(is_active)s, %(last_parsed_time)s, %(last_pickled)s, %(last_expired)s, %(scheduler_lock)s, %(pickle_id)s, %(fileloc)s, %(processor_subdir)s, %(owners)s, %(dag_display_name)s, %(description)s, %(default_view)s, %(schedule_interval)s, %(timetable_description)s, %(dataset_expression)s, %(max_active_tasks)s, %(max_active_runs)s, %(max_consecutive_failed_dag_runs)s, %(has_task_concurrency_limits)s, %(has_import_errors)s, %(next_dagrun)s, %(next_dagrun_data_interval_start)s, %(next_dagrun_data_interval_end)s, %(next_dagrun_create_after)s)]
[parameters: {'dag_id': 'orchestrate_full_pipeline', 'root_dag_id': None, 'is_paused': True, 'is_subdag': False, 'is_active': True, 'last_parsed_time': datetime.datetime(2025, 4, 28, 1, 51, 36, 195502, tzinfo=Timezone('UTC')), 'last_pickled': None, 'last_expired': None, 'scheduler_lock': None, 'pickle_id': None, 'fileloc': '/opt/airflow/dags/orchestrate_full_pipeline.py', 'processor_subdir': '/opt/airflow/dags', 'owners': 'airflow', 'dag_display_name': None, 'description': None, 'default_view': 'grid', 'schedule_interval': 'null', 'timetable_description': 'Never, external triggers only', 'dataset_expression': 'null', 'max_active_tasks': 16, 'max_active_runs': 16, 'max_consecutive_failed_dag_runs': 0, 'has_task_concurrency_limits': False, 'has_import_errors': False, 'next_dagrun': None, 'next_dagrun_data_interval_start': None, 'next_dagrun_data_interval_end': None, 'next_dagrun_create_after': None}]
(Background on this error at: https://sqlalche.me/e/14/gkpj) (Background on this error at: https://sqlalche.me/e/14/7s2a)
[2025-04-28T01:52:07.306+0000] {processor.py:161} INFO - Started process (PID=200) to work on /opt/airflow/dags/orchestrate_full_pipeline.py
[2025-04-28T01:52:07.306+0000] {processor.py:830} INFO - Processing file /opt/airflow/dags/orchestrate_full_pipeline.py for tasks to queue
[2025-04-28T01:52:07.308+0000] {logging_mixin.py:188} INFO - [2025-04-28T01:52:07.307+0000] {dagbag.py:540} INFO - Filling up the DagBag from /opt/airflow/dags/orchestrate_full_pipeline.py
[2025-04-28T01:52:07.321+0000] {processor.py:840} INFO - DAG(s) 'orchestrate_full_pipeline' retrieved from /opt/airflow/dags/orchestrate_full_pipeline.py
[2025-04-28T01:52:07.370+0000] {logging_mixin.py:188} INFO - [2025-04-28T01:52:07.370+0000] {dag.py:3096} INFO - Sync 1 DAGs
[2025-04-28T01:52:07.375+0000] {logging_mixin.py:188} INFO - [2025-04-28T01:52:07.375+0000] {dag.py:3954} INFO - Setting next_dagrun for orchestrate_full_pipeline to None, run_after=None
[2025-04-28T01:52:07.389+0000] {processor.py:183} INFO - Processing /opt/airflow/dags/orchestrate_full_pipeline.py took 0.088 seconds
[2025-04-28T01:52:37.518+0000] {processor.py:161} INFO - Started process (PID=298) to work on /opt/airflow/dags/orchestrate_full_pipeline.py
[2025-04-28T01:52:37.519+0000] {processor.py:830} INFO - Processing file /opt/airflow/dags/orchestrate_full_pipeline.py for tasks to queue
[2025-04-28T01:52:37.521+0000] {logging_mixin.py:188} INFO - [2025-04-28T01:52:37.521+0000] {dagbag.py:540} INFO - Filling up the DagBag from /opt/airflow/dags/orchestrate_full_pipeline.py
[2025-04-28T01:52:37.532+0000] {processor.py:840} INFO - DAG(s) 'orchestrate_full_pipeline' retrieved from /opt/airflow/dags/orchestrate_full_pipeline.py
[2025-04-28T01:52:37.546+0000] {logging_mixin.py:188} INFO - [2025-04-28T01:52:37.545+0000] {dag.py:3096} INFO - Sync 1 DAGs
[2025-04-28T01:52:37.551+0000] {logging_mixin.py:188} INFO - [2025-04-28T01:52:37.551+0000] {dag.py:3954} INFO - Setting next_dagrun for orchestrate_full_pipeline to None, run_after=None
[2025-04-28T01:52:37.560+0000] {processor.py:183} INFO - Processing /opt/airflow/dags/orchestrate_full_pipeline.py took 0.047 seconds
[2025-04-28T01:53:07.693+0000] {processor.py:161} INFO - Started process (PID=333) to work on /opt/airflow/dags/orchestrate_full_pipeline.py
[2025-04-28T01:53:07.694+0000] {processor.py:830} INFO - Processing file /opt/airflow/dags/orchestrate_full_pipeline.py for tasks to queue
[2025-04-28T01:53:07.696+0000] {logging_mixin.py:188} INFO - [2025-04-28T01:53:07.696+0000] {dagbag.py:540} INFO - Filling up the DagBag from /opt/airflow/dags/orchestrate_full_pipeline.py
[2025-04-28T01:53:07.709+0000] {processor.py:840} INFO - DAG(s) 'orchestrate_full_pipeline' retrieved from /opt/airflow/dags/orchestrate_full_pipeline.py
[2025-04-28T01:53:07.725+0000] {logging_mixin.py:188} INFO - [2025-04-28T01:53:07.725+0000] {dag.py:3096} INFO - Sync 1 DAGs
[2025-04-28T01:53:07.732+0000] {logging_mixin.py:188} INFO - [2025-04-28T01:53:07.732+0000] {dag.py:3954} INFO - Setting next_dagrun for orchestrate_full_pipeline to None, run_after=None
[2025-04-28T01:53:07.741+0000] {processor.py:183} INFO - Processing /opt/airflow/dags/orchestrate_full_pipeline.py took 0.054 seconds
[2025-04-28T01:53:37.845+0000] {processor.py:161} INFO - Started process (PID=368) to work on /opt/airflow/dags/orchestrate_full_pipeline.py
[2025-04-28T01:53:37.846+0000] {processor.py:830} INFO - Processing file /opt/airflow/dags/orchestrate_full_pipeline.py for tasks to queue
[2025-04-28T01:53:37.848+0000] {logging_mixin.py:188} INFO - [2025-04-28T01:53:37.848+0000] {dagbag.py:540} INFO - Filling up the DagBag from /opt/airflow/dags/orchestrate_full_pipeline.py
[2025-04-28T01:53:37.863+0000] {processor.py:840} INFO - DAG(s) 'orchestrate_full_pipeline' retrieved from /opt/airflow/dags/orchestrate_full_pipeline.py
[2025-04-28T01:53:37.888+0000] {logging_mixin.py:188} INFO - [2025-04-28T01:53:37.888+0000] {dag.py:3096} INFO - Sync 1 DAGs
[2025-04-28T01:53:37.894+0000] {logging_mixin.py:188} INFO - [2025-04-28T01:53:37.894+0000] {dag.py:3954} INFO - Setting next_dagrun for orchestrate_full_pipeline to None, run_after=None
[2025-04-28T01:53:37.903+0000] {processor.py:183} INFO - Processing /opt/airflow/dags/orchestrate_full_pipeline.py took 0.065 seconds
[2025-04-28T01:54:08.009+0000] {processor.py:161} INFO - Started process (PID=403) to work on /opt/airflow/dags/orchestrate_full_pipeline.py
[2025-04-28T01:54:08.011+0000] {processor.py:830} INFO - Processing file /opt/airflow/dags/orchestrate_full_pipeline.py for tasks to queue
[2025-04-28T01:54:08.013+0000] {logging_mixin.py:188} INFO - [2025-04-28T01:54:08.012+0000] {dagbag.py:540} INFO - Filling up the DagBag from /opt/airflow/dags/orchestrate_full_pipeline.py
[2025-04-28T01:54:08.027+0000] {processor.py:840} INFO - DAG(s) 'orchestrate_full_pipeline' retrieved from /opt/airflow/dags/orchestrate_full_pipeline.py
[2025-04-28T01:54:08.045+0000] {logging_mixin.py:188} INFO - [2025-04-28T01:54:08.045+0000] {dag.py:3096} INFO - Sync 1 DAGs
[2025-04-28T01:54:08.051+0000] {logging_mixin.py:188} INFO - [2025-04-28T01:54:08.051+0000] {dag.py:3954} INFO - Setting next_dagrun for orchestrate_full_pipeline to None, run_after=None
[2025-04-28T01:54:08.059+0000] {processor.py:183} INFO - Processing /opt/airflow/dags/orchestrate_full_pipeline.py took 0.056 seconds
[2025-04-28T01:54:38.177+0000] {processor.py:161} INFO - Started process (PID=438) to work on /opt/airflow/dags/orchestrate_full_pipeline.py
[2025-04-28T01:54:38.179+0000] {processor.py:830} INFO - Processing file /opt/airflow/dags/orchestrate_full_pipeline.py for tasks to queue
[2025-04-28T01:54:38.181+0000] {logging_mixin.py:188} INFO - [2025-04-28T01:54:38.181+0000] {dagbag.py:540} INFO - Filling up the DagBag from /opt/airflow/dags/orchestrate_full_pipeline.py
[2025-04-28T01:54:38.196+0000] {processor.py:840} INFO - DAG(s) 'orchestrate_full_pipeline' retrieved from /opt/airflow/dags/orchestrate_full_pipeline.py
[2025-04-28T01:54:38.215+0000] {logging_mixin.py:188} INFO - [2025-04-28T01:54:38.215+0000] {dag.py:3096} INFO - Sync 1 DAGs
[2025-04-28T01:54:38.221+0000] {logging_mixin.py:188} INFO - [2025-04-28T01:54:38.221+0000] {dag.py:3954} INFO - Setting next_dagrun for orchestrate_full_pipeline to None, run_after=None
[2025-04-28T01:54:38.229+0000] {processor.py:183} INFO - Processing /opt/airflow/dags/orchestrate_full_pipeline.py took 0.058 seconds
[2025-04-28T01:55:08.358+0000] {processor.py:161} INFO - Started process (PID=473) to work on /opt/airflow/dags/orchestrate_full_pipeline.py
[2025-04-28T01:55:08.359+0000] {processor.py:830} INFO - Processing file /opt/airflow/dags/orchestrate_full_pipeline.py for tasks to queue
[2025-04-28T01:55:08.361+0000] {logging_mixin.py:188} INFO - [2025-04-28T01:55:08.361+0000] {dagbag.py:540} INFO - Filling up the DagBag from /opt/airflow/dags/orchestrate_full_pipeline.py
[2025-04-28T01:55:08.374+0000] {processor.py:840} INFO - DAG(s) 'orchestrate_full_pipeline' retrieved from /opt/airflow/dags/orchestrate_full_pipeline.py
[2025-04-28T01:55:08.392+0000] {logging_mixin.py:188} INFO - [2025-04-28T01:55:08.392+0000] {dag.py:3096} INFO - Sync 1 DAGs
[2025-04-28T01:55:08.398+0000] {logging_mixin.py:188} INFO - [2025-04-28T01:55:08.398+0000] {dag.py:3954} INFO - Setting next_dagrun for orchestrate_full_pipeline to None, run_after=None
[2025-04-28T01:55:08.406+0000] {processor.py:183} INFO - Processing /opt/airflow/dags/orchestrate_full_pipeline.py took 0.054 seconds
[2025-04-28T01:55:38.523+0000] {processor.py:161} INFO - Started process (PID=508) to work on /opt/airflow/dags/orchestrate_full_pipeline.py
[2025-04-28T01:55:38.524+0000] {processor.py:830} INFO - Processing file /opt/airflow/dags/orchestrate_full_pipeline.py for tasks to queue
[2025-04-28T01:55:38.526+0000] {logging_mixin.py:188} INFO - [2025-04-28T01:55:38.525+0000] {dagbag.py:540} INFO - Filling up the DagBag from /opt/airflow/dags/orchestrate_full_pipeline.py
[2025-04-28T01:55:38.539+0000] {processor.py:840} INFO - DAG(s) 'orchestrate_full_pipeline' retrieved from /opt/airflow/dags/orchestrate_full_pipeline.py
[2025-04-28T01:55:38.557+0000] {logging_mixin.py:188} INFO - [2025-04-28T01:55:38.557+0000] {dag.py:3096} INFO - Sync 1 DAGs
[2025-04-28T01:55:38.563+0000] {logging_mixin.py:188} INFO - [2025-04-28T01:55:38.563+0000] {dag.py:3954} INFO - Setting next_dagrun for orchestrate_full_pipeline to None, run_after=None
[2025-04-28T01:55:38.571+0000] {processor.py:183} INFO - Processing /opt/airflow/dags/orchestrate_full_pipeline.py took 0.054 seconds
[2025-04-28T01:56:08.646+0000] {processor.py:161} INFO - Started process (PID=543) to work on /opt/airflow/dags/orchestrate_full_pipeline.py
[2025-04-28T01:56:08.647+0000] {processor.py:830} INFO - Processing file /opt/airflow/dags/orchestrate_full_pipeline.py for tasks to queue
[2025-04-28T01:56:08.648+0000] {logging_mixin.py:188} INFO - [2025-04-28T01:56:08.648+0000] {dagbag.py:540} INFO - Filling up the DagBag from /opt/airflow/dags/orchestrate_full_pipeline.py
[2025-04-28T01:56:08.662+0000] {processor.py:840} INFO - DAG(s) 'orchestrate_full_pipeline' retrieved from /opt/airflow/dags/orchestrate_full_pipeline.py
[2025-04-28T01:56:08.679+0000] {logging_mixin.py:188} INFO - [2025-04-28T01:56:08.679+0000] {dag.py:3096} INFO - Sync 1 DAGs
[2025-04-28T01:56:08.684+0000] {logging_mixin.py:188} INFO - [2025-04-28T01:56:08.684+0000] {dag.py:3954} INFO - Setting next_dagrun for orchestrate_full_pipeline to None, run_after=None
[2025-04-28T01:56:08.693+0000] {processor.py:183} INFO - Processing /opt/airflow/dags/orchestrate_full_pipeline.py took 0.053 seconds
[2025-04-28T01:56:39.508+0000] {processor.py:161} INFO - Started process (PID=578) to work on /opt/airflow/dags/orchestrate_full_pipeline.py
[2025-04-28T01:56:39.508+0000] {processor.py:830} INFO - Processing file /opt/airflow/dags/orchestrate_full_pipeline.py for tasks to queue
[2025-04-28T01:56:39.509+0000] {logging_mixin.py:188} INFO - [2025-04-28T01:56:39.509+0000] {dagbag.py:540} INFO - Filling up the DagBag from /opt/airflow/dags/orchestrate_full_pipeline.py
[2025-04-28T01:56:39.517+0000] {processor.py:840} INFO - DAG(s) 'orchestrate_full_pipeline' retrieved from /opt/airflow/dags/orchestrate_full_pipeline.py
[2025-04-28T01:56:39.532+0000] {logging_mixin.py:188} INFO - [2025-04-28T01:56:39.532+0000] {dag.py:3096} INFO - Sync 1 DAGs
[2025-04-28T01:56:39.539+0000] {logging_mixin.py:188} INFO - [2025-04-28T01:56:39.539+0000] {dag.py:3954} INFO - Setting next_dagrun for orchestrate_full_pipeline to None, run_after=None
[2025-04-28T01:56:39.548+0000] {processor.py:183} INFO - Processing /opt/airflow/dags/orchestrate_full_pipeline.py took 0.044 seconds
[2025-04-28T01:57:09.767+0000] {processor.py:161} INFO - Started process (PID=613) to work on /opt/airflow/dags/orchestrate_full_pipeline.py
[2025-04-28T01:57:09.768+0000] {processor.py:830} INFO - Processing file /opt/airflow/dags/orchestrate_full_pipeline.py for tasks to queue
[2025-04-28T01:57:09.770+0000] {logging_mixin.py:188} INFO - [2025-04-28T01:57:09.769+0000] {dagbag.py:540} INFO - Filling up the DagBag from /opt/airflow/dags/orchestrate_full_pipeline.py
[2025-04-28T01:57:09.784+0000] {processor.py:840} INFO - DAG(s) 'orchestrate_full_pipeline' retrieved from /opt/airflow/dags/orchestrate_full_pipeline.py
[2025-04-28T01:57:09.804+0000] {logging_mixin.py:188} INFO - [2025-04-28T01:57:09.804+0000] {dag.py:3096} INFO - Sync 1 DAGs
[2025-04-28T01:57:09.810+0000] {logging_mixin.py:188} INFO - [2025-04-28T01:57:09.810+0000] {dag.py:3954} INFO - Setting next_dagrun for orchestrate_full_pipeline to None, run_after=None
[2025-04-28T01:57:09.818+0000] {processor.py:183} INFO - Processing /opt/airflow/dags/orchestrate_full_pipeline.py took 0.057 seconds
[2025-04-28T01:57:39.932+0000] {processor.py:161} INFO - Started process (PID=648) to work on /opt/airflow/dags/orchestrate_full_pipeline.py
[2025-04-28T01:57:39.933+0000] {processor.py:830} INFO - Processing file /opt/airflow/dags/orchestrate_full_pipeline.py for tasks to queue
[2025-04-28T01:57:39.934+0000] {logging_mixin.py:188} INFO - [2025-04-28T01:57:39.934+0000] {dagbag.py:540} INFO - Filling up the DagBag from /opt/airflow/dags/orchestrate_full_pipeline.py
[2025-04-28T01:57:39.948+0000] {processor.py:840} INFO - DAG(s) 'orchestrate_full_pipeline' retrieved from /opt/airflow/dags/orchestrate_full_pipeline.py
[2025-04-28T01:57:39.962+0000] {logging_mixin.py:188} INFO - [2025-04-28T01:57:39.961+0000] {dag.py:3096} INFO - Sync 1 DAGs
[2025-04-28T01:57:39.967+0000] {logging_mixin.py:188} INFO - [2025-04-28T01:57:39.967+0000] {dag.py:3954} INFO - Setting next_dagrun for orchestrate_full_pipeline to None, run_after=None
[2025-04-28T01:57:39.975+0000] {processor.py:183} INFO - Processing /opt/airflow/dags/orchestrate_full_pipeline.py took 0.050 seconds
[2025-04-28T01:58:10.022+0000] {processor.py:161} INFO - Started process (PID=683) to work on /opt/airflow/dags/orchestrate_full_pipeline.py
[2025-04-28T01:58:10.023+0000] {processor.py:830} INFO - Processing file /opt/airflow/dags/orchestrate_full_pipeline.py for tasks to queue
[2025-04-28T01:58:10.024+0000] {logging_mixin.py:188} INFO - [2025-04-28T01:58:10.024+0000] {dagbag.py:540} INFO - Filling up the DagBag from /opt/airflow/dags/orchestrate_full_pipeline.py
[2025-04-28T01:58:10.039+0000] {processor.py:840} INFO - DAG(s) 'orchestrate_full_pipeline' retrieved from /opt/airflow/dags/orchestrate_full_pipeline.py
[2025-04-28T01:58:10.058+0000] {logging_mixin.py:188} INFO - [2025-04-28T01:58:10.058+0000] {dag.py:3096} INFO - Sync 1 DAGs
[2025-04-28T01:58:10.064+0000] {logging_mixin.py:188} INFO - [2025-04-28T01:58:10.064+0000] {dag.py:3954} INFO - Setting next_dagrun for orchestrate_full_pipeline to None, run_after=None
[2025-04-28T01:58:10.073+0000] {processor.py:183} INFO - Processing /opt/airflow/dags/orchestrate_full_pipeline.py took 0.058 seconds
[2025-04-28T01:58:40.177+0000] {processor.py:161} INFO - Started process (PID=718) to work on /opt/airflow/dags/orchestrate_full_pipeline.py
[2025-04-28T01:58:40.178+0000] {processor.py:830} INFO - Processing file /opt/airflow/dags/orchestrate_full_pipeline.py for tasks to queue
[2025-04-28T01:58:40.180+0000] {logging_mixin.py:188} INFO - [2025-04-28T01:58:40.179+0000] {dagbag.py:540} INFO - Filling up the DagBag from /opt/airflow/dags/orchestrate_full_pipeline.py
[2025-04-28T01:58:40.193+0000] {processor.py:840} INFO - DAG(s) 'orchestrate_full_pipeline' retrieved from /opt/airflow/dags/orchestrate_full_pipeline.py
[2025-04-28T01:58:40.212+0000] {logging_mixin.py:188} INFO - [2025-04-28T01:58:40.212+0000] {dag.py:3096} INFO - Sync 1 DAGs
[2025-04-28T01:58:40.218+0000] {logging_mixin.py:188} INFO - [2025-04-28T01:58:40.218+0000] {dag.py:3954} INFO - Setting next_dagrun for orchestrate_full_pipeline to None, run_after=None
[2025-04-28T01:58:40.226+0000] {processor.py:183} INFO - Processing /opt/airflow/dags/orchestrate_full_pipeline.py took 0.055 seconds
[2025-04-28T01:59:10.286+0000] {processor.py:161} INFO - Started process (PID=753) to work on /opt/airflow/dags/orchestrate_full_pipeline.py
[2025-04-28T01:59:10.287+0000] {processor.py:830} INFO - Processing file /opt/airflow/dags/orchestrate_full_pipeline.py for tasks to queue
[2025-04-28T01:59:10.289+0000] {logging_mixin.py:188} INFO - [2025-04-28T01:59:10.289+0000] {dagbag.py:540} INFO - Filling up the DagBag from /opt/airflow/dags/orchestrate_full_pipeline.py
[2025-04-28T01:59:10.301+0000] {processor.py:840} INFO - DAG(s) 'orchestrate_full_pipeline' retrieved from /opt/airflow/dags/orchestrate_full_pipeline.py
[2025-04-28T01:59:10.318+0000] {logging_mixin.py:188} INFO - [2025-04-28T01:59:10.318+0000] {dag.py:3096} INFO - Sync 1 DAGs
[2025-04-28T01:59:10.324+0000] {logging_mixin.py:188} INFO - [2025-04-28T01:59:10.324+0000] {dag.py:3954} INFO - Setting next_dagrun for orchestrate_full_pipeline to None, run_after=None
[2025-04-28T01:59:10.333+0000] {processor.py:183} INFO - Processing /opt/airflow/dags/orchestrate_full_pipeline.py took 0.053 seconds
[2025-04-28T01:59:40.390+0000] {processor.py:161} INFO - Started process (PID=788) to work on /opt/airflow/dags/orchestrate_full_pipeline.py
[2025-04-28T01:59:40.392+0000] {processor.py:830} INFO - Processing file /opt/airflow/dags/orchestrate_full_pipeline.py for tasks to queue
[2025-04-28T01:59:40.393+0000] {logging_mixin.py:188} INFO - [2025-04-28T01:59:40.393+0000] {dagbag.py:540} INFO - Filling up the DagBag from /opt/airflow/dags/orchestrate_full_pipeline.py
[2025-04-28T01:59:40.406+0000] {processor.py:840} INFO - DAG(s) 'orchestrate_full_pipeline' retrieved from /opt/airflow/dags/orchestrate_full_pipeline.py
[2025-04-28T01:59:40.425+0000] {logging_mixin.py:188} INFO - [2025-04-28T01:59:40.425+0000] {dag.py:3096} INFO - Sync 1 DAGs
[2025-04-28T01:59:40.431+0000] {logging_mixin.py:188} INFO - [2025-04-28T01:59:40.431+0000] {dag.py:3954} INFO - Setting next_dagrun for orchestrate_full_pipeline to None, run_after=None
[2025-04-28T01:59:40.439+0000] {processor.py:183} INFO - Processing /opt/airflow/dags/orchestrate_full_pipeline.py took 0.055 seconds
[2025-04-28T02:00:10.483+0000] {processor.py:161} INFO - Started process (PID=823) to work on /opt/airflow/dags/orchestrate_full_pipeline.py
[2025-04-28T02:00:10.484+0000] {processor.py:830} INFO - Processing file /opt/airflow/dags/orchestrate_full_pipeline.py for tasks to queue
[2025-04-28T02:00:10.485+0000] {logging_mixin.py:188} INFO - [2025-04-28T02:00:10.485+0000] {dagbag.py:540} INFO - Filling up the DagBag from /opt/airflow/dags/orchestrate_full_pipeline.py
[2025-04-28T02:00:10.495+0000] {processor.py:840} INFO - DAG(s) 'orchestrate_full_pipeline' retrieved from /opt/airflow/dags/orchestrate_full_pipeline.py
[2025-04-28T02:00:10.512+0000] {logging_mixin.py:188} INFO - [2025-04-28T02:00:10.512+0000] {dag.py:3096} INFO - Sync 1 DAGs
[2025-04-28T02:00:10.519+0000] {logging_mixin.py:188} INFO - [2025-04-28T02:00:10.519+0000] {dag.py:3954} INFO - Setting next_dagrun for orchestrate_full_pipeline to None, run_after=None
[2025-04-28T02:00:10.528+0000] {processor.py:183} INFO - Processing /opt/airflow/dags/orchestrate_full_pipeline.py took 0.050 seconds
[2025-04-28T02:00:40.605+0000] {processor.py:161} INFO - Started process (PID=858) to work on /opt/airflow/dags/orchestrate_full_pipeline.py
[2025-04-28T02:00:40.606+0000] {processor.py:830} INFO - Processing file /opt/airflow/dags/orchestrate_full_pipeline.py for tasks to queue
[2025-04-28T02:00:40.608+0000] {logging_mixin.py:188} INFO - [2025-04-28T02:00:40.608+0000] {dagbag.py:540} INFO - Filling up the DagBag from /opt/airflow/dags/orchestrate_full_pipeline.py
[2025-04-28T02:00:40.620+0000] {processor.py:840} INFO - DAG(s) 'orchestrate_full_pipeline' retrieved from /opt/airflow/dags/orchestrate_full_pipeline.py
[2025-04-28T02:00:40.637+0000] {logging_mixin.py:188} INFO - [2025-04-28T02:00:40.637+0000] {dag.py:3096} INFO - Sync 1 DAGs
[2025-04-28T02:00:40.643+0000] {logging_mixin.py:188} INFO - [2025-04-28T02:00:40.643+0000] {dag.py:3954} INFO - Setting next_dagrun for orchestrate_full_pipeline to None, run_after=None
[2025-04-28T02:00:40.651+0000] {processor.py:183} INFO - Processing /opt/airflow/dags/orchestrate_full_pipeline.py took 0.051 seconds
[2025-04-28T02:01:10.743+0000] {processor.py:161} INFO - Started process (PID=893) to work on /opt/airflow/dags/orchestrate_full_pipeline.py
[2025-04-28T02:01:10.744+0000] {processor.py:830} INFO - Processing file /opt/airflow/dags/orchestrate_full_pipeline.py for tasks to queue
[2025-04-28T02:01:10.746+0000] {logging_mixin.py:188} INFO - [2025-04-28T02:01:10.746+0000] {dagbag.py:540} INFO - Filling up the DagBag from /opt/airflow/dags/orchestrate_full_pipeline.py
[2025-04-28T02:01:10.759+0000] {processor.py:840} INFO - DAG(s) 'orchestrate_full_pipeline' retrieved from /opt/airflow/dags/orchestrate_full_pipeline.py
[2025-04-28T02:01:10.776+0000] {logging_mixin.py:188} INFO - [2025-04-28T02:01:10.776+0000] {dag.py:3096} INFO - Sync 1 DAGs
[2025-04-28T02:01:10.782+0000] {logging_mixin.py:188} INFO - [2025-04-28T02:01:10.782+0000] {dag.py:3954} INFO - Setting next_dagrun for orchestrate_full_pipeline to None, run_after=None
[2025-04-28T02:01:10.791+0000] {processor.py:183} INFO - Processing /opt/airflow/dags/orchestrate_full_pipeline.py took 0.054 seconds
[2025-04-28T02:01:40.867+0000] {processor.py:161} INFO - Started process (PID=928) to work on /opt/airflow/dags/orchestrate_full_pipeline.py
[2025-04-28T02:01:40.868+0000] {processor.py:830} INFO - Processing file /opt/airflow/dags/orchestrate_full_pipeline.py for tasks to queue
[2025-04-28T02:01:40.870+0000] {logging_mixin.py:188} INFO - [2025-04-28T02:01:40.869+0000] {dagbag.py:540} INFO - Filling up the DagBag from /opt/airflow/dags/orchestrate_full_pipeline.py
[2025-04-28T02:01:40.882+0000] {processor.py:840} INFO - DAG(s) 'orchestrate_full_pipeline' retrieved from /opt/airflow/dags/orchestrate_full_pipeline.py
[2025-04-28T02:01:40.900+0000] {logging_mixin.py:188} INFO - [2025-04-28T02:01:40.900+0000] {dag.py:3096} INFO - Sync 1 DAGs
[2025-04-28T02:01:40.907+0000] {logging_mixin.py:188} INFO - [2025-04-28T02:01:40.907+0000] {dag.py:3954} INFO - Setting next_dagrun for orchestrate_full_pipeline to None, run_after=None
[2025-04-28T02:01:40.916+0000] {processor.py:183} INFO - Processing /opt/airflow/dags/orchestrate_full_pipeline.py took 0.055 seconds
[2025-04-28T02:02:11.025+0000] {processor.py:161} INFO - Started process (PID=963) to work on /opt/airflow/dags/orchestrate_full_pipeline.py
[2025-04-28T02:02:11.026+0000] {processor.py:830} INFO - Processing file /opt/airflow/dags/orchestrate_full_pipeline.py for tasks to queue
[2025-04-28T02:02:11.028+0000] {logging_mixin.py:188} INFO - [2025-04-28T02:02:11.028+0000] {dagbag.py:540} INFO - Filling up the DagBag from /opt/airflow/dags/orchestrate_full_pipeline.py
[2025-04-28T02:02:11.040+0000] {processor.py:840} INFO - DAG(s) 'orchestrate_full_pipeline' retrieved from /opt/airflow/dags/orchestrate_full_pipeline.py
[2025-04-28T02:02:11.058+0000] {logging_mixin.py:188} INFO - [2025-04-28T02:02:11.058+0000] {dag.py:3096} INFO - Sync 1 DAGs
[2025-04-28T02:02:11.064+0000] {logging_mixin.py:188} INFO - [2025-04-28T02:02:11.064+0000] {dag.py:3954} INFO - Setting next_dagrun for orchestrate_full_pipeline to None, run_after=None
[2025-04-28T02:02:11.072+0000] {processor.py:183} INFO - Processing /opt/airflow/dags/orchestrate_full_pipeline.py took 0.053 seconds
[2025-04-28T02:02:41.167+0000] {processor.py:161} INFO - Started process (PID=998) to work on /opt/airflow/dags/orchestrate_full_pipeline.py
[2025-04-28T02:02:41.169+0000] {processor.py:830} INFO - Processing file /opt/airflow/dags/orchestrate_full_pipeline.py for tasks to queue
[2025-04-28T02:02:41.171+0000] {logging_mixin.py:188} INFO - [2025-04-28T02:02:41.170+0000] {dagbag.py:540} INFO - Filling up the DagBag from /opt/airflow/dags/orchestrate_full_pipeline.py
[2025-04-28T02:02:41.184+0000] {processor.py:840} INFO - DAG(s) 'orchestrate_full_pipeline' retrieved from /opt/airflow/dags/orchestrate_full_pipeline.py
[2025-04-28T02:02:41.202+0000] {logging_mixin.py:188} INFO - [2025-04-28T02:02:41.202+0000] {dag.py:3096} INFO - Sync 1 DAGs
[2025-04-28T02:02:41.208+0000] {logging_mixin.py:188} INFO - [2025-04-28T02:02:41.208+0000] {dag.py:3954} INFO - Setting next_dagrun for orchestrate_full_pipeline to None, run_after=None
[2025-04-28T02:02:41.217+0000] {processor.py:183} INFO - Processing /opt/airflow/dags/orchestrate_full_pipeline.py took 0.055 seconds
[2025-04-28T02:03:11.311+0000] {processor.py:161} INFO - Started process (PID=1033) to work on /opt/airflow/dags/orchestrate_full_pipeline.py
[2025-04-28T02:03:11.312+0000] {processor.py:830} INFO - Processing file /opt/airflow/dags/orchestrate_full_pipeline.py for tasks to queue
[2025-04-28T02:03:11.314+0000] {logging_mixin.py:188} INFO - [2025-04-28T02:03:11.313+0000] {dagbag.py:540} INFO - Filling up the DagBag from /opt/airflow/dags/orchestrate_full_pipeline.py
[2025-04-28T02:03:11.328+0000] {processor.py:840} INFO - DAG(s) 'orchestrate_full_pipeline' retrieved from /opt/airflow/dags/orchestrate_full_pipeline.py
[2025-04-28T02:03:11.345+0000] {logging_mixin.py:188} INFO - [2025-04-28T02:03:11.345+0000] {dag.py:3096} INFO - Sync 1 DAGs
[2025-04-28T02:03:11.351+0000] {logging_mixin.py:188} INFO - [2025-04-28T02:03:11.351+0000] {dag.py:3954} INFO - Setting next_dagrun for orchestrate_full_pipeline to None, run_after=None
[2025-04-28T02:03:11.360+0000] {processor.py:183} INFO - Processing /opt/airflow/dags/orchestrate_full_pipeline.py took 0.054 seconds
[2025-04-28T02:03:41.446+0000] {processor.py:161} INFO - Started process (PID=1068) to work on /opt/airflow/dags/orchestrate_full_pipeline.py
[2025-04-28T02:03:41.447+0000] {processor.py:830} INFO - Processing file /opt/airflow/dags/orchestrate_full_pipeline.py for tasks to queue
[2025-04-28T02:03:41.448+0000] {logging_mixin.py:188} INFO - [2025-04-28T02:03:41.448+0000] {dagbag.py:540} INFO - Filling up the DagBag from /opt/airflow/dags/orchestrate_full_pipeline.py
[2025-04-28T02:03:41.461+0000] {processor.py:840} INFO - DAG(s) 'orchestrate_full_pipeline' retrieved from /opt/airflow/dags/orchestrate_full_pipeline.py
[2025-04-28T02:03:41.477+0000] {logging_mixin.py:188} INFO - [2025-04-28T02:03:41.477+0000] {dag.py:3096} INFO - Sync 1 DAGs
[2025-04-28T02:03:41.483+0000] {logging_mixin.py:188} INFO - [2025-04-28T02:03:41.483+0000] {dag.py:3954} INFO - Setting next_dagrun for orchestrate_full_pipeline to None, run_after=None
[2025-04-28T02:03:41.492+0000] {processor.py:183} INFO - Processing /opt/airflow/dags/orchestrate_full_pipeline.py took 0.051 seconds
[2025-04-28T02:04:11.564+0000] {processor.py:161} INFO - Started process (PID=1103) to work on /opt/airflow/dags/orchestrate_full_pipeline.py
[2025-04-28T02:04:11.565+0000] {processor.py:830} INFO - Processing file /opt/airflow/dags/orchestrate_full_pipeline.py for tasks to queue
[2025-04-28T02:04:11.566+0000] {logging_mixin.py:188} INFO - [2025-04-28T02:04:11.566+0000] {dagbag.py:540} INFO - Filling up the DagBag from /opt/airflow/dags/orchestrate_full_pipeline.py
[2025-04-28T02:04:11.580+0000] {processor.py:840} INFO - DAG(s) 'orchestrate_full_pipeline' retrieved from /opt/airflow/dags/orchestrate_full_pipeline.py
[2025-04-28T02:04:11.598+0000] {logging_mixin.py:188} INFO - [2025-04-28T02:04:11.598+0000] {dag.py:3096} INFO - Sync 1 DAGs
[2025-04-28T02:04:11.604+0000] {logging_mixin.py:188} INFO - [2025-04-28T02:04:11.604+0000] {dag.py:3954} INFO - Setting next_dagrun for orchestrate_full_pipeline to None, run_after=None
[2025-04-28T02:04:11.612+0000] {processor.py:183} INFO - Processing /opt/airflow/dags/orchestrate_full_pipeline.py took 0.054 seconds
[2025-04-28T02:04:41.669+0000] {processor.py:161} INFO - Started process (PID=1138) to work on /opt/airflow/dags/orchestrate_full_pipeline.py
[2025-04-28T02:04:41.671+0000] {processor.py:830} INFO - Processing file /opt/airflow/dags/orchestrate_full_pipeline.py for tasks to queue
[2025-04-28T02:04:41.672+0000] {logging_mixin.py:188} INFO - [2025-04-28T02:04:41.672+0000] {dagbag.py:540} INFO - Filling up the DagBag from /opt/airflow/dags/orchestrate_full_pipeline.py
[2025-04-28T02:04:41.689+0000] {processor.py:840} INFO - DAG(s) 'orchestrate_full_pipeline' retrieved from /opt/airflow/dags/orchestrate_full_pipeline.py
[2025-04-28T02:04:41.706+0000] {logging_mixin.py:188} INFO - [2025-04-28T02:04:41.706+0000] {dag.py:3096} INFO - Sync 1 DAGs
[2025-04-28T02:04:41.712+0000] {logging_mixin.py:188} INFO - [2025-04-28T02:04:41.712+0000] {dag.py:3954} INFO - Setting next_dagrun for orchestrate_full_pipeline to None, run_after=None
[2025-04-28T02:04:41.720+0000] {processor.py:183} INFO - Processing /opt/airflow/dags/orchestrate_full_pipeline.py took 0.058 seconds
[2025-04-28T02:05:11.805+0000] {processor.py:161} INFO - Started process (PID=1173) to work on /opt/airflow/dags/orchestrate_full_pipeline.py
[2025-04-28T02:05:11.806+0000] {processor.py:830} INFO - Processing file /opt/airflow/dags/orchestrate_full_pipeline.py for tasks to queue
[2025-04-28T02:05:11.807+0000] {logging_mixin.py:188} INFO - [2025-04-28T02:05:11.807+0000] {dagbag.py:540} INFO - Filling up the DagBag from /opt/airflow/dags/orchestrate_full_pipeline.py
[2025-04-28T02:05:11.822+0000] {processor.py:840} INFO - DAG(s) 'orchestrate_full_pipeline' retrieved from /opt/airflow/dags/orchestrate_full_pipeline.py
[2025-04-28T02:05:11.842+0000] {logging_mixin.py:188} INFO - [2025-04-28T02:05:11.842+0000] {dag.py:3096} INFO - Sync 1 DAGs
[2025-04-28T02:05:11.847+0000] {logging_mixin.py:188} INFO - [2025-04-28T02:05:11.847+0000] {dag.py:3954} INFO - Setting next_dagrun for orchestrate_full_pipeline to None, run_after=None
[2025-04-28T02:05:11.856+0000] {processor.py:183} INFO - Processing /opt/airflow/dags/orchestrate_full_pipeline.py took 0.058 seconds
[2025-04-28T02:05:41.975+0000] {processor.py:161} INFO - Started process (PID=1208) to work on /opt/airflow/dags/orchestrate_full_pipeline.py
[2025-04-28T02:05:41.976+0000] {processor.py:830} INFO - Processing file /opt/airflow/dags/orchestrate_full_pipeline.py for tasks to queue
[2025-04-28T02:05:41.978+0000] {logging_mixin.py:188} INFO - [2025-04-28T02:05:41.977+0000] {dagbag.py:540} INFO - Filling up the DagBag from /opt/airflow/dags/orchestrate_full_pipeline.py
[2025-04-28T02:05:41.992+0000] {processor.py:840} INFO - DAG(s) 'orchestrate_full_pipeline' retrieved from /opt/airflow/dags/orchestrate_full_pipeline.py
[2025-04-28T02:05:42.012+0000] {logging_mixin.py:188} INFO - [2025-04-28T02:05:42.011+0000] {dag.py:3096} INFO - Sync 1 DAGs
[2025-04-28T02:05:42.018+0000] {logging_mixin.py:188} INFO - [2025-04-28T02:05:42.018+0000] {dag.py:3954} INFO - Setting next_dagrun for orchestrate_full_pipeline to None, run_after=None
[2025-04-28T02:05:42.026+0000] {processor.py:183} INFO - Processing /opt/airflow/dags/orchestrate_full_pipeline.py took 0.057 seconds
[2025-04-28T02:06:12.125+0000] {processor.py:161} INFO - Started process (PID=1243) to work on /opt/airflow/dags/orchestrate_full_pipeline.py
[2025-04-28T02:06:12.126+0000] {processor.py:830} INFO - Processing file /opt/airflow/dags/orchestrate_full_pipeline.py for tasks to queue
[2025-04-28T02:06:12.128+0000] {logging_mixin.py:188} INFO - [2025-04-28T02:06:12.127+0000] {dagbag.py:540} INFO - Filling up the DagBag from /opt/airflow/dags/orchestrate_full_pipeline.py
[2025-04-28T02:06:12.143+0000] {processor.py:840} INFO - DAG(s) 'orchestrate_full_pipeline' retrieved from /opt/airflow/dags/orchestrate_full_pipeline.py
[2025-04-28T02:06:12.161+0000] {logging_mixin.py:188} INFO - [2025-04-28T02:06:12.161+0000] {dag.py:3096} INFO - Sync 1 DAGs
[2025-04-28T02:06:12.167+0000] {logging_mixin.py:188} INFO - [2025-04-28T02:06:12.167+0000] {dag.py:3954} INFO - Setting next_dagrun for orchestrate_full_pipeline to None, run_after=None
[2025-04-28T02:06:12.175+0000] {processor.py:183} INFO - Processing /opt/airflow/dags/orchestrate_full_pipeline.py took 0.057 seconds
[2025-04-28T02:06:42.301+0000] {processor.py:161} INFO - Started process (PID=1278) to work on /opt/airflow/dags/orchestrate_full_pipeline.py
[2025-04-28T02:06:42.302+0000] {processor.py:830} INFO - Processing file /opt/airflow/dags/orchestrate_full_pipeline.py for tasks to queue
[2025-04-28T02:06:42.304+0000] {logging_mixin.py:188} INFO - [2025-04-28T02:06:42.304+0000] {dagbag.py:540} INFO - Filling up the DagBag from /opt/airflow/dags/orchestrate_full_pipeline.py
[2025-04-28T02:06:42.318+0000] {processor.py:840} INFO - DAG(s) 'orchestrate_full_pipeline' retrieved from /opt/airflow/dags/orchestrate_full_pipeline.py
[2025-04-28T02:06:42.338+0000] {logging_mixin.py:188} INFO - [2025-04-28T02:06:42.338+0000] {dag.py:3096} INFO - Sync 1 DAGs
[2025-04-28T02:06:42.344+0000] {logging_mixin.py:188} INFO - [2025-04-28T02:06:42.344+0000] {dag.py:3954} INFO - Setting next_dagrun for orchestrate_full_pipeline to None, run_after=None
[2025-04-28T02:06:42.352+0000] {processor.py:183} INFO - Processing /opt/airflow/dags/orchestrate_full_pipeline.py took 0.057 seconds
[2025-04-28T02:07:12.401+0000] {processor.py:161} INFO - Started process (PID=1313) to work on /opt/airflow/dags/orchestrate_full_pipeline.py
[2025-04-28T02:07:12.403+0000] {processor.py:830} INFO - Processing file /opt/airflow/dags/orchestrate_full_pipeline.py for tasks to queue
[2025-04-28T02:07:12.405+0000] {logging_mixin.py:188} INFO - [2025-04-28T02:07:12.405+0000] {dagbag.py:540} INFO - Filling up the DagBag from /opt/airflow/dags/orchestrate_full_pipeline.py
[2025-04-28T02:07:12.423+0000] {processor.py:840} INFO - DAG(s) 'orchestrate_full_pipeline' retrieved from /opt/airflow/dags/orchestrate_full_pipeline.py
[2025-04-28T02:07:12.440+0000] {logging_mixin.py:188} INFO - [2025-04-28T02:07:12.440+0000] {dag.py:3096} INFO - Sync 1 DAGs
[2025-04-28T02:07:12.447+0000] {logging_mixin.py:188} INFO - [2025-04-28T02:07:12.447+0000] {dag.py:3954} INFO - Setting next_dagrun for orchestrate_full_pipeline to None, run_after=None
[2025-04-28T02:07:12.459+0000] {processor.py:183} INFO - Processing /opt/airflow/dags/orchestrate_full_pipeline.py took 0.065 seconds
[2025-04-28T02:07:43.474+0000] {processor.py:161} INFO - Started process (PID=1348) to work on /opt/airflow/dags/orchestrate_full_pipeline.py
[2025-04-28T02:07:43.475+0000] {processor.py:830} INFO - Processing file /opt/airflow/dags/orchestrate_full_pipeline.py for tasks to queue
[2025-04-28T02:07:43.477+0000] {logging_mixin.py:188} INFO - [2025-04-28T02:07:43.477+0000] {dagbag.py:540} INFO - Filling up the DagBag from /opt/airflow/dags/orchestrate_full_pipeline.py
[2025-04-28T02:07:43.491+0000] {processor.py:840} INFO - DAG(s) 'orchestrate_full_pipeline' retrieved from /opt/airflow/dags/orchestrate_full_pipeline.py
[2025-04-28T02:07:43.510+0000] {logging_mixin.py:188} INFO - [2025-04-28T02:07:43.510+0000] {dag.py:3096} INFO - Sync 1 DAGs
[2025-04-28T02:07:43.516+0000] {logging_mixin.py:188} INFO - [2025-04-28T02:07:43.516+0000] {dag.py:3954} INFO - Setting next_dagrun for orchestrate_full_pipeline to None, run_after=None
[2025-04-28T02:07:43.524+0000] {processor.py:183} INFO - Processing /opt/airflow/dags/orchestrate_full_pipeline.py took 0.057 seconds
[2025-04-28T02:08:13.570+0000] {processor.py:161} INFO - Started process (PID=1383) to work on /opt/airflow/dags/orchestrate_full_pipeline.py
[2025-04-28T02:08:13.571+0000] {processor.py:830} INFO - Processing file /opt/airflow/dags/orchestrate_full_pipeline.py for tasks to queue
[2025-04-28T02:08:13.572+0000] {logging_mixin.py:188} INFO - [2025-04-28T02:08:13.571+0000] {dagbag.py:540} INFO - Filling up the DagBag from /opt/airflow/dags/orchestrate_full_pipeline.py
[2025-04-28T02:08:13.578+0000] {processor.py:840} INFO - DAG(s) 'orchestrate_full_pipeline' retrieved from /opt/airflow/dags/orchestrate_full_pipeline.py
[2025-04-28T02:08:13.590+0000] {logging_mixin.py:188} INFO - [2025-04-28T02:08:13.589+0000] {dag.py:3096} INFO - Sync 1 DAGs
[2025-04-28T02:08:13.595+0000] {logging_mixin.py:188} INFO - [2025-04-28T02:08:13.595+0000] {dag.py:3954} INFO - Setting next_dagrun for orchestrate_full_pipeline to None, run_after=None
[2025-04-28T02:08:13.602+0000] {processor.py:183} INFO - Processing /opt/airflow/dags/orchestrate_full_pipeline.py took 0.034 seconds
[2025-04-28T02:08:43.915+0000] {processor.py:161} INFO - Started process (PID=1388) to work on /opt/airflow/dags/orchestrate_full_pipeline.py
[2025-04-28T02:08:43.916+0000] {processor.py:830} INFO - Processing file /opt/airflow/dags/orchestrate_full_pipeline.py for tasks to queue
[2025-04-28T02:08:43.918+0000] {logging_mixin.py:188} INFO - [2025-04-28T02:08:43.917+0000] {dagbag.py:540} INFO - Filling up the DagBag from /opt/airflow/dags/orchestrate_full_pipeline.py
[2025-04-28T02:08:43.929+0000] {processor.py:840} INFO - DAG(s) 'orchestrate_full_pipeline' retrieved from /opt/airflow/dags/orchestrate_full_pipeline.py
[2025-04-28T02:08:43.944+0000] {logging_mixin.py:188} INFO - [2025-04-28T02:08:43.944+0000] {dag.py:3096} INFO - Sync 1 DAGs
[2025-04-28T02:08:43.950+0000] {logging_mixin.py:188} INFO - [2025-04-28T02:08:43.950+0000] {dag.py:3954} INFO - Setting next_dagrun for orchestrate_full_pipeline to None, run_after=None
[2025-04-28T02:08:43.959+0000] {processor.py:183} INFO - Processing /opt/airflow/dags/orchestrate_full_pipeline.py took 0.049 seconds
[2025-04-28T02:09:14.877+0000] {processor.py:161} INFO - Started process (PID=1423) to work on /opt/airflow/dags/orchestrate_full_pipeline.py
[2025-04-28T02:09:14.878+0000] {processor.py:830} INFO - Processing file /opt/airflow/dags/orchestrate_full_pipeline.py for tasks to queue
[2025-04-28T02:09:14.879+0000] {logging_mixin.py:188} INFO - [2025-04-28T02:09:14.879+0000] {dagbag.py:540} INFO - Filling up the DagBag from /opt/airflow/dags/orchestrate_full_pipeline.py
[2025-04-28T02:09:14.892+0000] {processor.py:840} INFO - DAG(s) 'orchestrate_full_pipeline' retrieved from /opt/airflow/dags/orchestrate_full_pipeline.py
[2025-04-28T02:09:14.909+0000] {logging_mixin.py:188} INFO - [2025-04-28T02:09:14.909+0000] {dag.py:3096} INFO - Sync 1 DAGs
[2025-04-28T02:09:14.918+0000] {logging_mixin.py:188} INFO - [2025-04-28T02:09:14.918+0000] {dag.py:3954} INFO - Setting next_dagrun for orchestrate_full_pipeline to None, run_after=None
[2025-04-28T02:09:14.929+0000] {processor.py:183} INFO - Processing /opt/airflow/dags/orchestrate_full_pipeline.py took 0.058 seconds
[2025-04-28T02:09:45.869+0000] {processor.py:161} INFO - Started process (PID=1458) to work on /opt/airflow/dags/orchestrate_full_pipeline.py
[2025-04-28T02:09:45.870+0000] {processor.py:830} INFO - Processing file /opt/airflow/dags/orchestrate_full_pipeline.py for tasks to queue
[2025-04-28T02:09:45.871+0000] {logging_mixin.py:188} INFO - [2025-04-28T02:09:45.870+0000] {dagbag.py:540} INFO - Filling up the DagBag from /opt/airflow/dags/orchestrate_full_pipeline.py
[2025-04-28T02:09:45.884+0000] {processor.py:840} INFO - DAG(s) 'orchestrate_full_pipeline' retrieved from /opt/airflow/dags/orchestrate_full_pipeline.py
[2025-04-28T02:09:45.899+0000] {logging_mixin.py:188} INFO - [2025-04-28T02:09:45.899+0000] {dag.py:3096} INFO - Sync 1 DAGs
[2025-04-28T02:09:45.905+0000] {logging_mixin.py:188} INFO - [2025-04-28T02:09:45.905+0000] {dag.py:3954} INFO - Setting next_dagrun for orchestrate_full_pipeline to None, run_after=None
[2025-04-28T02:09:45.914+0000] {processor.py:183} INFO - Processing /opt/airflow/dags/orchestrate_full_pipeline.py took 0.051 seconds
[2025-04-28T02:10:15.965+0000] {processor.py:161} INFO - Started process (PID=1493) to work on /opt/airflow/dags/orchestrate_full_pipeline.py
[2025-04-28T02:10:15.965+0000] {processor.py:830} INFO - Processing file /opt/airflow/dags/orchestrate_full_pipeline.py for tasks to queue
[2025-04-28T02:10:15.966+0000] {logging_mixin.py:188} INFO - [2025-04-28T02:10:15.966+0000] {dagbag.py:540} INFO - Filling up the DagBag from /opt/airflow/dags/orchestrate_full_pipeline.py
[2025-04-28T02:10:15.974+0000] {processor.py:840} INFO - DAG(s) 'orchestrate_full_pipeline' retrieved from /opt/airflow/dags/orchestrate_full_pipeline.py
[2025-04-28T02:10:15.990+0000] {logging_mixin.py:188} INFO - [2025-04-28T02:10:15.990+0000] {dag.py:3096} INFO - Sync 1 DAGs
[2025-04-28T02:10:15.997+0000] {logging_mixin.py:188} INFO - [2025-04-28T02:10:15.997+0000] {dag.py:3954} INFO - Setting next_dagrun for orchestrate_full_pipeline to None, run_after=None
[2025-04-28T02:10:16.006+0000] {processor.py:183} INFO - Processing /opt/airflow/dags/orchestrate_full_pipeline.py took 0.046 seconds
[2025-04-28T02:10:46.831+0000] {processor.py:161} INFO - Started process (PID=1528) to work on /opt/airflow/dags/orchestrate_full_pipeline.py
[2025-04-28T02:10:46.832+0000] {processor.py:830} INFO - Processing file /opt/airflow/dags/orchestrate_full_pipeline.py for tasks to queue
[2025-04-28T02:10:46.834+0000] {logging_mixin.py:188} INFO - [2025-04-28T02:10:46.833+0000] {dagbag.py:540} INFO - Filling up the DagBag from /opt/airflow/dags/orchestrate_full_pipeline.py
[2025-04-28T02:10:46.848+0000] {processor.py:840} INFO - DAG(s) 'orchestrate_full_pipeline' retrieved from /opt/airflow/dags/orchestrate_full_pipeline.py
[2025-04-28T02:10:46.868+0000] {logging_mixin.py:188} INFO - [2025-04-28T02:10:46.868+0000] {dag.py:3096} INFO - Sync 1 DAGs
[2025-04-28T02:10:46.873+0000] {logging_mixin.py:188} INFO - [2025-04-28T02:10:46.873+0000] {dag.py:3954} INFO - Setting next_dagrun for orchestrate_full_pipeline to None, run_after=None
[2025-04-28T02:10:46.881+0000] {processor.py:183} INFO - Processing /opt/airflow/dags/orchestrate_full_pipeline.py took 0.058 seconds
[2025-04-28T02:11:17.686+0000] {processor.py:161} INFO - Started process (PID=1563) to work on /opt/airflow/dags/orchestrate_full_pipeline.py
[2025-04-28T02:11:17.687+0000] {processor.py:830} INFO - Processing file /opt/airflow/dags/orchestrate_full_pipeline.py for tasks to queue
[2025-04-28T02:11:17.688+0000] {logging_mixin.py:188} INFO - [2025-04-28T02:11:17.688+0000] {dagbag.py:540} INFO - Filling up the DagBag from /opt/airflow/dags/orchestrate_full_pipeline.py
[2025-04-28T02:11:17.702+0000] {processor.py:840} INFO - DAG(s) 'orchestrate_full_pipeline' retrieved from /opt/airflow/dags/orchestrate_full_pipeline.py
[2025-04-28T02:11:17.721+0000] {logging_mixin.py:188} INFO - [2025-04-28T02:11:17.721+0000] {dag.py:3096} INFO - Sync 1 DAGs
[2025-04-28T02:11:17.728+0000] {logging_mixin.py:188} INFO - [2025-04-28T02:11:17.728+0000] {dag.py:3954} INFO - Setting next_dagrun for orchestrate_full_pipeline to None, run_after=None
[2025-04-28T02:11:17.736+0000] {processor.py:183} INFO - Processing /opt/airflow/dags/orchestrate_full_pipeline.py took 0.057 seconds
[2025-04-28T02:11:48.596+0000] {processor.py:161} INFO - Started process (PID=1598) to work on /opt/airflow/dags/orchestrate_full_pipeline.py
[2025-04-28T02:11:48.597+0000] {processor.py:830} INFO - Processing file /opt/airflow/dags/orchestrate_full_pipeline.py for tasks to queue
[2025-04-28T02:11:48.599+0000] {logging_mixin.py:188} INFO - [2025-04-28T02:11:48.598+0000] {dagbag.py:540} INFO - Filling up the DagBag from /opt/airflow/dags/orchestrate_full_pipeline.py
[2025-04-28T02:11:48.613+0000] {processor.py:840} INFO - DAG(s) 'orchestrate_full_pipeline' retrieved from /opt/airflow/dags/orchestrate_full_pipeline.py
[2025-04-28T02:11:48.632+0000] {logging_mixin.py:188} INFO - [2025-04-28T02:11:48.632+0000] {dag.py:3096} INFO - Sync 1 DAGs
[2025-04-28T02:11:48.638+0000] {logging_mixin.py:188} INFO - [2025-04-28T02:11:48.638+0000] {dag.py:3954} INFO - Setting next_dagrun for orchestrate_full_pipeline to None, run_after=None
[2025-04-28T02:11:48.646+0000] {processor.py:183} INFO - Processing /opt/airflow/dags/orchestrate_full_pipeline.py took 0.057 seconds
[2025-04-28T02:12:19.450+0000] {processor.py:161} INFO - Started process (PID=1633) to work on /opt/airflow/dags/orchestrate_full_pipeline.py
[2025-04-28T02:12:19.451+0000] {processor.py:830} INFO - Processing file /opt/airflow/dags/orchestrate_full_pipeline.py for tasks to queue
[2025-04-28T02:12:19.452+0000] {logging_mixin.py:188} INFO - [2025-04-28T02:12:19.452+0000] {dagbag.py:540} INFO - Filling up the DagBag from /opt/airflow/dags/orchestrate_full_pipeline.py
[2025-04-28T02:12:19.467+0000] {processor.py:840} INFO - DAG(s) 'orchestrate_full_pipeline' retrieved from /opt/airflow/dags/orchestrate_full_pipeline.py
[2025-04-28T02:12:19.484+0000] {logging_mixin.py:188} INFO - [2025-04-28T02:12:19.483+0000] {dag.py:3096} INFO - Sync 1 DAGs
[2025-04-28T02:12:19.489+0000] {logging_mixin.py:188} INFO - [2025-04-28T02:12:19.489+0000] {dag.py:3954} INFO - Setting next_dagrun for orchestrate_full_pipeline to None, run_after=None
[2025-04-28T02:12:19.498+0000] {processor.py:183} INFO - Processing /opt/airflow/dags/orchestrate_full_pipeline.py took 0.055 seconds
[2025-04-28T02:12:50.323+0000] {processor.py:161} INFO - Started process (PID=1668) to work on /opt/airflow/dags/orchestrate_full_pipeline.py
[2025-04-28T02:12:50.324+0000] {processor.py:830} INFO - Processing file /opt/airflow/dags/orchestrate_full_pipeline.py for tasks to queue
[2025-04-28T02:12:50.326+0000] {logging_mixin.py:188} INFO - [2025-04-28T02:12:50.326+0000] {dagbag.py:540} INFO - Filling up the DagBag from /opt/airflow/dags/orchestrate_full_pipeline.py
[2025-04-28T02:12:50.339+0000] {processor.py:840} INFO - DAG(s) 'orchestrate_full_pipeline' retrieved from /opt/airflow/dags/orchestrate_full_pipeline.py
[2025-04-28T02:12:50.353+0000] {logging_mixin.py:188} INFO - [2025-04-28T02:12:50.353+0000] {dag.py:3096} INFO - Sync 1 DAGs
[2025-04-28T02:12:50.359+0000] {logging_mixin.py:188} INFO - [2025-04-28T02:12:50.359+0000] {dag.py:3954} INFO - Setting next_dagrun for orchestrate_full_pipeline to None, run_after=None
[2025-04-28T02:12:50.368+0000] {processor.py:183} INFO - Processing /opt/airflow/dags/orchestrate_full_pipeline.py took 0.051 seconds
[2025-04-28T02:13:20.435+0000] {processor.py:161} INFO - Started process (PID=1703) to work on /opt/airflow/dags/orchestrate_full_pipeline.py
[2025-04-28T02:13:20.437+0000] {processor.py:830} INFO - Processing file /opt/airflow/dags/orchestrate_full_pipeline.py for tasks to queue
[2025-04-28T02:13:20.438+0000] {logging_mixin.py:188} INFO - [2025-04-28T02:13:20.438+0000] {dagbag.py:540} INFO - Filling up the DagBag from /opt/airflow/dags/orchestrate_full_pipeline.py
[2025-04-28T02:13:20.453+0000] {processor.py:840} INFO - DAG(s) 'orchestrate_full_pipeline' retrieved from /opt/airflow/dags/orchestrate_full_pipeline.py
[2025-04-28T02:13:20.470+0000] {logging_mixin.py:188} INFO - [2025-04-28T02:13:20.470+0000] {dag.py:3096} INFO - Sync 1 DAGs
[2025-04-28T02:13:20.476+0000] {logging_mixin.py:188} INFO - [2025-04-28T02:13:20.476+0000] {dag.py:3954} INFO - Setting next_dagrun for orchestrate_full_pipeline to None, run_after=None
[2025-04-28T02:13:20.484+0000] {processor.py:183} INFO - Processing /opt/airflow/dags/orchestrate_full_pipeline.py took 0.057 seconds
[2025-04-28T02:13:51.291+0000] {processor.py:161} INFO - Started process (PID=1738) to work on /opt/airflow/dags/orchestrate_full_pipeline.py
[2025-04-28T02:13:51.292+0000] {processor.py:830} INFO - Processing file /opt/airflow/dags/orchestrate_full_pipeline.py for tasks to queue
[2025-04-28T02:13:51.294+0000] {logging_mixin.py:188} INFO - [2025-04-28T02:13:51.293+0000] {dagbag.py:540} INFO - Filling up the DagBag from /opt/airflow/dags/orchestrate_full_pipeline.py
[2025-04-28T02:13:51.308+0000] {processor.py:840} INFO - DAG(s) 'orchestrate_full_pipeline' retrieved from /opt/airflow/dags/orchestrate_full_pipeline.py
[2025-04-28T02:13:51.328+0000] {logging_mixin.py:188} INFO - [2025-04-28T02:13:51.328+0000] {dag.py:3096} INFO - Sync 1 DAGs
[2025-04-28T02:13:51.334+0000] {logging_mixin.py:188} INFO - [2025-04-28T02:13:51.333+0000] {dag.py:3954} INFO - Setting next_dagrun for orchestrate_full_pipeline to None, run_after=None
[2025-04-28T02:13:51.342+0000] {processor.py:183} INFO - Processing /opt/airflow/dags/orchestrate_full_pipeline.py took 0.058 seconds
[2025-04-28T02:14:22.131+0000] {processor.py:161} INFO - Started process (PID=1773) to work on /opt/airflow/dags/orchestrate_full_pipeline.py
[2025-04-28T02:14:22.132+0000] {processor.py:830} INFO - Processing file /opt/airflow/dags/orchestrate_full_pipeline.py for tasks to queue
[2025-04-28T02:14:22.135+0000] {logging_mixin.py:188} INFO - [2025-04-28T02:14:22.135+0000] {dagbag.py:540} INFO - Filling up the DagBag from /opt/airflow/dags/orchestrate_full_pipeline.py
[2025-04-28T02:14:22.150+0000] {processor.py:840} INFO - DAG(s) 'orchestrate_full_pipeline' retrieved from /opt/airflow/dags/orchestrate_full_pipeline.py
[2025-04-28T02:14:22.170+0000] {logging_mixin.py:188} INFO - [2025-04-28T02:14:22.170+0000] {dag.py:3096} INFO - Sync 1 DAGs
[2025-04-28T02:14:22.176+0000] {logging_mixin.py:188} INFO - [2025-04-28T02:14:22.176+0000] {dag.py:3954} INFO - Setting next_dagrun for orchestrate_full_pipeline to None, run_after=None
[2025-04-28T02:14:22.185+0000] {processor.py:183} INFO - Processing /opt/airflow/dags/orchestrate_full_pipeline.py took 0.060 seconds
[2025-04-28T02:14:52.254+0000] {processor.py:161} INFO - Started process (PID=1808) to work on /opt/airflow/dags/orchestrate_full_pipeline.py
[2025-04-28T02:14:52.255+0000] {processor.py:830} INFO - Processing file /opt/airflow/dags/orchestrate_full_pipeline.py for tasks to queue
[2025-04-28T02:14:52.257+0000] {logging_mixin.py:188} INFO - [2025-04-28T02:14:52.257+0000] {dagbag.py:540} INFO - Filling up the DagBag from /opt/airflow/dags/orchestrate_full_pipeline.py
[2025-04-28T02:14:52.270+0000] {processor.py:840} INFO - DAG(s) 'orchestrate_full_pipeline' retrieved from /opt/airflow/dags/orchestrate_full_pipeline.py
[2025-04-28T02:14:52.286+0000] {logging_mixin.py:188} INFO - [2025-04-28T02:14:52.286+0000] {dag.py:3096} INFO - Sync 1 DAGs
[2025-04-28T02:14:52.292+0000] {logging_mixin.py:188} INFO - [2025-04-28T02:14:52.292+0000] {dag.py:3954} INFO - Setting next_dagrun for orchestrate_full_pipeline to None, run_after=None
[2025-04-28T02:14:52.300+0000] {processor.py:183} INFO - Processing /opt/airflow/dags/orchestrate_full_pipeline.py took 0.051 seconds
[2025-04-28T02:15:23.131+0000] {processor.py:161} INFO - Started process (PID=1843) to work on /opt/airflow/dags/orchestrate_full_pipeline.py
[2025-04-28T02:15:23.132+0000] {processor.py:830} INFO - Processing file /opt/airflow/dags/orchestrate_full_pipeline.py for tasks to queue
[2025-04-28T02:15:23.135+0000] {logging_mixin.py:188} INFO - [2025-04-28T02:15:23.134+0000] {dagbag.py:540} INFO - Filling up the DagBag from /opt/airflow/dags/orchestrate_full_pipeline.py
[2025-04-28T02:15:23.150+0000] {processor.py:840} INFO - DAG(s) 'orchestrate_full_pipeline' retrieved from /opt/airflow/dags/orchestrate_full_pipeline.py
[2025-04-28T02:15:23.167+0000] {logging_mixin.py:188} INFO - [2025-04-28T02:15:23.167+0000] {dag.py:3096} INFO - Sync 1 DAGs
[2025-04-28T02:15:23.173+0000] {logging_mixin.py:188} INFO - [2025-04-28T02:15:23.173+0000] {dag.py:3954} INFO - Setting next_dagrun for orchestrate_full_pipeline to None, run_after=None
[2025-04-28T02:15:23.181+0000] {processor.py:183} INFO - Processing /opt/airflow/dags/orchestrate_full_pipeline.py took 0.056 seconds
[2025-04-28T02:15:54.006+0000] {processor.py:161} INFO - Started process (PID=1878) to work on /opt/airflow/dags/orchestrate_full_pipeline.py
[2025-04-28T02:15:54.007+0000] {processor.py:830} INFO - Processing file /opt/airflow/dags/orchestrate_full_pipeline.py for tasks to queue
[2025-04-28T02:15:54.010+0000] {logging_mixin.py:188} INFO - [2025-04-28T02:15:54.009+0000] {dagbag.py:540} INFO - Filling up the DagBag from /opt/airflow/dags/orchestrate_full_pipeline.py
[2025-04-28T02:15:54.023+0000] {processor.py:840} INFO - DAG(s) 'orchestrate_full_pipeline' retrieved from /opt/airflow/dags/orchestrate_full_pipeline.py
[2025-04-28T02:15:54.043+0000] {logging_mixin.py:188} INFO - [2025-04-28T02:15:54.043+0000] {dag.py:3096} INFO - Sync 1 DAGs
[2025-04-28T02:15:54.049+0000] {logging_mixin.py:188} INFO - [2025-04-28T02:15:54.048+0000] {dag.py:3954} INFO - Setting next_dagrun for orchestrate_full_pipeline to None, run_after=None
[2025-04-28T02:15:54.057+0000] {processor.py:183} INFO - Processing /opt/airflow/dags/orchestrate_full_pipeline.py took 0.057 seconds
[2025-04-28T02:16:24.083+0000] {processor.py:161} INFO - Started process (PID=1913) to work on /opt/airflow/dags/orchestrate_full_pipeline.py
[2025-04-28T02:16:24.084+0000] {processor.py:830} INFO - Processing file /opt/airflow/dags/orchestrate_full_pipeline.py for tasks to queue
[2025-04-28T02:16:24.086+0000] {logging_mixin.py:188} INFO - [2025-04-28T02:16:24.086+0000] {dagbag.py:540} INFO - Filling up the DagBag from /opt/airflow/dags/orchestrate_full_pipeline.py
[2025-04-28T02:16:24.100+0000] {processor.py:840} INFO - DAG(s) 'orchestrate_full_pipeline' retrieved from /opt/airflow/dags/orchestrate_full_pipeline.py
[2025-04-28T02:16:24.120+0000] {logging_mixin.py:188} INFO - [2025-04-28T02:16:24.119+0000] {dag.py:3096} INFO - Sync 1 DAGs
[2025-04-28T02:16:24.125+0000] {logging_mixin.py:188} INFO - [2025-04-28T02:16:24.125+0000] {dag.py:3954} INFO - Setting next_dagrun for orchestrate_full_pipeline to None, run_after=None
[2025-04-28T02:16:24.133+0000] {processor.py:183} INFO - Processing /opt/airflow/dags/orchestrate_full_pipeline.py took 0.057 seconds
[2025-04-28T02:16:54.993+0000] {processor.py:161} INFO - Started process (PID=1948) to work on /opt/airflow/dags/orchestrate_full_pipeline.py
[2025-04-28T02:16:54.994+0000] {processor.py:830} INFO - Processing file /opt/airflow/dags/orchestrate_full_pipeline.py for tasks to queue
[2025-04-28T02:16:54.995+0000] {logging_mixin.py:188} INFO - [2025-04-28T02:16:54.995+0000] {dagbag.py:540} INFO - Filling up the DagBag from /opt/airflow/dags/orchestrate_full_pipeline.py
[2025-04-28T02:16:55.004+0000] {processor.py:840} INFO - DAG(s) 'orchestrate_full_pipeline' retrieved from /opt/airflow/dags/orchestrate_full_pipeline.py
[2025-04-28T02:16:55.019+0000] {logging_mixin.py:188} INFO - [2025-04-28T02:16:55.019+0000] {dag.py:3096} INFO - Sync 1 DAGs
[2025-04-28T02:16:55.025+0000] {logging_mixin.py:188} INFO - [2025-04-28T02:16:55.025+0000] {dag.py:3954} INFO - Setting next_dagrun for orchestrate_full_pipeline to None, run_after=None
[2025-04-28T02:16:55.034+0000] {processor.py:183} INFO - Processing /opt/airflow/dags/orchestrate_full_pipeline.py took 0.046 seconds
[2025-04-28T02:17:25.812+0000] {processor.py:161} INFO - Started process (PID=1983) to work on /opt/airflow/dags/orchestrate_full_pipeline.py
[2025-04-28T02:17:25.813+0000] {processor.py:830} INFO - Processing file /opt/airflow/dags/orchestrate_full_pipeline.py for tasks to queue
[2025-04-28T02:17:25.815+0000] {logging_mixin.py:188} INFO - [2025-04-28T02:17:25.815+0000] {dagbag.py:540} INFO - Filling up the DagBag from /opt/airflow/dags/orchestrate_full_pipeline.py
[2025-04-28T02:17:25.824+0000] {processor.py:840} INFO - DAG(s) 'orchestrate_full_pipeline' retrieved from /opt/airflow/dags/orchestrate_full_pipeline.py
[2025-04-28T02:17:25.838+0000] {logging_mixin.py:188} INFO - [2025-04-28T02:17:25.837+0000] {dag.py:3096} INFO - Sync 1 DAGs
[2025-04-28T02:17:25.844+0000] {logging_mixin.py:188} INFO - [2025-04-28T02:17:25.843+0000] {dag.py:3954} INFO - Setting next_dagrun for orchestrate_full_pipeline to None, run_after=None
[2025-04-28T02:17:25.852+0000] {processor.py:183} INFO - Processing /opt/airflow/dags/orchestrate_full_pipeline.py took 0.046 seconds
[2025-04-28T02:17:55.932+0000] {processor.py:161} INFO - Started process (PID=2018) to work on /opt/airflow/dags/orchestrate_full_pipeline.py
[2025-04-28T02:17:55.933+0000] {processor.py:830} INFO - Processing file /opt/airflow/dags/orchestrate_full_pipeline.py for tasks to queue
[2025-04-28T02:17:55.935+0000] {logging_mixin.py:188} INFO - [2025-04-28T02:17:55.934+0000] {dagbag.py:540} INFO - Filling up the DagBag from /opt/airflow/dags/orchestrate_full_pipeline.py
[2025-04-28T02:17:55.948+0000] {processor.py:840} INFO - DAG(s) 'orchestrate_full_pipeline' retrieved from /opt/airflow/dags/orchestrate_full_pipeline.py
[2025-04-28T02:17:55.963+0000] {logging_mixin.py:188} INFO - [2025-04-28T02:17:55.963+0000] {dag.py:3096} INFO - Sync 1 DAGs
[2025-04-28T02:17:55.969+0000] {logging_mixin.py:188} INFO - [2025-04-28T02:17:55.969+0000] {dag.py:3954} INFO - Setting next_dagrun for orchestrate_full_pipeline to None, run_after=None
[2025-04-28T02:17:55.977+0000] {processor.py:183} INFO - Processing /opt/airflow/dags/orchestrate_full_pipeline.py took 0.051 seconds
[2025-04-28T02:18:26.793+0000] {processor.py:161} INFO - Started process (PID=2053) to work on /opt/airflow/dags/orchestrate_full_pipeline.py
[2025-04-28T02:18:26.795+0000] {processor.py:830} INFO - Processing file /opt/airflow/dags/orchestrate_full_pipeline.py for tasks to queue
[2025-04-28T02:18:26.796+0000] {logging_mixin.py:188} INFO - [2025-04-28T02:18:26.796+0000] {dagbag.py:540} INFO - Filling up the DagBag from /opt/airflow/dags/orchestrate_full_pipeline.py
[2025-04-28T02:18:26.811+0000] {processor.py:840} INFO - DAG(s) 'orchestrate_full_pipeline' retrieved from /opt/airflow/dags/orchestrate_full_pipeline.py
[2025-04-28T02:18:26.830+0000] {logging_mixin.py:188} INFO - [2025-04-28T02:18:26.830+0000] {dag.py:3096} INFO - Sync 1 DAGs
[2025-04-28T02:18:26.836+0000] {logging_mixin.py:188} INFO - [2025-04-28T02:18:26.835+0000] {dag.py:3954} INFO - Setting next_dagrun for orchestrate_full_pipeline to None, run_after=None
[2025-04-28T02:18:26.844+0000] {processor.py:183} INFO - Processing /opt/airflow/dags/orchestrate_full_pipeline.py took 0.058 seconds
[2025-04-28T02:18:57.648+0000] {processor.py:161} INFO - Started process (PID=2088) to work on /opt/airflow/dags/orchestrate_full_pipeline.py
[2025-04-28T02:18:57.649+0000] {processor.py:830} INFO - Processing file /opt/airflow/dags/orchestrate_full_pipeline.py for tasks to queue
[2025-04-28T02:18:57.649+0000] {logging_mixin.py:188} INFO - [2025-04-28T02:18:57.649+0000] {dagbag.py:540} INFO - Filling up the DagBag from /opt/airflow/dags/orchestrate_full_pipeline.py
[2025-04-28T02:18:57.657+0000] {processor.py:840} INFO - DAG(s) 'orchestrate_full_pipeline' retrieved from /opt/airflow/dags/orchestrate_full_pipeline.py
[2025-04-28T02:18:57.672+0000] {logging_mixin.py:188} INFO - [2025-04-28T02:18:57.672+0000] {dag.py:3096} INFO - Sync 1 DAGs
[2025-04-28T02:18:57.679+0000] {logging_mixin.py:188} INFO - [2025-04-28T02:18:57.678+0000] {dag.py:3954} INFO - Setting next_dagrun for orchestrate_full_pipeline to None, run_after=None
[2025-04-28T02:18:57.688+0000] {processor.py:183} INFO - Processing /opt/airflow/dags/orchestrate_full_pipeline.py took 0.042 seconds
[2025-04-28T02:19:28.511+0000] {processor.py:161} INFO - Started process (PID=2123) to work on /opt/airflow/dags/orchestrate_full_pipeline.py
[2025-04-28T02:19:28.513+0000] {processor.py:830} INFO - Processing file /opt/airflow/dags/orchestrate_full_pipeline.py for tasks to queue
[2025-04-28T02:19:28.515+0000] {logging_mixin.py:188} INFO - [2025-04-28T02:19:28.514+0000] {dagbag.py:540} INFO - Filling up the DagBag from /opt/airflow/dags/orchestrate_full_pipeline.py
[2025-04-28T02:19:28.525+0000] {processor.py:840} INFO - DAG(s) 'orchestrate_full_pipeline' retrieved from /opt/airflow/dags/orchestrate_full_pipeline.py
[2025-04-28T02:19:28.539+0000] {logging_mixin.py:188} INFO - [2025-04-28T02:19:28.538+0000] {dag.py:3096} INFO - Sync 1 DAGs
[2025-04-28T02:19:28.544+0000] {logging_mixin.py:188} INFO - [2025-04-28T02:19:28.544+0000] {dag.py:3954} INFO - Setting next_dagrun for orchestrate_full_pipeline to None, run_after=None
[2025-04-28T02:19:28.552+0000] {processor.py:183} INFO - Processing /opt/airflow/dags/orchestrate_full_pipeline.py took 0.048 seconds
[2025-04-28T02:19:58.625+0000] {processor.py:161} INFO - Started process (PID=2158) to work on /opt/airflow/dags/orchestrate_full_pipeline.py
[2025-04-28T02:19:58.626+0000] {processor.py:830} INFO - Processing file /opt/airflow/dags/orchestrate_full_pipeline.py for tasks to queue
[2025-04-28T02:19:58.627+0000] {logging_mixin.py:188} INFO - [2025-04-28T02:19:58.627+0000] {dagbag.py:540} INFO - Filling up the DagBag from /opt/airflow/dags/orchestrate_full_pipeline.py
[2025-04-28T02:19:58.641+0000] {processor.py:840} INFO - DAG(s) 'orchestrate_full_pipeline' retrieved from /opt/airflow/dags/orchestrate_full_pipeline.py
[2025-04-28T02:19:58.658+0000] {logging_mixin.py:188} INFO - [2025-04-28T02:19:58.657+0000] {dag.py:3096} INFO - Sync 1 DAGs
[2025-04-28T02:19:58.663+0000] {logging_mixin.py:188} INFO - [2025-04-28T02:19:58.663+0000] {dag.py:3954} INFO - Setting next_dagrun for orchestrate_full_pipeline to None, run_after=None
[2025-04-28T02:19:58.671+0000] {processor.py:183} INFO - Processing /opt/airflow/dags/orchestrate_full_pipeline.py took 0.052 seconds
[2025-04-28T02:20:29.501+0000] {processor.py:161} INFO - Started process (PID=2193) to work on /opt/airflow/dags/orchestrate_full_pipeline.py
[2025-04-28T02:20:29.502+0000] {processor.py:830} INFO - Processing file /opt/airflow/dags/orchestrate_full_pipeline.py for tasks to queue
[2025-04-28T02:20:29.504+0000] {logging_mixin.py:188} INFO - [2025-04-28T02:20:29.504+0000] {dagbag.py:540} INFO - Filling up the DagBag from /opt/airflow/dags/orchestrate_full_pipeline.py
[2025-04-28T02:20:29.518+0000] {processor.py:840} INFO - DAG(s) 'orchestrate_full_pipeline' retrieved from /opt/airflow/dags/orchestrate_full_pipeline.py
[2025-04-28T02:20:29.539+0000] {logging_mixin.py:188} INFO - [2025-04-28T02:20:29.539+0000] {dag.py:3096} INFO - Sync 1 DAGs
[2025-04-28T02:20:29.545+0000] {logging_mixin.py:188} INFO - [2025-04-28T02:20:29.544+0000] {dag.py:3954} INFO - Setting next_dagrun for orchestrate_full_pipeline to None, run_after=None
[2025-04-28T02:20:29.553+0000] {processor.py:183} INFO - Processing /opt/airflow/dags/orchestrate_full_pipeline.py took 0.059 seconds
[2025-04-28T02:20:59.641+0000] {processor.py:161} INFO - Started process (PID=2228) to work on /opt/airflow/dags/orchestrate_full_pipeline.py
[2025-04-28T02:20:59.642+0000] {processor.py:830} INFO - Processing file /opt/airflow/dags/orchestrate_full_pipeline.py for tasks to queue
[2025-04-28T02:20:59.644+0000] {logging_mixin.py:188} INFO - [2025-04-28T02:20:59.643+0000] {dagbag.py:540} INFO - Filling up the DagBag from /opt/airflow/dags/orchestrate_full_pipeline.py
[2025-04-28T02:20:59.657+0000] {processor.py:840} INFO - DAG(s) 'orchestrate_full_pipeline' retrieved from /opt/airflow/dags/orchestrate_full_pipeline.py
[2025-04-28T02:20:59.674+0000] {logging_mixin.py:188} INFO - [2025-04-28T02:20:59.674+0000] {dag.py:3096} INFO - Sync 1 DAGs
[2025-04-28T02:20:59.680+0000] {logging_mixin.py:188} INFO - [2025-04-28T02:20:59.679+0000] {dag.py:3954} INFO - Setting next_dagrun for orchestrate_full_pipeline to None, run_after=None
[2025-04-28T02:20:59.688+0000] {processor.py:183} INFO - Processing /opt/airflow/dags/orchestrate_full_pipeline.py took 0.053 seconds
[2025-04-28T02:21:29.716+0000] {processor.py:161} INFO - Started process (PID=2263) to work on /opt/airflow/dags/orchestrate_full_pipeline.py
[2025-04-28T02:21:29.718+0000] {processor.py:830} INFO - Processing file /opt/airflow/dags/orchestrate_full_pipeline.py for tasks to queue
[2025-04-28T02:21:29.720+0000] {logging_mixin.py:188} INFO - [2025-04-28T02:21:29.719+0000] {dagbag.py:540} INFO - Filling up the DagBag from /opt/airflow/dags/orchestrate_full_pipeline.py
[2025-04-28T02:21:29.735+0000] {processor.py:840} INFO - DAG(s) 'orchestrate_full_pipeline' retrieved from /opt/airflow/dags/orchestrate_full_pipeline.py
[2025-04-28T02:21:29.756+0000] {logging_mixin.py:188} INFO - [2025-04-28T02:21:29.756+0000] {dag.py:3096} INFO - Sync 1 DAGs
[2025-04-28T02:21:29.761+0000] {logging_mixin.py:188} INFO - [2025-04-28T02:21:29.761+0000] {dag.py:3954} INFO - Setting next_dagrun for orchestrate_full_pipeline to None, run_after=None
[2025-04-28T02:21:29.770+0000] {processor.py:183} INFO - Processing /opt/airflow/dags/orchestrate_full_pipeline.py took 0.060 seconds
[2025-04-28T02:21:59.801+0000] {processor.py:161} INFO - Started process (PID=2298) to work on /opt/airflow/dags/orchestrate_full_pipeline.py
[2025-04-28T02:21:59.802+0000] {processor.py:830} INFO - Processing file /opt/airflow/dags/orchestrate_full_pipeline.py for tasks to queue
[2025-04-28T02:21:59.803+0000] {logging_mixin.py:188} INFO - [2025-04-28T02:21:59.803+0000] {dagbag.py:540} INFO - Filling up the DagBag from /opt/airflow/dags/orchestrate_full_pipeline.py
[2025-04-28T02:21:59.818+0000] {processor.py:840} INFO - DAG(s) 'orchestrate_full_pipeline' retrieved from /opt/airflow/dags/orchestrate_full_pipeline.py
[2025-04-28T02:21:59.835+0000] {logging_mixin.py:188} INFO - [2025-04-28T02:21:59.834+0000] {dag.py:3096} INFO - Sync 1 DAGs
[2025-04-28T02:21:59.840+0000] {logging_mixin.py:188} INFO - [2025-04-28T02:21:59.840+0000] {dag.py:3954} INFO - Setting next_dagrun for orchestrate_full_pipeline to None, run_after=None
[2025-04-28T02:21:59.848+0000] {processor.py:183} INFO - Processing /opt/airflow/dags/orchestrate_full_pipeline.py took 0.054 seconds
[2025-04-28T02:22:30.621+0000] {processor.py:161} INFO - Started process (PID=2333) to work on /opt/airflow/dags/orchestrate_full_pipeline.py
[2025-04-28T02:22:30.622+0000] {processor.py:830} INFO - Processing file /opt/airflow/dags/orchestrate_full_pipeline.py for tasks to queue
[2025-04-28T02:22:30.624+0000] {logging_mixin.py:188} INFO - [2025-04-28T02:22:30.624+0000] {dagbag.py:540} INFO - Filling up the DagBag from /opt/airflow/dags/orchestrate_full_pipeline.py
[2025-04-28T02:22:30.639+0000] {processor.py:840} INFO - DAG(s) 'orchestrate_full_pipeline' retrieved from /opt/airflow/dags/orchestrate_full_pipeline.py
[2025-04-28T02:22:30.658+0000] {logging_mixin.py:188} INFO - [2025-04-28T02:22:30.658+0000] {dag.py:3096} INFO - Sync 1 DAGs
[2025-04-28T02:22:30.664+0000] {logging_mixin.py:188} INFO - [2025-04-28T02:22:30.663+0000] {dag.py:3954} INFO - Setting next_dagrun for orchestrate_full_pipeline to None, run_after=None
[2025-04-28T02:22:30.672+0000] {processor.py:183} INFO - Processing /opt/airflow/dags/orchestrate_full_pipeline.py took 0.057 seconds
[2025-04-28T02:23:01.505+0000] {processor.py:161} INFO - Started process (PID=2368) to work on /opt/airflow/dags/orchestrate_full_pipeline.py
[2025-04-28T02:23:01.507+0000] {processor.py:830} INFO - Processing file /opt/airflow/dags/orchestrate_full_pipeline.py for tasks to queue
[2025-04-28T02:23:01.509+0000] {logging_mixin.py:188} INFO - [2025-04-28T02:23:01.508+0000] {dagbag.py:540} INFO - Filling up the DagBag from /opt/airflow/dags/orchestrate_full_pipeline.py
[2025-04-28T02:23:01.524+0000] {processor.py:840} INFO - DAG(s) 'orchestrate_full_pipeline' retrieved from /opt/airflow/dags/orchestrate_full_pipeline.py
[2025-04-28T02:23:01.542+0000] {logging_mixin.py:188} INFO - [2025-04-28T02:23:01.542+0000] {dag.py:3096} INFO - Sync 1 DAGs
[2025-04-28T02:23:01.548+0000] {logging_mixin.py:188} INFO - [2025-04-28T02:23:01.547+0000] {dag.py:3954} INFO - Setting next_dagrun for orchestrate_full_pipeline to None, run_after=None
[2025-04-28T02:23:01.556+0000] {processor.py:183} INFO - Processing /opt/airflow/dags/orchestrate_full_pipeline.py took 0.057 seconds
[2025-04-28T02:23:32.410+0000] {processor.py:161} INFO - Started process (PID=2403) to work on /opt/airflow/dags/orchestrate_full_pipeline.py
[2025-04-28T02:23:32.411+0000] {processor.py:830} INFO - Processing file /opt/airflow/dags/orchestrate_full_pipeline.py for tasks to queue
[2025-04-28T02:23:32.413+0000] {logging_mixin.py:188} INFO - [2025-04-28T02:23:32.413+0000] {dagbag.py:540} INFO - Filling up the DagBag from /opt/airflow/dags/orchestrate_full_pipeline.py
[2025-04-28T02:23:32.426+0000] {processor.py:840} INFO - DAG(s) 'orchestrate_full_pipeline' retrieved from /opt/airflow/dags/orchestrate_full_pipeline.py
[2025-04-28T02:23:32.440+0000] {logging_mixin.py:188} INFO - [2025-04-28T02:23:32.440+0000] {dag.py:3096} INFO - Sync 1 DAGs
[2025-04-28T02:23:32.446+0000] {logging_mixin.py:188} INFO - [2025-04-28T02:23:32.446+0000] {dag.py:3954} INFO - Setting next_dagrun for orchestrate_full_pipeline to None, run_after=None
[2025-04-28T02:23:32.455+0000] {processor.py:183} INFO - Processing /opt/airflow/dags/orchestrate_full_pipeline.py took 0.051 seconds
[2025-04-28T02:24:03.234+0000] {processor.py:161} INFO - Started process (PID=2438) to work on /opt/airflow/dags/orchestrate_full_pipeline.py
[2025-04-28T02:24:03.235+0000] {processor.py:830} INFO - Processing file /opt/airflow/dags/orchestrate_full_pipeline.py for tasks to queue
[2025-04-28T02:24:03.236+0000] {logging_mixin.py:188} INFO - [2025-04-28T02:24:03.235+0000] {dagbag.py:540} INFO - Filling up the DagBag from /opt/airflow/dags/orchestrate_full_pipeline.py
[2025-04-28T02:24:03.246+0000] {processor.py:840} INFO - DAG(s) 'orchestrate_full_pipeline' retrieved from /opt/airflow/dags/orchestrate_full_pipeline.py
[2025-04-28T02:24:03.261+0000] {logging_mixin.py:188} INFO - [2025-04-28T02:24:03.261+0000] {dag.py:3096} INFO - Sync 1 DAGs
[2025-04-28T02:24:03.268+0000] {logging_mixin.py:188} INFO - [2025-04-28T02:24:03.267+0000] {dag.py:3954} INFO - Setting next_dagrun for orchestrate_full_pipeline to None, run_after=None
[2025-04-28T02:24:03.279+0000] {processor.py:183} INFO - Processing /opt/airflow/dags/orchestrate_full_pipeline.py took 0.051 seconds
[2025-04-28T02:24:33.345+0000] {processor.py:161} INFO - Started process (PID=2473) to work on /opt/airflow/dags/orchestrate_full_pipeline.py
[2025-04-28T02:24:33.345+0000] {processor.py:830} INFO - Processing file /opt/airflow/dags/orchestrate_full_pipeline.py for tasks to queue
[2025-04-28T02:24:33.346+0000] {logging_mixin.py:188} INFO - [2025-04-28T02:24:33.346+0000] {dagbag.py:540} INFO - Filling up the DagBag from /opt/airflow/dags/orchestrate_full_pipeline.py
[2025-04-28T02:24:33.359+0000] {processor.py:840} INFO - DAG(s) 'orchestrate_full_pipeline' retrieved from /opt/airflow/dags/orchestrate_full_pipeline.py
[2025-04-28T02:24:33.373+0000] {logging_mixin.py:188} INFO - [2025-04-28T02:24:33.373+0000] {dag.py:3096} INFO - Sync 1 DAGs
[2025-04-28T02:24:33.380+0000] {logging_mixin.py:188} INFO - [2025-04-28T02:24:33.380+0000] {dag.py:3954} INFO - Setting next_dagrun for orchestrate_full_pipeline to None, run_after=None
[2025-04-28T02:24:33.388+0000] {processor.py:183} INFO - Processing /opt/airflow/dags/orchestrate_full_pipeline.py took 0.047 seconds
[2025-04-28T02:25:03.476+0000] {processor.py:161} INFO - Started process (PID=2508) to work on /opt/airflow/dags/orchestrate_full_pipeline.py
[2025-04-28T02:25:03.477+0000] {processor.py:830} INFO - Processing file /opt/airflow/dags/orchestrate_full_pipeline.py for tasks to queue
[2025-04-28T02:25:03.479+0000] {logging_mixin.py:188} INFO - [2025-04-28T02:25:03.479+0000] {dagbag.py:540} INFO - Filling up the DagBag from /opt/airflow/dags/orchestrate_full_pipeline.py
[2025-04-28T02:25:03.496+0000] {processor.py:840} INFO - DAG(s) 'orchestrate_full_pipeline' retrieved from /opt/airflow/dags/orchestrate_full_pipeline.py
[2025-04-28T02:25:03.517+0000] {logging_mixin.py:188} INFO - [2025-04-28T02:25:03.517+0000] {dag.py:3096} INFO - Sync 1 DAGs
[2025-04-28T02:25:03.523+0000] {logging_mixin.py:188} INFO - [2025-04-28T02:25:03.523+0000] {dag.py:3954} INFO - Setting next_dagrun for orchestrate_full_pipeline to None, run_after=None
[2025-04-28T02:25:03.531+0000] {processor.py:183} INFO - Processing /opt/airflow/dags/orchestrate_full_pipeline.py took 0.061 seconds
[2025-04-28T02:25:33.580+0000] {processor.py:161} INFO - Started process (PID=2543) to work on /opt/airflow/dags/orchestrate_full_pipeline.py
[2025-04-28T02:25:33.582+0000] {processor.py:830} INFO - Processing file /opt/airflow/dags/orchestrate_full_pipeline.py for tasks to queue
[2025-04-28T02:25:33.583+0000] {logging_mixin.py:188} INFO - [2025-04-28T02:25:33.583+0000] {dagbag.py:540} INFO - Filling up the DagBag from /opt/airflow/dags/orchestrate_full_pipeline.py
[2025-04-28T02:25:33.598+0000] {processor.py:840} INFO - DAG(s) 'orchestrate_full_pipeline' retrieved from /opt/airflow/dags/orchestrate_full_pipeline.py
[2025-04-28T02:25:33.615+0000] {logging_mixin.py:188} INFO - [2025-04-28T02:25:33.615+0000] {dag.py:3096} INFO - Sync 1 DAGs
[2025-04-28T02:25:33.621+0000] {logging_mixin.py:188} INFO - [2025-04-28T02:25:33.621+0000] {dag.py:3954} INFO - Setting next_dagrun for orchestrate_full_pipeline to None, run_after=None
[2025-04-28T02:25:33.630+0000] {processor.py:183} INFO - Processing /opt/airflow/dags/orchestrate_full_pipeline.py took 0.056 seconds
[2025-04-28T02:26:03.715+0000] {processor.py:161} INFO - Started process (PID=2578) to work on /opt/airflow/dags/orchestrate_full_pipeline.py
[2025-04-28T02:26:03.716+0000] {processor.py:830} INFO - Processing file /opt/airflow/dags/orchestrate_full_pipeline.py for tasks to queue
[2025-04-28T02:26:03.717+0000] {logging_mixin.py:188} INFO - [2025-04-28T02:26:03.717+0000] {dagbag.py:540} INFO - Filling up the DagBag from /opt/airflow/dags/orchestrate_full_pipeline.py
[2025-04-28T02:26:03.725+0000] {processor.py:840} INFO - DAG(s) 'orchestrate_full_pipeline' retrieved from /opt/airflow/dags/orchestrate_full_pipeline.py
[2025-04-28T02:26:03.738+0000] {logging_mixin.py:188} INFO - [2025-04-28T02:26:03.738+0000] {dag.py:3096} INFO - Sync 1 DAGs
[2025-04-28T02:26:03.743+0000] {logging_mixin.py:188} INFO - [2025-04-28T02:26:03.743+0000] {dag.py:3954} INFO - Setting next_dagrun for orchestrate_full_pipeline to None, run_after=None
[2025-04-28T02:26:03.752+0000] {processor.py:183} INFO - Processing /opt/airflow/dags/orchestrate_full_pipeline.py took 0.040 seconds
[2025-04-28T02:26:33.858+0000] {processor.py:161} INFO - Started process (PID=2613) to work on /opt/airflow/dags/orchestrate_full_pipeline.py
[2025-04-28T02:26:33.859+0000] {processor.py:830} INFO - Processing file /opt/airflow/dags/orchestrate_full_pipeline.py for tasks to queue
[2025-04-28T02:26:33.861+0000] {logging_mixin.py:188} INFO - [2025-04-28T02:26:33.861+0000] {dagbag.py:540} INFO - Filling up the DagBag from /opt/airflow/dags/orchestrate_full_pipeline.py
[2025-04-28T02:26:33.876+0000] {processor.py:840} INFO - DAG(s) 'orchestrate_full_pipeline' retrieved from /opt/airflow/dags/orchestrate_full_pipeline.py
[2025-04-28T02:26:33.894+0000] {logging_mixin.py:188} INFO - [2025-04-28T02:26:33.894+0000] {dag.py:3096} INFO - Sync 1 DAGs
[2025-04-28T02:26:33.900+0000] {logging_mixin.py:188} INFO - [2025-04-28T02:26:33.900+0000] {dag.py:3954} INFO - Setting next_dagrun for orchestrate_full_pipeline to None, run_after=None
[2025-04-28T02:26:33.908+0000] {processor.py:183} INFO - Processing /opt/airflow/dags/orchestrate_full_pipeline.py took 0.057 seconds
[2025-04-28T02:27:03.967+0000] {processor.py:161} INFO - Started process (PID=2648) to work on /opt/airflow/dags/orchestrate_full_pipeline.py
[2025-04-28T02:27:03.968+0000] {processor.py:830} INFO - Processing file /opt/airflow/dags/orchestrate_full_pipeline.py for tasks to queue
[2025-04-28T02:27:03.970+0000] {logging_mixin.py:188} INFO - [2025-04-28T02:27:03.969+0000] {dagbag.py:540} INFO - Filling up the DagBag from /opt/airflow/dags/orchestrate_full_pipeline.py
[2025-04-28T02:27:03.984+0000] {processor.py:840} INFO - DAG(s) 'orchestrate_full_pipeline' retrieved from /opt/airflow/dags/orchestrate_full_pipeline.py
[2025-04-28T02:27:04.003+0000] {logging_mixin.py:188} INFO - [2025-04-28T02:27:04.003+0000] {dag.py:3096} INFO - Sync 1 DAGs
[2025-04-28T02:27:04.009+0000] {logging_mixin.py:188} INFO - [2025-04-28T02:27:04.009+0000] {dag.py:3954} INFO - Setting next_dagrun for orchestrate_full_pipeline to None, run_after=None
[2025-04-28T02:27:04.017+0000] {processor.py:183} INFO - Processing /opt/airflow/dags/orchestrate_full_pipeline.py took 0.056 seconds
[2025-04-28T02:27:34.056+0000] {processor.py:161} INFO - Started process (PID=2683) to work on /opt/airflow/dags/orchestrate_full_pipeline.py
[2025-04-28T02:27:34.058+0000] {processor.py:830} INFO - Processing file /opt/airflow/dags/orchestrate_full_pipeline.py for tasks to queue
[2025-04-28T02:27:34.059+0000] {logging_mixin.py:188} INFO - [2025-04-28T02:27:34.059+0000] {dagbag.py:540} INFO - Filling up the DagBag from /opt/airflow/dags/orchestrate_full_pipeline.py
[2025-04-28T02:27:34.074+0000] {processor.py:840} INFO - DAG(s) 'orchestrate_full_pipeline' retrieved from /opt/airflow/dags/orchestrate_full_pipeline.py
[2025-04-28T02:27:34.095+0000] {logging_mixin.py:188} INFO - [2025-04-28T02:27:34.095+0000] {dag.py:3096} INFO - Sync 1 DAGs
[2025-04-28T02:27:34.101+0000] {logging_mixin.py:188} INFO - [2025-04-28T02:27:34.101+0000] {dag.py:3954} INFO - Setting next_dagrun for orchestrate_full_pipeline to None, run_after=None
[2025-04-28T02:27:34.109+0000] {processor.py:183} INFO - Processing /opt/airflow/dags/orchestrate_full_pipeline.py took 0.060 seconds
[2025-04-28T02:28:04.193+0000] {processor.py:161} INFO - Started process (PID=2718) to work on /opt/airflow/dags/orchestrate_full_pipeline.py
[2025-04-28T02:28:04.194+0000] {processor.py:830} INFO - Processing file /opt/airflow/dags/orchestrate_full_pipeline.py for tasks to queue
[2025-04-28T02:28:04.195+0000] {logging_mixin.py:188} INFO - [2025-04-28T02:28:04.195+0000] {dagbag.py:540} INFO - Filling up the DagBag from /opt/airflow/dags/orchestrate_full_pipeline.py
[2025-04-28T02:28:04.210+0000] {processor.py:840} INFO - DAG(s) 'orchestrate_full_pipeline' retrieved from /opt/airflow/dags/orchestrate_full_pipeline.py
[2025-04-28T02:28:04.229+0000] {logging_mixin.py:188} INFO - [2025-04-28T02:28:04.229+0000] {dag.py:3096} INFO - Sync 1 DAGs
[2025-04-28T02:28:04.235+0000] {logging_mixin.py:188} INFO - [2025-04-28T02:28:04.235+0000] {dag.py:3954} INFO - Setting next_dagrun for orchestrate_full_pipeline to None, run_after=None
[2025-04-28T02:28:04.243+0000] {processor.py:183} INFO - Processing /opt/airflow/dags/orchestrate_full_pipeline.py took 0.058 seconds
[2025-04-28T02:28:34.322+0000] {processor.py:161} INFO - Started process (PID=2753) to work on /opt/airflow/dags/orchestrate_full_pipeline.py
[2025-04-28T02:28:34.323+0000] {processor.py:830} INFO - Processing file /opt/airflow/dags/orchestrate_full_pipeline.py for tasks to queue
[2025-04-28T02:28:34.326+0000] {logging_mixin.py:188} INFO - [2025-04-28T02:28:34.325+0000] {dagbag.py:540} INFO - Filling up the DagBag from /opt/airflow/dags/orchestrate_full_pipeline.py
[2025-04-28T02:28:34.339+0000] {processor.py:840} INFO - DAG(s) 'orchestrate_full_pipeline' retrieved from /opt/airflow/dags/orchestrate_full_pipeline.py
[2025-04-28T02:28:34.361+0000] {logging_mixin.py:188} INFO - [2025-04-28T02:28:34.360+0000] {dag.py:3096} INFO - Sync 1 DAGs
[2025-04-28T02:28:34.367+0000] {logging_mixin.py:188} INFO - [2025-04-28T02:28:34.367+0000] {dag.py:3954} INFO - Setting next_dagrun for orchestrate_full_pipeline to None, run_after=None
[2025-04-28T02:28:34.377+0000] {processor.py:183} INFO - Processing /opt/airflow/dags/orchestrate_full_pipeline.py took 0.060 seconds
[2025-04-28T02:29:04.488+0000] {processor.py:161} INFO - Started process (PID=2788) to work on /opt/airflow/dags/orchestrate_full_pipeline.py
[2025-04-28T02:29:04.489+0000] {processor.py:830} INFO - Processing file /opt/airflow/dags/orchestrate_full_pipeline.py for tasks to queue
[2025-04-28T02:29:04.491+0000] {logging_mixin.py:188} INFO - [2025-04-28T02:29:04.491+0000] {dagbag.py:540} INFO - Filling up the DagBag from /opt/airflow/dags/orchestrate_full_pipeline.py
[2025-04-28T02:29:04.506+0000] {processor.py:840} INFO - DAG(s) 'orchestrate_full_pipeline' retrieved from /opt/airflow/dags/orchestrate_full_pipeline.py
[2025-04-28T02:29:04.524+0000] {logging_mixin.py:188} INFO - [2025-04-28T02:29:04.524+0000] {dag.py:3096} INFO - Sync 1 DAGs
[2025-04-28T02:29:04.530+0000] {logging_mixin.py:188} INFO - [2025-04-28T02:29:04.530+0000] {dag.py:3954} INFO - Setting next_dagrun for orchestrate_full_pipeline to None, run_after=None
[2025-04-28T02:29:04.539+0000] {processor.py:183} INFO - Processing /opt/airflow/dags/orchestrate_full_pipeline.py took 0.057 seconds
[2025-04-28T02:29:34.613+0000] {processor.py:161} INFO - Started process (PID=2823) to work on /opt/airflow/dags/orchestrate_full_pipeline.py
[2025-04-28T02:29:34.614+0000] {processor.py:830} INFO - Processing file /opt/airflow/dags/orchestrate_full_pipeline.py for tasks to queue
[2025-04-28T02:29:34.616+0000] {logging_mixin.py:188} INFO - [2025-04-28T02:29:34.616+0000] {dagbag.py:540} INFO - Filling up the DagBag from /opt/airflow/dags/orchestrate_full_pipeline.py
[2025-04-28T02:29:34.629+0000] {processor.py:840} INFO - DAG(s) 'orchestrate_full_pipeline' retrieved from /opt/airflow/dags/orchestrate_full_pipeline.py
[2025-04-28T02:29:34.643+0000] {logging_mixin.py:188} INFO - [2025-04-28T02:29:34.642+0000] {dag.py:3096} INFO - Sync 1 DAGs
[2025-04-28T02:29:34.648+0000] {logging_mixin.py:188} INFO - [2025-04-28T02:29:34.648+0000] {dag.py:3954} INFO - Setting next_dagrun for orchestrate_full_pipeline to None, run_after=None
[2025-04-28T02:29:34.657+0000] {processor.py:183} INFO - Processing /opt/airflow/dags/orchestrate_full_pipeline.py took 0.050 seconds
[2025-04-28T02:30:04.779+0000] {processor.py:161} INFO - Started process (PID=2858) to work on /opt/airflow/dags/orchestrate_full_pipeline.py
[2025-04-28T02:30:04.780+0000] {processor.py:830} INFO - Processing file /opt/airflow/dags/orchestrate_full_pipeline.py for tasks to queue
[2025-04-28T02:30:04.782+0000] {logging_mixin.py:188} INFO - [2025-04-28T02:30:04.781+0000] {dagbag.py:540} INFO - Filling up the DagBag from /opt/airflow/dags/orchestrate_full_pipeline.py
[2025-04-28T02:30:04.798+0000] {processor.py:840} INFO - DAG(s) 'orchestrate_full_pipeline' retrieved from /opt/airflow/dags/orchestrate_full_pipeline.py
[2025-04-28T02:30:04.819+0000] {logging_mixin.py:188} INFO - [2025-04-28T02:30:04.818+0000] {dag.py:3096} INFO - Sync 1 DAGs
[2025-04-28T02:30:04.825+0000] {logging_mixin.py:188} INFO - [2025-04-28T02:30:04.825+0000] {dag.py:3954} INFO - Setting next_dagrun for orchestrate_full_pipeline to None, run_after=None
[2025-04-28T02:30:04.833+0000] {processor.py:183} INFO - Processing /opt/airflow/dags/orchestrate_full_pipeline.py took 0.061 seconds
[2025-04-28T02:30:34.921+0000] {processor.py:161} INFO - Started process (PID=2893) to work on /opt/airflow/dags/orchestrate_full_pipeline.py
[2025-04-28T02:30:34.923+0000] {processor.py:830} INFO - Processing file /opt/airflow/dags/orchestrate_full_pipeline.py for tasks to queue
[2025-04-28T02:30:34.924+0000] {logging_mixin.py:188} INFO - [2025-04-28T02:30:34.924+0000] {dagbag.py:540} INFO - Filling up the DagBag from /opt/airflow/dags/orchestrate_full_pipeline.py
[2025-04-28T02:30:34.940+0000] {processor.py:840} INFO - DAG(s) 'orchestrate_full_pipeline' retrieved from /opt/airflow/dags/orchestrate_full_pipeline.py
[2025-04-28T02:30:34.959+0000] {logging_mixin.py:188} INFO - [2025-04-28T02:30:34.959+0000] {dag.py:3096} INFO - Sync 1 DAGs
[2025-04-28T02:30:34.966+0000] {logging_mixin.py:188} INFO - [2025-04-28T02:30:34.965+0000] {dag.py:3954} INFO - Setting next_dagrun for orchestrate_full_pipeline to None, run_after=None
[2025-04-28T02:30:34.974+0000] {processor.py:183} INFO - Processing /opt/airflow/dags/orchestrate_full_pipeline.py took 0.060 seconds
[2025-04-28T02:31:05.043+0000] {processor.py:161} INFO - Started process (PID=2928) to work on /opt/airflow/dags/orchestrate_full_pipeline.py
[2025-04-28T02:31:05.044+0000] {processor.py:830} INFO - Processing file /opt/airflow/dags/orchestrate_full_pipeline.py for tasks to queue
[2025-04-28T02:31:05.046+0000] {logging_mixin.py:188} INFO - [2025-04-28T02:31:05.046+0000] {dagbag.py:540} INFO - Filling up the DagBag from /opt/airflow/dags/orchestrate_full_pipeline.py
[2025-04-28T02:31:05.062+0000] {processor.py:840} INFO - DAG(s) 'orchestrate_full_pipeline' retrieved from /opt/airflow/dags/orchestrate_full_pipeline.py
[2025-04-28T02:31:05.080+0000] {logging_mixin.py:188} INFO - [2025-04-28T02:31:05.079+0000] {dag.py:3096} INFO - Sync 1 DAGs
[2025-04-28T02:31:05.085+0000] {logging_mixin.py:188} INFO - [2025-04-28T02:31:05.085+0000] {dag.py:3954} INFO - Setting next_dagrun for orchestrate_full_pipeline to None, run_after=None
[2025-04-28T02:31:05.093+0000] {processor.py:183} INFO - Processing /opt/airflow/dags/orchestrate_full_pipeline.py took 0.057 seconds
[2025-04-28T02:31:35.170+0000] {processor.py:161} INFO - Started process (PID=2963) to work on /opt/airflow/dags/orchestrate_full_pipeline.py
[2025-04-28T02:31:35.171+0000] {processor.py:830} INFO - Processing file /opt/airflow/dags/orchestrate_full_pipeline.py for tasks to queue
[2025-04-28T02:31:35.171+0000] {logging_mixin.py:188} INFO - [2025-04-28T02:31:35.171+0000] {dagbag.py:540} INFO - Filling up the DagBag from /opt/airflow/dags/orchestrate_full_pipeline.py
[2025-04-28T02:31:35.181+0000] {processor.py:840} INFO - DAG(s) 'orchestrate_full_pipeline' retrieved from /opt/airflow/dags/orchestrate_full_pipeline.py
[2025-04-28T02:31:35.196+0000] {logging_mixin.py:188} INFO - [2025-04-28T02:31:35.196+0000] {dag.py:3096} INFO - Sync 1 DAGs
[2025-04-28T02:31:35.202+0000] {logging_mixin.py:188} INFO - [2025-04-28T02:31:35.201+0000] {dag.py:3954} INFO - Setting next_dagrun for orchestrate_full_pipeline to None, run_after=None
[2025-04-28T02:31:35.210+0000] {processor.py:183} INFO - Processing /opt/airflow/dags/orchestrate_full_pipeline.py took 0.046 seconds
[2025-04-28T02:32:05.302+0000] {processor.py:161} INFO - Started process (PID=2998) to work on /opt/airflow/dags/orchestrate_full_pipeline.py
[2025-04-28T02:32:05.303+0000] {processor.py:830} INFO - Processing file /opt/airflow/dags/orchestrate_full_pipeline.py for tasks to queue
[2025-04-28T02:32:05.305+0000] {logging_mixin.py:188} INFO - [2025-04-28T02:32:05.305+0000] {dagbag.py:540} INFO - Filling up the DagBag from /opt/airflow/dags/orchestrate_full_pipeline.py
[2025-04-28T02:32:05.322+0000] {processor.py:840} INFO - DAG(s) 'orchestrate_full_pipeline' retrieved from /opt/airflow/dags/orchestrate_full_pipeline.py
[2025-04-28T02:32:05.342+0000] {logging_mixin.py:188} INFO - [2025-04-28T02:32:05.342+0000] {dag.py:3096} INFO - Sync 1 DAGs
[2025-04-28T02:32:05.348+0000] {logging_mixin.py:188} INFO - [2025-04-28T02:32:05.348+0000] {dag.py:3954} INFO - Setting next_dagrun for orchestrate_full_pipeline to None, run_after=None
[2025-04-28T02:32:05.357+0000] {processor.py:183} INFO - Processing /opt/airflow/dags/orchestrate_full_pipeline.py took 0.062 seconds
[2025-04-28T02:32:35.424+0000] {processor.py:161} INFO - Started process (PID=3033) to work on /opt/airflow/dags/orchestrate_full_pipeline.py
[2025-04-28T02:32:35.426+0000] {processor.py:830} INFO - Processing file /opt/airflow/dags/orchestrate_full_pipeline.py for tasks to queue
[2025-04-28T02:32:35.427+0000] {logging_mixin.py:188} INFO - [2025-04-28T02:32:35.427+0000] {dagbag.py:540} INFO - Filling up the DagBag from /opt/airflow/dags/orchestrate_full_pipeline.py
[2025-04-28T02:32:35.441+0000] {processor.py:840} INFO - DAG(s) 'orchestrate_full_pipeline' retrieved from /opt/airflow/dags/orchestrate_full_pipeline.py
[2025-04-28T02:32:35.457+0000] {logging_mixin.py:188} INFO - [2025-04-28T02:32:35.457+0000] {dag.py:3096} INFO - Sync 1 DAGs
[2025-04-28T02:32:35.463+0000] {logging_mixin.py:188} INFO - [2025-04-28T02:32:35.463+0000] {dag.py:3954} INFO - Setting next_dagrun for orchestrate_full_pipeline to None, run_after=None
[2025-04-28T02:32:35.472+0000] {processor.py:183} INFO - Processing /opt/airflow/dags/orchestrate_full_pipeline.py took 0.053 seconds
[2025-04-28T02:33:05.543+0000] {processor.py:161} INFO - Started process (PID=3068) to work on /opt/airflow/dags/orchestrate_full_pipeline.py
[2025-04-28T02:33:05.544+0000] {processor.py:830} INFO - Processing file /opt/airflow/dags/orchestrate_full_pipeline.py for tasks to queue
[2025-04-28T02:33:05.545+0000] {logging_mixin.py:188} INFO - [2025-04-28T02:33:05.545+0000] {dagbag.py:540} INFO - Filling up the DagBag from /opt/airflow/dags/orchestrate_full_pipeline.py
[2025-04-28T02:33:05.557+0000] {processor.py:840} INFO - DAG(s) 'orchestrate_full_pipeline' retrieved from /opt/airflow/dags/orchestrate_full_pipeline.py
[2025-04-28T02:33:05.575+0000] {logging_mixin.py:188} INFO - [2025-04-28T02:33:05.575+0000] {dag.py:3096} INFO - Sync 1 DAGs
[2025-04-28T02:33:05.582+0000] {logging_mixin.py:188} INFO - [2025-04-28T02:33:05.582+0000] {dag.py:3954} INFO - Setting next_dagrun for orchestrate_full_pipeline to None, run_after=None
[2025-04-28T02:33:05.591+0000] {processor.py:183} INFO - Processing /opt/airflow/dags/orchestrate_full_pipeline.py took 0.054 seconds
[2025-04-28T02:33:36.366+0000] {processor.py:161} INFO - Started process (PID=3103) to work on /opt/airflow/dags/orchestrate_full_pipeline.py
[2025-04-28T02:33:36.367+0000] {processor.py:830} INFO - Processing file /opt/airflow/dags/orchestrate_full_pipeline.py for tasks to queue
[2025-04-28T02:33:36.369+0000] {logging_mixin.py:188} INFO - [2025-04-28T02:33:36.368+0000] {dagbag.py:540} INFO - Filling up the DagBag from /opt/airflow/dags/orchestrate_full_pipeline.py
[2025-04-28T02:33:36.381+0000] {processor.py:840} INFO - DAG(s) 'orchestrate_full_pipeline' retrieved from /opt/airflow/dags/orchestrate_full_pipeline.py
[2025-04-28T02:33:36.400+0000] {logging_mixin.py:188} INFO - [2025-04-28T02:33:36.400+0000] {dag.py:3096} INFO - Sync 1 DAGs
[2025-04-28T02:33:36.407+0000] {logging_mixin.py:188} INFO - [2025-04-28T02:33:36.407+0000] {dag.py:3954} INFO - Setting next_dagrun for orchestrate_full_pipeline to None, run_after=None
[2025-04-28T02:33:36.417+0000] {processor.py:183} INFO - Processing /opt/airflow/dags/orchestrate_full_pipeline.py took 0.056 seconds
[2025-04-28T02:34:06.510+0000] {processor.py:161} INFO - Started process (PID=3138) to work on /opt/airflow/dags/orchestrate_full_pipeline.py
[2025-04-28T02:34:06.511+0000] {processor.py:830} INFO - Processing file /opt/airflow/dags/orchestrate_full_pipeline.py for tasks to queue
[2025-04-28T02:34:06.513+0000] {logging_mixin.py:188} INFO - [2025-04-28T02:34:06.513+0000] {dagbag.py:540} INFO - Filling up the DagBag from /opt/airflow/dags/orchestrate_full_pipeline.py
[2025-04-28T02:34:06.527+0000] {processor.py:840} INFO - DAG(s) 'orchestrate_full_pipeline' retrieved from /opt/airflow/dags/orchestrate_full_pipeline.py
[2025-04-28T02:34:06.543+0000] {logging_mixin.py:188} INFO - [2025-04-28T02:34:06.543+0000] {dag.py:3096} INFO - Sync 1 DAGs
[2025-04-28T02:34:06.549+0000] {logging_mixin.py:188} INFO - [2025-04-28T02:34:06.549+0000] {dag.py:3954} INFO - Setting next_dagrun for orchestrate_full_pipeline to None, run_after=None
[2025-04-28T02:34:06.558+0000] {processor.py:183} INFO - Processing /opt/airflow/dags/orchestrate_full_pipeline.py took 0.054 seconds
[2025-04-28T02:34:36.674+0000] {processor.py:161} INFO - Started process (PID=3173) to work on /opt/airflow/dags/orchestrate_full_pipeline.py
[2025-04-28T02:34:36.676+0000] {processor.py:830} INFO - Processing file /opt/airflow/dags/orchestrate_full_pipeline.py for tasks to queue
[2025-04-28T02:34:36.678+0000] {logging_mixin.py:188} INFO - [2025-04-28T02:34:36.678+0000] {dagbag.py:540} INFO - Filling up the DagBag from /opt/airflow/dags/orchestrate_full_pipeline.py
[2025-04-28T02:34:36.693+0000] {processor.py:840} INFO - DAG(s) 'orchestrate_full_pipeline' retrieved from /opt/airflow/dags/orchestrate_full_pipeline.py
[2025-04-28T02:34:36.714+0000] {logging_mixin.py:188} INFO - [2025-04-28T02:34:36.714+0000] {dag.py:3096} INFO - Sync 1 DAGs
[2025-04-28T02:34:36.719+0000] {logging_mixin.py:188} INFO - [2025-04-28T02:34:36.719+0000] {dag.py:3954} INFO - Setting next_dagrun for orchestrate_full_pipeline to None, run_after=None
[2025-04-28T02:34:36.728+0000] {processor.py:183} INFO - Processing /opt/airflow/dags/orchestrate_full_pipeline.py took 0.060 seconds
[2025-04-28T02:35:06.853+0000] {processor.py:161} INFO - Started process (PID=3208) to work on /opt/airflow/dags/orchestrate_full_pipeline.py
[2025-04-28T02:35:06.854+0000] {processor.py:830} INFO - Processing file /opt/airflow/dags/orchestrate_full_pipeline.py for tasks to queue
[2025-04-28T02:35:06.855+0000] {logging_mixin.py:188} INFO - [2025-04-28T02:35:06.854+0000] {dagbag.py:540} INFO - Filling up the DagBag from /opt/airflow/dags/orchestrate_full_pipeline.py
[2025-04-28T02:35:06.863+0000] {processor.py:840} INFO - DAG(s) 'orchestrate_full_pipeline' retrieved from /opt/airflow/dags/orchestrate_full_pipeline.py
[2025-04-28T02:35:06.876+0000] {logging_mixin.py:188} INFO - [2025-04-28T02:35:06.876+0000] {dag.py:3096} INFO - Sync 1 DAGs
[2025-04-28T02:35:06.882+0000] {logging_mixin.py:188} INFO - [2025-04-28T02:35:06.882+0000] {dag.py:3954} INFO - Setting next_dagrun for orchestrate_full_pipeline to None, run_after=None
[2025-04-28T02:35:06.890+0000] {processor.py:183} INFO - Processing /opt/airflow/dags/orchestrate_full_pipeline.py took 0.040 seconds
[2025-04-28T02:35:37.115+0000] {processor.py:161} INFO - Started process (PID=3213) to work on /opt/airflow/dags/orchestrate_full_pipeline.py
[2025-04-28T02:35:37.116+0000] {processor.py:830} INFO - Processing file /opt/airflow/dags/orchestrate_full_pipeline.py for tasks to queue
[2025-04-28T02:35:37.117+0000] {logging_mixin.py:188} INFO - [2025-04-28T02:35:37.117+0000] {dagbag.py:540} INFO - Filling up the DagBag from /opt/airflow/dags/orchestrate_full_pipeline.py
[2025-04-28T02:35:37.131+0000] {processor.py:840} INFO - DAG(s) 'orchestrate_full_pipeline' retrieved from /opt/airflow/dags/orchestrate_full_pipeline.py
[2025-04-28T02:35:37.145+0000] {logging_mixin.py:188} INFO - [2025-04-28T02:35:37.145+0000] {dag.py:3096} INFO - Sync 1 DAGs
[2025-04-28T02:35:37.152+0000] {logging_mixin.py:188} INFO - [2025-04-28T02:35:37.152+0000] {dag.py:3954} INFO - Setting next_dagrun for orchestrate_full_pipeline to None, run_after=None
[2025-04-28T02:35:37.163+0000] {processor.py:183} INFO - Processing /opt/airflow/dags/orchestrate_full_pipeline.py took 0.055 seconds
[2025-04-28T02:36:07.298+0000] {processor.py:161} INFO - Started process (PID=3248) to work on /opt/airflow/dags/orchestrate_full_pipeline.py
[2025-04-28T02:36:07.299+0000] {processor.py:830} INFO - Processing file /opt/airflow/dags/orchestrate_full_pipeline.py for tasks to queue
[2025-04-28T02:36:07.301+0000] {logging_mixin.py:188} INFO - [2025-04-28T02:36:07.300+0000] {dagbag.py:540} INFO - Filling up the DagBag from /opt/airflow/dags/orchestrate_full_pipeline.py
[2025-04-28T02:36:07.316+0000] {processor.py:840} INFO - DAG(s) 'orchestrate_full_pipeline' retrieved from /opt/airflow/dags/orchestrate_full_pipeline.py
[2025-04-28T02:36:07.333+0000] {logging_mixin.py:188} INFO - [2025-04-28T02:36:07.333+0000] {dag.py:3096} INFO - Sync 1 DAGs
[2025-04-28T02:36:07.339+0000] {logging_mixin.py:188} INFO - [2025-04-28T02:36:07.339+0000] {dag.py:3954} INFO - Setting next_dagrun for orchestrate_full_pipeline to None, run_after=None
[2025-04-28T02:36:07.348+0000] {processor.py:183} INFO - Processing /opt/airflow/dags/orchestrate_full_pipeline.py took 0.057 seconds
[2025-04-28T02:36:38.119+0000] {processor.py:161} INFO - Started process (PID=3283) to work on /opt/airflow/dags/orchestrate_full_pipeline.py
[2025-04-28T02:36:38.120+0000] {processor.py:830} INFO - Processing file /opt/airflow/dags/orchestrate_full_pipeline.py for tasks to queue
[2025-04-28T02:36:38.122+0000] {logging_mixin.py:188} INFO - [2025-04-28T02:36:38.122+0000] {dagbag.py:540} INFO - Filling up the DagBag from /opt/airflow/dags/orchestrate_full_pipeline.py
[2025-04-28T02:36:38.137+0000] {processor.py:840} INFO - DAG(s) 'orchestrate_full_pipeline' retrieved from /opt/airflow/dags/orchestrate_full_pipeline.py
[2025-04-28T02:36:38.156+0000] {logging_mixin.py:188} INFO - [2025-04-28T02:36:38.156+0000] {dag.py:3096} INFO - Sync 1 DAGs
[2025-04-28T02:36:38.162+0000] {logging_mixin.py:188} INFO - [2025-04-28T02:36:38.161+0000] {dag.py:3954} INFO - Setting next_dagrun for orchestrate_full_pipeline to None, run_after=None
[2025-04-28T02:36:38.170+0000] {processor.py:183} INFO - Processing /opt/airflow/dags/orchestrate_full_pipeline.py took 0.058 seconds
[2025-04-28T02:37:08.957+0000] {processor.py:161} INFO - Started process (PID=3318) to work on /opt/airflow/dags/orchestrate_full_pipeline.py
[2025-04-28T02:37:08.957+0000] {processor.py:830} INFO - Processing file /opt/airflow/dags/orchestrate_full_pipeline.py for tasks to queue
[2025-04-28T02:37:08.958+0000] {logging_mixin.py:188} INFO - [2025-04-28T02:37:08.958+0000] {dagbag.py:540} INFO - Filling up the DagBag from /opt/airflow/dags/orchestrate_full_pipeline.py
[2025-04-28T02:37:08.970+0000] {processor.py:840} INFO - DAG(s) 'orchestrate_full_pipeline' retrieved from /opt/airflow/dags/orchestrate_full_pipeline.py
[2025-04-28T02:37:08.987+0000] {logging_mixin.py:188} INFO - [2025-04-28T02:37:08.987+0000] {dag.py:3096} INFO - Sync 1 DAGs
[2025-04-28T02:37:08.994+0000] {logging_mixin.py:188} INFO - [2025-04-28T02:37:08.994+0000] {dag.py:3954} INFO - Setting next_dagrun for orchestrate_full_pipeline to None, run_after=None
[2025-04-28T02:37:09.003+0000] {processor.py:183} INFO - Processing /opt/airflow/dags/orchestrate_full_pipeline.py took 0.050 seconds
