[2025-04-28T01:08:26.428+0000] {processor.py:161} INFO - Started process (PID=605) to work on /opt/airflow/dags/silver_to_gold_feature_engineering.py
[2025-04-28T01:08:26.429+0000] {processor.py:830} INFO - Processing file /opt/airflow/dags/silver_to_gold_feature_engineering.py for tasks to queue
[2025-04-28T01:08:26.429+0000] {logging_mixin.py:188} INFO - [2025-04-28T01:08:26.429+0000] {dagbag.py:540} INFO - Filling up the DagBag from /opt/airflow/dags/silver_to_gold_feature_engineering.py
[2025-04-28T01:08:26.635+0000] {processor.py:840} INFO - DAG(s) 'silver_to_gold_feature_engineering' retrieved from /opt/airflow/dags/silver_to_gold_feature_engineering.py
[2025-04-28T01:08:26.674+0000] {logging_mixin.py:188} INFO - [2025-04-28T01:08:26.674+0000] {override.py:1829} INFO - Created Permission View: can edit on DAG:silver_to_gold_feature_engineering
[2025-04-28T01:08:26.678+0000] {logging_mixin.py:188} INFO - [2025-04-28T01:08:26.678+0000] {override.py:1829} INFO - Created Permission View: can read on DAG:silver_to_gold_feature_engineering
[2025-04-28T01:08:26.681+0000] {logging_mixin.py:188} INFO - [2025-04-28T01:08:26.680+0000] {override.py:1829} INFO - Created Permission View: can delete on DAG:silver_to_gold_feature_engineering
[2025-04-28T01:08:26.681+0000] {logging_mixin.py:188} INFO - [2025-04-28T01:08:26.681+0000] {dag.py:3096} INFO - Sync 1 DAGs
[2025-04-28T01:08:26.684+0000] {logging_mixin.py:188} INFO - [2025-04-28T01:08:26.684+0000] {dag.py:3118} INFO - Creating ORM DAG for silver_to_gold_feature_engineering
[2025-04-28T01:08:26.685+0000] {logging_mixin.py:188} INFO - [2025-04-28T01:08:26.685+0000] {dag.py:3954} INFO - Setting next_dagrun for silver_to_gold_feature_engineering to None, run_after=None
[2025-04-28T01:08:26.691+0000] {processor.py:183} INFO - Processing /opt/airflow/dags/silver_to_gold_feature_engineering.py took 0.268 seconds
[2025-04-28T01:08:57.095+0000] {processor.py:161} INFO - Started process (PID=628) to work on /opt/airflow/dags/silver_to_gold_feature_engineering.py
[2025-04-28T01:08:57.096+0000] {processor.py:830} INFO - Processing file /opt/airflow/dags/silver_to_gold_feature_engineering.py for tasks to queue
[2025-04-28T01:08:57.097+0000] {logging_mixin.py:188} INFO - [2025-04-28T01:08:57.096+0000] {dagbag.py:540} INFO - Filling up the DagBag from /opt/airflow/dags/silver_to_gold_feature_engineering.py
[2025-04-28T01:08:57.329+0000] {processor.py:840} INFO - DAG(s) 'silver_to_gold_feature_engineering' retrieved from /opt/airflow/dags/silver_to_gold_feature_engineering.py
[2025-04-28T01:08:57.341+0000] {logging_mixin.py:188} INFO - [2025-04-28T01:08:57.341+0000] {dag.py:3096} INFO - Sync 1 DAGs
[2025-04-28T01:08:57.346+0000] {logging_mixin.py:188} INFO - [2025-04-28T01:08:57.346+0000] {dag.py:3954} INFO - Setting next_dagrun for silver_to_gold_feature_engineering to None, run_after=None
[2025-04-28T01:08:57.354+0000] {processor.py:183} INFO - Processing /opt/airflow/dags/silver_to_gold_feature_engineering.py took 0.264 seconds
[2025-04-28T01:09:27.650+0000] {processor.py:161} INFO - Started process (PID=651) to work on /opt/airflow/dags/silver_to_gold_feature_engineering.py
[2025-04-28T01:09:27.651+0000] {processor.py:830} INFO - Processing file /opt/airflow/dags/silver_to_gold_feature_engineering.py for tasks to queue
[2025-04-28T01:09:27.651+0000] {logging_mixin.py:188} INFO - [2025-04-28T01:09:27.651+0000] {dagbag.py:540} INFO - Filling up the DagBag from /opt/airflow/dags/silver_to_gold_feature_engineering.py
[2025-04-28T01:09:27.854+0000] {processor.py:840} INFO - DAG(s) 'silver_to_gold_feature_engineering' retrieved from /opt/airflow/dags/silver_to_gold_feature_engineering.py
[2025-04-28T01:09:27.864+0000] {logging_mixin.py:188} INFO - [2025-04-28T01:09:27.864+0000] {dag.py:3096} INFO - Sync 1 DAGs
[2025-04-28T01:09:27.869+0000] {logging_mixin.py:188} INFO - [2025-04-28T01:09:27.869+0000] {dag.py:3954} INFO - Setting next_dagrun for silver_to_gold_feature_engineering to None, run_after=None
[2025-04-28T01:09:27.876+0000] {processor.py:183} INFO - Processing /opt/airflow/dags/silver_to_gold_feature_engineering.py took 0.231 seconds
[2025-04-28T01:09:58.261+0000] {processor.py:161} INFO - Started process (PID=674) to work on /opt/airflow/dags/silver_to_gold_feature_engineering.py
[2025-04-28T01:09:58.262+0000] {processor.py:830} INFO - Processing file /opt/airflow/dags/silver_to_gold_feature_engineering.py for tasks to queue
[2025-04-28T01:09:58.262+0000] {logging_mixin.py:188} INFO - [2025-04-28T01:09:58.262+0000] {dagbag.py:540} INFO - Filling up the DagBag from /opt/airflow/dags/silver_to_gold_feature_engineering.py
[2025-04-28T01:09:58.469+0000] {processor.py:840} INFO - DAG(s) 'silver_to_gold_feature_engineering' retrieved from /opt/airflow/dags/silver_to_gold_feature_engineering.py
[2025-04-28T01:09:58.479+0000] {logging_mixin.py:188} INFO - [2025-04-28T01:09:58.479+0000] {dag.py:3096} INFO - Sync 1 DAGs
[2025-04-28T01:09:58.483+0000] {logging_mixin.py:188} INFO - [2025-04-28T01:09:58.483+0000] {dag.py:3954} INFO - Setting next_dagrun for silver_to_gold_feature_engineering to None, run_after=None
[2025-04-28T01:09:58.491+0000] {processor.py:183} INFO - Processing /opt/airflow/dags/silver_to_gold_feature_engineering.py took 0.234 seconds
[2025-04-28T01:10:28.908+0000] {processor.py:161} INFO - Started process (PID=697) to work on /opt/airflow/dags/silver_to_gold_feature_engineering.py
[2025-04-28T01:10:28.909+0000] {processor.py:830} INFO - Processing file /opt/airflow/dags/silver_to_gold_feature_engineering.py for tasks to queue
[2025-04-28T01:10:28.909+0000] {logging_mixin.py:188} INFO - [2025-04-28T01:10:28.909+0000] {dagbag.py:540} INFO - Filling up the DagBag from /opt/airflow/dags/silver_to_gold_feature_engineering.py
[2025-04-28T01:10:29.112+0000] {processor.py:840} INFO - DAG(s) 'silver_to_gold_feature_engineering' retrieved from /opt/airflow/dags/silver_to_gold_feature_engineering.py
[2025-04-28T01:10:29.123+0000] {logging_mixin.py:188} INFO - [2025-04-28T01:10:29.123+0000] {dag.py:3096} INFO - Sync 1 DAGs
[2025-04-28T01:10:29.128+0000] {logging_mixin.py:188} INFO - [2025-04-28T01:10:29.128+0000] {dag.py:3954} INFO - Setting next_dagrun for silver_to_gold_feature_engineering to None, run_after=None
[2025-04-28T01:10:29.135+0000] {processor.py:183} INFO - Processing /opt/airflow/dags/silver_to_gold_feature_engineering.py took 0.229 seconds
[2025-04-28T01:10:59.451+0000] {processor.py:161} INFO - Started process (PID=720) to work on /opt/airflow/dags/silver_to_gold_feature_engineering.py
[2025-04-28T01:10:59.452+0000] {processor.py:830} INFO - Processing file /opt/airflow/dags/silver_to_gold_feature_engineering.py for tasks to queue
[2025-04-28T01:10:59.453+0000] {logging_mixin.py:188} INFO - [2025-04-28T01:10:59.452+0000] {dagbag.py:540} INFO - Filling up the DagBag from /opt/airflow/dags/silver_to_gold_feature_engineering.py
[2025-04-28T01:10:59.658+0000] {processor.py:840} INFO - DAG(s) 'silver_to_gold_feature_engineering' retrieved from /opt/airflow/dags/silver_to_gold_feature_engineering.py
[2025-04-28T01:10:59.669+0000] {logging_mixin.py:188} INFO - [2025-04-28T01:10:59.669+0000] {dag.py:3096} INFO - Sync 1 DAGs
[2025-04-28T01:10:59.673+0000] {logging_mixin.py:188} INFO - [2025-04-28T01:10:59.673+0000] {dag.py:3954} INFO - Setting next_dagrun for silver_to_gold_feature_engineering to None, run_after=None
[2025-04-28T01:10:59.681+0000] {processor.py:183} INFO - Processing /opt/airflow/dags/silver_to_gold_feature_engineering.py took 0.237 seconds
[2025-04-28T01:11:30.078+0000] {processor.py:161} INFO - Started process (PID=743) to work on /opt/airflow/dags/silver_to_gold_feature_engineering.py
[2025-04-28T01:11:30.079+0000] {processor.py:830} INFO - Processing file /opt/airflow/dags/silver_to_gold_feature_engineering.py for tasks to queue
[2025-04-28T01:11:30.080+0000] {logging_mixin.py:188} INFO - [2025-04-28T01:11:30.080+0000] {dagbag.py:540} INFO - Filling up the DagBag from /opt/airflow/dags/silver_to_gold_feature_engineering.py
[2025-04-28T01:11:30.296+0000] {processor.py:840} INFO - DAG(s) 'silver_to_gold_feature_engineering' retrieved from /opt/airflow/dags/silver_to_gold_feature_engineering.py
[2025-04-28T01:11:30.307+0000] {logging_mixin.py:188} INFO - [2025-04-28T01:11:30.306+0000] {dag.py:3096} INFO - Sync 1 DAGs
[2025-04-28T01:11:30.311+0000] {logging_mixin.py:188} INFO - [2025-04-28T01:11:30.311+0000] {dag.py:3954} INFO - Setting next_dagrun for silver_to_gold_feature_engineering to None, run_after=None
[2025-04-28T01:11:30.319+0000] {processor.py:183} INFO - Processing /opt/airflow/dags/silver_to_gold_feature_engineering.py took 0.247 seconds
[2025-04-28T01:12:00.680+0000] {processor.py:161} INFO - Started process (PID=766) to work on /opt/airflow/dags/silver_to_gold_feature_engineering.py
[2025-04-28T01:12:00.681+0000] {processor.py:830} INFO - Processing file /opt/airflow/dags/silver_to_gold_feature_engineering.py for tasks to queue
[2025-04-28T01:12:00.681+0000] {logging_mixin.py:188} INFO - [2025-04-28T01:12:00.681+0000] {dagbag.py:540} INFO - Filling up the DagBag from /opt/airflow/dags/silver_to_gold_feature_engineering.py
[2025-04-28T01:12:00.891+0000] {processor.py:840} INFO - DAG(s) 'silver_to_gold_feature_engineering' retrieved from /opt/airflow/dags/silver_to_gold_feature_engineering.py
[2025-04-28T01:12:00.904+0000] {logging_mixin.py:188} INFO - [2025-04-28T01:12:00.904+0000] {dag.py:3096} INFO - Sync 1 DAGs
[2025-04-28T01:12:00.909+0000] {logging_mixin.py:188} INFO - [2025-04-28T01:12:00.909+0000] {dag.py:3954} INFO - Setting next_dagrun for silver_to_gold_feature_engineering to None, run_after=None
[2025-04-28T01:12:00.919+0000] {processor.py:183} INFO - Processing /opt/airflow/dags/silver_to_gold_feature_engineering.py took 0.244 seconds
[2025-04-28T01:12:31.299+0000] {processor.py:161} INFO - Started process (PID=789) to work on /opt/airflow/dags/silver_to_gold_feature_engineering.py
[2025-04-28T01:12:31.300+0000] {processor.py:830} INFO - Processing file /opt/airflow/dags/silver_to_gold_feature_engineering.py for tasks to queue
[2025-04-28T01:12:31.300+0000] {logging_mixin.py:188} INFO - [2025-04-28T01:12:31.300+0000] {dagbag.py:540} INFO - Filling up the DagBag from /opt/airflow/dags/silver_to_gold_feature_engineering.py
[2025-04-28T01:12:31.518+0000] {processor.py:840} INFO - DAG(s) 'silver_to_gold_feature_engineering' retrieved from /opt/airflow/dags/silver_to_gold_feature_engineering.py
[2025-04-28T01:12:31.529+0000] {logging_mixin.py:188} INFO - [2025-04-28T01:12:31.529+0000] {dag.py:3096} INFO - Sync 1 DAGs
[2025-04-28T01:12:31.534+0000] {logging_mixin.py:188} INFO - [2025-04-28T01:12:31.534+0000] {dag.py:3954} INFO - Setting next_dagrun for silver_to_gold_feature_engineering to None, run_after=None
[2025-04-28T01:12:31.542+0000] {processor.py:183} INFO - Processing /opt/airflow/dags/silver_to_gold_feature_engineering.py took 0.248 seconds
[2025-04-28T01:13:01.870+0000] {processor.py:161} INFO - Started process (PID=812) to work on /opt/airflow/dags/silver_to_gold_feature_engineering.py
[2025-04-28T01:13:01.871+0000] {processor.py:830} INFO - Processing file /opt/airflow/dags/silver_to_gold_feature_engineering.py for tasks to queue
[2025-04-28T01:13:01.872+0000] {logging_mixin.py:188} INFO - [2025-04-28T01:13:01.872+0000] {dagbag.py:540} INFO - Filling up the DagBag from /opt/airflow/dags/silver_to_gold_feature_engineering.py
[2025-04-28T01:13:02.085+0000] {processor.py:840} INFO - DAG(s) 'silver_to_gold_feature_engineering' retrieved from /opt/airflow/dags/silver_to_gold_feature_engineering.py
[2025-04-28T01:13:02.096+0000] {logging_mixin.py:188} INFO - [2025-04-28T01:13:02.096+0000] {dag.py:3096} INFO - Sync 1 DAGs
[2025-04-28T01:13:02.100+0000] {logging_mixin.py:188} INFO - [2025-04-28T01:13:02.100+0000] {dag.py:3954} INFO - Setting next_dagrun for silver_to_gold_feature_engineering to None, run_after=None
[2025-04-28T01:13:02.108+0000] {processor.py:183} INFO - Processing /opt/airflow/dags/silver_to_gold_feature_engineering.py took 0.243 seconds
[2025-04-28T01:13:32.804+0000] {processor.py:161} INFO - Started process (PID=847) to work on /opt/airflow/dags/silver_to_gold_feature_engineering.py
[2025-04-28T01:13:32.805+0000] {processor.py:830} INFO - Processing file /opt/airflow/dags/silver_to_gold_feature_engineering.py for tasks to queue
[2025-04-28T01:13:32.806+0000] {logging_mixin.py:188} INFO - [2025-04-28T01:13:32.805+0000] {dagbag.py:540} INFO - Filling up the DagBag from /opt/airflow/dags/silver_to_gold_feature_engineering.py
[2025-04-28T01:13:33.026+0000] {processor.py:840} INFO - DAG(s) 'silver_to_gold_feature_engineering' retrieved from /opt/airflow/dags/silver_to_gold_feature_engineering.py
[2025-04-28T01:13:33.036+0000] {logging_mixin.py:188} INFO - [2025-04-28T01:13:33.036+0000] {dag.py:3096} INFO - Sync 1 DAGs
[2025-04-28T01:13:33.041+0000] {logging_mixin.py:188} INFO - [2025-04-28T01:13:33.041+0000] {dag.py:3954} INFO - Setting next_dagrun for silver_to_gold_feature_engineering to None, run_after=None
[2025-04-28T01:13:33.049+0000] {processor.py:183} INFO - Processing /opt/airflow/dags/silver_to_gold_feature_engineering.py took 0.251 seconds
[2025-04-28T01:13:41.580+0000] {processor.py:161} INFO - Started process (PID=177) to work on /opt/airflow/dags/silver_to_gold_feature_engineering.py
[2025-04-28T01:13:41.580+0000] {processor.py:830} INFO - Processing file /opt/airflow/dags/silver_to_gold_feature_engineering.py for tasks to queue
[2025-04-28T01:13:41.581+0000] {logging_mixin.py:188} INFO - [2025-04-28T01:13:41.581+0000] {dagbag.py:540} INFO - Filling up the DagBag from /opt/airflow/dags/silver_to_gold_feature_engineering.py
[2025-04-28T01:13:41.807+0000] {processor.py:840} INFO - DAG(s) 'silver_to_gold_feature_engineering' retrieved from /opt/airflow/dags/silver_to_gold_feature_engineering.py
[2025-04-28T01:13:41.814+0000] {logging_mixin.py:188} INFO - [2025-04-28T01:13:41.813+0000] {dag.py:3096} INFO - Sync 1 DAGs
[2025-04-28T01:13:41.818+0000] {logging_mixin.py:188} INFO - [2025-04-28T01:13:41.818+0000] {dag.py:3954} INFO - Setting next_dagrun for silver_to_gold_feature_engineering to None, run_after=None
[2025-04-28T01:13:41.827+0000] {processor.py:183} INFO - Processing /opt/airflow/dags/silver_to_gold_feature_engineering.py took 0.250 seconds
[2025-04-28T01:14:12.513+0000] {processor.py:161} INFO - Started process (PID=206) to work on /opt/airflow/dags/silver_to_gold_feature_engineering.py
[2025-04-28T01:14:12.514+0000] {processor.py:830} INFO - Processing file /opt/airflow/dags/silver_to_gold_feature_engineering.py for tasks to queue
[2025-04-28T01:14:12.515+0000] {logging_mixin.py:188} INFO - [2025-04-28T01:14:12.515+0000] {dagbag.py:540} INFO - Filling up the DagBag from /opt/airflow/dags/silver_to_gold_feature_engineering.py
[2025-04-28T01:14:12.722+0000] {processor.py:840} INFO - DAG(s) 'silver_to_gold_feature_engineering' retrieved from /opt/airflow/dags/silver_to_gold_feature_engineering.py
[2025-04-28T01:14:12.760+0000] {logging_mixin.py:188} INFO - [2025-04-28T01:14:12.760+0000] {dag.py:3096} INFO - Sync 1 DAGs
[2025-04-28T01:14:12.764+0000] {logging_mixin.py:188} INFO - [2025-04-28T01:14:12.764+0000] {dag.py:3954} INFO - Setting next_dagrun for silver_to_gold_feature_engineering to None, run_after=None
[2025-04-28T01:14:12.772+0000] {processor.py:183} INFO - Processing /opt/airflow/dags/silver_to_gold_feature_engineering.py took 0.262 seconds
[2025-04-28T01:14:43.466+0000] {processor.py:161} INFO - Started process (PID=235) to work on /opt/airflow/dags/silver_to_gold_feature_engineering.py
[2025-04-28T01:14:43.467+0000] {processor.py:830} INFO - Processing file /opt/airflow/dags/silver_to_gold_feature_engineering.py for tasks to queue
[2025-04-28T01:14:43.468+0000] {logging_mixin.py:188} INFO - [2025-04-28T01:14:43.468+0000] {dagbag.py:540} INFO - Filling up the DagBag from /opt/airflow/dags/silver_to_gold_feature_engineering.py
[2025-04-28T01:14:43.686+0000] {processor.py:840} INFO - DAG(s) 'silver_to_gold_feature_engineering' retrieved from /opt/airflow/dags/silver_to_gold_feature_engineering.py
[2025-04-28T01:14:43.699+0000] {logging_mixin.py:188} INFO - [2025-04-28T01:14:43.699+0000] {dag.py:3096} INFO - Sync 1 DAGs
[2025-04-28T01:14:43.706+0000] {logging_mixin.py:188} INFO - [2025-04-28T01:14:43.706+0000] {dag.py:3954} INFO - Setting next_dagrun for silver_to_gold_feature_engineering to None, run_after=None
[2025-04-28T01:14:43.714+0000] {processor.py:183} INFO - Processing /opt/airflow/dags/silver_to_gold_feature_engineering.py took 0.251 seconds
[2025-04-28T01:15:14.295+0000] {processor.py:161} INFO - Started process (PID=264) to work on /opt/airflow/dags/silver_to_gold_feature_engineering.py
[2025-04-28T01:15:14.295+0000] {processor.py:830} INFO - Processing file /opt/airflow/dags/silver_to_gold_feature_engineering.py for tasks to queue
[2025-04-28T01:15:14.296+0000] {logging_mixin.py:188} INFO - [2025-04-28T01:15:14.296+0000] {dagbag.py:540} INFO - Filling up the DagBag from /opt/airflow/dags/silver_to_gold_feature_engineering.py
[2025-04-28T01:15:14.505+0000] {processor.py:840} INFO - DAG(s) 'silver_to_gold_feature_engineering' retrieved from /opt/airflow/dags/silver_to_gold_feature_engineering.py
[2025-04-28T01:15:14.516+0000] {logging_mixin.py:188} INFO - [2025-04-28T01:15:14.516+0000] {dag.py:3096} INFO - Sync 1 DAGs
[2025-04-28T01:15:14.521+0000] {logging_mixin.py:188} INFO - [2025-04-28T01:15:14.521+0000] {dag.py:3954} INFO - Setting next_dagrun for silver_to_gold_feature_engineering to None, run_after=None
[2025-04-28T01:15:14.529+0000] {processor.py:183} INFO - Processing /opt/airflow/dags/silver_to_gold_feature_engineering.py took 0.237 seconds
[2025-04-28T01:15:45.196+0000] {processor.py:161} INFO - Started process (PID=293) to work on /opt/airflow/dags/silver_to_gold_feature_engineering.py
[2025-04-28T01:15:45.196+0000] {processor.py:830} INFO - Processing file /opt/airflow/dags/silver_to_gold_feature_engineering.py for tasks to queue
[2025-04-28T01:15:45.197+0000] {logging_mixin.py:188} INFO - [2025-04-28T01:15:45.197+0000] {dagbag.py:540} INFO - Filling up the DagBag from /opt/airflow/dags/silver_to_gold_feature_engineering.py
[2025-04-28T01:15:45.400+0000] {processor.py:840} INFO - DAG(s) 'silver_to_gold_feature_engineering' retrieved from /opt/airflow/dags/silver_to_gold_feature_engineering.py
[2025-04-28T01:15:45.412+0000] {logging_mixin.py:188} INFO - [2025-04-28T01:15:45.412+0000] {dag.py:3096} INFO - Sync 1 DAGs
[2025-04-28T01:15:45.419+0000] {logging_mixin.py:188} INFO - [2025-04-28T01:15:45.419+0000] {dag.py:3954} INFO - Setting next_dagrun for silver_to_gold_feature_engineering to None, run_after=None
[2025-04-28T01:15:45.432+0000] {processor.py:183} INFO - Processing /opt/airflow/dags/silver_to_gold_feature_engineering.py took 0.239 seconds
[2025-04-28T01:16:15.604+0000] {processor.py:161} INFO - Started process (PID=334) to work on /opt/airflow/dags/silver_to_gold_feature_engineering.py
[2025-04-28T01:16:15.605+0000] {processor.py:830} INFO - Processing file /opt/airflow/dags/silver_to_gold_feature_engineering.py for tasks to queue
[2025-04-28T01:16:15.606+0000] {logging_mixin.py:188} INFO - [2025-04-28T01:16:15.605+0000] {dagbag.py:540} INFO - Filling up the DagBag from /opt/airflow/dags/silver_to_gold_feature_engineering.py
[2025-04-28T01:16:15.808+0000] {processor.py:840} INFO - DAG(s) 'silver_to_gold_feature_engineering' retrieved from /opt/airflow/dags/silver_to_gold_feature_engineering.py
[2025-04-28T01:16:15.820+0000] {logging_mixin.py:188} INFO - [2025-04-28T01:16:15.820+0000] {dag.py:3096} INFO - Sync 1 DAGs
[2025-04-28T01:16:15.825+0000] {logging_mixin.py:188} INFO - [2025-04-28T01:16:15.825+0000] {dag.py:3954} INFO - Setting next_dagrun for silver_to_gold_feature_engineering to None, run_after=None
[2025-04-28T01:16:15.833+0000] {processor.py:183} INFO - Processing /opt/airflow/dags/silver_to_gold_feature_engineering.py took 0.232 seconds
[2025-04-28T01:16:45.998+0000] {processor.py:161} INFO - Started process (PID=370) to work on /opt/airflow/dags/silver_to_gold_feature_engineering.py
[2025-04-28T01:16:45.999+0000] {processor.py:830} INFO - Processing file /opt/airflow/dags/silver_to_gold_feature_engineering.py for tasks to queue
[2025-04-28T01:16:46.000+0000] {logging_mixin.py:188} INFO - [2025-04-28T01:16:45.999+0000] {dagbag.py:540} INFO - Filling up the DagBag from /opt/airflow/dags/silver_to_gold_feature_engineering.py
[2025-04-28T01:16:46.204+0000] {processor.py:840} INFO - DAG(s) 'silver_to_gold_feature_engineering' retrieved from /opt/airflow/dags/silver_to_gold_feature_engineering.py
[2025-04-28T01:16:46.215+0000] {logging_mixin.py:188} INFO - [2025-04-28T01:16:46.214+0000] {dag.py:3096} INFO - Sync 1 DAGs
[2025-04-28T01:16:46.219+0000] {logging_mixin.py:188} INFO - [2025-04-28T01:16:46.219+0000] {dag.py:3954} INFO - Setting next_dagrun for silver_to_gold_feature_engineering to None, run_after=None
[2025-04-28T01:16:46.227+0000] {processor.py:183} INFO - Processing /opt/airflow/dags/silver_to_gold_feature_engineering.py took 0.231 seconds
[2025-04-28T01:17:05.450+0000] {processor.py:161} INFO - Started process (PID=186) to work on /opt/airflow/dags/silver_to_gold_feature_engineering.py
[2025-04-28T01:17:05.450+0000] {processor.py:830} INFO - Processing file /opt/airflow/dags/silver_to_gold_feature_engineering.py for tasks to queue
[2025-04-28T01:17:05.451+0000] {logging_mixin.py:188} INFO - [2025-04-28T01:17:05.451+0000] {dagbag.py:540} INFO - Filling up the DagBag from /opt/airflow/dags/silver_to_gold_feature_engineering.py
[2025-04-28T01:17:05.686+0000] {processor.py:840} INFO - DAG(s) 'silver_to_gold_feature_engineering' retrieved from /opt/airflow/dags/silver_to_gold_feature_engineering.py
[2025-04-28T01:17:05.697+0000] {logging_mixin.py:188} INFO - [2025-04-28T01:17:05.697+0000] {dag.py:3096} INFO - Sync 1 DAGs
[2025-04-28T01:17:05.702+0000] {logging_mixin.py:188} INFO - [2025-04-28T01:17:05.702+0000] {dag.py:3954} INFO - Setting next_dagrun for silver_to_gold_feature_engineering to None, run_after=None
[2025-04-28T01:17:05.712+0000] {processor.py:183} INFO - Processing /opt/airflow/dags/silver_to_gold_feature_engineering.py took 0.265 seconds
[2025-04-28T01:17:36.641+0000] {processor.py:161} INFO - Started process (PID=216) to work on /opt/airflow/dags/silver_to_gold_feature_engineering.py
[2025-04-28T01:17:36.642+0000] {processor.py:830} INFO - Processing file /opt/airflow/dags/silver_to_gold_feature_engineering.py for tasks to queue
[2025-04-28T01:17:36.643+0000] {logging_mixin.py:188} INFO - [2025-04-28T01:17:36.643+0000] {dagbag.py:540} INFO - Filling up the DagBag from /opt/airflow/dags/silver_to_gold_feature_engineering.py
[2025-04-28T01:17:36.857+0000] {processor.py:840} INFO - DAG(s) 'silver_to_gold_feature_engineering' retrieved from /opt/airflow/dags/silver_to_gold_feature_engineering.py
[2025-04-28T01:17:36.900+0000] {logging_mixin.py:188} INFO - [2025-04-28T01:17:36.900+0000] {dag.py:3096} INFO - Sync 1 DAGs
[2025-04-28T01:17:36.905+0000] {logging_mixin.py:188} INFO - [2025-04-28T01:17:36.905+0000] {dag.py:3954} INFO - Setting next_dagrun for silver_to_gold_feature_engineering to None, run_after=None
[2025-04-28T01:17:36.914+0000] {processor.py:183} INFO - Processing /opt/airflow/dags/silver_to_gold_feature_engineering.py took 0.276 seconds
[2025-04-28T01:18:07.812+0000] {processor.py:161} INFO - Started process (PID=249) to work on /opt/airflow/dags/silver_to_gold_feature_engineering.py
[2025-04-28T01:18:07.812+0000] {processor.py:830} INFO - Processing file /opt/airflow/dags/silver_to_gold_feature_engineering.py for tasks to queue
[2025-04-28T01:18:07.813+0000] {logging_mixin.py:188} INFO - [2025-04-28T01:18:07.813+0000] {dagbag.py:540} INFO - Filling up the DagBag from /opt/airflow/dags/silver_to_gold_feature_engineering.py
[2025-04-28T01:18:08.025+0000] {processor.py:840} INFO - DAG(s) 'silver_to_gold_feature_engineering' retrieved from /opt/airflow/dags/silver_to_gold_feature_engineering.py
[2025-04-28T01:18:08.038+0000] {logging_mixin.py:188} INFO - [2025-04-28T01:18:08.038+0000] {dag.py:3096} INFO - Sync 1 DAGs
[2025-04-28T01:18:08.043+0000] {logging_mixin.py:188} INFO - [2025-04-28T01:18:08.043+0000] {dag.py:3954} INFO - Setting next_dagrun for silver_to_gold_feature_engineering to None, run_after=None
[2025-04-28T01:18:08.052+0000] {processor.py:183} INFO - Processing /opt/airflow/dags/silver_to_gold_feature_engineering.py took 0.243 seconds
[2025-04-28T01:18:38.677+0000] {processor.py:161} INFO - Started process (PID=282) to work on /opt/airflow/dags/silver_to_gold_feature_engineering.py
[2025-04-28T01:18:38.677+0000] {processor.py:830} INFO - Processing file /opt/airflow/dags/silver_to_gold_feature_engineering.py for tasks to queue
[2025-04-28T01:18:38.678+0000] {logging_mixin.py:188} INFO - [2025-04-28T01:18:38.678+0000] {dagbag.py:540} INFO - Filling up the DagBag from /opt/airflow/dags/silver_to_gold_feature_engineering.py
[2025-04-28T01:18:38.890+0000] {processor.py:840} INFO - DAG(s) 'silver_to_gold_feature_engineering' retrieved from /opt/airflow/dags/silver_to_gold_feature_engineering.py
[2025-04-28T01:18:38.902+0000] {logging_mixin.py:188} INFO - [2025-04-28T01:18:38.902+0000] {dag.py:3096} INFO - Sync 1 DAGs
[2025-04-28T01:18:38.907+0000] {logging_mixin.py:188} INFO - [2025-04-28T01:18:38.907+0000] {dag.py:3954} INFO - Setting next_dagrun for silver_to_gold_feature_engineering to None, run_after=None
[2025-04-28T01:18:38.918+0000] {processor.py:183} INFO - Processing /opt/airflow/dags/silver_to_gold_feature_engineering.py took 0.244 seconds
[2025-04-28T01:19:09.518+0000] {processor.py:161} INFO - Started process (PID=315) to work on /opt/airflow/dags/silver_to_gold_feature_engineering.py
[2025-04-28T01:19:09.519+0000] {processor.py:830} INFO - Processing file /opt/airflow/dags/silver_to_gold_feature_engineering.py for tasks to queue
[2025-04-28T01:19:09.520+0000] {logging_mixin.py:188} INFO - [2025-04-28T01:19:09.520+0000] {dagbag.py:540} INFO - Filling up the DagBag from /opt/airflow/dags/silver_to_gold_feature_engineering.py
[2025-04-28T01:19:09.739+0000] {processor.py:840} INFO - DAG(s) 'silver_to_gold_feature_engineering' retrieved from /opt/airflow/dags/silver_to_gold_feature_engineering.py
[2025-04-28T01:19:09.749+0000] {logging_mixin.py:188} INFO - [2025-04-28T01:19:09.749+0000] {dag.py:3096} INFO - Sync 1 DAGs
[2025-04-28T01:19:09.754+0000] {logging_mixin.py:188} INFO - [2025-04-28T01:19:09.754+0000] {dag.py:3954} INFO - Setting next_dagrun for silver_to_gold_feature_engineering to None, run_after=None
[2025-04-28T01:19:09.762+0000] {processor.py:183} INFO - Processing /opt/airflow/dags/silver_to_gold_feature_engineering.py took 0.246 seconds
[2025-04-28T01:19:40.325+0000] {processor.py:161} INFO - Started process (PID=365) to work on /opt/airflow/dags/silver_to_gold_feature_engineering.py
[2025-04-28T01:19:40.326+0000] {processor.py:830} INFO - Processing file /opt/airflow/dags/silver_to_gold_feature_engineering.py for tasks to queue
[2025-04-28T01:19:40.327+0000] {logging_mixin.py:188} INFO - [2025-04-28T01:19:40.326+0000] {dagbag.py:540} INFO - Filling up the DagBag from /opt/airflow/dags/silver_to_gold_feature_engineering.py
[2025-04-28T01:19:40.542+0000] {processor.py:840} INFO - DAG(s) 'silver_to_gold_feature_engineering' retrieved from /opt/airflow/dags/silver_to_gold_feature_engineering.py
[2025-04-28T01:19:40.555+0000] {logging_mixin.py:188} INFO - [2025-04-28T01:19:40.555+0000] {dag.py:3096} INFO - Sync 1 DAGs
[2025-04-28T01:19:40.560+0000] {logging_mixin.py:188} INFO - [2025-04-28T01:19:40.559+0000] {dag.py:3954} INFO - Setting next_dagrun for silver_to_gold_feature_engineering to None, run_after=None
[2025-04-28T01:19:40.569+0000] {processor.py:183} INFO - Processing /opt/airflow/dags/silver_to_gold_feature_engineering.py took 0.247 seconds
[2025-04-28T01:20:11.180+0000] {processor.py:161} INFO - Started process (PID=395) to work on /opt/airflow/dags/silver_to_gold_feature_engineering.py
[2025-04-28T01:20:11.180+0000] {processor.py:830} INFO - Processing file /opt/airflow/dags/silver_to_gold_feature_engineering.py for tasks to queue
[2025-04-28T01:20:11.182+0000] {logging_mixin.py:188} INFO - [2025-04-28T01:20:11.182+0000] {dagbag.py:540} INFO - Filling up the DagBag from /opt/airflow/dags/silver_to_gold_feature_engineering.py
[2025-04-28T01:20:11.403+0000] {processor.py:840} INFO - DAG(s) 'silver_to_gold_feature_engineering' retrieved from /opt/airflow/dags/silver_to_gold_feature_engineering.py
[2025-04-28T01:20:11.419+0000] {logging_mixin.py:188} INFO - [2025-04-28T01:20:11.419+0000] {dag.py:3096} INFO - Sync 1 DAGs
[2025-04-28T01:20:11.425+0000] {logging_mixin.py:188} INFO - [2025-04-28T01:20:11.425+0000] {dag.py:3954} INFO - Setting next_dagrun for silver_to_gold_feature_engineering to None, run_after=None
[2025-04-28T01:20:11.434+0000] {processor.py:183} INFO - Processing /opt/airflow/dags/silver_to_gold_feature_engineering.py took 0.257 seconds
[2025-04-28T01:20:42.056+0000] {processor.py:161} INFO - Started process (PID=452) to work on /opt/airflow/dags/silver_to_gold_feature_engineering.py
[2025-04-28T01:20:42.057+0000] {processor.py:830} INFO - Processing file /opt/airflow/dags/silver_to_gold_feature_engineering.py for tasks to queue
[2025-04-28T01:20:42.058+0000] {logging_mixin.py:188} INFO - [2025-04-28T01:20:42.058+0000] {dagbag.py:540} INFO - Filling up the DagBag from /opt/airflow/dags/silver_to_gold_feature_engineering.py
[2025-04-28T01:20:42.280+0000] {processor.py:840} INFO - DAG(s) 'silver_to_gold_feature_engineering' retrieved from /opt/airflow/dags/silver_to_gold_feature_engineering.py
[2025-04-28T01:20:42.292+0000] {logging_mixin.py:188} INFO - [2025-04-28T01:20:42.291+0000] {dag.py:3096} INFO - Sync 1 DAGs
[2025-04-28T01:20:42.299+0000] {logging_mixin.py:188} INFO - [2025-04-28T01:20:42.298+0000] {dag.py:3954} INFO - Setting next_dagrun for silver_to_gold_feature_engineering to None, run_after=None
[2025-04-28T01:20:42.310+0000] {processor.py:183} INFO - Processing /opt/airflow/dags/silver_to_gold_feature_engineering.py took 0.256 seconds
[2025-04-28T01:21:12.991+0000] {processor.py:161} INFO - Started process (PID=482) to work on /opt/airflow/dags/silver_to_gold_feature_engineering.py
[2025-04-28T01:21:12.992+0000] {processor.py:830} INFO - Processing file /opt/airflow/dags/silver_to_gold_feature_engineering.py for tasks to queue
[2025-04-28T01:21:12.993+0000] {logging_mixin.py:188} INFO - [2025-04-28T01:21:12.993+0000] {dagbag.py:540} INFO - Filling up the DagBag from /opt/airflow/dags/silver_to_gold_feature_engineering.py
[2025-04-28T01:21:13.222+0000] {processor.py:840} INFO - DAG(s) 'silver_to_gold_feature_engineering' retrieved from /opt/airflow/dags/silver_to_gold_feature_engineering.py
[2025-04-28T01:21:13.235+0000] {logging_mixin.py:188} INFO - [2025-04-28T01:21:13.235+0000] {dag.py:3096} INFO - Sync 1 DAGs
[2025-04-28T01:21:13.240+0000] {logging_mixin.py:188} INFO - [2025-04-28T01:21:13.240+0000] {dag.py:3954} INFO - Setting next_dagrun for silver_to_gold_feature_engineering to None, run_after=None
[2025-04-28T01:21:13.252+0000] {processor.py:183} INFO - Processing /opt/airflow/dags/silver_to_gold_feature_engineering.py took 0.264 seconds
[2025-04-28T01:21:43.828+0000] {processor.py:161} INFO - Started process (PID=512) to work on /opt/airflow/dags/silver_to_gold_feature_engineering.py
[2025-04-28T01:21:43.829+0000] {processor.py:830} INFO - Processing file /opt/airflow/dags/silver_to_gold_feature_engineering.py for tasks to queue
[2025-04-28T01:21:43.830+0000] {logging_mixin.py:188} INFO - [2025-04-28T01:21:43.829+0000] {dagbag.py:540} INFO - Filling up the DagBag from /opt/airflow/dags/silver_to_gold_feature_engineering.py
[2025-04-28T01:21:44.057+0000] {processor.py:840} INFO - DAG(s) 'silver_to_gold_feature_engineering' retrieved from /opt/airflow/dags/silver_to_gold_feature_engineering.py
[2025-04-28T01:21:44.069+0000] {logging_mixin.py:188} INFO - [2025-04-28T01:21:44.069+0000] {dag.py:3096} INFO - Sync 1 DAGs
[2025-04-28T01:21:44.074+0000] {logging_mixin.py:188} INFO - [2025-04-28T01:21:44.073+0000] {dag.py:3954} INFO - Setting next_dagrun for silver_to_gold_feature_engineering to None, run_after=None
[2025-04-28T01:21:44.085+0000] {processor.py:183} INFO - Processing /opt/airflow/dags/silver_to_gold_feature_engineering.py took 0.259 seconds
[2025-04-28T01:22:14.992+0000] {processor.py:161} INFO - Started process (PID=542) to work on /opt/airflow/dags/silver_to_gold_feature_engineering.py
[2025-04-28T01:22:14.992+0000] {processor.py:830} INFO - Processing file /opt/airflow/dags/silver_to_gold_feature_engineering.py for tasks to queue
[2025-04-28T01:22:14.993+0000] {logging_mixin.py:188} INFO - [2025-04-28T01:22:14.993+0000] {dagbag.py:540} INFO - Filling up the DagBag from /opt/airflow/dags/silver_to_gold_feature_engineering.py
[2025-04-28T01:22:15.209+0000] {processor.py:840} INFO - DAG(s) 'silver_to_gold_feature_engineering' retrieved from /opt/airflow/dags/silver_to_gold_feature_engineering.py
[2025-04-28T01:22:15.221+0000] {logging_mixin.py:188} INFO - [2025-04-28T01:22:15.221+0000] {dag.py:3096} INFO - Sync 1 DAGs
[2025-04-28T01:22:15.226+0000] {logging_mixin.py:188} INFO - [2025-04-28T01:22:15.226+0000] {dag.py:3954} INFO - Setting next_dagrun for silver_to_gold_feature_engineering to None, run_after=None
[2025-04-28T01:22:15.238+0000] {processor.py:183} INFO - Processing /opt/airflow/dags/silver_to_gold_feature_engineering.py took 0.249 seconds
[2025-04-28T01:22:45.880+0000] {processor.py:161} INFO - Started process (PID=575) to work on /opt/airflow/dags/silver_to_gold_feature_engineering.py
[2025-04-28T01:22:45.881+0000] {processor.py:830} INFO - Processing file /opt/airflow/dags/silver_to_gold_feature_engineering.py for tasks to queue
[2025-04-28T01:22:45.882+0000] {logging_mixin.py:188} INFO - [2025-04-28T01:22:45.882+0000] {dagbag.py:540} INFO - Filling up the DagBag from /opt/airflow/dags/silver_to_gold_feature_engineering.py
[2025-04-28T01:22:46.080+0000] {processor.py:840} INFO - DAG(s) 'silver_to_gold_feature_engineering' retrieved from /opt/airflow/dags/silver_to_gold_feature_engineering.py
[2025-04-28T01:22:46.091+0000] {logging_mixin.py:188} INFO - [2025-04-28T01:22:46.091+0000] {dag.py:3096} INFO - Sync 1 DAGs
[2025-04-28T01:22:46.095+0000] {logging_mixin.py:188} INFO - [2025-04-28T01:22:46.095+0000] {dag.py:3954} INFO - Setting next_dagrun for silver_to_gold_feature_engineering to None, run_after=None
[2025-04-28T01:22:46.103+0000] {processor.py:183} INFO - Processing /opt/airflow/dags/silver_to_gold_feature_engineering.py took 0.225 seconds
[2025-04-28T01:23:17.655+0000] {processor.py:161} INFO - Started process (PID=186) to work on /opt/airflow/dags/silver_to_gold_feature_engineering.py
[2025-04-28T01:23:17.656+0000] {processor.py:830} INFO - Processing file /opt/airflow/dags/silver_to_gold_feature_engineering.py for tasks to queue
[2025-04-28T01:23:17.657+0000] {logging_mixin.py:188} INFO - [2025-04-28T01:23:17.657+0000] {dagbag.py:540} INFO - Filling up the DagBag from /opt/airflow/dags/silver_to_gold_feature_engineering.py
[2025-04-28T01:23:17.881+0000] {processor.py:840} INFO - DAG(s) 'silver_to_gold_feature_engineering' retrieved from /opt/airflow/dags/silver_to_gold_feature_engineering.py
[2025-04-28T01:23:17.898+0000] {logging_mixin.py:188} INFO - [2025-04-28T01:23:17.897+0000] {dag.py:3096} INFO - Sync 1 DAGs
[2025-04-28T01:23:17.908+0000] {logging_mixin.py:188} INFO - [2025-04-28T01:23:17.907+0000] {dag.py:3954} INFO - Setting next_dagrun for silver_to_gold_feature_engineering to None, run_after=None
[2025-04-28T01:23:17.922+0000] {processor.py:183} INFO - Processing /opt/airflow/dags/silver_to_gold_feature_engineering.py took 0.270 seconds
[2025-04-28T01:23:48.821+0000] {processor.py:161} INFO - Started process (PID=230) to work on /opt/airflow/dags/silver_to_gold_feature_engineering.py
[2025-04-28T01:23:48.822+0000] {processor.py:830} INFO - Processing file /opt/airflow/dags/silver_to_gold_feature_engineering.py for tasks to queue
[2025-04-28T01:23:48.823+0000] {logging_mixin.py:188} INFO - [2025-04-28T01:23:48.823+0000] {dagbag.py:540} INFO - Filling up the DagBag from /opt/airflow/dags/silver_to_gold_feature_engineering.py
[2025-04-28T01:23:49.049+0000] {processor.py:840} INFO - DAG(s) 'silver_to_gold_feature_engineering' retrieved from /opt/airflow/dags/silver_to_gold_feature_engineering.py
[2025-04-28T01:23:49.062+0000] {logging_mixin.py:188} INFO - [2025-04-28T01:23:49.062+0000] {dag.py:3096} INFO - Sync 1 DAGs
[2025-04-28T01:23:49.068+0000] {logging_mixin.py:188} INFO - [2025-04-28T01:23:49.068+0000] {dag.py:3954} INFO - Setting next_dagrun for silver_to_gold_feature_engineering to None, run_after=None
[2025-04-28T01:23:49.078+0000] {processor.py:183} INFO - Processing /opt/airflow/dags/silver_to_gold_feature_engineering.py took 0.259 seconds
[2025-04-28T01:24:19.726+0000] {processor.py:161} INFO - Started process (PID=263) to work on /opt/airflow/dags/silver_to_gold_feature_engineering.py
[2025-04-28T01:24:19.726+0000] {processor.py:830} INFO - Processing file /opt/airflow/dags/silver_to_gold_feature_engineering.py for tasks to queue
[2025-04-28T01:24:19.727+0000] {logging_mixin.py:188} INFO - [2025-04-28T01:24:19.727+0000] {dagbag.py:540} INFO - Filling up the DagBag from /opt/airflow/dags/silver_to_gold_feature_engineering.py
[2025-04-28T01:24:19.931+0000] {processor.py:840} INFO - DAG(s) 'silver_to_gold_feature_engineering' retrieved from /opt/airflow/dags/silver_to_gold_feature_engineering.py
[2025-04-28T01:24:19.941+0000] {logging_mixin.py:188} INFO - [2025-04-28T01:24:19.941+0000] {dag.py:3096} INFO - Sync 1 DAGs
[2025-04-28T01:24:19.946+0000] {logging_mixin.py:188} INFO - [2025-04-28T01:24:19.946+0000] {dag.py:3954} INFO - Setting next_dagrun for silver_to_gold_feature_engineering to None, run_after=None
[2025-04-28T01:24:19.953+0000] {processor.py:183} INFO - Processing /opt/airflow/dags/silver_to_gold_feature_engineering.py took 0.231 seconds
[2025-04-28T01:24:50.587+0000] {processor.py:161} INFO - Started process (PID=293) to work on /opt/airflow/dags/silver_to_gold_feature_engineering.py
[2025-04-28T01:24:50.587+0000] {processor.py:830} INFO - Processing file /opt/airflow/dags/silver_to_gold_feature_engineering.py for tasks to queue
[2025-04-28T01:24:50.588+0000] {logging_mixin.py:188} INFO - [2025-04-28T01:24:50.588+0000] {dagbag.py:540} INFO - Filling up the DagBag from /opt/airflow/dags/silver_to_gold_feature_engineering.py
[2025-04-28T01:24:50.792+0000] {processor.py:840} INFO - DAG(s) 'silver_to_gold_feature_engineering' retrieved from /opt/airflow/dags/silver_to_gold_feature_engineering.py
[2025-04-28T01:24:50.803+0000] {logging_mixin.py:188} INFO - [2025-04-28T01:24:50.803+0000] {dag.py:3096} INFO - Sync 1 DAGs
[2025-04-28T01:24:50.807+0000] {logging_mixin.py:188} INFO - [2025-04-28T01:24:50.807+0000] {dag.py:3954} INFO - Setting next_dagrun for silver_to_gold_feature_engineering to None, run_after=None
[2025-04-28T01:24:50.815+0000] {processor.py:183} INFO - Processing /opt/airflow/dags/silver_to_gold_feature_engineering.py took 0.230 seconds
[2025-04-28T01:25:21.439+0000] {processor.py:161} INFO - Started process (PID=320) to work on /opt/airflow/dags/silver_to_gold_feature_engineering.py
[2025-04-28T01:25:21.440+0000] {processor.py:830} INFO - Processing file /opt/airflow/dags/silver_to_gold_feature_engineering.py for tasks to queue
[2025-04-28T01:25:21.441+0000] {logging_mixin.py:188} INFO - [2025-04-28T01:25:21.441+0000] {dagbag.py:540} INFO - Filling up the DagBag from /opt/airflow/dags/silver_to_gold_feature_engineering.py
[2025-04-28T01:25:21.657+0000] {processor.py:840} INFO - DAG(s) 'silver_to_gold_feature_engineering' retrieved from /opt/airflow/dags/silver_to_gold_feature_engineering.py
[2025-04-28T01:25:21.669+0000] {logging_mixin.py:188} INFO - [2025-04-28T01:25:21.668+0000] {dag.py:3096} INFO - Sync 1 DAGs
[2025-04-28T01:25:21.673+0000] {logging_mixin.py:188} INFO - [2025-04-28T01:25:21.673+0000] {dag.py:3954} INFO - Setting next_dagrun for silver_to_gold_feature_engineering to None, run_after=None
[2025-04-28T01:25:21.684+0000] {processor.py:183} INFO - Processing /opt/airflow/dags/silver_to_gold_feature_engineering.py took 0.248 seconds
[2025-04-28T01:25:52.295+0000] {processor.py:161} INFO - Started process (PID=353) to work on /opt/airflow/dags/silver_to_gold_feature_engineering.py
[2025-04-28T01:25:52.296+0000] {processor.py:830} INFO - Processing file /opt/airflow/dags/silver_to_gold_feature_engineering.py for tasks to queue
[2025-04-28T01:25:52.297+0000] {logging_mixin.py:188} INFO - [2025-04-28T01:25:52.297+0000] {dagbag.py:540} INFO - Filling up the DagBag from /opt/airflow/dags/silver_to_gold_feature_engineering.py
[2025-04-28T01:25:52.550+0000] {processor.py:840} INFO - DAG(s) 'silver_to_gold_feature_engineering' retrieved from /opt/airflow/dags/silver_to_gold_feature_engineering.py
[2025-04-28T01:25:52.561+0000] {logging_mixin.py:188} INFO - [2025-04-28T01:25:52.561+0000] {dag.py:3096} INFO - Sync 1 DAGs
[2025-04-28T01:25:52.565+0000] {logging_mixin.py:188} INFO - [2025-04-28T01:25:52.565+0000] {dag.py:3954} INFO - Setting next_dagrun for silver_to_gold_feature_engineering to None, run_after=None
[2025-04-28T01:25:52.573+0000] {processor.py:183} INFO - Processing /opt/airflow/dags/silver_to_gold_feature_engineering.py took 0.280 seconds
[2025-04-28T01:26:23.153+0000] {processor.py:161} INFO - Started process (PID=380) to work on /opt/airflow/dags/silver_to_gold_feature_engineering.py
[2025-04-28T01:26:23.153+0000] {processor.py:830} INFO - Processing file /opt/airflow/dags/silver_to_gold_feature_engineering.py for tasks to queue
[2025-04-28T01:26:23.154+0000] {logging_mixin.py:188} INFO - [2025-04-28T01:26:23.154+0000] {dagbag.py:540} INFO - Filling up the DagBag from /opt/airflow/dags/silver_to_gold_feature_engineering.py
[2025-04-28T01:26:23.376+0000] {processor.py:840} INFO - DAG(s) 'silver_to_gold_feature_engineering' retrieved from /opt/airflow/dags/silver_to_gold_feature_engineering.py
[2025-04-28T01:26:23.389+0000] {logging_mixin.py:188} INFO - [2025-04-28T01:26:23.389+0000] {dag.py:3096} INFO - Sync 1 DAGs
[2025-04-28T01:26:23.394+0000] {logging_mixin.py:188} INFO - [2025-04-28T01:26:23.394+0000] {dag.py:3954} INFO - Setting next_dagrun for silver_to_gold_feature_engineering to None, run_after=None
[2025-04-28T01:26:23.403+0000] {processor.py:183} INFO - Processing /opt/airflow/dags/silver_to_gold_feature_engineering.py took 0.253 seconds
[2025-04-28T01:26:54.020+0000] {processor.py:161} INFO - Started process (PID=410) to work on /opt/airflow/dags/silver_to_gold_feature_engineering.py
[2025-04-28T01:26:54.020+0000] {processor.py:830} INFO - Processing file /opt/airflow/dags/silver_to_gold_feature_engineering.py for tasks to queue
[2025-04-28T01:26:54.021+0000] {logging_mixin.py:188} INFO - [2025-04-28T01:26:54.021+0000] {dagbag.py:540} INFO - Filling up the DagBag from /opt/airflow/dags/silver_to_gold_feature_engineering.py
[2025-04-28T01:26:54.236+0000] {processor.py:840} INFO - DAG(s) 'silver_to_gold_feature_engineering' retrieved from /opt/airflow/dags/silver_to_gold_feature_engineering.py
[2025-04-28T01:26:54.252+0000] {logging_mixin.py:188} INFO - [2025-04-28T01:26:54.251+0000] {dag.py:3096} INFO - Sync 1 DAGs
[2025-04-28T01:26:54.257+0000] {logging_mixin.py:188} INFO - [2025-04-28T01:26:54.256+0000] {dag.py:3954} INFO - Setting next_dagrun for silver_to_gold_feature_engineering to None, run_after=None
[2025-04-28T01:26:54.266+0000] {processor.py:183} INFO - Processing /opt/airflow/dags/silver_to_gold_feature_engineering.py took 0.249 seconds
[2025-04-28T01:27:24.866+0000] {processor.py:161} INFO - Started process (PID=440) to work on /opt/airflow/dags/silver_to_gold_feature_engineering.py
[2025-04-28T01:27:24.867+0000] {processor.py:830} INFO - Processing file /opt/airflow/dags/silver_to_gold_feature_engineering.py for tasks to queue
[2025-04-28T01:27:24.868+0000] {logging_mixin.py:188} INFO - [2025-04-28T01:27:24.867+0000] {dagbag.py:540} INFO - Filling up the DagBag from /opt/airflow/dags/silver_to_gold_feature_engineering.py
[2025-04-28T01:27:25.081+0000] {processor.py:840} INFO - DAG(s) 'silver_to_gold_feature_engineering' retrieved from /opt/airflow/dags/silver_to_gold_feature_engineering.py
[2025-04-28T01:27:25.097+0000] {logging_mixin.py:188} INFO - [2025-04-28T01:27:25.097+0000] {dag.py:3096} INFO - Sync 1 DAGs
[2025-04-28T01:27:25.102+0000] {logging_mixin.py:188} INFO - [2025-04-28T01:27:25.102+0000] {dag.py:3954} INFO - Setting next_dagrun for silver_to_gold_feature_engineering to None, run_after=None
[2025-04-28T01:27:25.112+0000] {processor.py:183} INFO - Processing /opt/airflow/dags/silver_to_gold_feature_engineering.py took 0.248 seconds
[2025-04-28T01:27:55.771+0000] {processor.py:161} INFO - Started process (PID=470) to work on /opt/airflow/dags/silver_to_gold_feature_engineering.py
[2025-04-28T01:27:55.771+0000] {processor.py:830} INFO - Processing file /opt/airflow/dags/silver_to_gold_feature_engineering.py for tasks to queue
[2025-04-28T01:27:55.772+0000] {logging_mixin.py:188} INFO - [2025-04-28T01:27:55.772+0000] {dagbag.py:540} INFO - Filling up the DagBag from /opt/airflow/dags/silver_to_gold_feature_engineering.py
[2025-04-28T01:27:55.988+0000] {processor.py:840} INFO - DAG(s) 'silver_to_gold_feature_engineering' retrieved from /opt/airflow/dags/silver_to_gold_feature_engineering.py
[2025-04-28T01:27:56.002+0000] {logging_mixin.py:188} INFO - [2025-04-28T01:27:56.002+0000] {dag.py:3096} INFO - Sync 1 DAGs
[2025-04-28T01:27:56.007+0000] {logging_mixin.py:188} INFO - [2025-04-28T01:27:56.007+0000] {dag.py:3954} INFO - Setting next_dagrun for silver_to_gold_feature_engineering to None, run_after=None
[2025-04-28T01:27:56.019+0000] {processor.py:183} INFO - Processing /opt/airflow/dags/silver_to_gold_feature_engineering.py took 0.251 seconds
[2025-04-28T01:28:26.647+0000] {processor.py:161} INFO - Started process (PID=503) to work on /opt/airflow/dags/silver_to_gold_feature_engineering.py
[2025-04-28T01:28:26.648+0000] {processor.py:830} INFO - Processing file /opt/airflow/dags/silver_to_gold_feature_engineering.py for tasks to queue
[2025-04-28T01:28:26.649+0000] {logging_mixin.py:188} INFO - [2025-04-28T01:28:26.649+0000] {dagbag.py:540} INFO - Filling up the DagBag from /opt/airflow/dags/silver_to_gold_feature_engineering.py
[2025-04-28T01:28:26.847+0000] {processor.py:840} INFO - DAG(s) 'silver_to_gold_feature_engineering' retrieved from /opt/airflow/dags/silver_to_gold_feature_engineering.py
[2025-04-28T01:28:26.858+0000] {logging_mixin.py:188} INFO - [2025-04-28T01:28:26.857+0000] {dag.py:3096} INFO - Sync 1 DAGs
[2025-04-28T01:28:26.862+0000] {logging_mixin.py:188} INFO - [2025-04-28T01:28:26.862+0000] {dag.py:3954} INFO - Setting next_dagrun for silver_to_gold_feature_engineering to None, run_after=None
[2025-04-28T01:28:26.869+0000] {processor.py:183} INFO - Processing /opt/airflow/dags/silver_to_gold_feature_engineering.py took 0.224 seconds
[2025-04-28T01:28:57.473+0000] {processor.py:161} INFO - Started process (PID=530) to work on /opt/airflow/dags/silver_to_gold_feature_engineering.py
[2025-04-28T01:28:57.474+0000] {processor.py:830} INFO - Processing file /opt/airflow/dags/silver_to_gold_feature_engineering.py for tasks to queue
[2025-04-28T01:28:57.474+0000] {logging_mixin.py:188} INFO - [2025-04-28T01:28:57.474+0000] {dagbag.py:540} INFO - Filling up the DagBag from /opt/airflow/dags/silver_to_gold_feature_engineering.py
[2025-04-28T01:28:57.698+0000] {processor.py:840} INFO - DAG(s) 'silver_to_gold_feature_engineering' retrieved from /opt/airflow/dags/silver_to_gold_feature_engineering.py
[2025-04-28T01:28:57.711+0000] {logging_mixin.py:188} INFO - [2025-04-28T01:28:57.711+0000] {dag.py:3096} INFO - Sync 1 DAGs
[2025-04-28T01:28:57.716+0000] {logging_mixin.py:188} INFO - [2025-04-28T01:28:57.716+0000] {dag.py:3954} INFO - Setting next_dagrun for silver_to_gold_feature_engineering to None, run_after=None
[2025-04-28T01:28:57.725+0000] {processor.py:183} INFO - Processing /opt/airflow/dags/silver_to_gold_feature_engineering.py took 0.255 seconds
[2025-04-28T01:29:28.582+0000] {processor.py:161} INFO - Started process (PID=560) to work on /opt/airflow/dags/silver_to_gold_feature_engineering.py
[2025-04-28T01:29:28.582+0000] {processor.py:830} INFO - Processing file /opt/airflow/dags/silver_to_gold_feature_engineering.py for tasks to queue
[2025-04-28T01:29:28.584+0000] {logging_mixin.py:188} INFO - [2025-04-28T01:29:28.583+0000] {dagbag.py:540} INFO - Filling up the DagBag from /opt/airflow/dags/silver_to_gold_feature_engineering.py
[2025-04-28T01:29:28.801+0000] {processor.py:840} INFO - DAG(s) 'silver_to_gold_feature_engineering' retrieved from /opt/airflow/dags/silver_to_gold_feature_engineering.py
[2025-04-28T01:29:28.813+0000] {logging_mixin.py:188} INFO - [2025-04-28T01:29:28.813+0000] {dag.py:3096} INFO - Sync 1 DAGs
[2025-04-28T01:29:28.819+0000] {logging_mixin.py:188} INFO - [2025-04-28T01:29:28.819+0000] {dag.py:3954} INFO - Setting next_dagrun for silver_to_gold_feature_engineering to None, run_after=None
[2025-04-28T01:29:28.829+0000] {processor.py:183} INFO - Processing /opt/airflow/dags/silver_to_gold_feature_engineering.py took 0.250 seconds
[2025-04-28T01:29:59.449+0000] {processor.py:161} INFO - Started process (PID=593) to work on /opt/airflow/dags/silver_to_gold_feature_engineering.py
[2025-04-28T01:29:59.450+0000] {processor.py:830} INFO - Processing file /opt/airflow/dags/silver_to_gold_feature_engineering.py for tasks to queue
[2025-04-28T01:29:59.451+0000] {logging_mixin.py:188} INFO - [2025-04-28T01:29:59.451+0000] {dagbag.py:540} INFO - Filling up the DagBag from /opt/airflow/dags/silver_to_gold_feature_engineering.py
[2025-04-28T01:29:59.647+0000] {processor.py:840} INFO - DAG(s) 'silver_to_gold_feature_engineering' retrieved from /opt/airflow/dags/silver_to_gold_feature_engineering.py
[2025-04-28T01:29:59.657+0000] {logging_mixin.py:188} INFO - [2025-04-28T01:29:59.657+0000] {dag.py:3096} INFO - Sync 1 DAGs
[2025-04-28T01:29:59.662+0000] {logging_mixin.py:188} INFO - [2025-04-28T01:29:59.662+0000] {dag.py:3954} INFO - Setting next_dagrun for silver_to_gold_feature_engineering to None, run_after=None
[2025-04-28T01:29:59.669+0000] {processor.py:183} INFO - Processing /opt/airflow/dags/silver_to_gold_feature_engineering.py took 0.222 seconds
[2025-04-28T01:30:30.294+0000] {processor.py:161} INFO - Started process (PID=620) to work on /opt/airflow/dags/silver_to_gold_feature_engineering.py
[2025-04-28T01:30:30.295+0000] {processor.py:830} INFO - Processing file /opt/airflow/dags/silver_to_gold_feature_engineering.py for tasks to queue
[2025-04-28T01:30:30.295+0000] {logging_mixin.py:188} INFO - [2025-04-28T01:30:30.295+0000] {dagbag.py:540} INFO - Filling up the DagBag from /opt/airflow/dags/silver_to_gold_feature_engineering.py
[2025-04-28T01:30:30.518+0000] {processor.py:840} INFO - DAG(s) 'silver_to_gold_feature_engineering' retrieved from /opt/airflow/dags/silver_to_gold_feature_engineering.py
[2025-04-28T01:30:30.535+0000] {logging_mixin.py:188} INFO - [2025-04-28T01:30:30.535+0000] {dag.py:3096} INFO - Sync 1 DAGs
[2025-04-28T01:30:30.540+0000] {logging_mixin.py:188} INFO - [2025-04-28T01:30:30.539+0000] {dag.py:3954} INFO - Setting next_dagrun for silver_to_gold_feature_engineering to None, run_after=None
[2025-04-28T01:30:30.547+0000] {processor.py:183} INFO - Processing /opt/airflow/dags/silver_to_gold_feature_engineering.py took 0.256 seconds
[2025-04-28T01:31:01.454+0000] {processor.py:161} INFO - Started process (PID=653) to work on /opt/airflow/dags/silver_to_gold_feature_engineering.py
[2025-04-28T01:31:01.455+0000] {processor.py:830} INFO - Processing file /opt/airflow/dags/silver_to_gold_feature_engineering.py for tasks to queue
[2025-04-28T01:31:01.456+0000] {logging_mixin.py:188} INFO - [2025-04-28T01:31:01.455+0000] {dagbag.py:540} INFO - Filling up the DagBag from /opt/airflow/dags/silver_to_gold_feature_engineering.py
[2025-04-28T01:31:01.653+0000] {processor.py:840} INFO - DAG(s) 'silver_to_gold_feature_engineering' retrieved from /opt/airflow/dags/silver_to_gold_feature_engineering.py
[2025-04-28T01:31:01.664+0000] {logging_mixin.py:188} INFO - [2025-04-28T01:31:01.663+0000] {dag.py:3096} INFO - Sync 1 DAGs
[2025-04-28T01:31:01.668+0000] {logging_mixin.py:188} INFO - [2025-04-28T01:31:01.668+0000] {dag.py:3954} INFO - Setting next_dagrun for silver_to_gold_feature_engineering to None, run_after=None
[2025-04-28T01:31:01.675+0000] {processor.py:183} INFO - Processing /opt/airflow/dags/silver_to_gold_feature_engineering.py took 0.224 seconds
[2025-04-28T01:31:32.331+0000] {processor.py:161} INFO - Started process (PID=680) to work on /opt/airflow/dags/silver_to_gold_feature_engineering.py
[2025-04-28T01:31:32.331+0000] {processor.py:830} INFO - Processing file /opt/airflow/dags/silver_to_gold_feature_engineering.py for tasks to queue
[2025-04-28T01:31:32.333+0000] {logging_mixin.py:188} INFO - [2025-04-28T01:31:32.332+0000] {dagbag.py:540} INFO - Filling up the DagBag from /opt/airflow/dags/silver_to_gold_feature_engineering.py
[2025-04-28T01:31:32.551+0000] {processor.py:840} INFO - DAG(s) 'silver_to_gold_feature_engineering' retrieved from /opt/airflow/dags/silver_to_gold_feature_engineering.py
[2025-04-28T01:31:32.563+0000] {logging_mixin.py:188} INFO - [2025-04-28T01:31:32.563+0000] {dag.py:3096} INFO - Sync 1 DAGs
[2025-04-28T01:31:32.568+0000] {logging_mixin.py:188} INFO - [2025-04-28T01:31:32.568+0000] {dag.py:3954} INFO - Setting next_dagrun for silver_to_gold_feature_engineering to None, run_after=None
[2025-04-28T01:31:32.579+0000] {processor.py:183} INFO - Processing /opt/airflow/dags/silver_to_gold_feature_engineering.py took 0.251 seconds
[2025-04-28T01:33:28.860+0000] {processor.py:161} INFO - Started process (PID=712) to work on /opt/airflow/dags/silver_to_gold_feature_engineering.py
[2025-04-28T01:33:28.860+0000] {processor.py:830} INFO - Processing file /opt/airflow/dags/silver_to_gold_feature_engineering.py for tasks to queue
[2025-04-28T01:33:28.861+0000] {logging_mixin.py:188} INFO - [2025-04-28T01:33:28.861+0000] {dagbag.py:540} INFO - Filling up the DagBag from /opt/airflow/dags/silver_to_gold_feature_engineering.py
[2025-04-28T01:33:29.084+0000] {processor.py:840} INFO - DAG(s) 'silver_to_gold_feature_engineering' retrieved from /opt/airflow/dags/silver_to_gold_feature_engineering.py
[2025-04-28T01:33:29.098+0000] {logging_mixin.py:188} INFO - [2025-04-28T01:33:29.097+0000] {dag.py:3096} INFO - Sync 1 DAGs
[2025-04-28T01:33:29.103+0000] {logging_mixin.py:188} INFO - [2025-04-28T01:33:29.103+0000] {dag.py:3954} INFO - Setting next_dagrun for silver_to_gold_feature_engineering to None, run_after=None
[2025-04-28T01:33:29.113+0000] {processor.py:183} INFO - Processing /opt/airflow/dags/silver_to_gold_feature_engineering.py took 0.256 seconds
[2025-04-28T01:48:46.638+0000] {processor.py:161} INFO - Started process (PID=742) to work on /opt/airflow/dags/silver_to_gold_feature_engineering.py
[2025-04-28T01:48:46.639+0000] {processor.py:830} INFO - Processing file /opt/airflow/dags/silver_to_gold_feature_engineering.py for tasks to queue
[2025-04-28T01:48:46.640+0000] {logging_mixin.py:188} INFO - [2025-04-28T01:48:46.640+0000] {dagbag.py:540} INFO - Filling up the DagBag from /opt/airflow/dags/silver_to_gold_feature_engineering.py
[2025-04-28T01:48:46.866+0000] {processor.py:840} INFO - DAG(s) 'silver_to_gold_feature_engineering' retrieved from /opt/airflow/dags/silver_to_gold_feature_engineering.py
[2025-04-28T01:48:46.878+0000] {logging_mixin.py:188} INFO - [2025-04-28T01:48:46.878+0000] {dag.py:3096} INFO - Sync 1 DAGs
[2025-04-28T01:48:46.884+0000] {logging_mixin.py:188} INFO - [2025-04-28T01:48:46.884+0000] {dag.py:3954} INFO - Setting next_dagrun for silver_to_gold_feature_engineering to None, run_after=None
[2025-04-28T01:48:46.899+0000] {processor.py:183} INFO - Processing /opt/airflow/dags/silver_to_gold_feature_engineering.py took 0.263 seconds
[2025-04-28T01:49:17.575+0000] {processor.py:161} INFO - Started process (PID=772) to work on /opt/airflow/dags/silver_to_gold_feature_engineering.py
[2025-04-28T01:49:17.576+0000] {processor.py:830} INFO - Processing file /opt/airflow/dags/silver_to_gold_feature_engineering.py for tasks to queue
[2025-04-28T01:49:17.578+0000] {logging_mixin.py:188} INFO - [2025-04-28T01:49:17.577+0000] {dagbag.py:540} INFO - Filling up the DagBag from /opt/airflow/dags/silver_to_gold_feature_engineering.py
[2025-04-28T01:49:17.798+0000] {processor.py:840} INFO - DAG(s) 'silver_to_gold_feature_engineering' retrieved from /opt/airflow/dags/silver_to_gold_feature_engineering.py
[2025-04-28T01:49:17.809+0000] {logging_mixin.py:188} INFO - [2025-04-28T01:49:17.809+0000] {dag.py:3096} INFO - Sync 1 DAGs
[2025-04-28T01:49:17.814+0000] {logging_mixin.py:188} INFO - [2025-04-28T01:49:17.814+0000] {dag.py:3954} INFO - Setting next_dagrun for silver_to_gold_feature_engineering to None, run_after=None
[2025-04-28T01:49:17.824+0000] {processor.py:183} INFO - Processing /opt/airflow/dags/silver_to_gold_feature_engineering.py took 0.251 seconds
[2025-04-28T01:49:48.514+0000] {processor.py:161} INFO - Started process (PID=802) to work on /opt/airflow/dags/silver_to_gold_feature_engineering.py
[2025-04-28T01:49:48.515+0000] {processor.py:830} INFO - Processing file /opt/airflow/dags/silver_to_gold_feature_engineering.py for tasks to queue
[2025-04-28T01:49:48.516+0000] {logging_mixin.py:188} INFO - [2025-04-28T01:49:48.515+0000] {dagbag.py:540} INFO - Filling up the DagBag from /opt/airflow/dags/silver_to_gold_feature_engineering.py
[2025-04-28T01:49:48.746+0000] {processor.py:840} INFO - DAG(s) 'silver_to_gold_feature_engineering' retrieved from /opt/airflow/dags/silver_to_gold_feature_engineering.py
[2025-04-28T01:49:48.761+0000] {logging_mixin.py:188} INFO - [2025-04-28T01:49:48.761+0000] {dag.py:3096} INFO - Sync 1 DAGs
[2025-04-28T01:49:48.768+0000] {logging_mixin.py:188} INFO - [2025-04-28T01:49:48.768+0000] {dag.py:3954} INFO - Setting next_dagrun for silver_to_gold_feature_engineering to None, run_after=None
[2025-04-28T01:49:48.778+0000] {processor.py:183} INFO - Processing /opt/airflow/dags/silver_to_gold_feature_engineering.py took 0.267 seconds
[2025-04-28T01:50:19.391+0000] {processor.py:161} INFO - Started process (PID=832) to work on /opt/airflow/dags/silver_to_gold_feature_engineering.py
[2025-04-28T01:50:19.392+0000] {processor.py:830} INFO - Processing file /opt/airflow/dags/silver_to_gold_feature_engineering.py for tasks to queue
[2025-04-28T01:50:19.393+0000] {logging_mixin.py:188} INFO - [2025-04-28T01:50:19.392+0000] {dagbag.py:540} INFO - Filling up the DagBag from /opt/airflow/dags/silver_to_gold_feature_engineering.py
[2025-04-28T01:50:19.619+0000] {processor.py:840} INFO - DAG(s) 'silver_to_gold_feature_engineering' retrieved from /opt/airflow/dags/silver_to_gold_feature_engineering.py
[2025-04-28T01:50:19.633+0000] {logging_mixin.py:188} INFO - [2025-04-28T01:50:19.632+0000] {dag.py:3096} INFO - Sync 1 DAGs
[2025-04-28T01:50:19.637+0000] {logging_mixin.py:188} INFO - [2025-04-28T01:50:19.637+0000] {dag.py:3954} INFO - Setting next_dagrun for silver_to_gold_feature_engineering to None, run_after=None
[2025-04-28T01:50:19.653+0000] {processor.py:183} INFO - Processing /opt/airflow/dags/silver_to_gold_feature_engineering.py took 0.264 seconds
[2025-04-28T01:50:50.574+0000] {processor.py:161} INFO - Started process (PID=862) to work on /opt/airflow/dags/silver_to_gold_feature_engineering.py
[2025-04-28T01:50:50.575+0000] {processor.py:830} INFO - Processing file /opt/airflow/dags/silver_to_gold_feature_engineering.py for tasks to queue
[2025-04-28T01:50:50.576+0000] {logging_mixin.py:188} INFO - [2025-04-28T01:50:50.576+0000] {dagbag.py:540} INFO - Filling up the DagBag from /opt/airflow/dags/silver_to_gold_feature_engineering.py
[2025-04-28T01:50:50.799+0000] {processor.py:840} INFO - DAG(s) 'silver_to_gold_feature_engineering' retrieved from /opt/airflow/dags/silver_to_gold_feature_engineering.py
[2025-04-28T01:50:50.810+0000] {logging_mixin.py:188} INFO - [2025-04-28T01:50:50.810+0000] {dag.py:3096} INFO - Sync 1 DAGs
[2025-04-28T01:50:50.816+0000] {logging_mixin.py:188} INFO - [2025-04-28T01:50:50.816+0000] {dag.py:3954} INFO - Setting next_dagrun for silver_to_gold_feature_engineering to None, run_after=None
[2025-04-28T01:50:50.827+0000] {processor.py:183} INFO - Processing /opt/airflow/dags/silver_to_gold_feature_engineering.py took 0.255 seconds
[2025-04-28T01:51:21.412+0000] {processor.py:161} INFO - Started process (PID=895) to work on /opt/airflow/dags/silver_to_gold_feature_engineering.py
[2025-04-28T01:51:21.412+0000] {processor.py:830} INFO - Processing file /opt/airflow/dags/silver_to_gold_feature_engineering.py for tasks to queue
[2025-04-28T01:51:21.413+0000] {logging_mixin.py:188} INFO - [2025-04-28T01:51:21.413+0000] {dagbag.py:540} INFO - Filling up the DagBag from /opt/airflow/dags/silver_to_gold_feature_engineering.py
[2025-04-28T01:51:21.612+0000] {processor.py:840} INFO - DAG(s) 'silver_to_gold_feature_engineering' retrieved from /opt/airflow/dags/silver_to_gold_feature_engineering.py
[2025-04-28T01:51:21.623+0000] {logging_mixin.py:188} INFO - [2025-04-28T01:51:21.622+0000] {dag.py:3096} INFO - Sync 1 DAGs
[2025-04-28T01:51:21.627+0000] {logging_mixin.py:188} INFO - [2025-04-28T01:51:21.627+0000] {dag.py:3954} INFO - Setting next_dagrun for silver_to_gold_feature_engineering to None, run_after=None
[2025-04-28T01:51:21.634+0000] {processor.py:183} INFO - Processing /opt/airflow/dags/silver_to_gold_feature_engineering.py took 0.225 seconds
[2025-04-28T01:51:36.786+0000] {processor.py:161} INFO - Started process (PID=192) to work on /opt/airflow/dags/silver_to_gold_feature_engineering.py
[2025-04-28T01:51:36.787+0000] {processor.py:830} INFO - Processing file /opt/airflow/dags/silver_to_gold_feature_engineering.py for tasks to queue
[2025-04-28T01:51:36.788+0000] {logging_mixin.py:188} INFO - [2025-04-28T01:51:36.788+0000] {dagbag.py:540} INFO - Filling up the DagBag from /opt/airflow/dags/silver_to_gold_feature_engineering.py
[2025-04-28T01:51:36.939+0000] {processor.py:840} INFO - DAG(s) 'silver_to_gold_feature_engineering' retrieved from /opt/airflow/dags/silver_to_gold_feature_engineering.py
[2025-04-28T01:51:37.031+0000] {logging_mixin.py:188} INFO - [2025-04-28T01:51:37.031+0000] {dag.py:3096} INFO - Sync 1 DAGs
[2025-04-28T01:51:37.036+0000] {logging_mixin.py:188} INFO - [2025-04-28T01:51:37.036+0000] {dag.py:3954} INFO - Setting next_dagrun for silver_to_gold_feature_engineering to None, run_after=None
[2025-04-28T01:51:37.044+0000] {processor.py:183} INFO - Processing /opt/airflow/dags/silver_to_gold_feature_engineering.py took 0.261 seconds
[2025-04-28T01:52:07.940+0000] {processor.py:161} INFO - Started process (PID=227) to work on /opt/airflow/dags/silver_to_gold_feature_engineering.py
[2025-04-28T01:52:07.941+0000] {processor.py:830} INFO - Processing file /opt/airflow/dags/silver_to_gold_feature_engineering.py for tasks to queue
[2025-04-28T01:52:07.942+0000] {logging_mixin.py:188} INFO - [2025-04-28T01:52:07.941+0000] {dagbag.py:540} INFO - Filling up the DagBag from /opt/airflow/dags/silver_to_gold_feature_engineering.py
[2025-04-28T01:52:08.161+0000] {processor.py:840} INFO - DAG(s) 'silver_to_gold_feature_engineering' retrieved from /opt/airflow/dags/silver_to_gold_feature_engineering.py
[2025-04-28T01:52:08.201+0000] {logging_mixin.py:188} INFO - [2025-04-28T01:52:08.201+0000] {dag.py:3096} INFO - Sync 1 DAGs
[2025-04-28T01:52:08.205+0000] {logging_mixin.py:188} INFO - [2025-04-28T01:52:08.205+0000] {dag.py:3954} INFO - Setting next_dagrun for silver_to_gold_feature_engineering to None, run_after=None
[2025-04-28T01:52:08.213+0000] {processor.py:183} INFO - Processing /opt/airflow/dags/silver_to_gold_feature_engineering.py took 0.277 seconds
[2025-04-28T01:52:39.134+0000] {processor.py:161} INFO - Started process (PID=327) to work on /opt/airflow/dags/silver_to_gold_feature_engineering.py
[2025-04-28T01:52:39.135+0000] {processor.py:830} INFO - Processing file /opt/airflow/dags/silver_to_gold_feature_engineering.py for tasks to queue
[2025-04-28T01:52:39.136+0000] {logging_mixin.py:188} INFO - [2025-04-28T01:52:39.136+0000] {dagbag.py:540} INFO - Filling up the DagBag from /opt/airflow/dags/silver_to_gold_feature_engineering.py
[2025-04-28T01:52:39.356+0000] {processor.py:840} INFO - DAG(s) 'silver_to_gold_feature_engineering' retrieved from /opt/airflow/dags/silver_to_gold_feature_engineering.py
[2025-04-28T01:52:39.367+0000] {logging_mixin.py:188} INFO - [2025-04-28T01:52:39.367+0000] {dag.py:3096} INFO - Sync 1 DAGs
[2025-04-28T01:52:39.372+0000] {logging_mixin.py:188} INFO - [2025-04-28T01:52:39.372+0000] {dag.py:3954} INFO - Setting next_dagrun for silver_to_gold_feature_engineering to None, run_after=None
[2025-04-28T01:52:39.379+0000] {processor.py:183} INFO - Processing /opt/airflow/dags/silver_to_gold_feature_engineering.py took 0.248 seconds
[2025-04-28T01:53:10.275+0000] {processor.py:161} INFO - Started process (PID=359) to work on /opt/airflow/dags/silver_to_gold_feature_engineering.py
[2025-04-28T01:53:10.276+0000] {processor.py:830} INFO - Processing file /opt/airflow/dags/silver_to_gold_feature_engineering.py for tasks to queue
[2025-04-28T01:53:10.277+0000] {logging_mixin.py:188} INFO - [2025-04-28T01:53:10.277+0000] {dagbag.py:540} INFO - Filling up the DagBag from /opt/airflow/dags/silver_to_gold_feature_engineering.py
[2025-04-28T01:53:10.507+0000] {processor.py:840} INFO - DAG(s) 'silver_to_gold_feature_engineering' retrieved from /opt/airflow/dags/silver_to_gold_feature_engineering.py
[2025-04-28T01:53:10.520+0000] {logging_mixin.py:188} INFO - [2025-04-28T01:53:10.519+0000] {dag.py:3096} INFO - Sync 1 DAGs
[2025-04-28T01:53:10.525+0000] {logging_mixin.py:188} INFO - [2025-04-28T01:53:10.525+0000] {dag.py:3954} INFO - Setting next_dagrun for silver_to_gold_feature_engineering to None, run_after=None
[2025-04-28T01:53:10.537+0000] {processor.py:183} INFO - Processing /opt/airflow/dags/silver_to_gold_feature_engineering.py took 0.265 seconds
[2025-04-28T01:53:41.432+0000] {processor.py:161} INFO - Started process (PID=394) to work on /opt/airflow/dags/silver_to_gold_feature_engineering.py
[2025-04-28T01:53:41.433+0000] {processor.py:830} INFO - Processing file /opt/airflow/dags/silver_to_gold_feature_engineering.py for tasks to queue
[2025-04-28T01:53:41.434+0000] {logging_mixin.py:188} INFO - [2025-04-28T01:53:41.434+0000] {dagbag.py:540} INFO - Filling up the DagBag from /opt/airflow/dags/silver_to_gold_feature_engineering.py
[2025-04-28T01:53:41.688+0000] {processor.py:840} INFO - DAG(s) 'silver_to_gold_feature_engineering' retrieved from /opt/airflow/dags/silver_to_gold_feature_engineering.py
[2025-04-28T01:53:41.700+0000] {logging_mixin.py:188} INFO - [2025-04-28T01:53:41.699+0000] {dag.py:3096} INFO - Sync 1 DAGs
[2025-04-28T01:53:41.705+0000] {logging_mixin.py:188} INFO - [2025-04-28T01:53:41.705+0000] {dag.py:3954} INFO - Setting next_dagrun for silver_to_gold_feature_engineering to None, run_after=None
[2025-04-28T01:53:41.717+0000] {processor.py:183} INFO - Processing /opt/airflow/dags/silver_to_gold_feature_engineering.py took 0.288 seconds
[2025-04-28T01:54:12.637+0000] {processor.py:161} INFO - Started process (PID=432) to work on /opt/airflow/dags/silver_to_gold_feature_engineering.py
[2025-04-28T01:54:12.637+0000] {processor.py:830} INFO - Processing file /opt/airflow/dags/silver_to_gold_feature_engineering.py for tasks to queue
[2025-04-28T01:54:12.638+0000] {logging_mixin.py:188} INFO - [2025-04-28T01:54:12.638+0000] {dagbag.py:540} INFO - Filling up the DagBag from /opt/airflow/dags/silver_to_gold_feature_engineering.py
[2025-04-28T01:54:12.852+0000] {processor.py:840} INFO - DAG(s) 'silver_to_gold_feature_engineering' retrieved from /opt/airflow/dags/silver_to_gold_feature_engineering.py
[2025-04-28T01:54:12.863+0000] {logging_mixin.py:188} INFO - [2025-04-28T01:54:12.862+0000] {dag.py:3096} INFO - Sync 1 DAGs
[2025-04-28T01:54:12.867+0000] {logging_mixin.py:188} INFO - [2025-04-28T01:54:12.867+0000] {dag.py:3954} INFO - Setting next_dagrun for silver_to_gold_feature_engineering to None, run_after=None
[2025-04-28T01:54:12.875+0000] {processor.py:183} INFO - Processing /opt/airflow/dags/silver_to_gold_feature_engineering.py took 0.241 seconds
[2025-04-28T01:54:43.778+0000] {processor.py:161} INFO - Started process (PID=464) to work on /opt/airflow/dags/silver_to_gold_feature_engineering.py
[2025-04-28T01:54:43.779+0000] {processor.py:830} INFO - Processing file /opt/airflow/dags/silver_to_gold_feature_engineering.py for tasks to queue
[2025-04-28T01:54:43.780+0000] {logging_mixin.py:188} INFO - [2025-04-28T01:54:43.779+0000] {dagbag.py:540} INFO - Filling up the DagBag from /opt/airflow/dags/silver_to_gold_feature_engineering.py
[2025-04-28T01:54:43.999+0000] {processor.py:840} INFO - DAG(s) 'silver_to_gold_feature_engineering' retrieved from /opt/airflow/dags/silver_to_gold_feature_engineering.py
[2025-04-28T01:54:44.015+0000] {logging_mixin.py:188} INFO - [2025-04-28T01:54:44.015+0000] {dag.py:3096} INFO - Sync 1 DAGs
[2025-04-28T01:54:44.022+0000] {logging_mixin.py:188} INFO - [2025-04-28T01:54:44.022+0000] {dag.py:3954} INFO - Setting next_dagrun for silver_to_gold_feature_engineering to None, run_after=None
[2025-04-28T01:54:44.033+0000] {processor.py:183} INFO - Processing /opt/airflow/dags/silver_to_gold_feature_engineering.py took 0.258 seconds
[2025-04-28T01:55:14.962+0000] {processor.py:161} INFO - Started process (PID=499) to work on /opt/airflow/dags/silver_to_gold_feature_engineering.py
[2025-04-28T01:55:14.963+0000] {processor.py:830} INFO - Processing file /opt/airflow/dags/silver_to_gold_feature_engineering.py for tasks to queue
[2025-04-28T01:55:14.964+0000] {logging_mixin.py:188} INFO - [2025-04-28T01:55:14.964+0000] {dagbag.py:540} INFO - Filling up the DagBag from /opt/airflow/dags/silver_to_gold_feature_engineering.py
[2025-04-28T01:55:15.191+0000] {processor.py:840} INFO - DAG(s) 'silver_to_gold_feature_engineering' retrieved from /opt/airflow/dags/silver_to_gold_feature_engineering.py
[2025-04-28T01:55:15.205+0000] {logging_mixin.py:188} INFO - [2025-04-28T01:55:15.205+0000] {dag.py:3096} INFO - Sync 1 DAGs
[2025-04-28T01:55:15.210+0000] {logging_mixin.py:188} INFO - [2025-04-28T01:55:15.210+0000] {dag.py:3954} INFO - Setting next_dagrun for silver_to_gold_feature_engineering to None, run_after=None
[2025-04-28T01:55:15.220+0000] {processor.py:183} INFO - Processing /opt/airflow/dags/silver_to_gold_feature_engineering.py took 0.260 seconds
[2025-04-28T01:55:46.135+0000] {processor.py:161} INFO - Started process (PID=534) to work on /opt/airflow/dags/silver_to_gold_feature_engineering.py
[2025-04-28T01:55:46.136+0000] {processor.py:830} INFO - Processing file /opt/airflow/dags/silver_to_gold_feature_engineering.py for tasks to queue
[2025-04-28T01:55:46.137+0000] {logging_mixin.py:188} INFO - [2025-04-28T01:55:46.136+0000] {dagbag.py:540} INFO - Filling up the DagBag from /opt/airflow/dags/silver_to_gold_feature_engineering.py
[2025-04-28T01:55:46.356+0000] {processor.py:840} INFO - DAG(s) 'silver_to_gold_feature_engineering' retrieved from /opt/airflow/dags/silver_to_gold_feature_engineering.py
[2025-04-28T01:55:46.371+0000] {logging_mixin.py:188} INFO - [2025-04-28T01:55:46.371+0000] {dag.py:3096} INFO - Sync 1 DAGs
[2025-04-28T01:55:46.376+0000] {logging_mixin.py:188} INFO - [2025-04-28T01:55:46.376+0000] {dag.py:3954} INFO - Setting next_dagrun for silver_to_gold_feature_engineering to None, run_after=None
[2025-04-28T01:55:46.386+0000] {processor.py:183} INFO - Processing /opt/airflow/dags/silver_to_gold_feature_engineering.py took 0.253 seconds
[2025-04-28T01:56:17.247+0000] {processor.py:161} INFO - Started process (PID=569) to work on /opt/airflow/dags/silver_to_gold_feature_engineering.py
[2025-04-28T01:56:17.247+0000] {processor.py:830} INFO - Processing file /opt/airflow/dags/silver_to_gold_feature_engineering.py for tasks to queue
[2025-04-28T01:56:17.248+0000] {logging_mixin.py:188} INFO - [2025-04-28T01:56:17.248+0000] {dagbag.py:540} INFO - Filling up the DagBag from /opt/airflow/dags/silver_to_gold_feature_engineering.py
[2025-04-28T01:56:17.466+0000] {processor.py:840} INFO - DAG(s) 'silver_to_gold_feature_engineering' retrieved from /opt/airflow/dags/silver_to_gold_feature_engineering.py
[2025-04-28T01:56:17.478+0000] {logging_mixin.py:188} INFO - [2025-04-28T01:56:17.478+0000] {dag.py:3096} INFO - Sync 1 DAGs
[2025-04-28T01:56:17.484+0000] {logging_mixin.py:188} INFO - [2025-04-28T01:56:17.483+0000] {dag.py:3954} INFO - Setting next_dagrun for silver_to_gold_feature_engineering to None, run_after=None
[2025-04-28T01:56:17.493+0000] {processor.py:183} INFO - Processing /opt/airflow/dags/silver_to_gold_feature_engineering.py took 0.249 seconds
[2025-04-28T01:56:48.237+0000] {processor.py:161} INFO - Started process (PID=604) to work on /opt/airflow/dags/silver_to_gold_feature_engineering.py
[2025-04-28T01:56:48.238+0000] {processor.py:830} INFO - Processing file /opt/airflow/dags/silver_to_gold_feature_engineering.py for tasks to queue
[2025-04-28T01:56:48.239+0000] {logging_mixin.py:188} INFO - [2025-04-28T01:56:48.239+0000] {dagbag.py:540} INFO - Filling up the DagBag from /opt/airflow/dags/silver_to_gold_feature_engineering.py
[2025-04-28T01:56:48.473+0000] {processor.py:840} INFO - DAG(s) 'silver_to_gold_feature_engineering' retrieved from /opt/airflow/dags/silver_to_gold_feature_engineering.py
[2025-04-28T01:56:48.487+0000] {logging_mixin.py:188} INFO - [2025-04-28T01:56:48.486+0000] {dag.py:3096} INFO - Sync 1 DAGs
[2025-04-28T01:56:48.493+0000] {logging_mixin.py:188} INFO - [2025-04-28T01:56:48.493+0000] {dag.py:3954} INFO - Setting next_dagrun for silver_to_gold_feature_engineering to None, run_after=None
[2025-04-28T01:56:48.503+0000] {processor.py:183} INFO - Processing /opt/airflow/dags/silver_to_gold_feature_engineering.py took 0.269 seconds
[2025-04-28T01:57:19.413+0000] {processor.py:161} INFO - Started process (PID=639) to work on /opt/airflow/dags/silver_to_gold_feature_engineering.py
[2025-04-28T01:57:19.414+0000] {processor.py:830} INFO - Processing file /opt/airflow/dags/silver_to_gold_feature_engineering.py for tasks to queue
[2025-04-28T01:57:19.415+0000] {logging_mixin.py:188} INFO - [2025-04-28T01:57:19.415+0000] {dagbag.py:540} INFO - Filling up the DagBag from /opt/airflow/dags/silver_to_gold_feature_engineering.py
[2025-04-28T01:57:19.641+0000] {processor.py:840} INFO - DAG(s) 'silver_to_gold_feature_engineering' retrieved from /opt/airflow/dags/silver_to_gold_feature_engineering.py
[2025-04-28T01:57:19.652+0000] {logging_mixin.py:188} INFO - [2025-04-28T01:57:19.652+0000] {dag.py:3096} INFO - Sync 1 DAGs
[2025-04-28T01:57:19.657+0000] {logging_mixin.py:188} INFO - [2025-04-28T01:57:19.657+0000] {dag.py:3954} INFO - Setting next_dagrun for silver_to_gold_feature_engineering to None, run_after=None
[2025-04-28T01:57:19.667+0000] {processor.py:183} INFO - Processing /opt/airflow/dags/silver_to_gold_feature_engineering.py took 0.256 seconds
[2025-04-28T01:57:50.526+0000] {processor.py:161} INFO - Started process (PID=674) to work on /opt/airflow/dags/silver_to_gold_feature_engineering.py
[2025-04-28T01:57:50.527+0000] {processor.py:830} INFO - Processing file /opt/airflow/dags/silver_to_gold_feature_engineering.py for tasks to queue
[2025-04-28T01:57:50.528+0000] {logging_mixin.py:188} INFO - [2025-04-28T01:57:50.527+0000] {dagbag.py:540} INFO - Filling up the DagBag from /opt/airflow/dags/silver_to_gold_feature_engineering.py
[2025-04-28T01:57:50.748+0000] {processor.py:840} INFO - DAG(s) 'silver_to_gold_feature_engineering' retrieved from /opt/airflow/dags/silver_to_gold_feature_engineering.py
[2025-04-28T01:57:50.760+0000] {logging_mixin.py:188} INFO - [2025-04-28T01:57:50.760+0000] {dag.py:3096} INFO - Sync 1 DAGs
[2025-04-28T01:57:50.766+0000] {logging_mixin.py:188} INFO - [2025-04-28T01:57:50.766+0000] {dag.py:3954} INFO - Setting next_dagrun for silver_to_gold_feature_engineering to None, run_after=None
[2025-04-28T01:57:50.777+0000] {processor.py:183} INFO - Processing /opt/airflow/dags/silver_to_gold_feature_engineering.py took 0.253 seconds
[2025-04-28T01:58:21.705+0000] {processor.py:161} INFO - Started process (PID=709) to work on /opt/airflow/dags/silver_to_gold_feature_engineering.py
[2025-04-28T01:58:21.706+0000] {processor.py:830} INFO - Processing file /opt/airflow/dags/silver_to_gold_feature_engineering.py for tasks to queue
[2025-04-28T01:58:21.707+0000] {logging_mixin.py:188} INFO - [2025-04-28T01:58:21.707+0000] {dagbag.py:540} INFO - Filling up the DagBag from /opt/airflow/dags/silver_to_gold_feature_engineering.py
[2025-04-28T01:58:21.926+0000] {processor.py:840} INFO - DAG(s) 'silver_to_gold_feature_engineering' retrieved from /opt/airflow/dags/silver_to_gold_feature_engineering.py
[2025-04-28T01:58:21.938+0000] {logging_mixin.py:188} INFO - [2025-04-28T01:58:21.938+0000] {dag.py:3096} INFO - Sync 1 DAGs
[2025-04-28T01:58:21.942+0000] {logging_mixin.py:188} INFO - [2025-04-28T01:58:21.942+0000] {dag.py:3954} INFO - Setting next_dagrun for silver_to_gold_feature_engineering to None, run_after=None
[2025-04-28T01:58:21.953+0000] {processor.py:183} INFO - Processing /opt/airflow/dags/silver_to_gold_feature_engineering.py took 0.251 seconds
[2025-04-28T01:58:52.842+0000] {processor.py:161} INFO - Started process (PID=744) to work on /opt/airflow/dags/silver_to_gold_feature_engineering.py
[2025-04-28T01:58:52.843+0000] {processor.py:830} INFO - Processing file /opt/airflow/dags/silver_to_gold_feature_engineering.py for tasks to queue
[2025-04-28T01:58:52.843+0000] {logging_mixin.py:188} INFO - [2025-04-28T01:58:52.843+0000] {dagbag.py:540} INFO - Filling up the DagBag from /opt/airflow/dags/silver_to_gold_feature_engineering.py
[2025-04-28T01:58:53.060+0000] {processor.py:840} INFO - DAG(s) 'silver_to_gold_feature_engineering' retrieved from /opt/airflow/dags/silver_to_gold_feature_engineering.py
[2025-04-28T01:58:53.073+0000] {logging_mixin.py:188} INFO - [2025-04-28T01:58:53.073+0000] {dag.py:3096} INFO - Sync 1 DAGs
[2025-04-28T01:58:53.077+0000] {logging_mixin.py:188} INFO - [2025-04-28T01:58:53.077+0000] {dag.py:3954} INFO - Setting next_dagrun for silver_to_gold_feature_engineering to None, run_after=None
[2025-04-28T01:58:53.086+0000] {processor.py:183} INFO - Processing /opt/airflow/dags/silver_to_gold_feature_engineering.py took 0.247 seconds
[2025-04-28T01:59:23.963+0000] {processor.py:161} INFO - Started process (PID=779) to work on /opt/airflow/dags/silver_to_gold_feature_engineering.py
[2025-04-28T01:59:23.963+0000] {processor.py:830} INFO - Processing file /opt/airflow/dags/silver_to_gold_feature_engineering.py for tasks to queue
[2025-04-28T01:59:23.964+0000] {logging_mixin.py:188} INFO - [2025-04-28T01:59:23.964+0000] {dagbag.py:540} INFO - Filling up the DagBag from /opt/airflow/dags/silver_to_gold_feature_engineering.py
[2025-04-28T01:59:24.182+0000] {processor.py:840} INFO - DAG(s) 'silver_to_gold_feature_engineering' retrieved from /opt/airflow/dags/silver_to_gold_feature_engineering.py
[2025-04-28T01:59:24.194+0000] {logging_mixin.py:188} INFO - [2025-04-28T01:59:24.193+0000] {dag.py:3096} INFO - Sync 1 DAGs
[2025-04-28T01:59:24.198+0000] {logging_mixin.py:188} INFO - [2025-04-28T01:59:24.198+0000] {dag.py:3954} INFO - Setting next_dagrun for silver_to_gold_feature_engineering to None, run_after=None
[2025-04-28T01:59:24.210+0000] {processor.py:183} INFO - Processing /opt/airflow/dags/silver_to_gold_feature_engineering.py took 0.249 seconds
[2025-04-28T01:59:55.073+0000] {processor.py:161} INFO - Started process (PID=814) to work on /opt/airflow/dags/silver_to_gold_feature_engineering.py
[2025-04-28T01:59:55.073+0000] {processor.py:830} INFO - Processing file /opt/airflow/dags/silver_to_gold_feature_engineering.py for tasks to queue
[2025-04-28T01:59:55.075+0000] {logging_mixin.py:188} INFO - [2025-04-28T01:59:55.075+0000] {dagbag.py:540} INFO - Filling up the DagBag from /opt/airflow/dags/silver_to_gold_feature_engineering.py
[2025-04-28T01:59:55.298+0000] {processor.py:840} INFO - DAG(s) 'silver_to_gold_feature_engineering' retrieved from /opt/airflow/dags/silver_to_gold_feature_engineering.py
[2025-04-28T01:59:55.312+0000] {logging_mixin.py:188} INFO - [2025-04-28T01:59:55.312+0000] {dag.py:3096} INFO - Sync 1 DAGs
[2025-04-28T01:59:55.317+0000] {logging_mixin.py:188} INFO - [2025-04-28T01:59:55.317+0000] {dag.py:3954} INFO - Setting next_dagrun for silver_to_gold_feature_engineering to None, run_after=None
[2025-04-28T01:59:55.326+0000] {processor.py:183} INFO - Processing /opt/airflow/dags/silver_to_gold_feature_engineering.py took 0.256 seconds
[2025-04-28T02:00:26.180+0000] {processor.py:161} INFO - Started process (PID=849) to work on /opt/airflow/dags/silver_to_gold_feature_engineering.py
[2025-04-28T02:00:26.180+0000] {processor.py:830} INFO - Processing file /opt/airflow/dags/silver_to_gold_feature_engineering.py for tasks to queue
[2025-04-28T02:00:26.182+0000] {logging_mixin.py:188} INFO - [2025-04-28T02:00:26.181+0000] {dagbag.py:540} INFO - Filling up the DagBag from /opt/airflow/dags/silver_to_gold_feature_engineering.py
[2025-04-28T02:00:26.404+0000] {processor.py:840} INFO - DAG(s) 'silver_to_gold_feature_engineering' retrieved from /opt/airflow/dags/silver_to_gold_feature_engineering.py
[2025-04-28T02:00:26.420+0000] {logging_mixin.py:188} INFO - [2025-04-28T02:00:26.420+0000] {dag.py:3096} INFO - Sync 1 DAGs
[2025-04-28T02:00:26.425+0000] {logging_mixin.py:188} INFO - [2025-04-28T02:00:26.425+0000] {dag.py:3954} INFO - Setting next_dagrun for silver_to_gold_feature_engineering to None, run_after=None
[2025-04-28T02:00:26.436+0000] {processor.py:183} INFO - Processing /opt/airflow/dags/silver_to_gold_feature_engineering.py took 0.259 seconds
[2025-04-28T02:00:57.304+0000] {processor.py:161} INFO - Started process (PID=884) to work on /opt/airflow/dags/silver_to_gold_feature_engineering.py
[2025-04-28T02:00:57.305+0000] {processor.py:830} INFO - Processing file /opt/airflow/dags/silver_to_gold_feature_engineering.py for tasks to queue
[2025-04-28T02:00:57.306+0000] {logging_mixin.py:188} INFO - [2025-04-28T02:00:57.305+0000] {dagbag.py:540} INFO - Filling up the DagBag from /opt/airflow/dags/silver_to_gold_feature_engineering.py
[2025-04-28T02:00:57.532+0000] {processor.py:840} INFO - DAG(s) 'silver_to_gold_feature_engineering' retrieved from /opt/airflow/dags/silver_to_gold_feature_engineering.py
[2025-04-28T02:00:57.550+0000] {logging_mixin.py:188} INFO - [2025-04-28T02:00:57.550+0000] {dag.py:3096} INFO - Sync 1 DAGs
[2025-04-28T02:00:57.554+0000] {logging_mixin.py:188} INFO - [2025-04-28T02:00:57.554+0000] {dag.py:3954} INFO - Setting next_dagrun for silver_to_gold_feature_engineering to None, run_after=None
[2025-04-28T02:00:57.564+0000] {processor.py:183} INFO - Processing /opt/airflow/dags/silver_to_gold_feature_engineering.py took 0.263 seconds
[2025-04-28T02:01:28.493+0000] {processor.py:161} INFO - Started process (PID=922) to work on /opt/airflow/dags/silver_to_gold_feature_engineering.py
[2025-04-28T02:01:28.494+0000] {processor.py:830} INFO - Processing file /opt/airflow/dags/silver_to_gold_feature_engineering.py for tasks to queue
[2025-04-28T02:01:28.494+0000] {logging_mixin.py:188} INFO - [2025-04-28T02:01:28.494+0000] {dagbag.py:540} INFO - Filling up the DagBag from /opt/airflow/dags/silver_to_gold_feature_engineering.py
[2025-04-28T02:01:28.696+0000] {processor.py:840} INFO - DAG(s) 'silver_to_gold_feature_engineering' retrieved from /opt/airflow/dags/silver_to_gold_feature_engineering.py
[2025-04-28T02:01:28.706+0000] {logging_mixin.py:188} INFO - [2025-04-28T02:01:28.706+0000] {dag.py:3096} INFO - Sync 1 DAGs
[2025-04-28T02:01:28.711+0000] {logging_mixin.py:188} INFO - [2025-04-28T02:01:28.711+0000] {dag.py:3954} INFO - Setting next_dagrun for silver_to_gold_feature_engineering to None, run_after=None
[2025-04-28T02:01:28.718+0000] {processor.py:183} INFO - Processing /opt/airflow/dags/silver_to_gold_feature_engineering.py took 0.228 seconds
[2025-04-28T02:01:59.621+0000] {processor.py:161} INFO - Started process (PID=954) to work on /opt/airflow/dags/silver_to_gold_feature_engineering.py
[2025-04-28T02:01:59.621+0000] {processor.py:830} INFO - Processing file /opt/airflow/dags/silver_to_gold_feature_engineering.py for tasks to queue
[2025-04-28T02:01:59.623+0000] {logging_mixin.py:188} INFO - [2025-04-28T02:01:59.622+0000] {dagbag.py:540} INFO - Filling up the DagBag from /opt/airflow/dags/silver_to_gold_feature_engineering.py
[2025-04-28T02:01:59.843+0000] {processor.py:840} INFO - DAG(s) 'silver_to_gold_feature_engineering' retrieved from /opt/airflow/dags/silver_to_gold_feature_engineering.py
[2025-04-28T02:01:59.857+0000] {logging_mixin.py:188} INFO - [2025-04-28T02:01:59.857+0000] {dag.py:3096} INFO - Sync 1 DAGs
[2025-04-28T02:01:59.863+0000] {logging_mixin.py:188} INFO - [2025-04-28T02:01:59.863+0000] {dag.py:3954} INFO - Setting next_dagrun for silver_to_gold_feature_engineering to None, run_after=None
[2025-04-28T02:01:59.872+0000] {processor.py:183} INFO - Processing /opt/airflow/dags/silver_to_gold_feature_engineering.py took 0.254 seconds
[2025-04-28T02:02:30.803+0000] {processor.py:161} INFO - Started process (PID=992) to work on /opt/airflow/dags/silver_to_gold_feature_engineering.py
[2025-04-28T02:02:30.803+0000] {processor.py:830} INFO - Processing file /opt/airflow/dags/silver_to_gold_feature_engineering.py for tasks to queue
[2025-04-28T02:02:30.804+0000] {logging_mixin.py:188} INFO - [2025-04-28T02:02:30.804+0000] {dagbag.py:540} INFO - Filling up the DagBag from /opt/airflow/dags/silver_to_gold_feature_engineering.py
[2025-04-28T02:02:31.009+0000] {processor.py:840} INFO - DAG(s) 'silver_to_gold_feature_engineering' retrieved from /opt/airflow/dags/silver_to_gold_feature_engineering.py
[2025-04-28T02:02:31.019+0000] {logging_mixin.py:188} INFO - [2025-04-28T02:02:31.019+0000] {dag.py:3096} INFO - Sync 1 DAGs
[2025-04-28T02:02:31.023+0000] {logging_mixin.py:188} INFO - [2025-04-28T02:02:31.023+0000] {dag.py:3954} INFO - Setting next_dagrun for silver_to_gold_feature_engineering to None, run_after=None
[2025-04-28T02:02:31.031+0000] {processor.py:183} INFO - Processing /opt/airflow/dags/silver_to_gold_feature_engineering.py took 0.231 seconds
[2025-04-28T02:03:01.929+0000] {processor.py:161} INFO - Started process (PID=1024) to work on /opt/airflow/dags/silver_to_gold_feature_engineering.py
[2025-04-28T02:03:01.930+0000] {processor.py:830} INFO - Processing file /opt/airflow/dags/silver_to_gold_feature_engineering.py for tasks to queue
[2025-04-28T02:03:01.930+0000] {logging_mixin.py:188} INFO - [2025-04-28T02:03:01.930+0000] {dagbag.py:540} INFO - Filling up the DagBag from /opt/airflow/dags/silver_to_gold_feature_engineering.py
[2025-04-28T02:03:02.153+0000] {processor.py:840} INFO - DAG(s) 'silver_to_gold_feature_engineering' retrieved from /opt/airflow/dags/silver_to_gold_feature_engineering.py
[2025-04-28T02:03:02.167+0000] {logging_mixin.py:188} INFO - [2025-04-28T02:03:02.167+0000] {dag.py:3096} INFO - Sync 1 DAGs
[2025-04-28T02:03:02.173+0000] {logging_mixin.py:188} INFO - [2025-04-28T02:03:02.173+0000] {dag.py:3954} INFO - Setting next_dagrun for silver_to_gold_feature_engineering to None, run_after=None
[2025-04-28T02:03:02.186+0000] {processor.py:183} INFO - Processing /opt/airflow/dags/silver_to_gold_feature_engineering.py took 0.260 seconds
[2025-04-28T02:03:33.091+0000] {processor.py:161} INFO - Started process (PID=1059) to work on /opt/airflow/dags/silver_to_gold_feature_engineering.py
[2025-04-28T02:03:33.091+0000] {processor.py:830} INFO - Processing file /opt/airflow/dags/silver_to_gold_feature_engineering.py for tasks to queue
[2025-04-28T02:03:33.093+0000] {logging_mixin.py:188} INFO - [2025-04-28T02:03:33.093+0000] {dagbag.py:540} INFO - Filling up the DagBag from /opt/airflow/dags/silver_to_gold_feature_engineering.py
[2025-04-28T02:03:33.314+0000] {processor.py:840} INFO - DAG(s) 'silver_to_gold_feature_engineering' retrieved from /opt/airflow/dags/silver_to_gold_feature_engineering.py
[2025-04-28T02:03:33.330+0000] {logging_mixin.py:188} INFO - [2025-04-28T02:03:33.330+0000] {dag.py:3096} INFO - Sync 1 DAGs
[2025-04-28T02:03:33.335+0000] {logging_mixin.py:188} INFO - [2025-04-28T02:03:33.335+0000] {dag.py:3954} INFO - Setting next_dagrun for silver_to_gold_feature_engineering to None, run_after=None
[2025-04-28T02:03:33.344+0000] {processor.py:183} INFO - Processing /opt/airflow/dags/silver_to_gold_feature_engineering.py took 0.257 seconds
[2025-04-28T02:04:04.251+0000] {processor.py:161} INFO - Started process (PID=1097) to work on /opt/airflow/dags/silver_to_gold_feature_engineering.py
[2025-04-28T02:04:04.252+0000] {processor.py:830} INFO - Processing file /opt/airflow/dags/silver_to_gold_feature_engineering.py for tasks to queue
[2025-04-28T02:04:04.253+0000] {logging_mixin.py:188} INFO - [2025-04-28T02:04:04.253+0000] {dagbag.py:540} INFO - Filling up the DagBag from /opt/airflow/dags/silver_to_gold_feature_engineering.py
[2025-04-28T02:04:04.452+0000] {processor.py:840} INFO - DAG(s) 'silver_to_gold_feature_engineering' retrieved from /opt/airflow/dags/silver_to_gold_feature_engineering.py
[2025-04-28T02:04:04.462+0000] {logging_mixin.py:188} INFO - [2025-04-28T02:04:04.462+0000] {dag.py:3096} INFO - Sync 1 DAGs
[2025-04-28T02:04:04.467+0000] {logging_mixin.py:188} INFO - [2025-04-28T02:04:04.467+0000] {dag.py:3954} INFO - Setting next_dagrun for silver_to_gold_feature_engineering to None, run_after=None
[2025-04-28T02:04:04.474+0000] {processor.py:183} INFO - Processing /opt/airflow/dags/silver_to_gold_feature_engineering.py took 0.225 seconds
[2025-04-28T02:04:35.358+0000] {processor.py:161} INFO - Started process (PID=1132) to work on /opt/airflow/dags/silver_to_gold_feature_engineering.py
[2025-04-28T02:04:35.358+0000] {processor.py:830} INFO - Processing file /opt/airflow/dags/silver_to_gold_feature_engineering.py for tasks to queue
[2025-04-28T02:04:35.359+0000] {logging_mixin.py:188} INFO - [2025-04-28T02:04:35.359+0000] {dagbag.py:540} INFO - Filling up the DagBag from /opt/airflow/dags/silver_to_gold_feature_engineering.py
[2025-04-28T02:04:35.554+0000] {processor.py:840} INFO - DAG(s) 'silver_to_gold_feature_engineering' retrieved from /opt/airflow/dags/silver_to_gold_feature_engineering.py
[2025-04-28T02:04:35.564+0000] {logging_mixin.py:188} INFO - [2025-04-28T02:04:35.564+0000] {dag.py:3096} INFO - Sync 1 DAGs
[2025-04-28T02:04:35.569+0000] {logging_mixin.py:188} INFO - [2025-04-28T02:04:35.569+0000] {dag.py:3954} INFO - Setting next_dagrun for silver_to_gold_feature_engineering to None, run_after=None
[2025-04-28T02:04:35.576+0000] {processor.py:183} INFO - Processing /opt/airflow/dags/silver_to_gold_feature_engineering.py took 0.221 seconds
[2025-04-28T02:05:06.470+0000] {processor.py:161} INFO - Started process (PID=1164) to work on /opt/airflow/dags/silver_to_gold_feature_engineering.py
[2025-04-28T02:05:06.471+0000] {processor.py:830} INFO - Processing file /opt/airflow/dags/silver_to_gold_feature_engineering.py for tasks to queue
[2025-04-28T02:05:06.472+0000] {logging_mixin.py:188} INFO - [2025-04-28T02:05:06.472+0000] {dagbag.py:540} INFO - Filling up the DagBag from /opt/airflow/dags/silver_to_gold_feature_engineering.py
[2025-04-28T02:05:06.690+0000] {processor.py:840} INFO - DAG(s) 'silver_to_gold_feature_engineering' retrieved from /opt/airflow/dags/silver_to_gold_feature_engineering.py
[2025-04-28T02:05:06.701+0000] {logging_mixin.py:188} INFO - [2025-04-28T02:05:06.701+0000] {dag.py:3096} INFO - Sync 1 DAGs
[2025-04-28T02:05:06.706+0000] {logging_mixin.py:188} INFO - [2025-04-28T02:05:06.706+0000] {dag.py:3954} INFO - Setting next_dagrun for silver_to_gold_feature_engineering to None, run_after=None
[2025-04-28T02:05:06.716+0000] {processor.py:183} INFO - Processing /opt/airflow/dags/silver_to_gold_feature_engineering.py took 0.249 seconds
[2025-04-28T02:05:37.648+0000] {processor.py:161} INFO - Started process (PID=1199) to work on /opt/airflow/dags/silver_to_gold_feature_engineering.py
[2025-04-28T02:05:37.649+0000] {processor.py:830} INFO - Processing file /opt/airflow/dags/silver_to_gold_feature_engineering.py for tasks to queue
[2025-04-28T02:05:37.650+0000] {logging_mixin.py:188} INFO - [2025-04-28T02:05:37.650+0000] {dagbag.py:540} INFO - Filling up the DagBag from /opt/airflow/dags/silver_to_gold_feature_engineering.py
[2025-04-28T02:05:37.868+0000] {processor.py:840} INFO - DAG(s) 'silver_to_gold_feature_engineering' retrieved from /opt/airflow/dags/silver_to_gold_feature_engineering.py
[2025-04-28T02:05:37.880+0000] {logging_mixin.py:188} INFO - [2025-04-28T02:05:37.880+0000] {dag.py:3096} INFO - Sync 1 DAGs
[2025-04-28T02:05:37.885+0000] {logging_mixin.py:188} INFO - [2025-04-28T02:05:37.885+0000] {dag.py:3954} INFO - Setting next_dagrun for silver_to_gold_feature_engineering to None, run_after=None
[2025-04-28T02:05:37.896+0000] {processor.py:183} INFO - Processing /opt/airflow/dags/silver_to_gold_feature_engineering.py took 0.251 seconds
[2025-04-28T02:06:08.807+0000] {processor.py:161} INFO - Started process (PID=1234) to work on /opt/airflow/dags/silver_to_gold_feature_engineering.py
[2025-04-28T02:06:08.808+0000] {processor.py:830} INFO - Processing file /opt/airflow/dags/silver_to_gold_feature_engineering.py for tasks to queue
[2025-04-28T02:06:08.810+0000] {logging_mixin.py:188} INFO - [2025-04-28T02:06:08.809+0000] {dagbag.py:540} INFO - Filling up the DagBag from /opt/airflow/dags/silver_to_gold_feature_engineering.py
[2025-04-28T02:06:09.029+0000] {processor.py:840} INFO - DAG(s) 'silver_to_gold_feature_engineering' retrieved from /opt/airflow/dags/silver_to_gold_feature_engineering.py
[2025-04-28T02:06:09.044+0000] {logging_mixin.py:188} INFO - [2025-04-28T02:06:09.044+0000] {dag.py:3096} INFO - Sync 1 DAGs
[2025-04-28T02:06:09.049+0000] {logging_mixin.py:188} INFO - [2025-04-28T02:06:09.049+0000] {dag.py:3954} INFO - Setting next_dagrun for silver_to_gold_feature_engineering to None, run_after=None
[2025-04-28T02:06:09.060+0000] {processor.py:183} INFO - Processing /opt/airflow/dags/silver_to_gold_feature_engineering.py took 0.255 seconds
[2025-04-28T02:06:39.995+0000] {processor.py:161} INFO - Started process (PID=1269) to work on /opt/airflow/dags/silver_to_gold_feature_engineering.py
[2025-04-28T02:06:39.996+0000] {processor.py:830} INFO - Processing file /opt/airflow/dags/silver_to_gold_feature_engineering.py for tasks to queue
[2025-04-28T02:06:39.996+0000] {logging_mixin.py:188} INFO - [2025-04-28T02:06:39.996+0000] {dagbag.py:540} INFO - Filling up the DagBag from /opt/airflow/dags/silver_to_gold_feature_engineering.py
[2025-04-28T02:06:40.214+0000] {processor.py:840} INFO - DAG(s) 'silver_to_gold_feature_engineering' retrieved from /opt/airflow/dags/silver_to_gold_feature_engineering.py
[2025-04-28T02:06:40.227+0000] {logging_mixin.py:188} INFO - [2025-04-28T02:06:40.226+0000] {dag.py:3096} INFO - Sync 1 DAGs
[2025-04-28T02:06:40.232+0000] {logging_mixin.py:188} INFO - [2025-04-28T02:06:40.232+0000] {dag.py:3954} INFO - Setting next_dagrun for silver_to_gold_feature_engineering to None, run_after=None
[2025-04-28T02:06:40.247+0000] {processor.py:183} INFO - Processing /opt/airflow/dags/silver_to_gold_feature_engineering.py took 0.255 seconds
[2025-04-28T02:07:11.109+0000] {processor.py:161} INFO - Started process (PID=1304) to work on /opt/airflow/dags/silver_to_gold_feature_engineering.py
[2025-04-28T02:07:11.110+0000] {processor.py:830} INFO - Processing file /opt/airflow/dags/silver_to_gold_feature_engineering.py for tasks to queue
[2025-04-28T02:07:11.112+0000] {logging_mixin.py:188} INFO - [2025-04-28T02:07:11.111+0000] {dagbag.py:540} INFO - Filling up the DagBag from /opt/airflow/dags/silver_to_gold_feature_engineering.py
[2025-04-28T02:07:11.328+0000] {processor.py:840} INFO - DAG(s) 'silver_to_gold_feature_engineering' retrieved from /opt/airflow/dags/silver_to_gold_feature_engineering.py
[2025-04-28T02:07:11.341+0000] {logging_mixin.py:188} INFO - [2025-04-28T02:07:11.341+0000] {dag.py:3096} INFO - Sync 1 DAGs
[2025-04-28T02:07:11.348+0000] {logging_mixin.py:188} INFO - [2025-04-28T02:07:11.347+0000] {dag.py:3954} INFO - Setting next_dagrun for silver_to_gold_feature_engineering to None, run_after=None
[2025-04-28T02:07:11.358+0000] {processor.py:183} INFO - Processing /opt/airflow/dags/silver_to_gold_feature_engineering.py took 0.252 seconds
[2025-04-28T02:07:42.181+0000] {processor.py:161} INFO - Started process (PID=1339) to work on /opt/airflow/dags/silver_to_gold_feature_engineering.py
[2025-04-28T02:07:42.181+0000] {processor.py:830} INFO - Processing file /opt/airflow/dags/silver_to_gold_feature_engineering.py for tasks to queue
[2025-04-28T02:07:42.183+0000] {logging_mixin.py:188} INFO - [2025-04-28T02:07:42.183+0000] {dagbag.py:540} INFO - Filling up the DagBag from /opt/airflow/dags/silver_to_gold_feature_engineering.py
[2025-04-28T02:07:42.397+0000] {processor.py:840} INFO - DAG(s) 'silver_to_gold_feature_engineering' retrieved from /opt/airflow/dags/silver_to_gold_feature_engineering.py
[2025-04-28T02:07:42.410+0000] {logging_mixin.py:188} INFO - [2025-04-28T02:07:42.410+0000] {dag.py:3096} INFO - Sync 1 DAGs
[2025-04-28T02:07:42.415+0000] {logging_mixin.py:188} INFO - [2025-04-28T02:07:42.414+0000] {dag.py:3954} INFO - Setting next_dagrun for silver_to_gold_feature_engineering to None, run_after=None
[2025-04-28T02:07:42.426+0000] {processor.py:183} INFO - Processing /opt/airflow/dags/silver_to_gold_feature_engineering.py took 0.248 seconds
[2025-04-28T02:08:13.337+0000] {processor.py:161} INFO - Started process (PID=1377) to work on /opt/airflow/dags/silver_to_gold_feature_engineering.py
[2025-04-28T02:08:13.338+0000] {processor.py:830} INFO - Processing file /opt/airflow/dags/silver_to_gold_feature_engineering.py for tasks to queue
[2025-04-28T02:08:13.339+0000] {logging_mixin.py:188} INFO - [2025-04-28T02:08:13.339+0000] {dagbag.py:540} INFO - Filling up the DagBag from /opt/airflow/dags/silver_to_gold_feature_engineering.py
[2025-04-28T02:08:13.534+0000] {processor.py:840} INFO - DAG(s) 'silver_to_gold_feature_engineering' retrieved from /opt/airflow/dags/silver_to_gold_feature_engineering.py
[2025-04-28T02:08:13.545+0000] {logging_mixin.py:188} INFO - [2025-04-28T02:08:13.545+0000] {dag.py:3096} INFO - Sync 1 DAGs
[2025-04-28T02:08:13.549+0000] {logging_mixin.py:188} INFO - [2025-04-28T02:08:13.549+0000] {dag.py:3954} INFO - Setting next_dagrun for silver_to_gold_feature_engineering to None, run_after=None
[2025-04-28T02:08:13.556+0000] {processor.py:183} INFO - Processing /opt/airflow/dags/silver_to_gold_feature_engineering.py took 0.221 seconds
[2025-04-28T02:08:44.476+0000] {processor.py:161} INFO - Started process (PID=1415) to work on /opt/airflow/dags/silver_to_gold_feature_engineering.py
[2025-04-28T02:08:44.477+0000] {processor.py:830} INFO - Processing file /opt/airflow/dags/silver_to_gold_feature_engineering.py for tasks to queue
[2025-04-28T02:08:44.478+0000] {logging_mixin.py:188} INFO - [2025-04-28T02:08:44.478+0000] {dagbag.py:540} INFO - Filling up the DagBag from /opt/airflow/dags/silver_to_gold_feature_engineering.py
[2025-04-28T02:08:44.687+0000] {processor.py:840} INFO - DAG(s) 'silver_to_gold_feature_engineering' retrieved from /opt/airflow/dags/silver_to_gold_feature_engineering.py
[2025-04-28T02:08:44.697+0000] {logging_mixin.py:188} INFO - [2025-04-28T02:08:44.697+0000] {dag.py:3096} INFO - Sync 1 DAGs
[2025-04-28T02:08:44.702+0000] {logging_mixin.py:188} INFO - [2025-04-28T02:08:44.702+0000] {dag.py:3954} INFO - Setting next_dagrun for silver_to_gold_feature_engineering to None, run_after=None
[2025-04-28T02:08:44.710+0000] {processor.py:183} INFO - Processing /opt/airflow/dags/silver_to_gold_feature_engineering.py took 0.236 seconds
[2025-04-28T02:09:15.441+0000] {processor.py:161} INFO - Started process (PID=1450) to work on /opt/airflow/dags/silver_to_gold_feature_engineering.py
[2025-04-28T02:09:15.441+0000] {processor.py:830} INFO - Processing file /opt/airflow/dags/silver_to_gold_feature_engineering.py for tasks to queue
[2025-04-28T02:09:15.442+0000] {logging_mixin.py:188} INFO - [2025-04-28T02:09:15.442+0000] {dagbag.py:540} INFO - Filling up the DagBag from /opt/airflow/dags/silver_to_gold_feature_engineering.py
[2025-04-28T02:09:15.650+0000] {processor.py:840} INFO - DAG(s) 'silver_to_gold_feature_engineering' retrieved from /opt/airflow/dags/silver_to_gold_feature_engineering.py
[2025-04-28T02:09:15.661+0000] {logging_mixin.py:188} INFO - [2025-04-28T02:09:15.661+0000] {dag.py:3096} INFO - Sync 1 DAGs
[2025-04-28T02:09:15.665+0000] {logging_mixin.py:188} INFO - [2025-04-28T02:09:15.665+0000] {dag.py:3954} INFO - Setting next_dagrun for silver_to_gold_feature_engineering to None, run_after=None
[2025-04-28T02:09:15.673+0000] {processor.py:183} INFO - Processing /opt/airflow/dags/silver_to_gold_feature_engineering.py took 0.235 seconds
[2025-04-28T02:09:46.447+0000] {processor.py:161} INFO - Started process (PID=1485) to work on /opt/airflow/dags/silver_to_gold_feature_engineering.py
[2025-04-28T02:09:46.448+0000] {processor.py:830} INFO - Processing file /opt/airflow/dags/silver_to_gold_feature_engineering.py for tasks to queue
[2025-04-28T02:09:46.450+0000] {logging_mixin.py:188} INFO - [2025-04-28T02:09:46.450+0000] {dagbag.py:540} INFO - Filling up the DagBag from /opt/airflow/dags/silver_to_gold_feature_engineering.py
[2025-04-28T02:09:46.655+0000] {processor.py:840} INFO - DAG(s) 'silver_to_gold_feature_engineering' retrieved from /opt/airflow/dags/silver_to_gold_feature_engineering.py
[2025-04-28T02:09:46.665+0000] {logging_mixin.py:188} INFO - [2025-04-28T02:09:46.665+0000] {dag.py:3096} INFO - Sync 1 DAGs
[2025-04-28T02:09:46.670+0000] {logging_mixin.py:188} INFO - [2025-04-28T02:09:46.670+0000] {dag.py:3954} INFO - Setting next_dagrun for silver_to_gold_feature_engineering to None, run_after=None
[2025-04-28T02:09:46.677+0000] {processor.py:183} INFO - Processing /opt/airflow/dags/silver_to_gold_feature_engineering.py took 0.233 seconds
[2025-04-28T02:10:17.491+0000] {processor.py:161} INFO - Started process (PID=1519) to work on /opt/airflow/dags/silver_to_gold_feature_engineering.py
[2025-04-28T02:10:17.491+0000] {processor.py:830} INFO - Processing file /opt/airflow/dags/silver_to_gold_feature_engineering.py for tasks to queue
[2025-04-28T02:10:17.492+0000] {logging_mixin.py:188} INFO - [2025-04-28T02:10:17.492+0000] {dagbag.py:540} INFO - Filling up the DagBag from /opt/airflow/dags/silver_to_gold_feature_engineering.py
[2025-04-28T02:10:17.707+0000] {processor.py:840} INFO - DAG(s) 'silver_to_gold_feature_engineering' retrieved from /opt/airflow/dags/silver_to_gold_feature_engineering.py
[2025-04-28T02:10:17.719+0000] {logging_mixin.py:188} INFO - [2025-04-28T02:10:17.719+0000] {dag.py:3096} INFO - Sync 1 DAGs
[2025-04-28T02:10:17.726+0000] {logging_mixin.py:188} INFO - [2025-04-28T02:10:17.726+0000] {dag.py:3954} INFO - Setting next_dagrun for silver_to_gold_feature_engineering to None, run_after=None
[2025-04-28T02:10:17.736+0000] {processor.py:183} INFO - Processing /opt/airflow/dags/silver_to_gold_feature_engineering.py took 0.248 seconds
[2025-04-28T02:10:48.358+0000] {processor.py:161} INFO - Started process (PID=1554) to work on /opt/airflow/dags/silver_to_gold_feature_engineering.py
[2025-04-28T02:10:48.358+0000] {processor.py:830} INFO - Processing file /opt/airflow/dags/silver_to_gold_feature_engineering.py for tasks to queue
[2025-04-28T02:10:48.360+0000] {logging_mixin.py:188} INFO - [2025-04-28T02:10:48.359+0000] {dagbag.py:540} INFO - Filling up the DagBag from /opt/airflow/dags/silver_to_gold_feature_engineering.py
[2025-04-28T02:10:48.575+0000] {processor.py:840} INFO - DAG(s) 'silver_to_gold_feature_engineering' retrieved from /opt/airflow/dags/silver_to_gold_feature_engineering.py
[2025-04-28T02:10:48.586+0000] {logging_mixin.py:188} INFO - [2025-04-28T02:10:48.586+0000] {dag.py:3096} INFO - Sync 1 DAGs
[2025-04-28T02:10:48.592+0000] {logging_mixin.py:188} INFO - [2025-04-28T02:10:48.592+0000] {dag.py:3954} INFO - Setting next_dagrun for silver_to_gold_feature_engineering to None, run_after=None
[2025-04-28T02:10:48.602+0000] {processor.py:183} INFO - Processing /opt/airflow/dags/silver_to_gold_feature_engineering.py took 0.247 seconds
[2025-04-28T02:11:19.218+0000] {processor.py:161} INFO - Started process (PID=1589) to work on /opt/airflow/dags/silver_to_gold_feature_engineering.py
[2025-04-28T02:11:19.219+0000] {processor.py:830} INFO - Processing file /opt/airflow/dags/silver_to_gold_feature_engineering.py for tasks to queue
[2025-04-28T02:11:19.220+0000] {logging_mixin.py:188} INFO - [2025-04-28T02:11:19.220+0000] {dagbag.py:540} INFO - Filling up the DagBag from /opt/airflow/dags/silver_to_gold_feature_engineering.py
[2025-04-28T02:11:19.433+0000] {processor.py:840} INFO - DAG(s) 'silver_to_gold_feature_engineering' retrieved from /opt/airflow/dags/silver_to_gold_feature_engineering.py
[2025-04-28T02:11:19.447+0000] {logging_mixin.py:188} INFO - [2025-04-28T02:11:19.447+0000] {dag.py:3096} INFO - Sync 1 DAGs
[2025-04-28T02:11:19.453+0000] {logging_mixin.py:188} INFO - [2025-04-28T02:11:19.453+0000] {dag.py:3954} INFO - Setting next_dagrun for silver_to_gold_feature_engineering to None, run_after=None
[2025-04-28T02:11:19.463+0000] {processor.py:183} INFO - Processing /opt/airflow/dags/silver_to_gold_feature_engineering.py took 0.248 seconds
[2025-04-28T02:11:50.117+0000] {processor.py:161} INFO - Started process (PID=1624) to work on /opt/airflow/dags/silver_to_gold_feature_engineering.py
[2025-04-28T02:11:50.118+0000] {processor.py:830} INFO - Processing file /opt/airflow/dags/silver_to_gold_feature_engineering.py for tasks to queue
[2025-04-28T02:11:50.118+0000] {logging_mixin.py:188} INFO - [2025-04-28T02:11:50.118+0000] {dagbag.py:540} INFO - Filling up the DagBag from /opt/airflow/dags/silver_to_gold_feature_engineering.py
[2025-04-28T02:11:50.331+0000] {processor.py:840} INFO - DAG(s) 'silver_to_gold_feature_engineering' retrieved from /opt/airflow/dags/silver_to_gold_feature_engineering.py
[2025-04-28T02:11:50.346+0000] {logging_mixin.py:188} INFO - [2025-04-28T02:11:50.346+0000] {dag.py:3096} INFO - Sync 1 DAGs
[2025-04-28T02:11:50.350+0000] {logging_mixin.py:188} INFO - [2025-04-28T02:11:50.350+0000] {dag.py:3954} INFO - Setting next_dagrun for silver_to_gold_feature_engineering to None, run_after=None
[2025-04-28T02:11:50.361+0000] {processor.py:183} INFO - Processing /opt/airflow/dags/silver_to_gold_feature_engineering.py took 0.247 seconds
[2025-04-28T02:12:20.977+0000] {processor.py:161} INFO - Started process (PID=1659) to work on /opt/airflow/dags/silver_to_gold_feature_engineering.py
[2025-04-28T02:12:20.977+0000] {processor.py:830} INFO - Processing file /opt/airflow/dags/silver_to_gold_feature_engineering.py for tasks to queue
[2025-04-28T02:12:20.978+0000] {logging_mixin.py:188} INFO - [2025-04-28T02:12:20.978+0000] {dagbag.py:540} INFO - Filling up the DagBag from /opt/airflow/dags/silver_to_gold_feature_engineering.py
[2025-04-28T02:12:21.190+0000] {processor.py:840} INFO - DAG(s) 'silver_to_gold_feature_engineering' retrieved from /opt/airflow/dags/silver_to_gold_feature_engineering.py
[2025-04-28T02:12:21.204+0000] {logging_mixin.py:188} INFO - [2025-04-28T02:12:21.204+0000] {dag.py:3096} INFO - Sync 1 DAGs
[2025-04-28T02:12:21.209+0000] {logging_mixin.py:188} INFO - [2025-04-28T02:12:21.209+0000] {dag.py:3954} INFO - Setting next_dagrun for silver_to_gold_feature_engineering to None, run_after=None
[2025-04-28T02:12:21.219+0000] {processor.py:183} INFO - Processing /opt/airflow/dags/silver_to_gold_feature_engineering.py took 0.245 seconds
[2025-04-28T02:12:51.861+0000] {processor.py:161} INFO - Started process (PID=1694) to work on /opt/airflow/dags/silver_to_gold_feature_engineering.py
[2025-04-28T02:12:51.862+0000] {processor.py:830} INFO - Processing file /opt/airflow/dags/silver_to_gold_feature_engineering.py for tasks to queue
[2025-04-28T02:12:51.863+0000] {logging_mixin.py:188} INFO - [2025-04-28T02:12:51.863+0000] {dagbag.py:540} INFO - Filling up the DagBag from /opt/airflow/dags/silver_to_gold_feature_engineering.py
[2025-04-28T02:12:52.089+0000] {processor.py:840} INFO - DAG(s) 'silver_to_gold_feature_engineering' retrieved from /opt/airflow/dags/silver_to_gold_feature_engineering.py
[2025-04-28T02:12:52.100+0000] {logging_mixin.py:188} INFO - [2025-04-28T02:12:52.100+0000] {dag.py:3096} INFO - Sync 1 DAGs
[2025-04-28T02:12:52.105+0000] {logging_mixin.py:188} INFO - [2025-04-28T02:12:52.105+0000] {dag.py:3954} INFO - Setting next_dagrun for silver_to_gold_feature_engineering to None, run_after=None
[2025-04-28T02:12:52.115+0000] {processor.py:183} INFO - Processing /opt/airflow/dags/silver_to_gold_feature_engineering.py took 0.256 seconds
[2025-04-28T02:13:22.964+0000] {processor.py:161} INFO - Started process (PID=1729) to work on /opt/airflow/dags/silver_to_gold_feature_engineering.py
[2025-04-28T02:13:22.964+0000] {processor.py:830} INFO - Processing file /opt/airflow/dags/silver_to_gold_feature_engineering.py for tasks to queue
[2025-04-28T02:13:22.966+0000] {logging_mixin.py:188} INFO - [2025-04-28T02:13:22.965+0000] {dagbag.py:540} INFO - Filling up the DagBag from /opt/airflow/dags/silver_to_gold_feature_engineering.py
[2025-04-28T02:13:23.191+0000] {processor.py:840} INFO - DAG(s) 'silver_to_gold_feature_engineering' retrieved from /opt/airflow/dags/silver_to_gold_feature_engineering.py
[2025-04-28T02:13:23.203+0000] {logging_mixin.py:188} INFO - [2025-04-28T02:13:23.202+0000] {dag.py:3096} INFO - Sync 1 DAGs
[2025-04-28T02:13:23.207+0000] {logging_mixin.py:188} INFO - [2025-04-28T02:13:23.207+0000] {dag.py:3954} INFO - Setting next_dagrun for silver_to_gold_feature_engineering to None, run_after=None
[2025-04-28T02:13:23.215+0000] {processor.py:183} INFO - Processing /opt/airflow/dags/silver_to_gold_feature_engineering.py took 0.254 seconds
[2025-04-28T02:13:53.829+0000] {processor.py:161} INFO - Started process (PID=1764) to work on /opt/airflow/dags/silver_to_gold_feature_engineering.py
[2025-04-28T02:13:53.829+0000] {processor.py:830} INFO - Processing file /opt/airflow/dags/silver_to_gold_feature_engineering.py for tasks to queue
[2025-04-28T02:13:53.832+0000] {logging_mixin.py:188} INFO - [2025-04-28T02:13:53.830+0000] {dagbag.py:540} INFO - Filling up the DagBag from /opt/airflow/dags/silver_to_gold_feature_engineering.py
[2025-04-28T02:13:54.046+0000] {processor.py:840} INFO - DAG(s) 'silver_to_gold_feature_engineering' retrieved from /opt/airflow/dags/silver_to_gold_feature_engineering.py
[2025-04-28T02:13:54.059+0000] {logging_mixin.py:188} INFO - [2025-04-28T02:13:54.058+0000] {dag.py:3096} INFO - Sync 1 DAGs
[2025-04-28T02:13:54.064+0000] {logging_mixin.py:188} INFO - [2025-04-28T02:13:54.064+0000] {dag.py:3954} INFO - Setting next_dagrun for silver_to_gold_feature_engineering to None, run_after=None
[2025-04-28T02:13:54.074+0000] {processor.py:183} INFO - Processing /opt/airflow/dags/silver_to_gold_feature_engineering.py took 0.248 seconds
[2025-04-28T02:14:24.672+0000] {processor.py:161} INFO - Started process (PID=1799) to work on /opt/airflow/dags/silver_to_gold_feature_engineering.py
[2025-04-28T02:14:24.673+0000] {processor.py:830} INFO - Processing file /opt/airflow/dags/silver_to_gold_feature_engineering.py for tasks to queue
[2025-04-28T02:14:24.675+0000] {logging_mixin.py:188} INFO - [2025-04-28T02:14:24.674+0000] {dagbag.py:540} INFO - Filling up the DagBag from /opt/airflow/dags/silver_to_gold_feature_engineering.py
[2025-04-28T02:14:24.886+0000] {processor.py:840} INFO - DAG(s) 'silver_to_gold_feature_engineering' retrieved from /opt/airflow/dags/silver_to_gold_feature_engineering.py
[2025-04-28T02:14:24.899+0000] {logging_mixin.py:188} INFO - [2025-04-28T02:14:24.898+0000] {dag.py:3096} INFO - Sync 1 DAGs
[2025-04-28T02:14:24.904+0000] {logging_mixin.py:188} INFO - [2025-04-28T02:14:24.904+0000] {dag.py:3954} INFO - Setting next_dagrun for silver_to_gold_feature_engineering to None, run_after=None
[2025-04-28T02:14:24.914+0000] {processor.py:183} INFO - Processing /opt/airflow/dags/silver_to_gold_feature_engineering.py took 0.244 seconds
[2025-04-28T02:14:55.826+0000] {processor.py:161} INFO - Started process (PID=1834) to work on /opt/airflow/dags/silver_to_gold_feature_engineering.py
[2025-04-28T02:14:55.826+0000] {processor.py:830} INFO - Processing file /opt/airflow/dags/silver_to_gold_feature_engineering.py for tasks to queue
[2025-04-28T02:14:55.828+0000] {logging_mixin.py:188} INFO - [2025-04-28T02:14:55.827+0000] {dagbag.py:540} INFO - Filling up the DagBag from /opt/airflow/dags/silver_to_gold_feature_engineering.py
[2025-04-28T02:14:56.043+0000] {processor.py:840} INFO - DAG(s) 'silver_to_gold_feature_engineering' retrieved from /opt/airflow/dags/silver_to_gold_feature_engineering.py
[2025-04-28T02:14:56.055+0000] {logging_mixin.py:188} INFO - [2025-04-28T02:14:56.055+0000] {dag.py:3096} INFO - Sync 1 DAGs
[2025-04-28T02:14:56.060+0000] {logging_mixin.py:188} INFO - [2025-04-28T02:14:56.060+0000] {dag.py:3954} INFO - Setting next_dagrun for silver_to_gold_feature_engineering to None, run_after=None
[2025-04-28T02:14:56.070+0000] {processor.py:183} INFO - Processing /opt/airflow/dags/silver_to_gold_feature_engineering.py took 0.247 seconds
[2025-04-28T02:15:26.709+0000] {processor.py:161} INFO - Started process (PID=1872) to work on /opt/airflow/dags/silver_to_gold_feature_engineering.py
[2025-04-28T02:15:26.709+0000] {processor.py:830} INFO - Processing file /opt/airflow/dags/silver_to_gold_feature_engineering.py for tasks to queue
[2025-04-28T02:15:26.710+0000] {logging_mixin.py:188} INFO - [2025-04-28T02:15:26.710+0000] {dagbag.py:540} INFO - Filling up the DagBag from /opt/airflow/dags/silver_to_gold_feature_engineering.py
[2025-04-28T02:15:26.907+0000] {processor.py:840} INFO - DAG(s) 'silver_to_gold_feature_engineering' retrieved from /opt/airflow/dags/silver_to_gold_feature_engineering.py
[2025-04-28T02:15:26.918+0000] {logging_mixin.py:188} INFO - [2025-04-28T02:15:26.918+0000] {dag.py:3096} INFO - Sync 1 DAGs
[2025-04-28T02:15:26.922+0000] {logging_mixin.py:188} INFO - [2025-04-28T02:15:26.922+0000] {dag.py:3954} INFO - Setting next_dagrun for silver_to_gold_feature_engineering to None, run_after=None
[2025-04-28T02:15:26.930+0000] {processor.py:183} INFO - Processing /opt/airflow/dags/silver_to_gold_feature_engineering.py took 0.224 seconds
[2025-04-28T02:15:57.565+0000] {processor.py:161} INFO - Started process (PID=1904) to work on /opt/airflow/dags/silver_to_gold_feature_engineering.py
[2025-04-28T02:15:57.566+0000] {processor.py:830} INFO - Processing file /opt/airflow/dags/silver_to_gold_feature_engineering.py for tasks to queue
[2025-04-28T02:15:57.567+0000] {logging_mixin.py:188} INFO - [2025-04-28T02:15:57.566+0000] {dagbag.py:540} INFO - Filling up the DagBag from /opt/airflow/dags/silver_to_gold_feature_engineering.py
[2025-04-28T02:15:57.783+0000] {processor.py:840} INFO - DAG(s) 'silver_to_gold_feature_engineering' retrieved from /opt/airflow/dags/silver_to_gold_feature_engineering.py
[2025-04-28T02:15:57.796+0000] {logging_mixin.py:188} INFO - [2025-04-28T02:15:57.795+0000] {dag.py:3096} INFO - Sync 1 DAGs
[2025-04-28T02:15:57.802+0000] {logging_mixin.py:188} INFO - [2025-04-28T02:15:57.802+0000] {dag.py:3954} INFO - Setting next_dagrun for silver_to_gold_feature_engineering to None, run_after=None
[2025-04-28T02:15:57.813+0000] {processor.py:183} INFO - Processing /opt/airflow/dags/silver_to_gold_feature_engineering.py took 0.250 seconds
[2025-04-28T02:16:28.673+0000] {processor.py:161} INFO - Started process (PID=1942) to work on /opt/airflow/dags/silver_to_gold_feature_engineering.py
[2025-04-28T02:16:28.674+0000] {processor.py:830} INFO - Processing file /opt/airflow/dags/silver_to_gold_feature_engineering.py for tasks to queue
[2025-04-28T02:16:28.675+0000] {logging_mixin.py:188} INFO - [2025-04-28T02:16:28.675+0000] {dagbag.py:540} INFO - Filling up the DagBag from /opt/airflow/dags/silver_to_gold_feature_engineering.py
[2025-04-28T02:16:28.873+0000] {processor.py:840} INFO - DAG(s) 'silver_to_gold_feature_engineering' retrieved from /opt/airflow/dags/silver_to_gold_feature_engineering.py
[2025-04-28T02:16:28.883+0000] {logging_mixin.py:188} INFO - [2025-04-28T02:16:28.883+0000] {dag.py:3096} INFO - Sync 1 DAGs
[2025-04-28T02:16:28.888+0000] {logging_mixin.py:188} INFO - [2025-04-28T02:16:28.888+0000] {dag.py:3954} INFO - Setting next_dagrun for silver_to_gold_feature_engineering to None, run_after=None
[2025-04-28T02:16:28.895+0000] {processor.py:183} INFO - Processing /opt/airflow/dags/silver_to_gold_feature_engineering.py took 0.225 seconds
[2025-04-28T02:16:59.534+0000] {processor.py:161} INFO - Started process (PID=1974) to work on /opt/airflow/dags/silver_to_gold_feature_engineering.py
[2025-04-28T02:16:59.534+0000] {processor.py:830} INFO - Processing file /opt/airflow/dags/silver_to_gold_feature_engineering.py for tasks to queue
[2025-04-28T02:16:59.535+0000] {logging_mixin.py:188} INFO - [2025-04-28T02:16:59.535+0000] {dagbag.py:540} INFO - Filling up the DagBag from /opt/airflow/dags/silver_to_gold_feature_engineering.py
[2025-04-28T02:16:59.748+0000] {processor.py:840} INFO - DAG(s) 'silver_to_gold_feature_engineering' retrieved from /opt/airflow/dags/silver_to_gold_feature_engineering.py
[2025-04-28T02:16:59.760+0000] {logging_mixin.py:188} INFO - [2025-04-28T02:16:59.760+0000] {dag.py:3096} INFO - Sync 1 DAGs
[2025-04-28T02:16:59.765+0000] {logging_mixin.py:188} INFO - [2025-04-28T02:16:59.765+0000] {dag.py:3954} INFO - Setting next_dagrun for silver_to_gold_feature_engineering to None, run_after=None
[2025-04-28T02:16:59.777+0000] {processor.py:183} INFO - Processing /opt/airflow/dags/silver_to_gold_feature_engineering.py took 0.246 seconds
[2025-04-28T02:17:30.375+0000] {processor.py:161} INFO - Started process (PID=2009) to work on /opt/airflow/dags/silver_to_gold_feature_engineering.py
[2025-04-28T02:17:30.376+0000] {processor.py:830} INFO - Processing file /opt/airflow/dags/silver_to_gold_feature_engineering.py for tasks to queue
[2025-04-28T02:17:30.377+0000] {logging_mixin.py:188} INFO - [2025-04-28T02:17:30.377+0000] {dagbag.py:540} INFO - Filling up the DagBag from /opt/airflow/dags/silver_to_gold_feature_engineering.py
[2025-04-28T02:17:30.600+0000] {processor.py:840} INFO - DAG(s) 'silver_to_gold_feature_engineering' retrieved from /opt/airflow/dags/silver_to_gold_feature_engineering.py
[2025-04-28T02:17:30.612+0000] {logging_mixin.py:188} INFO - [2025-04-28T02:17:30.612+0000] {dag.py:3096} INFO - Sync 1 DAGs
[2025-04-28T02:17:30.616+0000] {logging_mixin.py:188} INFO - [2025-04-28T02:17:30.616+0000] {dag.py:3954} INFO - Setting next_dagrun for silver_to_gold_feature_engineering to None, run_after=None
[2025-04-28T02:17:30.626+0000] {processor.py:183} INFO - Processing /opt/airflow/dags/silver_to_gold_feature_engineering.py took 0.253 seconds
[2025-04-28T02:18:01.526+0000] {processor.py:161} INFO - Started process (PID=2047) to work on /opt/airflow/dags/silver_to_gold_feature_engineering.py
[2025-04-28T02:18:01.526+0000] {processor.py:830} INFO - Processing file /opt/airflow/dags/silver_to_gold_feature_engineering.py for tasks to queue
[2025-04-28T02:18:01.527+0000] {logging_mixin.py:188} INFO - [2025-04-28T02:18:01.527+0000] {dagbag.py:540} INFO - Filling up the DagBag from /opt/airflow/dags/silver_to_gold_feature_engineering.py
[2025-04-28T02:18:01.724+0000] {processor.py:840} INFO - DAG(s) 'silver_to_gold_feature_engineering' retrieved from /opt/airflow/dags/silver_to_gold_feature_engineering.py
[2025-04-28T02:18:01.734+0000] {logging_mixin.py:188} INFO - [2025-04-28T02:18:01.734+0000] {dag.py:3096} INFO - Sync 1 DAGs
[2025-04-28T02:18:01.738+0000] {logging_mixin.py:188} INFO - [2025-04-28T02:18:01.738+0000] {dag.py:3954} INFO - Setting next_dagrun for silver_to_gold_feature_engineering to None, run_after=None
[2025-04-28T02:18:01.746+0000] {processor.py:183} INFO - Processing /opt/airflow/dags/silver_to_gold_feature_engineering.py took 0.223 seconds
[2025-04-28T02:18:32.367+0000] {processor.py:161} INFO - Started process (PID=2079) to work on /opt/airflow/dags/silver_to_gold_feature_engineering.py
[2025-04-28T02:18:32.368+0000] {processor.py:830} INFO - Processing file /opt/airflow/dags/silver_to_gold_feature_engineering.py for tasks to queue
[2025-04-28T02:18:32.369+0000] {logging_mixin.py:188} INFO - [2025-04-28T02:18:32.368+0000] {dagbag.py:540} INFO - Filling up the DagBag from /opt/airflow/dags/silver_to_gold_feature_engineering.py
[2025-04-28T02:18:32.584+0000] {processor.py:840} INFO - DAG(s) 'silver_to_gold_feature_engineering' retrieved from /opt/airflow/dags/silver_to_gold_feature_engineering.py
[2025-04-28T02:18:32.596+0000] {logging_mixin.py:188} INFO - [2025-04-28T02:18:32.596+0000] {dag.py:3096} INFO - Sync 1 DAGs
[2025-04-28T02:18:32.601+0000] {logging_mixin.py:188} INFO - [2025-04-28T02:18:32.601+0000] {dag.py:3954} INFO - Setting next_dagrun for silver_to_gold_feature_engineering to None, run_after=None
[2025-04-28T02:18:32.614+0000] {processor.py:183} INFO - Processing /opt/airflow/dags/silver_to_gold_feature_engineering.py took 0.249 seconds
[2025-04-28T02:19:03.246+0000] {processor.py:161} INFO - Started process (PID=2117) to work on /opt/airflow/dags/silver_to_gold_feature_engineering.py
[2025-04-28T02:19:03.246+0000] {processor.py:830} INFO - Processing file /opt/airflow/dags/silver_to_gold_feature_engineering.py for tasks to queue
[2025-04-28T02:19:03.247+0000] {logging_mixin.py:188} INFO - [2025-04-28T02:19:03.247+0000] {dagbag.py:540} INFO - Filling up the DagBag from /opt/airflow/dags/silver_to_gold_feature_engineering.py
[2025-04-28T02:19:03.442+0000] {processor.py:840} INFO - DAG(s) 'silver_to_gold_feature_engineering' retrieved from /opt/airflow/dags/silver_to_gold_feature_engineering.py
[2025-04-28T02:19:03.453+0000] {logging_mixin.py:188} INFO - [2025-04-28T02:19:03.453+0000] {dag.py:3096} INFO - Sync 1 DAGs
[2025-04-28T02:19:03.457+0000] {logging_mixin.py:188} INFO - [2025-04-28T02:19:03.457+0000] {dag.py:3954} INFO - Setting next_dagrun for silver_to_gold_feature_engineering to None, run_after=None
[2025-04-28T02:19:03.464+0000] {processor.py:183} INFO - Processing /opt/airflow/dags/silver_to_gold_feature_engineering.py took 0.221 seconds
[2025-04-28T02:19:34.073+0000] {processor.py:161} INFO - Started process (PID=2149) to work on /opt/airflow/dags/silver_to_gold_feature_engineering.py
[2025-04-28T02:19:34.073+0000] {processor.py:830} INFO - Processing file /opt/airflow/dags/silver_to_gold_feature_engineering.py for tasks to queue
[2025-04-28T02:19:34.074+0000] {logging_mixin.py:188} INFO - [2025-04-28T02:19:34.074+0000] {dagbag.py:540} INFO - Filling up the DagBag from /opt/airflow/dags/silver_to_gold_feature_engineering.py
[2025-04-28T02:19:34.298+0000] {processor.py:840} INFO - DAG(s) 'silver_to_gold_feature_engineering' retrieved from /opt/airflow/dags/silver_to_gold_feature_engineering.py
[2025-04-28T02:19:34.312+0000] {logging_mixin.py:188} INFO - [2025-04-28T02:19:34.312+0000] {dag.py:3096} INFO - Sync 1 DAGs
[2025-04-28T02:19:34.317+0000] {logging_mixin.py:188} INFO - [2025-04-28T02:19:34.317+0000] {dag.py:3954} INFO - Setting next_dagrun for silver_to_gold_feature_engineering to None, run_after=None
[2025-04-28T02:19:34.328+0000] {processor.py:183} INFO - Processing /opt/airflow/dags/silver_to_gold_feature_engineering.py took 0.258 seconds
[2025-04-28T02:20:05.202+0000] {processor.py:161} INFO - Started process (PID=2184) to work on /opt/airflow/dags/silver_to_gold_feature_engineering.py
[2025-04-28T02:20:05.203+0000] {processor.py:830} INFO - Processing file /opt/airflow/dags/silver_to_gold_feature_engineering.py for tasks to queue
[2025-04-28T02:20:05.204+0000] {logging_mixin.py:188} INFO - [2025-04-28T02:20:05.204+0000] {dagbag.py:540} INFO - Filling up the DagBag from /opt/airflow/dags/silver_to_gold_feature_engineering.py
[2025-04-28T02:20:05.416+0000] {processor.py:840} INFO - DAG(s) 'silver_to_gold_feature_engineering' retrieved from /opt/airflow/dags/silver_to_gold_feature_engineering.py
[2025-04-28T02:20:05.430+0000] {logging_mixin.py:188} INFO - [2025-04-28T02:20:05.429+0000] {dag.py:3096} INFO - Sync 1 DAGs
[2025-04-28T02:20:05.435+0000] {logging_mixin.py:188} INFO - [2025-04-28T02:20:05.435+0000] {dag.py:3954} INFO - Setting next_dagrun for silver_to_gold_feature_engineering to None, run_after=None
[2025-04-28T02:20:05.446+0000] {processor.py:183} INFO - Processing /opt/airflow/dags/silver_to_gold_feature_engineering.py took 0.246 seconds
[2025-04-28T02:20:36.091+0000] {processor.py:161} INFO - Started process (PID=2219) to work on /opt/airflow/dags/silver_to_gold_feature_engineering.py
[2025-04-28T02:20:36.092+0000] {processor.py:830} INFO - Processing file /opt/airflow/dags/silver_to_gold_feature_engineering.py for tasks to queue
[2025-04-28T02:20:36.093+0000] {logging_mixin.py:188} INFO - [2025-04-28T02:20:36.093+0000] {dagbag.py:540} INFO - Filling up the DagBag from /opt/airflow/dags/silver_to_gold_feature_engineering.py
[2025-04-28T02:20:36.306+0000] {processor.py:840} INFO - DAG(s) 'silver_to_gold_feature_engineering' retrieved from /opt/airflow/dags/silver_to_gold_feature_engineering.py
[2025-04-28T02:20:36.318+0000] {logging_mixin.py:188} INFO - [2025-04-28T02:20:36.318+0000] {dag.py:3096} INFO - Sync 1 DAGs
[2025-04-28T02:20:36.324+0000] {logging_mixin.py:188} INFO - [2025-04-28T02:20:36.324+0000] {dag.py:3954} INFO - Setting next_dagrun for silver_to_gold_feature_engineering to None, run_after=None
[2025-04-28T02:20:36.337+0000] {processor.py:183} INFO - Processing /opt/airflow/dags/silver_to_gold_feature_engineering.py took 0.248 seconds
[2025-04-28T02:21:07.238+0000] {processor.py:161} INFO - Started process (PID=2254) to work on /opt/airflow/dags/silver_to_gold_feature_engineering.py
[2025-04-28T02:21:07.238+0000] {processor.py:830} INFO - Processing file /opt/airflow/dags/silver_to_gold_feature_engineering.py for tasks to queue
[2025-04-28T02:21:07.240+0000] {logging_mixin.py:188} INFO - [2025-04-28T02:21:07.239+0000] {dagbag.py:540} INFO - Filling up the DagBag from /opt/airflow/dags/silver_to_gold_feature_engineering.py
[2025-04-28T02:21:07.449+0000] {processor.py:840} INFO - DAG(s) 'silver_to_gold_feature_engineering' retrieved from /opt/airflow/dags/silver_to_gold_feature_engineering.py
[2025-04-28T02:21:07.462+0000] {logging_mixin.py:188} INFO - [2025-04-28T02:21:07.462+0000] {dag.py:3096} INFO - Sync 1 DAGs
[2025-04-28T02:21:07.468+0000] {logging_mixin.py:188} INFO - [2025-04-28T02:21:07.467+0000] {dag.py:3954} INFO - Setting next_dagrun for silver_to_gold_feature_engineering to None, run_after=None
[2025-04-28T02:21:07.478+0000] {processor.py:183} INFO - Processing /opt/airflow/dags/silver_to_gold_feature_engineering.py took 0.243 seconds
[2025-04-28T02:21:38.343+0000] {processor.py:161} INFO - Started process (PID=2289) to work on /opt/airflow/dags/silver_to_gold_feature_engineering.py
[2025-04-28T02:21:38.343+0000] {processor.py:830} INFO - Processing file /opt/airflow/dags/silver_to_gold_feature_engineering.py for tasks to queue
[2025-04-28T02:21:38.344+0000] {logging_mixin.py:188} INFO - [2025-04-28T02:21:38.344+0000] {dagbag.py:540} INFO - Filling up the DagBag from /opt/airflow/dags/silver_to_gold_feature_engineering.py
[2025-04-28T02:21:38.558+0000] {processor.py:840} INFO - DAG(s) 'silver_to_gold_feature_engineering' retrieved from /opt/airflow/dags/silver_to_gold_feature_engineering.py
[2025-04-28T02:21:38.569+0000] {logging_mixin.py:188} INFO - [2025-04-28T02:21:38.569+0000] {dag.py:3096} INFO - Sync 1 DAGs
[2025-04-28T02:21:38.574+0000] {logging_mixin.py:188} INFO - [2025-04-28T02:21:38.573+0000] {dag.py:3954} INFO - Setting next_dagrun for silver_to_gold_feature_engineering to None, run_after=None
[2025-04-28T02:21:38.584+0000] {processor.py:183} INFO - Processing /opt/airflow/dags/silver_to_gold_feature_engineering.py took 0.244 seconds
[2025-04-28T02:22:09.392+0000] {processor.py:161} INFO - Started process (PID=2324) to work on /opt/airflow/dags/silver_to_gold_feature_engineering.py
[2025-04-28T02:22:09.392+0000] {processor.py:830} INFO - Processing file /opt/airflow/dags/silver_to_gold_feature_engineering.py for tasks to queue
[2025-04-28T02:22:09.393+0000] {logging_mixin.py:188} INFO - [2025-04-28T02:22:09.393+0000] {dagbag.py:540} INFO - Filling up the DagBag from /opt/airflow/dags/silver_to_gold_feature_engineering.py
[2025-04-28T02:22:09.612+0000] {processor.py:840} INFO - DAG(s) 'silver_to_gold_feature_engineering' retrieved from /opt/airflow/dags/silver_to_gold_feature_engineering.py
[2025-04-28T02:22:09.623+0000] {logging_mixin.py:188} INFO - [2025-04-28T02:22:09.623+0000] {dag.py:3096} INFO - Sync 1 DAGs
[2025-04-28T02:22:09.629+0000] {logging_mixin.py:188} INFO - [2025-04-28T02:22:09.629+0000] {dag.py:3954} INFO - Setting next_dagrun for silver_to_gold_feature_engineering to None, run_after=None
[2025-04-28T02:22:09.639+0000] {processor.py:183} INFO - Processing /opt/airflow/dags/silver_to_gold_feature_engineering.py took 0.250 seconds
[2025-04-28T02:22:40.238+0000] {processor.py:161} INFO - Started process (PID=2359) to work on /opt/airflow/dags/silver_to_gold_feature_engineering.py
[2025-04-28T02:22:40.239+0000] {processor.py:830} INFO - Processing file /opt/airflow/dags/silver_to_gold_feature_engineering.py for tasks to queue
[2025-04-28T02:22:40.239+0000] {logging_mixin.py:188} INFO - [2025-04-28T02:22:40.239+0000] {dagbag.py:540} INFO - Filling up the DagBag from /opt/airflow/dags/silver_to_gold_feature_engineering.py
[2025-04-28T02:22:40.453+0000] {processor.py:840} INFO - DAG(s) 'silver_to_gold_feature_engineering' retrieved from /opt/airflow/dags/silver_to_gold_feature_engineering.py
[2025-04-28T02:22:40.466+0000] {logging_mixin.py:188} INFO - [2025-04-28T02:22:40.466+0000] {dag.py:3096} INFO - Sync 1 DAGs
[2025-04-28T02:22:40.471+0000] {logging_mixin.py:188} INFO - [2025-04-28T02:22:40.471+0000] {dag.py:3954} INFO - Setting next_dagrun for silver_to_gold_feature_engineering to None, run_after=None
[2025-04-28T02:22:40.480+0000] {processor.py:183} INFO - Processing /opt/airflow/dags/silver_to_gold_feature_engineering.py took 0.245 seconds
[2025-04-28T02:23:11.157+0000] {processor.py:161} INFO - Started process (PID=2397) to work on /opt/airflow/dags/silver_to_gold_feature_engineering.py
[2025-04-28T02:23:11.158+0000] {processor.py:830} INFO - Processing file /opt/airflow/dags/silver_to_gold_feature_engineering.py for tasks to queue
[2025-04-28T02:23:11.159+0000] {logging_mixin.py:188} INFO - [2025-04-28T02:23:11.158+0000] {dagbag.py:540} INFO - Filling up the DagBag from /opt/airflow/dags/silver_to_gold_feature_engineering.py
[2025-04-28T02:23:11.355+0000] {processor.py:840} INFO - DAG(s) 'silver_to_gold_feature_engineering' retrieved from /opt/airflow/dags/silver_to_gold_feature_engineering.py
[2025-04-28T02:23:11.365+0000] {logging_mixin.py:188} INFO - [2025-04-28T02:23:11.365+0000] {dag.py:3096} INFO - Sync 1 DAGs
[2025-04-28T02:23:11.369+0000] {logging_mixin.py:188} INFO - [2025-04-28T02:23:11.369+0000] {dag.py:3954} INFO - Setting next_dagrun for silver_to_gold_feature_engineering to None, run_after=None
[2025-04-28T02:23:11.377+0000] {processor.py:183} INFO - Processing /opt/airflow/dags/silver_to_gold_feature_engineering.py took 0.222 seconds
[2025-04-28T02:23:42.036+0000] {processor.py:161} INFO - Started process (PID=2429) to work on /opt/airflow/dags/silver_to_gold_feature_engineering.py
[2025-04-28T02:23:42.037+0000] {processor.py:830} INFO - Processing file /opt/airflow/dags/silver_to_gold_feature_engineering.py for tasks to queue
[2025-04-28T02:23:42.039+0000] {logging_mixin.py:188} INFO - [2025-04-28T02:23:42.038+0000] {dagbag.py:540} INFO - Filling up the DagBag from /opt/airflow/dags/silver_to_gold_feature_engineering.py
[2025-04-28T02:23:42.250+0000] {processor.py:840} INFO - DAG(s) 'silver_to_gold_feature_engineering' retrieved from /opt/airflow/dags/silver_to_gold_feature_engineering.py
[2025-04-28T02:23:42.263+0000] {logging_mixin.py:188} INFO - [2025-04-28T02:23:42.263+0000] {dag.py:3096} INFO - Sync 1 DAGs
[2025-04-28T02:23:42.269+0000] {logging_mixin.py:188} INFO - [2025-04-28T02:23:42.268+0000] {dag.py:3954} INFO - Setting next_dagrun for silver_to_gold_feature_engineering to None, run_after=None
[2025-04-28T02:23:42.279+0000] {processor.py:183} INFO - Processing /opt/airflow/dags/silver_to_gold_feature_engineering.py took 0.245 seconds
[2025-04-28T02:24:12.900+0000] {processor.py:161} INFO - Started process (PID=2467) to work on /opt/airflow/dags/silver_to_gold_feature_engineering.py
[2025-04-28T02:24:12.900+0000] {processor.py:830} INFO - Processing file /opt/airflow/dags/silver_to_gold_feature_engineering.py for tasks to queue
[2025-04-28T02:24:12.901+0000] {logging_mixin.py:188} INFO - [2025-04-28T02:24:12.901+0000] {dagbag.py:540} INFO - Filling up the DagBag from /opt/airflow/dags/silver_to_gold_feature_engineering.py
[2025-04-28T02:24:13.136+0000] {processor.py:840} INFO - DAG(s) 'silver_to_gold_feature_engineering' retrieved from /opt/airflow/dags/silver_to_gold_feature_engineering.py
[2025-04-28T02:24:13.148+0000] {logging_mixin.py:188} INFO - [2025-04-28T02:24:13.148+0000] {dag.py:3096} INFO - Sync 1 DAGs
[2025-04-28T02:24:13.154+0000] {logging_mixin.py:188} INFO - [2025-04-28T02:24:13.153+0000] {dag.py:3954} INFO - Setting next_dagrun for silver_to_gold_feature_engineering to None, run_after=None
[2025-04-28T02:24:13.162+0000] {processor.py:183} INFO - Processing /opt/airflow/dags/silver_to_gold_feature_engineering.py took 0.266 seconds
[2025-04-28T02:24:43.991+0000] {processor.py:161} INFO - Started process (PID=2499) to work on /opt/airflow/dags/silver_to_gold_feature_engineering.py
[2025-04-28T02:24:43.991+0000] {processor.py:830} INFO - Processing file /opt/airflow/dags/silver_to_gold_feature_engineering.py for tasks to queue
[2025-04-28T02:24:43.993+0000] {logging_mixin.py:188} INFO - [2025-04-28T02:24:43.993+0000] {dagbag.py:540} INFO - Filling up the DagBag from /opt/airflow/dags/silver_to_gold_feature_engineering.py
[2025-04-28T02:24:44.225+0000] {processor.py:840} INFO - DAG(s) 'silver_to_gold_feature_engineering' retrieved from /opt/airflow/dags/silver_to_gold_feature_engineering.py
[2025-04-28T02:24:44.237+0000] {logging_mixin.py:188} INFO - [2025-04-28T02:24:44.237+0000] {dag.py:3096} INFO - Sync 1 DAGs
[2025-04-28T02:24:44.244+0000] {logging_mixin.py:188} INFO - [2025-04-28T02:24:44.243+0000] {dag.py:3954} INFO - Setting next_dagrun for silver_to_gold_feature_engineering to None, run_after=None
[2025-04-28T02:24:44.255+0000] {processor.py:183} INFO - Processing /opt/airflow/dags/silver_to_gold_feature_engineering.py took 0.267 seconds
[2025-04-28T02:25:15.165+0000] {processor.py:161} INFO - Started process (PID=2537) to work on /opt/airflow/dags/silver_to_gold_feature_engineering.py
[2025-04-28T02:25:15.166+0000] {processor.py:830} INFO - Processing file /opt/airflow/dags/silver_to_gold_feature_engineering.py for tasks to queue
[2025-04-28T02:25:15.167+0000] {logging_mixin.py:188} INFO - [2025-04-28T02:25:15.167+0000] {dagbag.py:540} INFO - Filling up the DagBag from /opt/airflow/dags/silver_to_gold_feature_engineering.py
[2025-04-28T02:25:15.364+0000] {processor.py:840} INFO - DAG(s) 'silver_to_gold_feature_engineering' retrieved from /opt/airflow/dags/silver_to_gold_feature_engineering.py
[2025-04-28T02:25:15.374+0000] {logging_mixin.py:188} INFO - [2025-04-28T02:25:15.374+0000] {dag.py:3096} INFO - Sync 1 DAGs
[2025-04-28T02:25:15.379+0000] {logging_mixin.py:188} INFO - [2025-04-28T02:25:15.379+0000] {dag.py:3954} INFO - Setting next_dagrun for silver_to_gold_feature_engineering to None, run_after=None
[2025-04-28T02:25:15.386+0000] {processor.py:183} INFO - Processing /opt/airflow/dags/silver_to_gold_feature_engineering.py took 0.223 seconds
[2025-04-28T02:25:46.253+0000] {processor.py:161} INFO - Started process (PID=2569) to work on /opt/airflow/dags/silver_to_gold_feature_engineering.py
[2025-04-28T02:25:46.254+0000] {processor.py:830} INFO - Processing file /opt/airflow/dags/silver_to_gold_feature_engineering.py for tasks to queue
[2025-04-28T02:25:46.255+0000] {logging_mixin.py:188} INFO - [2025-04-28T02:25:46.255+0000] {dagbag.py:540} INFO - Filling up the DagBag from /opt/airflow/dags/silver_to_gold_feature_engineering.py
[2025-04-28T02:25:46.469+0000] {processor.py:840} INFO - DAG(s) 'silver_to_gold_feature_engineering' retrieved from /opt/airflow/dags/silver_to_gold_feature_engineering.py
[2025-04-28T02:25:46.480+0000] {logging_mixin.py:188} INFO - [2025-04-28T02:25:46.480+0000] {dag.py:3096} INFO - Sync 1 DAGs
[2025-04-28T02:25:46.485+0000] {logging_mixin.py:188} INFO - [2025-04-28T02:25:46.485+0000] {dag.py:3954} INFO - Setting next_dagrun for silver_to_gold_feature_engineering to None, run_after=None
[2025-04-28T02:25:46.497+0000] {processor.py:183} INFO - Processing /opt/airflow/dags/silver_to_gold_feature_engineering.py took 0.247 seconds
[2025-04-28T02:26:17.396+0000] {processor.py:161} INFO - Started process (PID=2604) to work on /opt/airflow/dags/silver_to_gold_feature_engineering.py
[2025-04-28T02:26:17.397+0000] {processor.py:830} INFO - Processing file /opt/airflow/dags/silver_to_gold_feature_engineering.py for tasks to queue
[2025-04-28T02:26:17.398+0000] {logging_mixin.py:188} INFO - [2025-04-28T02:26:17.398+0000] {dagbag.py:540} INFO - Filling up the DagBag from /opt/airflow/dags/silver_to_gold_feature_engineering.py
[2025-04-28T02:26:17.633+0000] {processor.py:840} INFO - DAG(s) 'silver_to_gold_feature_engineering' retrieved from /opt/airflow/dags/silver_to_gold_feature_engineering.py
[2025-04-28T02:26:17.647+0000] {logging_mixin.py:188} INFO - [2025-04-28T02:26:17.647+0000] {dag.py:3096} INFO - Sync 1 DAGs
[2025-04-28T02:26:17.652+0000] {logging_mixin.py:188} INFO - [2025-04-28T02:26:17.652+0000] {dag.py:3954} INFO - Setting next_dagrun for silver_to_gold_feature_engineering to None, run_after=None
[2025-04-28T02:26:17.664+0000] {processor.py:183} INFO - Processing /opt/airflow/dags/silver_to_gold_feature_engineering.py took 0.270 seconds
[2025-04-28T02:26:48.573+0000] {processor.py:161} INFO - Started process (PID=2642) to work on /opt/airflow/dags/silver_to_gold_feature_engineering.py
[2025-04-28T02:26:48.574+0000] {processor.py:830} INFO - Processing file /opt/airflow/dags/silver_to_gold_feature_engineering.py for tasks to queue
[2025-04-28T02:26:48.574+0000] {logging_mixin.py:188} INFO - [2025-04-28T02:26:48.574+0000] {dagbag.py:540} INFO - Filling up the DagBag from /opt/airflow/dags/silver_to_gold_feature_engineering.py
[2025-04-28T02:26:48.772+0000] {processor.py:840} INFO - DAG(s) 'silver_to_gold_feature_engineering' retrieved from /opt/airflow/dags/silver_to_gold_feature_engineering.py
[2025-04-28T02:26:48.782+0000] {logging_mixin.py:188} INFO - [2025-04-28T02:26:48.782+0000] {dag.py:3096} INFO - Sync 1 DAGs
[2025-04-28T02:26:48.786+0000] {logging_mixin.py:188} INFO - [2025-04-28T02:26:48.786+0000] {dag.py:3954} INFO - Setting next_dagrun for silver_to_gold_feature_engineering to None, run_after=None
[2025-04-28T02:26:48.794+0000] {processor.py:183} INFO - Processing /opt/airflow/dags/silver_to_gold_feature_engineering.py took 0.223 seconds
[2025-04-28T02:27:19.654+0000] {processor.py:161} INFO - Started process (PID=2674) to work on /opt/airflow/dags/silver_to_gold_feature_engineering.py
[2025-04-28T02:27:19.655+0000] {processor.py:830} INFO - Processing file /opt/airflow/dags/silver_to_gold_feature_engineering.py for tasks to queue
[2025-04-28T02:27:19.655+0000] {logging_mixin.py:188} INFO - [2025-04-28T02:27:19.655+0000] {dagbag.py:540} INFO - Filling up the DagBag from /opt/airflow/dags/silver_to_gold_feature_engineering.py
[2025-04-28T02:27:19.867+0000] {processor.py:840} INFO - DAG(s) 'silver_to_gold_feature_engineering' retrieved from /opt/airflow/dags/silver_to_gold_feature_engineering.py
[2025-04-28T02:27:19.879+0000] {logging_mixin.py:188} INFO - [2025-04-28T02:27:19.879+0000] {dag.py:3096} INFO - Sync 1 DAGs
[2025-04-28T02:27:19.885+0000] {logging_mixin.py:188} INFO - [2025-04-28T02:27:19.885+0000] {dag.py:3954} INFO - Setting next_dagrun for silver_to_gold_feature_engineering to None, run_after=None
[2025-04-28T02:27:19.895+0000] {processor.py:183} INFO - Processing /opt/airflow/dags/silver_to_gold_feature_engineering.py took 0.244 seconds
[2025-04-28T02:27:50.757+0000] {processor.py:161} INFO - Started process (PID=2709) to work on /opt/airflow/dags/silver_to_gold_feature_engineering.py
[2025-04-28T02:27:50.757+0000] {processor.py:830} INFO - Processing file /opt/airflow/dags/silver_to_gold_feature_engineering.py for tasks to queue
[2025-04-28T02:27:50.759+0000] {logging_mixin.py:188} INFO - [2025-04-28T02:27:50.758+0000] {dagbag.py:540} INFO - Filling up the DagBag from /opt/airflow/dags/silver_to_gold_feature_engineering.py
[2025-04-28T02:27:51.008+0000] {processor.py:840} INFO - DAG(s) 'silver_to_gold_feature_engineering' retrieved from /opt/airflow/dags/silver_to_gold_feature_engineering.py
[2025-04-28T02:27:51.021+0000] {logging_mixin.py:188} INFO - [2025-04-28T02:27:51.020+0000] {dag.py:3096} INFO - Sync 1 DAGs
[2025-04-28T02:27:51.029+0000] {logging_mixin.py:188} INFO - [2025-04-28T02:27:51.028+0000] {dag.py:3954} INFO - Setting next_dagrun for silver_to_gold_feature_engineering to None, run_after=None
[2025-04-28T02:27:51.038+0000] {processor.py:183} INFO - Processing /opt/airflow/dags/silver_to_gold_feature_engineering.py took 0.284 seconds
[2025-04-28T02:28:21.914+0000] {processor.py:161} INFO - Started process (PID=2744) to work on /opt/airflow/dags/silver_to_gold_feature_engineering.py
[2025-04-28T02:28:21.914+0000] {processor.py:830} INFO - Processing file /opt/airflow/dags/silver_to_gold_feature_engineering.py for tasks to queue
[2025-04-28T02:28:21.915+0000] {logging_mixin.py:188} INFO - [2025-04-28T02:28:21.915+0000] {dagbag.py:540} INFO - Filling up the DagBag from /opt/airflow/dags/silver_to_gold_feature_engineering.py
[2025-04-28T02:28:22.126+0000] {processor.py:840} INFO - DAG(s) 'silver_to_gold_feature_engineering' retrieved from /opt/airflow/dags/silver_to_gold_feature_engineering.py
[2025-04-28T02:28:22.140+0000] {logging_mixin.py:188} INFO - [2025-04-28T02:28:22.140+0000] {dag.py:3096} INFO - Sync 1 DAGs
[2025-04-28T02:28:22.145+0000] {logging_mixin.py:188} INFO - [2025-04-28T02:28:22.145+0000] {dag.py:3954} INFO - Setting next_dagrun for silver_to_gold_feature_engineering to None, run_after=None
[2025-04-28T02:28:22.158+0000] {processor.py:183} INFO - Processing /opt/airflow/dags/silver_to_gold_feature_engineering.py took 0.247 seconds
[2025-04-28T02:28:53.065+0000] {processor.py:161} INFO - Started process (PID=2779) to work on /opt/airflow/dags/silver_to_gold_feature_engineering.py
[2025-04-28T02:28:53.065+0000] {processor.py:830} INFO - Processing file /opt/airflow/dags/silver_to_gold_feature_engineering.py for tasks to queue
[2025-04-28T02:28:53.066+0000] {logging_mixin.py:188} INFO - [2025-04-28T02:28:53.066+0000] {dagbag.py:540} INFO - Filling up the DagBag from /opt/airflow/dags/silver_to_gold_feature_engineering.py
[2025-04-28T02:28:53.287+0000] {processor.py:840} INFO - DAG(s) 'silver_to_gold_feature_engineering' retrieved from /opt/airflow/dags/silver_to_gold_feature_engineering.py
[2025-04-28T02:28:53.298+0000] {logging_mixin.py:188} INFO - [2025-04-28T02:28:53.298+0000] {dag.py:3096} INFO - Sync 1 DAGs
[2025-04-28T02:28:53.303+0000] {logging_mixin.py:188} INFO - [2025-04-28T02:28:53.303+0000] {dag.py:3954} INFO - Setting next_dagrun for silver_to_gold_feature_engineering to None, run_after=None
[2025-04-28T02:28:53.314+0000] {processor.py:183} INFO - Processing /opt/airflow/dags/silver_to_gold_feature_engineering.py took 0.252 seconds
[2025-04-28T02:29:24.219+0000] {processor.py:161} INFO - Started process (PID=2814) to work on /opt/airflow/dags/silver_to_gold_feature_engineering.py
[2025-04-28T02:29:24.220+0000] {processor.py:830} INFO - Processing file /opt/airflow/dags/silver_to_gold_feature_engineering.py for tasks to queue
[2025-04-28T02:29:24.221+0000] {logging_mixin.py:188} INFO - [2025-04-28T02:29:24.221+0000] {dagbag.py:540} INFO - Filling up the DagBag from /opt/airflow/dags/silver_to_gold_feature_engineering.py
[2025-04-28T02:29:24.438+0000] {processor.py:840} INFO - DAG(s) 'silver_to_gold_feature_engineering' retrieved from /opt/airflow/dags/silver_to_gold_feature_engineering.py
[2025-04-28T02:29:24.450+0000] {logging_mixin.py:188} INFO - [2025-04-28T02:29:24.449+0000] {dag.py:3096} INFO - Sync 1 DAGs
[2025-04-28T02:29:24.455+0000] {logging_mixin.py:188} INFO - [2025-04-28T02:29:24.455+0000] {dag.py:3954} INFO - Setting next_dagrun for silver_to_gold_feature_engineering to None, run_after=None
[2025-04-28T02:29:24.467+0000] {processor.py:183} INFO - Processing /opt/airflow/dags/silver_to_gold_feature_engineering.py took 0.250 seconds
[2025-04-28T02:29:55.394+0000] {processor.py:161} INFO - Started process (PID=2849) to work on /opt/airflow/dags/silver_to_gold_feature_engineering.py
[2025-04-28T02:29:55.395+0000] {processor.py:830} INFO - Processing file /opt/airflow/dags/silver_to_gold_feature_engineering.py for tasks to queue
[2025-04-28T02:29:55.396+0000] {logging_mixin.py:188} INFO - [2025-04-28T02:29:55.396+0000] {dagbag.py:540} INFO - Filling up the DagBag from /opt/airflow/dags/silver_to_gold_feature_engineering.py
[2025-04-28T02:29:55.627+0000] {processor.py:840} INFO - DAG(s) 'silver_to_gold_feature_engineering' retrieved from /opt/airflow/dags/silver_to_gold_feature_engineering.py
[2025-04-28T02:29:55.639+0000] {logging_mixin.py:188} INFO - [2025-04-28T02:29:55.639+0000] {dag.py:3096} INFO - Sync 1 DAGs
[2025-04-28T02:29:55.644+0000] {logging_mixin.py:188} INFO - [2025-04-28T02:29:55.644+0000] {dag.py:3954} INFO - Setting next_dagrun for silver_to_gold_feature_engineering to None, run_after=None
[2025-04-28T02:29:55.655+0000] {processor.py:183} INFO - Processing /opt/airflow/dags/silver_to_gold_feature_engineering.py took 0.263 seconds
[2025-04-28T02:30:26.540+0000] {processor.py:161} INFO - Started process (PID=2884) to work on /opt/airflow/dags/silver_to_gold_feature_engineering.py
[2025-04-28T02:30:26.540+0000] {processor.py:830} INFO - Processing file /opt/airflow/dags/silver_to_gold_feature_engineering.py for tasks to queue
[2025-04-28T02:30:26.542+0000] {logging_mixin.py:188} INFO - [2025-04-28T02:30:26.542+0000] {dagbag.py:540} INFO - Filling up the DagBag from /opt/airflow/dags/silver_to_gold_feature_engineering.py
[2025-04-28T02:30:26.766+0000] {processor.py:840} INFO - DAG(s) 'silver_to_gold_feature_engineering' retrieved from /opt/airflow/dags/silver_to_gold_feature_engineering.py
[2025-04-28T02:30:26.778+0000] {logging_mixin.py:188} INFO - [2025-04-28T02:30:26.778+0000] {dag.py:3096} INFO - Sync 1 DAGs
[2025-04-28T02:30:26.783+0000] {logging_mixin.py:188} INFO - [2025-04-28T02:30:26.783+0000] {dag.py:3954} INFO - Setting next_dagrun for silver_to_gold_feature_engineering to None, run_after=None
[2025-04-28T02:30:26.794+0000] {processor.py:183} INFO - Processing /opt/airflow/dags/silver_to_gold_feature_engineering.py took 0.257 seconds
[2025-04-28T02:30:57.689+0000] {processor.py:161} INFO - Started process (PID=2919) to work on /opt/airflow/dags/silver_to_gold_feature_engineering.py
[2025-04-28T02:30:57.690+0000] {processor.py:830} INFO - Processing file /opt/airflow/dags/silver_to_gold_feature_engineering.py for tasks to queue
[2025-04-28T02:30:57.691+0000] {logging_mixin.py:188} INFO - [2025-04-28T02:30:57.691+0000] {dagbag.py:540} INFO - Filling up the DagBag from /opt/airflow/dags/silver_to_gold_feature_engineering.py
[2025-04-28T02:30:57.908+0000] {processor.py:840} INFO - DAG(s) 'silver_to_gold_feature_engineering' retrieved from /opt/airflow/dags/silver_to_gold_feature_engineering.py
[2025-04-28T02:30:57.922+0000] {logging_mixin.py:188} INFO - [2025-04-28T02:30:57.922+0000] {dag.py:3096} INFO - Sync 1 DAGs
[2025-04-28T02:30:57.928+0000] {logging_mixin.py:188} INFO - [2025-04-28T02:30:57.928+0000] {dag.py:3954} INFO - Setting next_dagrun for silver_to_gold_feature_engineering to None, run_after=None
[2025-04-28T02:30:57.938+0000] {processor.py:183} INFO - Processing /opt/airflow/dags/silver_to_gold_feature_engineering.py took 0.252 seconds
[2025-04-28T02:31:28.823+0000] {processor.py:161} INFO - Started process (PID=2954) to work on /opt/airflow/dags/silver_to_gold_feature_engineering.py
[2025-04-28T02:31:28.824+0000] {processor.py:830} INFO - Processing file /opt/airflow/dags/silver_to_gold_feature_engineering.py for tasks to queue
[2025-04-28T02:31:28.824+0000] {logging_mixin.py:188} INFO - [2025-04-28T02:31:28.824+0000] {dagbag.py:540} INFO - Filling up the DagBag from /opt/airflow/dags/silver_to_gold_feature_engineering.py
[2025-04-28T02:31:29.039+0000] {processor.py:840} INFO - DAG(s) 'silver_to_gold_feature_engineering' retrieved from /opt/airflow/dags/silver_to_gold_feature_engineering.py
[2025-04-28T02:31:29.053+0000] {logging_mixin.py:188} INFO - [2025-04-28T02:31:29.053+0000] {dag.py:3096} INFO - Sync 1 DAGs
[2025-04-28T02:31:29.059+0000] {logging_mixin.py:188} INFO - [2025-04-28T02:31:29.059+0000] {dag.py:3954} INFO - Setting next_dagrun for silver_to_gold_feature_engineering to None, run_after=None
[2025-04-28T02:31:29.068+0000] {processor.py:183} INFO - Processing /opt/airflow/dags/silver_to_gold_feature_engineering.py took 0.248 seconds
[2025-04-28T02:31:59.971+0000] {processor.py:161} INFO - Started process (PID=2989) to work on /opt/airflow/dags/silver_to_gold_feature_engineering.py
[2025-04-28T02:31:59.972+0000] {processor.py:830} INFO - Processing file /opt/airflow/dags/silver_to_gold_feature_engineering.py for tasks to queue
[2025-04-28T02:31:59.973+0000] {logging_mixin.py:188} INFO - [2025-04-28T02:31:59.972+0000] {dagbag.py:540} INFO - Filling up the DagBag from /opt/airflow/dags/silver_to_gold_feature_engineering.py
[2025-04-28T02:32:00.187+0000] {processor.py:840} INFO - DAG(s) 'silver_to_gold_feature_engineering' retrieved from /opt/airflow/dags/silver_to_gold_feature_engineering.py
[2025-04-28T02:32:00.204+0000] {logging_mixin.py:188} INFO - [2025-04-28T02:32:00.204+0000] {dag.py:3096} INFO - Sync 1 DAGs
[2025-04-28T02:32:00.208+0000] {logging_mixin.py:188} INFO - [2025-04-28T02:32:00.208+0000] {dag.py:3954} INFO - Setting next_dagrun for silver_to_gold_feature_engineering to None, run_after=None
[2025-04-28T02:32:00.221+0000] {processor.py:183} INFO - Processing /opt/airflow/dags/silver_to_gold_feature_engineering.py took 0.252 seconds
[2025-04-28T02:32:31.103+0000] {processor.py:161} INFO - Started process (PID=3024) to work on /opt/airflow/dags/silver_to_gold_feature_engineering.py
[2025-04-28T02:32:31.104+0000] {processor.py:830} INFO - Processing file /opt/airflow/dags/silver_to_gold_feature_engineering.py for tasks to queue
[2025-04-28T02:32:31.105+0000] {logging_mixin.py:188} INFO - [2025-04-28T02:32:31.104+0000] {dagbag.py:540} INFO - Filling up the DagBag from /opt/airflow/dags/silver_to_gold_feature_engineering.py
[2025-04-28T02:32:31.333+0000] {processor.py:840} INFO - DAG(s) 'silver_to_gold_feature_engineering' retrieved from /opt/airflow/dags/silver_to_gold_feature_engineering.py
[2025-04-28T02:32:31.345+0000] {logging_mixin.py:188} INFO - [2025-04-28T02:32:31.345+0000] {dag.py:3096} INFO - Sync 1 DAGs
[2025-04-28T02:32:31.350+0000] {logging_mixin.py:188} INFO - [2025-04-28T02:32:31.350+0000] {dag.py:3954} INFO - Setting next_dagrun for silver_to_gold_feature_engineering to None, run_after=None
[2025-04-28T02:32:31.359+0000] {processor.py:183} INFO - Processing /opt/airflow/dags/silver_to_gold_feature_engineering.py took 0.259 seconds
[2025-04-28T02:33:02.229+0000] {processor.py:161} INFO - Started process (PID=3059) to work on /opt/airflow/dags/silver_to_gold_feature_engineering.py
[2025-04-28T02:33:02.230+0000] {processor.py:830} INFO - Processing file /opt/airflow/dags/silver_to_gold_feature_engineering.py for tasks to queue
[2025-04-28T02:33:02.231+0000] {logging_mixin.py:188} INFO - [2025-04-28T02:33:02.230+0000] {dagbag.py:540} INFO - Filling up the DagBag from /opt/airflow/dags/silver_to_gold_feature_engineering.py
[2025-04-28T02:33:02.446+0000] {processor.py:840} INFO - DAG(s) 'silver_to_gold_feature_engineering' retrieved from /opt/airflow/dags/silver_to_gold_feature_engineering.py
[2025-04-28T02:33:02.459+0000] {logging_mixin.py:188} INFO - [2025-04-28T02:33:02.459+0000] {dag.py:3096} INFO - Sync 1 DAGs
[2025-04-28T02:33:02.464+0000] {logging_mixin.py:188} INFO - [2025-04-28T02:33:02.464+0000] {dag.py:3954} INFO - Setting next_dagrun for silver_to_gold_feature_engineering to None, run_after=None
[2025-04-28T02:33:02.475+0000] {processor.py:183} INFO - Processing /opt/airflow/dags/silver_to_gold_feature_engineering.py took 0.249 seconds
[2025-04-28T02:33:33.324+0000] {processor.py:161} INFO - Started process (PID=3094) to work on /opt/airflow/dags/silver_to_gold_feature_engineering.py
[2025-04-28T02:33:33.325+0000] {processor.py:830} INFO - Processing file /opt/airflow/dags/silver_to_gold_feature_engineering.py for tasks to queue
[2025-04-28T02:33:33.326+0000] {logging_mixin.py:188} INFO - [2025-04-28T02:33:33.325+0000] {dagbag.py:540} INFO - Filling up the DagBag from /opt/airflow/dags/silver_to_gold_feature_engineering.py
[2025-04-28T02:33:33.544+0000] {processor.py:840} INFO - DAG(s) 'silver_to_gold_feature_engineering' retrieved from /opt/airflow/dags/silver_to_gold_feature_engineering.py
[2025-04-28T02:33:33.556+0000] {logging_mixin.py:188} INFO - [2025-04-28T02:33:33.556+0000] {dag.py:3096} INFO - Sync 1 DAGs
[2025-04-28T02:33:33.565+0000] {logging_mixin.py:188} INFO - [2025-04-28T02:33:33.565+0000] {dag.py:3954} INFO - Setting next_dagrun for silver_to_gold_feature_engineering to None, run_after=None
[2025-04-28T02:33:33.575+0000] {processor.py:183} INFO - Processing /opt/airflow/dags/silver_to_gold_feature_engineering.py took 0.254 seconds
[2025-04-28T02:34:04.214+0000] {processor.py:161} INFO - Started process (PID=3129) to work on /opt/airflow/dags/silver_to_gold_feature_engineering.py
[2025-04-28T02:34:04.214+0000] {processor.py:830} INFO - Processing file /opt/airflow/dags/silver_to_gold_feature_engineering.py for tasks to queue
[2025-04-28T02:34:04.215+0000] {logging_mixin.py:188} INFO - [2025-04-28T02:34:04.215+0000] {dagbag.py:540} INFO - Filling up the DagBag from /opt/airflow/dags/silver_to_gold_feature_engineering.py
[2025-04-28T02:34:04.440+0000] {processor.py:840} INFO - DAG(s) 'silver_to_gold_feature_engineering' retrieved from /opt/airflow/dags/silver_to_gold_feature_engineering.py
[2025-04-28T02:34:04.454+0000] {logging_mixin.py:188} INFO - [2025-04-28T02:34:04.454+0000] {dag.py:3096} INFO - Sync 1 DAGs
[2025-04-28T02:34:04.459+0000] {logging_mixin.py:188} INFO - [2025-04-28T02:34:04.459+0000] {dag.py:3954} INFO - Setting next_dagrun for silver_to_gold_feature_engineering to None, run_after=None
[2025-04-28T02:34:04.470+0000] {processor.py:183} INFO - Processing /opt/airflow/dags/silver_to_gold_feature_engineering.py took 0.259 seconds
[2025-04-28T02:34:35.412+0000] {processor.py:161} INFO - Started process (PID=3167) to work on /opt/airflow/dags/silver_to_gold_feature_engineering.py
[2025-04-28T02:34:35.413+0000] {processor.py:830} INFO - Processing file /opt/airflow/dags/silver_to_gold_feature_engineering.py for tasks to queue
[2025-04-28T02:34:35.413+0000] {logging_mixin.py:188} INFO - [2025-04-28T02:34:35.413+0000] {dagbag.py:540} INFO - Filling up the DagBag from /opt/airflow/dags/silver_to_gold_feature_engineering.py
[2025-04-28T02:34:35.611+0000] {processor.py:840} INFO - DAG(s) 'silver_to_gold_feature_engineering' retrieved from /opt/airflow/dags/silver_to_gold_feature_engineering.py
[2025-04-28T02:34:35.622+0000] {logging_mixin.py:188} INFO - [2025-04-28T02:34:35.621+0000] {dag.py:3096} INFO - Sync 1 DAGs
[2025-04-28T02:34:35.626+0000] {logging_mixin.py:188} INFO - [2025-04-28T02:34:35.626+0000] {dag.py:3954} INFO - Setting next_dagrun for silver_to_gold_feature_engineering to None, run_after=None
[2025-04-28T02:34:35.633+0000] {processor.py:183} INFO - Processing /opt/airflow/dags/silver_to_gold_feature_engineering.py took 0.224 seconds
[2025-04-28T02:35:06.569+0000] {processor.py:161} INFO - Started process (PID=3199) to work on /opt/airflow/dags/silver_to_gold_feature_engineering.py
[2025-04-28T02:35:06.569+0000] {processor.py:830} INFO - Processing file /opt/airflow/dags/silver_to_gold_feature_engineering.py for tasks to queue
[2025-04-28T02:35:06.570+0000] {logging_mixin.py:188} INFO - [2025-04-28T02:35:06.570+0000] {dagbag.py:540} INFO - Filling up the DagBag from /opt/airflow/dags/silver_to_gold_feature_engineering.py
[2025-04-28T02:35:06.795+0000] {processor.py:840} INFO - DAG(s) 'silver_to_gold_feature_engineering' retrieved from /opt/airflow/dags/silver_to_gold_feature_engineering.py
[2025-04-28T02:35:06.808+0000] {logging_mixin.py:188} INFO - [2025-04-28T02:35:06.808+0000] {dag.py:3096} INFO - Sync 1 DAGs
[2025-04-28T02:35:06.814+0000] {logging_mixin.py:188} INFO - [2025-04-28T02:35:06.814+0000] {dag.py:3954} INFO - Setting next_dagrun for silver_to_gold_feature_engineering to None, run_after=None
[2025-04-28T02:35:06.831+0000] {processor.py:183} INFO - Processing /opt/airflow/dags/silver_to_gold_feature_engineering.py took 0.266 seconds
[2025-04-28T02:35:37.717+0000] {processor.py:161} INFO - Started process (PID=3240) to work on /opt/airflow/dags/silver_to_gold_feature_engineering.py
[2025-04-28T02:35:37.718+0000] {processor.py:830} INFO - Processing file /opt/airflow/dags/silver_to_gold_feature_engineering.py for tasks to queue
[2025-04-28T02:35:37.719+0000] {logging_mixin.py:188} INFO - [2025-04-28T02:35:37.719+0000] {dagbag.py:540} INFO - Filling up the DagBag from /opt/airflow/dags/silver_to_gold_feature_engineering.py
[2025-04-28T02:35:37.951+0000] {processor.py:840} INFO - DAG(s) 'silver_to_gold_feature_engineering' retrieved from /opt/airflow/dags/silver_to_gold_feature_engineering.py
[2025-04-28T02:35:37.965+0000] {logging_mixin.py:188} INFO - [2025-04-28T02:35:37.965+0000] {dag.py:3096} INFO - Sync 1 DAGs
[2025-04-28T02:35:37.970+0000] {logging_mixin.py:188} INFO - [2025-04-28T02:35:37.970+0000] {dag.py:3954} INFO - Setting next_dagrun for silver_to_gold_feature_engineering to None, run_after=None
[2025-04-28T02:35:37.979+0000] {processor.py:183} INFO - Processing /opt/airflow/dags/silver_to_gold_feature_engineering.py took 0.264 seconds
[2025-04-28T02:36:08.836+0000] {processor.py:161} INFO - Started process (PID=3274) to work on /opt/airflow/dags/silver_to_gold_feature_engineering.py
[2025-04-28T02:36:08.837+0000] {processor.py:830} INFO - Processing file /opt/airflow/dags/silver_to_gold_feature_engineering.py for tasks to queue
[2025-04-28T02:36:08.839+0000] {logging_mixin.py:188} INFO - [2025-04-28T02:36:08.837+0000] {dagbag.py:540} INFO - Filling up the DagBag from /opt/airflow/dags/silver_to_gold_feature_engineering.py
[2025-04-28T02:36:09.068+0000] {processor.py:840} INFO - DAG(s) 'silver_to_gold_feature_engineering' retrieved from /opt/airflow/dags/silver_to_gold_feature_engineering.py
[2025-04-28T02:36:09.081+0000] {logging_mixin.py:188} INFO - [2025-04-28T02:36:09.081+0000] {dag.py:3096} INFO - Sync 1 DAGs
[2025-04-28T02:36:09.087+0000] {logging_mixin.py:188} INFO - [2025-04-28T02:36:09.086+0000] {dag.py:3954} INFO - Setting next_dagrun for silver_to_gold_feature_engineering to None, run_after=None
[2025-04-28T02:36:09.096+0000] {processor.py:183} INFO - Processing /opt/airflow/dags/silver_to_gold_feature_engineering.py took 0.263 seconds
[2025-04-28T02:36:39.654+0000] {processor.py:161} INFO - Started process (PID=3309) to work on /opt/airflow/dags/silver_to_gold_feature_engineering.py
[2025-04-28T02:36:39.655+0000] {processor.py:830} INFO - Processing file /opt/airflow/dags/silver_to_gold_feature_engineering.py for tasks to queue
[2025-04-28T02:36:39.656+0000] {logging_mixin.py:188} INFO - [2025-04-28T02:36:39.656+0000] {dagbag.py:540} INFO - Filling up the DagBag from /opt/airflow/dags/silver_to_gold_feature_engineering.py
[2025-04-28T02:36:39.871+0000] {processor.py:840} INFO - DAG(s) 'silver_to_gold_feature_engineering' retrieved from /opt/airflow/dags/silver_to_gold_feature_engineering.py
[2025-04-28T02:36:39.886+0000] {logging_mixin.py:188} INFO - [2025-04-28T02:36:39.886+0000] {dag.py:3096} INFO - Sync 1 DAGs
[2025-04-28T02:36:39.890+0000] {logging_mixin.py:188} INFO - [2025-04-28T02:36:39.890+0000] {dag.py:3954} INFO - Setting next_dagrun for silver_to_gold_feature_engineering to None, run_after=None
[2025-04-28T02:36:39.899+0000] {processor.py:183} INFO - Processing /opt/airflow/dags/silver_to_gold_feature_engineering.py took 0.248 seconds
[2025-04-28T02:37:10.518+0000] {processor.py:161} INFO - Started process (PID=3344) to work on /opt/airflow/dags/silver_to_gold_feature_engineering.py
[2025-04-28T02:37:10.518+0000] {processor.py:830} INFO - Processing file /opt/airflow/dags/silver_to_gold_feature_engineering.py for tasks to queue
[2025-04-28T02:37:10.519+0000] {logging_mixin.py:188} INFO - [2025-04-28T02:37:10.519+0000] {dagbag.py:540} INFO - Filling up the DagBag from /opt/airflow/dags/silver_to_gold_feature_engineering.py
[2025-04-28T02:37:10.735+0000] {processor.py:840} INFO - DAG(s) 'silver_to_gold_feature_engineering' retrieved from /opt/airflow/dags/silver_to_gold_feature_engineering.py
[2025-04-28T02:37:10.749+0000] {logging_mixin.py:188} INFO - [2025-04-28T02:37:10.749+0000] {dag.py:3096} INFO - Sync 1 DAGs
[2025-04-28T02:37:10.755+0000] {logging_mixin.py:188} INFO - [2025-04-28T02:37:10.755+0000] {dag.py:3954} INFO - Setting next_dagrun for silver_to_gold_feature_engineering to None, run_after=None
[2025-04-28T02:37:10.764+0000] {processor.py:183} INFO - Processing /opt/airflow/dags/silver_to_gold_feature_engineering.py took 0.249 seconds
[2025-04-28T02:37:41.648+0000] {processor.py:161} INFO - Started process (PID=3379) to work on /opt/airflow/dags/silver_to_gold_feature_engineering.py
[2025-04-28T02:37:41.649+0000] {processor.py:830} INFO - Processing file /opt/airflow/dags/silver_to_gold_feature_engineering.py for tasks to queue
[2025-04-28T02:37:41.650+0000] {logging_mixin.py:188} INFO - [2025-04-28T02:37:41.650+0000] {dagbag.py:540} INFO - Filling up the DagBag from /opt/airflow/dags/silver_to_gold_feature_engineering.py
[2025-04-28T02:37:41.884+0000] {processor.py:840} INFO - DAG(s) 'silver_to_gold_feature_engineering' retrieved from /opt/airflow/dags/silver_to_gold_feature_engineering.py
[2025-04-28T02:37:41.898+0000] {logging_mixin.py:188} INFO - [2025-04-28T02:37:41.898+0000] {dag.py:3096} INFO - Sync 1 DAGs
[2025-04-28T02:37:41.903+0000] {logging_mixin.py:188} INFO - [2025-04-28T02:37:41.903+0000] {dag.py:3954} INFO - Setting next_dagrun for silver_to_gold_feature_engineering to None, run_after=None
[2025-04-28T02:37:41.914+0000] {processor.py:183} INFO - Processing /opt/airflow/dags/silver_to_gold_feature_engineering.py took 0.269 seconds
[2025-04-28T02:38:12.773+0000] {processor.py:161} INFO - Started process (PID=3417) to work on /opt/airflow/dags/silver_to_gold_feature_engineering.py
[2025-04-28T02:38:12.773+0000] {processor.py:830} INFO - Processing file /opt/airflow/dags/silver_to_gold_feature_engineering.py for tasks to queue
[2025-04-28T02:38:12.774+0000] {logging_mixin.py:188} INFO - [2025-04-28T02:38:12.774+0000] {dagbag.py:540} INFO - Filling up the DagBag from /opt/airflow/dags/silver_to_gold_feature_engineering.py
[2025-04-28T02:38:13.003+0000] {processor.py:840} INFO - DAG(s) 'silver_to_gold_feature_engineering' retrieved from /opt/airflow/dags/silver_to_gold_feature_engineering.py
[2025-04-28T02:38:13.015+0000] {logging_mixin.py:188} INFO - [2025-04-28T02:38:13.015+0000] {dag.py:3096} INFO - Sync 1 DAGs
[2025-04-28T02:38:13.020+0000] {logging_mixin.py:188} INFO - [2025-04-28T02:38:13.019+0000] {dag.py:3954} INFO - Setting next_dagrun for silver_to_gold_feature_engineering to None, run_after=None
[2025-04-28T02:38:13.029+0000] {processor.py:183} INFO - Processing /opt/airflow/dags/silver_to_gold_feature_engineering.py took 0.259 seconds
[2025-04-28T02:38:43.843+0000] {processor.py:161} INFO - Started process (PID=3449) to work on /opt/airflow/dags/silver_to_gold_feature_engineering.py
[2025-04-28T02:38:43.843+0000] {processor.py:830} INFO - Processing file /opt/airflow/dags/silver_to_gold_feature_engineering.py for tasks to queue
[2025-04-28T02:38:43.844+0000] {logging_mixin.py:188} INFO - [2025-04-28T02:38:43.844+0000] {dagbag.py:540} INFO - Filling up the DagBag from /opt/airflow/dags/silver_to_gold_feature_engineering.py
[2025-04-28T02:38:44.058+0000] {processor.py:840} INFO - DAG(s) 'silver_to_gold_feature_engineering' retrieved from /opt/airflow/dags/silver_to_gold_feature_engineering.py
[2025-04-28T02:38:44.070+0000] {logging_mixin.py:188} INFO - [2025-04-28T02:38:44.070+0000] {dag.py:3096} INFO - Sync 1 DAGs
[2025-04-28T02:38:44.078+0000] {logging_mixin.py:188} INFO - [2025-04-28T02:38:44.078+0000] {dag.py:3954} INFO - Setting next_dagrun for silver_to_gold_feature_engineering to None, run_after=None
[2025-04-28T02:38:44.087+0000] {processor.py:183} INFO - Processing /opt/airflow/dags/silver_to_gold_feature_engineering.py took 0.248 seconds
[2025-04-28T02:39:14.767+0000] {processor.py:161} INFO - Started process (PID=3484) to work on /opt/airflow/dags/silver_to_gold_feature_engineering.py
[2025-04-28T02:39:14.768+0000] {processor.py:830} INFO - Processing file /opt/airflow/dags/silver_to_gold_feature_engineering.py for tasks to queue
[2025-04-28T02:39:14.769+0000] {logging_mixin.py:188} INFO - [2025-04-28T02:39:14.769+0000] {dagbag.py:540} INFO - Filling up the DagBag from /opt/airflow/dags/silver_to_gold_feature_engineering.py
[2025-04-28T02:39:15.002+0000] {processor.py:840} INFO - DAG(s) 'silver_to_gold_feature_engineering' retrieved from /opt/airflow/dags/silver_to_gold_feature_engineering.py
[2025-04-28T02:39:15.015+0000] {logging_mixin.py:188} INFO - [2025-04-28T02:39:15.015+0000] {dag.py:3096} INFO - Sync 1 DAGs
[2025-04-28T02:39:15.020+0000] {logging_mixin.py:188} INFO - [2025-04-28T02:39:15.020+0000] {dag.py:3954} INFO - Setting next_dagrun for silver_to_gold_feature_engineering to None, run_after=None
[2025-04-28T02:39:15.030+0000] {processor.py:183} INFO - Processing /opt/airflow/dags/silver_to_gold_feature_engineering.py took 0.266 seconds
[2025-04-28T02:39:45.897+0000] {processor.py:161} INFO - Started process (PID=3519) to work on /opt/airflow/dags/silver_to_gold_feature_engineering.py
[2025-04-28T02:39:45.897+0000] {processor.py:830} INFO - Processing file /opt/airflow/dags/silver_to_gold_feature_engineering.py for tasks to queue
[2025-04-28T02:39:45.898+0000] {logging_mixin.py:188} INFO - [2025-04-28T02:39:45.898+0000] {dagbag.py:540} INFO - Filling up the DagBag from /opt/airflow/dags/silver_to_gold_feature_engineering.py
[2025-04-28T02:39:46.117+0000] {processor.py:840} INFO - DAG(s) 'silver_to_gold_feature_engineering' retrieved from /opt/airflow/dags/silver_to_gold_feature_engineering.py
[2025-04-28T02:39:46.133+0000] {logging_mixin.py:188} INFO - [2025-04-28T02:39:46.133+0000] {dag.py:3096} INFO - Sync 1 DAGs
[2025-04-28T02:39:46.138+0000] {logging_mixin.py:188} INFO - [2025-04-28T02:39:46.138+0000] {dag.py:3954} INFO - Setting next_dagrun for silver_to_gold_feature_engineering to None, run_after=None
[2025-04-28T02:39:46.149+0000] {processor.py:183} INFO - Processing /opt/airflow/dags/silver_to_gold_feature_engineering.py took 0.255 seconds
[2025-04-28T02:40:17.072+0000] {processor.py:161} INFO - Started process (PID=3554) to work on /opt/airflow/dags/silver_to_gold_feature_engineering.py
[2025-04-28T02:40:17.073+0000] {processor.py:830} INFO - Processing file /opt/airflow/dags/silver_to_gold_feature_engineering.py for tasks to queue
[2025-04-28T02:40:17.073+0000] {logging_mixin.py:188} INFO - [2025-04-28T02:40:17.073+0000] {dagbag.py:540} INFO - Filling up the DagBag from /opt/airflow/dags/silver_to_gold_feature_engineering.py
[2025-04-28T02:40:17.295+0000] {processor.py:840} INFO - DAG(s) 'silver_to_gold_feature_engineering' retrieved from /opt/airflow/dags/silver_to_gold_feature_engineering.py
[2025-04-28T02:40:17.306+0000] {logging_mixin.py:188} INFO - [2025-04-28T02:40:17.306+0000] {dag.py:3096} INFO - Sync 1 DAGs
[2025-04-28T02:40:17.311+0000] {logging_mixin.py:188} INFO - [2025-04-28T02:40:17.311+0000] {dag.py:3954} INFO - Setting next_dagrun for silver_to_gold_feature_engineering to None, run_after=None
[2025-04-28T02:40:17.322+0000] {processor.py:183} INFO - Processing /opt/airflow/dags/silver_to_gold_feature_engineering.py took 0.252 seconds
[2025-04-28T02:40:48.195+0000] {processor.py:161} INFO - Started process (PID=3589) to work on /opt/airflow/dags/silver_to_gold_feature_engineering.py
[2025-04-28T02:40:48.195+0000] {processor.py:830} INFO - Processing file /opt/airflow/dags/silver_to_gold_feature_engineering.py for tasks to queue
[2025-04-28T02:40:48.196+0000] {logging_mixin.py:188} INFO - [2025-04-28T02:40:48.196+0000] {dagbag.py:540} INFO - Filling up the DagBag from /opt/airflow/dags/silver_to_gold_feature_engineering.py
[2025-04-28T02:40:48.412+0000] {processor.py:840} INFO - DAG(s) 'silver_to_gold_feature_engineering' retrieved from /opt/airflow/dags/silver_to_gold_feature_engineering.py
[2025-04-28T02:40:48.425+0000] {logging_mixin.py:188} INFO - [2025-04-28T02:40:48.425+0000] {dag.py:3096} INFO - Sync 1 DAGs
[2025-04-28T02:40:48.432+0000] {logging_mixin.py:188} INFO - [2025-04-28T02:40:48.432+0000] {dag.py:3954} INFO - Setting next_dagrun for silver_to_gold_feature_engineering to None, run_after=None
[2025-04-28T02:40:48.442+0000] {processor.py:183} INFO - Processing /opt/airflow/dags/silver_to_gold_feature_engineering.py took 0.250 seconds
[2025-04-28T02:41:19.369+0000] {processor.py:161} INFO - Started process (PID=3627) to work on /opt/airflow/dags/silver_to_gold_feature_engineering.py
[2025-04-28T02:41:19.369+0000] {processor.py:830} INFO - Processing file /opt/airflow/dags/silver_to_gold_feature_engineering.py for tasks to queue
[2025-04-28T02:41:19.370+0000] {logging_mixin.py:188} INFO - [2025-04-28T02:41:19.370+0000] {dagbag.py:540} INFO - Filling up the DagBag from /opt/airflow/dags/silver_to_gold_feature_engineering.py
[2025-04-28T02:41:19.566+0000] {processor.py:840} INFO - DAG(s) 'silver_to_gold_feature_engineering' retrieved from /opt/airflow/dags/silver_to_gold_feature_engineering.py
[2025-04-28T02:41:19.577+0000] {logging_mixin.py:188} INFO - [2025-04-28T02:41:19.577+0000] {dag.py:3096} INFO - Sync 1 DAGs
[2025-04-28T02:41:19.582+0000] {logging_mixin.py:188} INFO - [2025-04-28T02:41:19.581+0000] {dag.py:3954} INFO - Setting next_dagrun for silver_to_gold_feature_engineering to None, run_after=None
[2025-04-28T02:41:19.589+0000] {processor.py:183} INFO - Processing /opt/airflow/dags/silver_to_gold_feature_engineering.py took 0.223 seconds
[2025-04-28T02:41:50.264+0000] {processor.py:161} INFO - Started process (PID=3659) to work on /opt/airflow/dags/silver_to_gold_feature_engineering.py
[2025-04-28T02:41:50.265+0000] {processor.py:830} INFO - Processing file /opt/airflow/dags/silver_to_gold_feature_engineering.py for tasks to queue
[2025-04-28T02:41:50.266+0000] {logging_mixin.py:188} INFO - [2025-04-28T02:41:50.266+0000] {dagbag.py:540} INFO - Filling up the DagBag from /opt/airflow/dags/silver_to_gold_feature_engineering.py
[2025-04-28T02:41:50.479+0000] {processor.py:840} INFO - DAG(s) 'silver_to_gold_feature_engineering' retrieved from /opt/airflow/dags/silver_to_gold_feature_engineering.py
[2025-04-28T02:41:50.490+0000] {logging_mixin.py:188} INFO - [2025-04-28T02:41:50.490+0000] {dag.py:3096} INFO - Sync 1 DAGs
[2025-04-28T02:41:50.495+0000] {logging_mixin.py:188} INFO - [2025-04-28T02:41:50.495+0000] {dag.py:3954} INFO - Setting next_dagrun for silver_to_gold_feature_engineering to None, run_after=None
[2025-04-28T02:41:50.507+0000] {processor.py:183} INFO - Processing /opt/airflow/dags/silver_to_gold_feature_engineering.py took 0.246 seconds
[2025-04-28T02:42:21.385+0000] {processor.py:161} INFO - Started process (PID=3694) to work on /opt/airflow/dags/silver_to_gold_feature_engineering.py
[2025-04-28T02:42:21.386+0000] {processor.py:830} INFO - Processing file /opt/airflow/dags/silver_to_gold_feature_engineering.py for tasks to queue
[2025-04-28T02:42:21.388+0000] {logging_mixin.py:188} INFO - [2025-04-28T02:42:21.388+0000] {dagbag.py:540} INFO - Filling up the DagBag from /opt/airflow/dags/silver_to_gold_feature_engineering.py
[2025-04-28T02:42:21.607+0000] {processor.py:840} INFO - DAG(s) 'silver_to_gold_feature_engineering' retrieved from /opt/airflow/dags/silver_to_gold_feature_engineering.py
[2025-04-28T02:42:21.620+0000] {logging_mixin.py:188} INFO - [2025-04-28T02:42:21.619+0000] {dag.py:3096} INFO - Sync 1 DAGs
[2025-04-28T02:42:21.625+0000] {logging_mixin.py:188} INFO - [2025-04-28T02:42:21.625+0000] {dag.py:3954} INFO - Setting next_dagrun for silver_to_gold_feature_engineering to None, run_after=None
[2025-04-28T02:42:21.636+0000] {processor.py:183} INFO - Processing /opt/airflow/dags/silver_to_gold_feature_engineering.py took 0.253 seconds
[2025-04-28T02:42:52.521+0000] {processor.py:161} INFO - Started process (PID=3732) to work on /opt/airflow/dags/silver_to_gold_feature_engineering.py
[2025-04-28T02:42:52.522+0000] {processor.py:830} INFO - Processing file /opt/airflow/dags/silver_to_gold_feature_engineering.py for tasks to queue
[2025-04-28T02:42:52.522+0000] {logging_mixin.py:188} INFO - [2025-04-28T02:42:52.522+0000] {dagbag.py:540} INFO - Filling up the DagBag from /opt/airflow/dags/silver_to_gold_feature_engineering.py
[2025-04-28T02:42:52.719+0000] {processor.py:840} INFO - DAG(s) 'silver_to_gold_feature_engineering' retrieved from /opt/airflow/dags/silver_to_gold_feature_engineering.py
[2025-04-28T02:42:52.730+0000] {logging_mixin.py:188} INFO - [2025-04-28T02:42:52.730+0000] {dag.py:3096} INFO - Sync 1 DAGs
[2025-04-28T02:42:52.734+0000] {logging_mixin.py:188} INFO - [2025-04-28T02:42:52.734+0000] {dag.py:3954} INFO - Setting next_dagrun for silver_to_gold_feature_engineering to None, run_after=None
[2025-04-28T02:42:52.742+0000] {processor.py:183} INFO - Processing /opt/airflow/dags/silver_to_gold_feature_engineering.py took 0.223 seconds
[2025-04-28T02:43:23.608+0000] {processor.py:161} INFO - Started process (PID=3764) to work on /opt/airflow/dags/silver_to_gold_feature_engineering.py
[2025-04-28T02:43:23.609+0000] {processor.py:830} INFO - Processing file /opt/airflow/dags/silver_to_gold_feature_engineering.py for tasks to queue
[2025-04-28T02:43:23.609+0000] {logging_mixin.py:188} INFO - [2025-04-28T02:43:23.609+0000] {dagbag.py:540} INFO - Filling up the DagBag from /opt/airflow/dags/silver_to_gold_feature_engineering.py
[2025-04-28T02:43:23.823+0000] {processor.py:840} INFO - DAG(s) 'silver_to_gold_feature_engineering' retrieved from /opt/airflow/dags/silver_to_gold_feature_engineering.py
[2025-04-28T02:43:23.834+0000] {logging_mixin.py:188} INFO - [2025-04-28T02:43:23.834+0000] {dag.py:3096} INFO - Sync 1 DAGs
[2025-04-28T02:43:23.839+0000] {logging_mixin.py:188} INFO - [2025-04-28T02:43:23.839+0000] {dag.py:3954} INFO - Setting next_dagrun for silver_to_gold_feature_engineering to None, run_after=None
[2025-04-28T02:43:23.849+0000] {processor.py:183} INFO - Processing /opt/airflow/dags/silver_to_gold_feature_engineering.py took 0.244 seconds
[2025-04-28T02:43:54.710+0000] {processor.py:161} INFO - Started process (PID=3799) to work on /opt/airflow/dags/silver_to_gold_feature_engineering.py
[2025-04-28T02:43:54.711+0000] {processor.py:830} INFO - Processing file /opt/airflow/dags/silver_to_gold_feature_engineering.py for tasks to queue
[2025-04-28T02:43:54.713+0000] {logging_mixin.py:188} INFO - [2025-04-28T02:43:54.713+0000] {dagbag.py:540} INFO - Filling up the DagBag from /opt/airflow/dags/silver_to_gold_feature_engineering.py
[2025-04-28T02:43:54.935+0000] {processor.py:840} INFO - DAG(s) 'silver_to_gold_feature_engineering' retrieved from /opt/airflow/dags/silver_to_gold_feature_engineering.py
[2025-04-28T02:43:54.949+0000] {logging_mixin.py:188} INFO - [2025-04-28T02:43:54.949+0000] {dag.py:3096} INFO - Sync 1 DAGs
[2025-04-28T02:43:54.954+0000] {logging_mixin.py:188} INFO - [2025-04-28T02:43:54.954+0000] {dag.py:3954} INFO - Setting next_dagrun for silver_to_gold_feature_engineering to None, run_after=None
[2025-04-28T02:43:54.965+0000] {processor.py:183} INFO - Processing /opt/airflow/dags/silver_to_gold_feature_engineering.py took 0.257 seconds
[2025-04-28T02:44:25.816+0000] {processor.py:161} INFO - Started process (PID=3834) to work on /opt/airflow/dags/silver_to_gold_feature_engineering.py
[2025-04-28T02:44:25.817+0000] {processor.py:830} INFO - Processing file /opt/airflow/dags/silver_to_gold_feature_engineering.py for tasks to queue
[2025-04-28T02:44:25.818+0000] {logging_mixin.py:188} INFO - [2025-04-28T02:44:25.817+0000] {dagbag.py:540} INFO - Filling up the DagBag from /opt/airflow/dags/silver_to_gold_feature_engineering.py
[2025-04-28T02:44:26.030+0000] {processor.py:840} INFO - DAG(s) 'silver_to_gold_feature_engineering' retrieved from /opt/airflow/dags/silver_to_gold_feature_engineering.py
[2025-04-28T02:44:26.042+0000] {logging_mixin.py:188} INFO - [2025-04-28T02:44:26.042+0000] {dag.py:3096} INFO - Sync 1 DAGs
[2025-04-28T02:44:26.047+0000] {logging_mixin.py:188} INFO - [2025-04-28T02:44:26.047+0000] {dag.py:3954} INFO - Setting next_dagrun for silver_to_gold_feature_engineering to None, run_after=None
[2025-04-28T02:44:26.056+0000] {processor.py:183} INFO - Processing /opt/airflow/dags/silver_to_gold_feature_engineering.py took 0.242 seconds
[2025-04-28T02:44:56.943+0000] {processor.py:161} INFO - Started process (PID=3869) to work on /opt/airflow/dags/silver_to_gold_feature_engineering.py
[2025-04-28T02:44:56.943+0000] {processor.py:830} INFO - Processing file /opt/airflow/dags/silver_to_gold_feature_engineering.py for tasks to queue
[2025-04-28T02:44:56.944+0000] {logging_mixin.py:188} INFO - [2025-04-28T02:44:56.944+0000] {dagbag.py:540} INFO - Filling up the DagBag from /opt/airflow/dags/silver_to_gold_feature_engineering.py
[2025-04-28T02:44:57.159+0000] {processor.py:840} INFO - DAG(s) 'silver_to_gold_feature_engineering' retrieved from /opt/airflow/dags/silver_to_gold_feature_engineering.py
[2025-04-28T02:44:57.172+0000] {logging_mixin.py:188} INFO - [2025-04-28T02:44:57.172+0000] {dag.py:3096} INFO - Sync 1 DAGs
[2025-04-28T02:44:57.177+0000] {logging_mixin.py:188} INFO - [2025-04-28T02:44:57.177+0000] {dag.py:3954} INFO - Setting next_dagrun for silver_to_gold_feature_engineering to None, run_after=None
[2025-04-28T02:44:57.186+0000] {processor.py:183} INFO - Processing /opt/airflow/dags/silver_to_gold_feature_engineering.py took 0.246 seconds
[2025-04-28T02:45:28.122+0000] {processor.py:161} INFO - Started process (PID=3907) to work on /opt/airflow/dags/silver_to_gold_feature_engineering.py
[2025-04-28T02:45:28.122+0000] {processor.py:830} INFO - Processing file /opt/airflow/dags/silver_to_gold_feature_engineering.py for tasks to queue
[2025-04-28T02:45:28.123+0000] {logging_mixin.py:188} INFO - [2025-04-28T02:45:28.123+0000] {dagbag.py:540} INFO - Filling up the DagBag from /opt/airflow/dags/silver_to_gold_feature_engineering.py
[2025-04-28T02:45:28.318+0000] {processor.py:840} INFO - DAG(s) 'silver_to_gold_feature_engineering' retrieved from /opt/airflow/dags/silver_to_gold_feature_engineering.py
[2025-04-28T02:45:28.329+0000] {logging_mixin.py:188} INFO - [2025-04-28T02:45:28.329+0000] {dag.py:3096} INFO - Sync 1 DAGs
[2025-04-28T02:45:28.333+0000] {logging_mixin.py:188} INFO - [2025-04-28T02:45:28.333+0000] {dag.py:3954} INFO - Setting next_dagrun for silver_to_gold_feature_engineering to None, run_after=None
[2025-04-28T02:45:28.342+0000] {processor.py:183} INFO - Processing /opt/airflow/dags/silver_to_gold_feature_engineering.py took 0.223 seconds
[2025-04-28T02:45:59.217+0000] {processor.py:161} INFO - Started process (PID=3942) to work on /opt/airflow/dags/silver_to_gold_feature_engineering.py
[2025-04-28T02:45:59.217+0000] {processor.py:830} INFO - Processing file /opt/airflow/dags/silver_to_gold_feature_engineering.py for tasks to queue
[2025-04-28T02:45:59.218+0000] {logging_mixin.py:188} INFO - [2025-04-28T02:45:59.218+0000] {dagbag.py:540} INFO - Filling up the DagBag from /opt/airflow/dags/silver_to_gold_feature_engineering.py
[2025-04-28T02:45:59.415+0000] {processor.py:840} INFO - DAG(s) 'silver_to_gold_feature_engineering' retrieved from /opt/airflow/dags/silver_to_gold_feature_engineering.py
[2025-04-28T02:45:59.426+0000] {logging_mixin.py:188} INFO - [2025-04-28T02:45:59.425+0000] {dag.py:3096} INFO - Sync 1 DAGs
[2025-04-28T02:45:59.431+0000] {logging_mixin.py:188} INFO - [2025-04-28T02:45:59.430+0000] {dag.py:3954} INFO - Setting next_dagrun for silver_to_gold_feature_engineering to None, run_after=None
[2025-04-28T02:45:59.438+0000] {processor.py:183} INFO - Processing /opt/airflow/dags/silver_to_gold_feature_engineering.py took 0.224 seconds
[2025-04-28T02:46:30.334+0000] {processor.py:161} INFO - Started process (PID=3974) to work on /opt/airflow/dags/silver_to_gold_feature_engineering.py
[2025-04-28T02:46:30.335+0000] {processor.py:830} INFO - Processing file /opt/airflow/dags/silver_to_gold_feature_engineering.py for tasks to queue
[2025-04-28T02:46:30.337+0000] {logging_mixin.py:188} INFO - [2025-04-28T02:46:30.336+0000] {dagbag.py:540} INFO - Filling up the DagBag from /opt/airflow/dags/silver_to_gold_feature_engineering.py
[2025-04-28T02:46:30.550+0000] {processor.py:840} INFO - DAG(s) 'silver_to_gold_feature_engineering' retrieved from /opt/airflow/dags/silver_to_gold_feature_engineering.py
[2025-04-28T02:46:30.562+0000] {logging_mixin.py:188} INFO - [2025-04-28T02:46:30.562+0000] {dag.py:3096} INFO - Sync 1 DAGs
[2025-04-28T02:46:30.567+0000] {logging_mixin.py:188} INFO - [2025-04-28T02:46:30.567+0000] {dag.py:3954} INFO - Setting next_dagrun for silver_to_gold_feature_engineering to None, run_after=None
[2025-04-28T02:46:30.578+0000] {processor.py:183} INFO - Processing /opt/airflow/dags/silver_to_gold_feature_engineering.py took 0.247 seconds
[2025-04-28T02:47:01.474+0000] {processor.py:161} INFO - Started process (PID=4009) to work on /opt/airflow/dags/silver_to_gold_feature_engineering.py
[2025-04-28T02:47:01.475+0000] {processor.py:830} INFO - Processing file /opt/airflow/dags/silver_to_gold_feature_engineering.py for tasks to queue
[2025-04-28T02:47:01.476+0000] {logging_mixin.py:188} INFO - [2025-04-28T02:47:01.475+0000] {dagbag.py:540} INFO - Filling up the DagBag from /opt/airflow/dags/silver_to_gold_feature_engineering.py
[2025-04-28T02:47:01.693+0000] {processor.py:840} INFO - DAG(s) 'silver_to_gold_feature_engineering' retrieved from /opt/airflow/dags/silver_to_gold_feature_engineering.py
[2025-04-28T02:47:01.705+0000] {logging_mixin.py:188} INFO - [2025-04-28T02:47:01.705+0000] {dag.py:3096} INFO - Sync 1 DAGs
[2025-04-28T02:47:01.713+0000] {logging_mixin.py:188} INFO - [2025-04-28T02:47:01.713+0000] {dag.py:3954} INFO - Setting next_dagrun for silver_to_gold_feature_engineering to None, run_after=None
[2025-04-28T02:47:01.723+0000] {processor.py:183} INFO - Processing /opt/airflow/dags/silver_to_gold_feature_engineering.py took 0.251 seconds
[2025-04-28T02:47:32.571+0000] {processor.py:161} INFO - Started process (PID=4044) to work on /opt/airflow/dags/silver_to_gold_feature_engineering.py
[2025-04-28T02:47:32.572+0000] {processor.py:830} INFO - Processing file /opt/airflow/dags/silver_to_gold_feature_engineering.py for tasks to queue
[2025-04-28T02:47:32.572+0000] {logging_mixin.py:188} INFO - [2025-04-28T02:47:32.572+0000] {dagbag.py:540} INFO - Filling up the DagBag from /opt/airflow/dags/silver_to_gold_feature_engineering.py
[2025-04-28T02:47:32.798+0000] {processor.py:840} INFO - DAG(s) 'silver_to_gold_feature_engineering' retrieved from /opt/airflow/dags/silver_to_gold_feature_engineering.py
[2025-04-28T02:47:32.810+0000] {logging_mixin.py:188} INFO - [2025-04-28T02:47:32.810+0000] {dag.py:3096} INFO - Sync 1 DAGs
[2025-04-28T02:47:32.816+0000] {logging_mixin.py:188} INFO - [2025-04-28T02:47:32.816+0000] {dag.py:3954} INFO - Setting next_dagrun for silver_to_gold_feature_engineering to None, run_after=None
[2025-04-28T02:47:32.827+0000] {processor.py:183} INFO - Processing /opt/airflow/dags/silver_to_gold_feature_engineering.py took 0.259 seconds
[2025-04-28T02:48:03.726+0000] {processor.py:161} INFO - Started process (PID=4079) to work on /opt/airflow/dags/silver_to_gold_feature_engineering.py
[2025-04-28T02:48:03.726+0000] {processor.py:830} INFO - Processing file /opt/airflow/dags/silver_to_gold_feature_engineering.py for tasks to queue
[2025-04-28T02:48:03.727+0000] {logging_mixin.py:188} INFO - [2025-04-28T02:48:03.727+0000] {dagbag.py:540} INFO - Filling up the DagBag from /opt/airflow/dags/silver_to_gold_feature_engineering.py
[2025-04-28T02:48:03.946+0000] {processor.py:840} INFO - DAG(s) 'silver_to_gold_feature_engineering' retrieved from /opt/airflow/dags/silver_to_gold_feature_engineering.py
[2025-04-28T02:48:03.958+0000] {logging_mixin.py:188} INFO - [2025-04-28T02:48:03.957+0000] {dag.py:3096} INFO - Sync 1 DAGs
[2025-04-28T02:48:03.963+0000] {logging_mixin.py:188} INFO - [2025-04-28T02:48:03.963+0000] {dag.py:3954} INFO - Setting next_dagrun for silver_to_gold_feature_engineering to None, run_after=None
[2025-04-28T02:48:03.974+0000] {processor.py:183} INFO - Processing /opt/airflow/dags/silver_to_gold_feature_engineering.py took 0.251 seconds
[2025-04-28T02:48:34.894+0000] {processor.py:161} INFO - Started process (PID=4117) to work on /opt/airflow/dags/silver_to_gold_feature_engineering.py
[2025-04-28T02:48:34.895+0000] {processor.py:830} INFO - Processing file /opt/airflow/dags/silver_to_gold_feature_engineering.py for tasks to queue
[2025-04-28T02:48:34.896+0000] {logging_mixin.py:188} INFO - [2025-04-28T02:48:34.896+0000] {dagbag.py:540} INFO - Filling up the DagBag from /opt/airflow/dags/silver_to_gold_feature_engineering.py
[2025-04-28T02:48:35.094+0000] {processor.py:840} INFO - DAG(s) 'silver_to_gold_feature_engineering' retrieved from /opt/airflow/dags/silver_to_gold_feature_engineering.py
[2025-04-28T02:48:35.104+0000] {logging_mixin.py:188} INFO - [2025-04-28T02:48:35.104+0000] {dag.py:3096} INFO - Sync 1 DAGs
[2025-04-28T02:48:35.109+0000] {logging_mixin.py:188} INFO - [2025-04-28T02:48:35.109+0000] {dag.py:3954} INFO - Setting next_dagrun for silver_to_gold_feature_engineering to None, run_after=None
[2025-04-28T02:48:35.117+0000] {processor.py:183} INFO - Processing /opt/airflow/dags/silver_to_gold_feature_engineering.py took 0.225 seconds
[2025-04-28T02:49:06.000+0000] {processor.py:161} INFO - Started process (PID=4149) to work on /opt/airflow/dags/silver_to_gold_feature_engineering.py
[2025-04-28T02:49:06.001+0000] {processor.py:830} INFO - Processing file /opt/airflow/dags/silver_to_gold_feature_engineering.py for tasks to queue
[2025-04-28T02:49:06.002+0000] {logging_mixin.py:188} INFO - [2025-04-28T02:49:06.001+0000] {dagbag.py:540} INFO - Filling up the DagBag from /opt/airflow/dags/silver_to_gold_feature_engineering.py
[2025-04-28T02:49:06.221+0000] {processor.py:840} INFO - DAG(s) 'silver_to_gold_feature_engineering' retrieved from /opt/airflow/dags/silver_to_gold_feature_engineering.py
[2025-04-28T02:49:06.233+0000] {logging_mixin.py:188} INFO - [2025-04-28T02:49:06.233+0000] {dag.py:3096} INFO - Sync 1 DAGs
[2025-04-28T02:49:06.242+0000] {logging_mixin.py:188} INFO - [2025-04-28T02:49:06.242+0000] {dag.py:3954} INFO - Setting next_dagrun for silver_to_gold_feature_engineering to None, run_after=None
[2025-04-28T02:49:06.251+0000] {processor.py:183} INFO - Processing /opt/airflow/dags/silver_to_gold_feature_engineering.py took 0.253 seconds
[2025-04-28T02:49:37.048+0000] {processor.py:161} INFO - Started process (PID=4184) to work on /opt/airflow/dags/silver_to_gold_feature_engineering.py
[2025-04-28T02:49:37.049+0000] {processor.py:830} INFO - Processing file /opt/airflow/dags/silver_to_gold_feature_engineering.py for tasks to queue
[2025-04-28T02:49:37.051+0000] {logging_mixin.py:188} INFO - [2025-04-28T02:49:37.051+0000] {dagbag.py:540} INFO - Filling up the DagBag from /opt/airflow/dags/silver_to_gold_feature_engineering.py
[2025-04-28T02:49:37.269+0000] {processor.py:840} INFO - DAG(s) 'silver_to_gold_feature_engineering' retrieved from /opt/airflow/dags/silver_to_gold_feature_engineering.py
[2025-04-28T02:49:37.281+0000] {logging_mixin.py:188} INFO - [2025-04-28T02:49:37.281+0000] {dag.py:3096} INFO - Sync 1 DAGs
[2025-04-28T02:49:37.288+0000] {logging_mixin.py:188} INFO - [2025-04-28T02:49:37.288+0000] {dag.py:3954} INFO - Setting next_dagrun for silver_to_gold_feature_engineering to None, run_after=None
[2025-04-28T02:49:37.299+0000] {processor.py:183} INFO - Processing /opt/airflow/dags/silver_to_gold_feature_engineering.py took 0.253 seconds
[2025-04-28T02:50:07.844+0000] {processor.py:161} INFO - Started process (PID=4216) to work on /opt/airflow/dags/silver_to_gold_feature_engineering.py
[2025-04-28T02:50:07.845+0000] {processor.py:830} INFO - Processing file /opt/airflow/dags/silver_to_gold_feature_engineering.py for tasks to queue
[2025-04-28T02:50:07.846+0000] {logging_mixin.py:188} INFO - [2025-04-28T02:50:07.846+0000] {dagbag.py:540} INFO - Filling up the DagBag from /opt/airflow/dags/silver_to_gold_feature_engineering.py
[2025-04-28T02:50:08.047+0000] {processor.py:840} INFO - DAG(s) 'silver_to_gold_feature_engineering' retrieved from /opt/airflow/dags/silver_to_gold_feature_engineering.py
[2025-04-28T02:50:08.059+0000] {logging_mixin.py:188} INFO - [2025-04-28T02:50:08.059+0000] {dag.py:3096} INFO - Sync 1 DAGs
[2025-04-28T02:50:08.064+0000] {logging_mixin.py:188} INFO - [2025-04-28T02:50:08.064+0000] {dag.py:3954} INFO - Setting next_dagrun for silver_to_gold_feature_engineering to None, run_after=None
[2025-04-28T02:50:08.071+0000] {processor.py:183} INFO - Processing /opt/airflow/dags/silver_to_gold_feature_engineering.py took 0.229 seconds
[2025-04-28T02:50:38.133+0000] {processor.py:161} INFO - Started process (PID=4251) to work on /opt/airflow/dags/silver_to_gold_feature_engineering.py
[2025-04-28T02:50:38.133+0000] {processor.py:830} INFO - Processing file /opt/airflow/dags/silver_to_gold_feature_engineering.py for tasks to queue
[2025-04-28T02:50:38.134+0000] {logging_mixin.py:188} INFO - [2025-04-28T02:50:38.134+0000] {dagbag.py:540} INFO - Filling up the DagBag from /opt/airflow/dags/silver_to_gold_feature_engineering.py
[2025-04-28T02:50:38.332+0000] {processor.py:840} INFO - DAG(s) 'silver_to_gold_feature_engineering' retrieved from /opt/airflow/dags/silver_to_gold_feature_engineering.py
[2025-04-28T02:50:38.343+0000] {logging_mixin.py:188} INFO - [2025-04-28T02:50:38.342+0000] {dag.py:3096} INFO - Sync 1 DAGs
[2025-04-28T02:50:38.347+0000] {logging_mixin.py:188} INFO - [2025-04-28T02:50:38.347+0000] {dag.py:3954} INFO - Setting next_dagrun for silver_to_gold_feature_engineering to None, run_after=None
[2025-04-28T02:50:38.355+0000] {processor.py:183} INFO - Processing /opt/airflow/dags/silver_to_gold_feature_engineering.py took 0.225 seconds
[2025-04-28T02:51:08.460+0000] {processor.py:161} INFO - Started process (PID=4286) to work on /opt/airflow/dags/silver_to_gold_feature_engineering.py
[2025-04-28T02:51:08.460+0000] {processor.py:830} INFO - Processing file /opt/airflow/dags/silver_to_gold_feature_engineering.py for tasks to queue
[2025-04-28T02:51:08.461+0000] {logging_mixin.py:188} INFO - [2025-04-28T02:51:08.461+0000] {dagbag.py:540} INFO - Filling up the DagBag from /opt/airflow/dags/silver_to_gold_feature_engineering.py
[2025-04-28T02:51:08.662+0000] {processor.py:840} INFO - DAG(s) 'silver_to_gold_feature_engineering' retrieved from /opt/airflow/dags/silver_to_gold_feature_engineering.py
[2025-04-28T02:51:08.673+0000] {logging_mixin.py:188} INFO - [2025-04-28T02:51:08.672+0000] {dag.py:3096} INFO - Sync 1 DAGs
[2025-04-28T02:51:08.677+0000] {logging_mixin.py:188} INFO - [2025-04-28T02:51:08.677+0000] {dag.py:3954} INFO - Setting next_dagrun for silver_to_gold_feature_engineering to None, run_after=None
[2025-04-28T02:51:08.685+0000] {processor.py:183} INFO - Processing /opt/airflow/dags/silver_to_gold_feature_engineering.py took 0.228 seconds
[2025-04-28T02:51:39.638+0000] {processor.py:161} INFO - Started process (PID=4327) to work on /opt/airflow/dags/silver_to_gold_feature_engineering.py
[2025-04-28T02:51:39.638+0000] {processor.py:830} INFO - Processing file /opt/airflow/dags/silver_to_gold_feature_engineering.py for tasks to queue
[2025-04-28T02:51:39.639+0000] {logging_mixin.py:188} INFO - [2025-04-28T02:51:39.639+0000] {dagbag.py:540} INFO - Filling up the DagBag from /opt/airflow/dags/silver_to_gold_feature_engineering.py
[2025-04-28T02:51:39.833+0000] {processor.py:840} INFO - DAG(s) 'silver_to_gold_feature_engineering' retrieved from /opt/airflow/dags/silver_to_gold_feature_engineering.py
[2025-04-28T02:51:39.844+0000] {logging_mixin.py:188} INFO - [2025-04-28T02:51:39.843+0000] {dag.py:3096} INFO - Sync 1 DAGs
[2025-04-28T02:51:39.848+0000] {logging_mixin.py:188} INFO - [2025-04-28T02:51:39.848+0000] {dag.py:3954} INFO - Setting next_dagrun for silver_to_gold_feature_engineering to None, run_after=None
[2025-04-28T02:51:39.855+0000] {processor.py:183} INFO - Processing /opt/airflow/dags/silver_to_gold_feature_engineering.py took 0.220 seconds
[2025-04-28T02:52:10.790+0000] {processor.py:161} INFO - Started process (PID=4362) to work on /opt/airflow/dags/silver_to_gold_feature_engineering.py
[2025-04-28T02:52:10.791+0000] {processor.py:830} INFO - Processing file /opt/airflow/dags/silver_to_gold_feature_engineering.py for tasks to queue
[2025-04-28T02:52:10.792+0000] {logging_mixin.py:188} INFO - [2025-04-28T02:52:10.792+0000] {dagbag.py:540} INFO - Filling up the DagBag from /opt/airflow/dags/silver_to_gold_feature_engineering.py
[2025-04-28T02:52:10.986+0000] {processor.py:840} INFO - DAG(s) 'silver_to_gold_feature_engineering' retrieved from /opt/airflow/dags/silver_to_gold_feature_engineering.py
[2025-04-28T02:52:10.996+0000] {logging_mixin.py:188} INFO - [2025-04-28T02:52:10.996+0000] {dag.py:3096} INFO - Sync 1 DAGs
[2025-04-28T02:52:11.001+0000] {logging_mixin.py:188} INFO - [2025-04-28T02:52:11.001+0000] {dag.py:3954} INFO - Setting next_dagrun for silver_to_gold_feature_engineering to None, run_after=None
[2025-04-28T02:52:11.009+0000] {processor.py:183} INFO - Processing /opt/airflow/dags/silver_to_gold_feature_engineering.py took 0.221 seconds
[2025-04-28T02:52:41.908+0000] {processor.py:161} INFO - Started process (PID=4394) to work on /opt/airflow/dags/silver_to_gold_feature_engineering.py
[2025-04-28T02:52:41.909+0000] {processor.py:830} INFO - Processing file /opt/airflow/dags/silver_to_gold_feature_engineering.py for tasks to queue
[2025-04-28T02:52:41.910+0000] {logging_mixin.py:188} INFO - [2025-04-28T02:52:41.910+0000] {dagbag.py:540} INFO - Filling up the DagBag from /opt/airflow/dags/silver_to_gold_feature_engineering.py
[2025-04-28T02:52:42.123+0000] {processor.py:840} INFO - DAG(s) 'silver_to_gold_feature_engineering' retrieved from /opt/airflow/dags/silver_to_gold_feature_engineering.py
[2025-04-28T02:52:42.136+0000] {logging_mixin.py:188} INFO - [2025-04-28T02:52:42.136+0000] {dag.py:3096} INFO - Sync 1 DAGs
[2025-04-28T02:52:42.143+0000] {logging_mixin.py:188} INFO - [2025-04-28T02:52:42.142+0000] {dag.py:3954} INFO - Setting next_dagrun for silver_to_gold_feature_engineering to None, run_after=None
[2025-04-28T02:52:42.152+0000] {processor.py:183} INFO - Processing /opt/airflow/dags/silver_to_gold_feature_engineering.py took 0.246 seconds
[2025-04-28T02:53:13.062+0000] {processor.py:161} INFO - Started process (PID=4429) to work on /opt/airflow/dags/silver_to_gold_feature_engineering.py
[2025-04-28T02:53:13.063+0000] {processor.py:830} INFO - Processing file /opt/airflow/dags/silver_to_gold_feature_engineering.py for tasks to queue
[2025-04-28T02:53:13.063+0000] {logging_mixin.py:188} INFO - [2025-04-28T02:53:13.063+0000] {dagbag.py:540} INFO - Filling up the DagBag from /opt/airflow/dags/silver_to_gold_feature_engineering.py
[2025-04-28T02:53:13.275+0000] {processor.py:840} INFO - DAG(s) 'silver_to_gold_feature_engineering' retrieved from /opt/airflow/dags/silver_to_gold_feature_engineering.py
[2025-04-28T02:53:13.289+0000] {logging_mixin.py:188} INFO - [2025-04-28T02:53:13.288+0000] {dag.py:3096} INFO - Sync 1 DAGs
[2025-04-28T02:53:13.294+0000] {logging_mixin.py:188} INFO - [2025-04-28T02:53:13.294+0000] {dag.py:3954} INFO - Setting next_dagrun for silver_to_gold_feature_engineering to None, run_after=None
[2025-04-28T02:53:13.305+0000] {processor.py:183} INFO - Processing /opt/airflow/dags/silver_to_gold_feature_engineering.py took 0.245 seconds
[2025-04-28T02:53:44.193+0000] {processor.py:161} INFO - Started process (PID=4464) to work on /opt/airflow/dags/silver_to_gold_feature_engineering.py
[2025-04-28T02:53:44.193+0000] {processor.py:830} INFO - Processing file /opt/airflow/dags/silver_to_gold_feature_engineering.py for tasks to queue
[2025-04-28T02:53:44.194+0000] {logging_mixin.py:188} INFO - [2025-04-28T02:53:44.194+0000] {dagbag.py:540} INFO - Filling up the DagBag from /opt/airflow/dags/silver_to_gold_feature_engineering.py
[2025-04-28T02:53:44.408+0000] {processor.py:840} INFO - DAG(s) 'silver_to_gold_feature_engineering' retrieved from /opt/airflow/dags/silver_to_gold_feature_engineering.py
[2025-04-28T02:53:44.421+0000] {logging_mixin.py:188} INFO - [2025-04-28T02:53:44.420+0000] {dag.py:3096} INFO - Sync 1 DAGs
[2025-04-28T02:53:44.426+0000] {logging_mixin.py:188} INFO - [2025-04-28T02:53:44.426+0000] {dag.py:3954} INFO - Setting next_dagrun for silver_to_gold_feature_engineering to None, run_after=None
[2025-04-28T02:53:44.437+0000] {processor.py:183} INFO - Processing /opt/airflow/dags/silver_to_gold_feature_engineering.py took 0.247 seconds
[2025-04-28T02:54:15.382+0000] {processor.py:161} INFO - Started process (PID=4502) to work on /opt/airflow/dags/silver_to_gold_feature_engineering.py
[2025-04-28T02:54:15.382+0000] {processor.py:830} INFO - Processing file /opt/airflow/dags/silver_to_gold_feature_engineering.py for tasks to queue
[2025-04-28T02:54:15.383+0000] {logging_mixin.py:188} INFO - [2025-04-28T02:54:15.383+0000] {dagbag.py:540} INFO - Filling up the DagBag from /opt/airflow/dags/silver_to_gold_feature_engineering.py
[2025-04-28T02:54:15.584+0000] {processor.py:840} INFO - DAG(s) 'silver_to_gold_feature_engineering' retrieved from /opt/airflow/dags/silver_to_gold_feature_engineering.py
[2025-04-28T02:54:15.594+0000] {logging_mixin.py:188} INFO - [2025-04-28T02:54:15.594+0000] {dag.py:3096} INFO - Sync 1 DAGs
[2025-04-28T02:54:15.599+0000] {logging_mixin.py:188} INFO - [2025-04-28T02:54:15.599+0000] {dag.py:3954} INFO - Setting next_dagrun for silver_to_gold_feature_engineering to None, run_after=None
[2025-04-28T02:54:15.606+0000] {processor.py:183} INFO - Processing /opt/airflow/dags/silver_to_gold_feature_engineering.py took 0.227 seconds
[2025-04-28T02:54:46.665+0000] {processor.py:161} INFO - Started process (PID=4540) to work on /opt/airflow/dags/silver_to_gold_feature_engineering.py
[2025-04-28T02:54:46.666+0000] {processor.py:830} INFO - Processing file /opt/airflow/dags/silver_to_gold_feature_engineering.py for tasks to queue
[2025-04-28T02:54:46.667+0000] {logging_mixin.py:188} INFO - [2025-04-28T02:54:46.666+0000] {dagbag.py:540} INFO - Filling up the DagBag from /opt/airflow/dags/silver_to_gold_feature_engineering.py
[2025-04-28T02:54:46.969+0000] {processor.py:840} INFO - DAG(s) 'silver_to_gold_feature_engineering' retrieved from /opt/airflow/dags/silver_to_gold_feature_engineering.py
[2025-04-28T02:54:46.987+0000] {logging_mixin.py:188} INFO - [2025-04-28T02:54:46.986+0000] {dag.py:3096} INFO - Sync 1 DAGs
[2025-04-28T02:54:46.994+0000] {logging_mixin.py:188} INFO - [2025-04-28T02:54:46.994+0000] {dag.py:3954} INFO - Setting next_dagrun for silver_to_gold_feature_engineering to None, run_after=None
[2025-04-28T02:54:47.006+0000] {processor.py:183} INFO - Processing /opt/airflow/dags/silver_to_gold_feature_engineering.py took 0.345 seconds
[2025-04-28T02:55:27.503+0000] {processor.py:161} INFO - Started process (PID=4577) to work on /opt/airflow/dags/silver_to_gold_feature_engineering.py
[2025-04-28T02:55:27.507+0000] {processor.py:830} INFO - Processing file /opt/airflow/dags/silver_to_gold_feature_engineering.py for tasks to queue
[2025-04-28T02:55:27.511+0000] {logging_mixin.py:188} INFO - [2025-04-28T02:55:27.510+0000] {dagbag.py:540} INFO - Filling up the DagBag from /opt/airflow/dags/silver_to_gold_feature_engineering.py
[2025-04-28T02:55:28.389+0000] {processor.py:840} INFO - DAG(s) 'silver_to_gold_feature_engineering' retrieved from /opt/airflow/dags/silver_to_gold_feature_engineering.py
[2025-04-28T02:55:28.428+0000] {logging_mixin.py:188} INFO - [2025-04-28T02:55:28.428+0000] {dag.py:3096} INFO - Sync 1 DAGs
[2025-04-28T02:55:28.444+0000] {logging_mixin.py:188} INFO - [2025-04-28T02:55:28.444+0000] {dag.py:3954} INFO - Setting next_dagrun for silver_to_gold_feature_engineering to None, run_after=None
[2025-04-28T02:55:28.474+0000] {processor.py:183} INFO - Processing /opt/airflow/dags/silver_to_gold_feature_engineering.py took 0.987 seconds
[2025-04-28T03:10:56.598+0000] {processor.py:161} INFO - Started process (PID=4612) to work on /opt/airflow/dags/silver_to_gold_feature_engineering.py
[2025-04-28T03:10:56.599+0000] {processor.py:830} INFO - Processing file /opt/airflow/dags/silver_to_gold_feature_engineering.py for tasks to queue
[2025-04-28T03:10:56.602+0000] {logging_mixin.py:188} INFO - [2025-04-28T03:10:56.601+0000] {dagbag.py:540} INFO - Filling up the DagBag from /opt/airflow/dags/silver_to_gold_feature_engineering.py
[2025-04-28T03:10:56.816+0000] {processor.py:840} INFO - DAG(s) 'silver_to_gold_feature_engineering' retrieved from /opt/airflow/dags/silver_to_gold_feature_engineering.py
[2025-04-28T03:10:56.826+0000] {logging_mixin.py:188} INFO - [2025-04-28T03:10:56.826+0000] {dag.py:3096} INFO - Sync 1 DAGs
[2025-04-28T03:10:56.831+0000] {logging_mixin.py:188} INFO - [2025-04-28T03:10:56.831+0000] {dag.py:3954} INFO - Setting next_dagrun for silver_to_gold_feature_engineering to None, run_after=None
[2025-04-28T03:10:56.838+0000] {processor.py:183} INFO - Processing /opt/airflow/dags/silver_to_gold_feature_engineering.py took 0.245 seconds
[2025-04-28T04:17:15.600+0000] {processor.py:161} INFO - Started process (PID=4649) to work on /opt/airflow/dags/silver_to_gold_feature_engineering.py
[2025-04-28T04:17:15.601+0000] {processor.py:830} INFO - Processing file /opt/airflow/dags/silver_to_gold_feature_engineering.py for tasks to queue
[2025-04-28T04:17:15.602+0000] {logging_mixin.py:188} INFO - [2025-04-28T04:17:15.602+0000] {dagbag.py:540} INFO - Filling up the DagBag from /opt/airflow/dags/silver_to_gold_feature_engineering.py
[2025-04-28T04:17:15.911+0000] {processor.py:840} INFO - DAG(s) 'silver_to_gold_feature_engineering' retrieved from /opt/airflow/dags/silver_to_gold_feature_engineering.py
[2025-04-28T04:17:15.929+0000] {logging_mixin.py:188} INFO - [2025-04-28T04:17:15.929+0000] {dag.py:3096} INFO - Sync 1 DAGs
[2025-04-28T04:17:15.938+0000] {logging_mixin.py:188} INFO - [2025-04-28T04:17:15.938+0000] {dag.py:3954} INFO - Setting next_dagrun for silver_to_gold_feature_engineering to None, run_after=None
[2025-04-28T04:17:15.951+0000] {processor.py:183} INFO - Processing /opt/airflow/dags/silver_to_gold_feature_engineering.py took 0.355 seconds
[2025-04-28T04:17:46.013+0000] {processor.py:161} INFO - Started process (PID=4686) to work on /opt/airflow/dags/silver_to_gold_feature_engineering.py
[2025-04-28T04:17:46.014+0000] {processor.py:830} INFO - Processing file /opt/airflow/dags/silver_to_gold_feature_engineering.py for tasks to queue
[2025-04-28T04:17:46.015+0000] {logging_mixin.py:188} INFO - [2025-04-28T04:17:46.014+0000] {dagbag.py:540} INFO - Filling up the DagBag from /opt/airflow/dags/silver_to_gold_feature_engineering.py
[2025-04-28T04:17:46.214+0000] {processor.py:840} INFO - DAG(s) 'silver_to_gold_feature_engineering' retrieved from /opt/airflow/dags/silver_to_gold_feature_engineering.py
[2025-04-28T04:17:46.225+0000] {logging_mixin.py:188} INFO - [2025-04-28T04:17:46.225+0000] {dag.py:3096} INFO - Sync 1 DAGs
[2025-04-28T04:17:46.229+0000] {logging_mixin.py:188} INFO - [2025-04-28T04:17:46.229+0000] {dag.py:3954} INFO - Setting next_dagrun for silver_to_gold_feature_engineering to None, run_after=None
[2025-04-28T04:17:46.237+0000] {processor.py:183} INFO - Processing /opt/airflow/dags/silver_to_gold_feature_engineering.py took 0.226 seconds
[2025-04-28T05:12:40.721+0000] {processor.py:161} INFO - Started process (PID=4719) to work on /opt/airflow/dags/silver_to_gold_feature_engineering.py
[2025-04-28T05:12:40.724+0000] {processor.py:830} INFO - Processing file /opt/airflow/dags/silver_to_gold_feature_engineering.py for tasks to queue
[2025-04-28T05:12:40.728+0000] {logging_mixin.py:188} INFO - [2025-04-28T05:12:40.727+0000] {dagbag.py:540} INFO - Filling up the DagBag from /opt/airflow/dags/silver_to_gold_feature_engineering.py
[2025-04-28T05:12:41.588+0000] {processor.py:840} INFO - DAG(s) 'silver_to_gold_feature_engineering' retrieved from /opt/airflow/dags/silver_to_gold_feature_engineering.py
[2025-04-28T05:12:41.646+0000] {logging_mixin.py:188} INFO - [2025-04-28T05:12:41.645+0000] {dag.py:3096} INFO - Sync 1 DAGs
[2025-04-28T05:12:41.664+0000] {logging_mixin.py:188} INFO - [2025-04-28T05:12:41.663+0000] {dag.py:3954} INFO - Setting next_dagrun for silver_to_gold_feature_engineering to None, run_after=None
[2025-04-28T05:12:41.695+0000] {processor.py:183} INFO - Processing /opt/airflow/dags/silver_to_gold_feature_engineering.py took 0.986 seconds
[2025-04-28T05:17:21.293+0000] {processor.py:161} INFO - Started process (PID=4754) to work on /opt/airflow/dags/silver_to_gold_feature_engineering.py
[2025-04-28T05:17:21.294+0000] {processor.py:830} INFO - Processing file /opt/airflow/dags/silver_to_gold_feature_engineering.py for tasks to queue
[2025-04-28T05:17:21.294+0000] {logging_mixin.py:188} INFO - [2025-04-28T05:17:21.294+0000] {dagbag.py:540} INFO - Filling up the DagBag from /opt/airflow/dags/silver_to_gold_feature_engineering.py
[2025-04-28T05:17:21.495+0000] {processor.py:840} INFO - DAG(s) 'silver_to_gold_feature_engineering' retrieved from /opt/airflow/dags/silver_to_gold_feature_engineering.py
[2025-04-28T05:17:21.505+0000] {logging_mixin.py:188} INFO - [2025-04-28T05:17:21.505+0000] {dag.py:3096} INFO - Sync 1 DAGs
[2025-04-28T05:17:21.510+0000] {logging_mixin.py:188} INFO - [2025-04-28T05:17:21.510+0000] {dag.py:3954} INFO - Setting next_dagrun for silver_to_gold_feature_engineering to None, run_after=None
[2025-04-28T05:17:21.517+0000] {processor.py:183} INFO - Processing /opt/airflow/dags/silver_to_gold_feature_engineering.py took 0.227 seconds
[2025-04-28T05:33:51.426+0000] {processor.py:161} INFO - Started process (PID=4790) to work on /opt/airflow/dags/silver_to_gold_feature_engineering.py
[2025-04-28T05:33:51.427+0000] {processor.py:830} INFO - Processing file /opt/airflow/dags/silver_to_gold_feature_engineering.py for tasks to queue
[2025-04-28T05:33:51.429+0000] {logging_mixin.py:188} INFO - [2025-04-28T05:33:51.428+0000] {dagbag.py:540} INFO - Filling up the DagBag from /opt/airflow/dags/silver_to_gold_feature_engineering.py
[2025-04-28T05:33:51.683+0000] {processor.py:840} INFO - DAG(s) 'silver_to_gold_feature_engineering' retrieved from /opt/airflow/dags/silver_to_gold_feature_engineering.py
[2025-04-28T05:33:51.694+0000] {logging_mixin.py:188} INFO - [2025-04-28T05:33:51.694+0000] {dag.py:3096} INFO - Sync 1 DAGs
[2025-04-28T05:33:51.699+0000] {logging_mixin.py:188} INFO - [2025-04-28T05:33:51.699+0000] {dag.py:3954} INFO - Setting next_dagrun for silver_to_gold_feature_engineering to None, run_after=None
[2025-04-28T05:33:51.707+0000] {processor.py:183} INFO - Processing /opt/airflow/dags/silver_to_gold_feature_engineering.py took 0.286 seconds
[2025-04-28T06:14:00.284+0000] {processor.py:161} INFO - Started process (PID=4825) to work on /opt/airflow/dags/silver_to_gold_feature_engineering.py
[2025-04-28T06:14:00.285+0000] {processor.py:830} INFO - Processing file /opt/airflow/dags/silver_to_gold_feature_engineering.py for tasks to queue
[2025-04-28T06:14:00.289+0000] {logging_mixin.py:188} INFO - [2025-04-28T06:14:00.289+0000] {dagbag.py:540} INFO - Filling up the DagBag from /opt/airflow/dags/silver_to_gold_feature_engineering.py
[2025-04-28T06:14:00.560+0000] {processor.py:840} INFO - DAG(s) 'silver_to_gold_feature_engineering' retrieved from /opt/airflow/dags/silver_to_gold_feature_engineering.py
[2025-04-28T06:14:00.570+0000] {logging_mixin.py:188} INFO - [2025-04-28T06:14:00.570+0000] {dag.py:3096} INFO - Sync 1 DAGs
[2025-04-28T06:14:00.575+0000] {logging_mixin.py:188} INFO - [2025-04-28T06:14:00.575+0000] {dag.py:3954} INFO - Setting next_dagrun for silver_to_gold_feature_engineering to None, run_after=None
[2025-04-28T06:14:00.582+0000] {processor.py:183} INFO - Processing /opt/airflow/dags/silver_to_gold_feature_engineering.py took 0.304 seconds
[2025-04-28T06:46:52.164+0000] {processor.py:161} INFO - Started process (PID=4860) to work on /opt/airflow/dags/silver_to_gold_feature_engineering.py
[2025-04-28T06:46:52.165+0000] {processor.py:830} INFO - Processing file /opt/airflow/dags/silver_to_gold_feature_engineering.py for tasks to queue
[2025-04-28T06:46:52.166+0000] {logging_mixin.py:188} INFO - [2025-04-28T06:46:52.166+0000] {dagbag.py:540} INFO - Filling up the DagBag from /opt/airflow/dags/silver_to_gold_feature_engineering.py
[2025-04-28T06:46:52.439+0000] {processor.py:840} INFO - DAG(s) 'silver_to_gold_feature_engineering' retrieved from /opt/airflow/dags/silver_to_gold_feature_engineering.py
[2025-04-28T06:46:52.449+0000] {logging_mixin.py:188} INFO - [2025-04-28T06:46:52.449+0000] {dag.py:3096} INFO - Sync 1 DAGs
[2025-04-28T06:46:52.454+0000] {logging_mixin.py:188} INFO - [2025-04-28T06:46:52.454+0000] {dag.py:3954} INFO - Setting next_dagrun for silver_to_gold_feature_engineering to None, run_after=None
[2025-04-28T06:46:52.463+0000] {processor.py:183} INFO - Processing /opt/airflow/dags/silver_to_gold_feature_engineering.py took 0.302 seconds
[2025-04-28T07:47:19.121+0000] {processor.py:161} INFO - Started process (PID=4897) to work on /opt/airflow/dags/silver_to_gold_feature_engineering.py
[2025-04-28T07:47:19.124+0000] {processor.py:830} INFO - Processing file /opt/airflow/dags/silver_to_gold_feature_engineering.py for tasks to queue
[2025-04-28T07:47:19.130+0000] {logging_mixin.py:188} INFO - [2025-04-28T07:47:19.128+0000] {dagbag.py:540} INFO - Filling up the DagBag from /opt/airflow/dags/silver_to_gold_feature_engineering.py
[2025-04-28T07:47:20.210+0000] {processor.py:840} INFO - DAG(s) 'silver_to_gold_feature_engineering' retrieved from /opt/airflow/dags/silver_to_gold_feature_engineering.py
[2025-04-28T07:47:20.320+0000] {logging_mixin.py:188} INFO - [2025-04-28T07:47:20.319+0000] {dag.py:3096} INFO - Sync 1 DAGs
[2025-04-28T07:47:20.339+0000] {logging_mixin.py:188} INFO - [2025-04-28T07:47:20.339+0000] {dag.py:3954} INFO - Setting next_dagrun for silver_to_gold_feature_engineering to None, run_after=None
[2025-04-28T07:47:20.369+0000] {processor.py:183} INFO - Processing /opt/airflow/dags/silver_to_gold_feature_engineering.py took 1.261 seconds
[2025-04-28T07:59:05.195+0000] {processor.py:161} INFO - Started process (PID=4932) to work on /opt/airflow/dags/silver_to_gold_feature_engineering.py
[2025-04-28T07:59:05.196+0000] {processor.py:830} INFO - Processing file /opt/airflow/dags/silver_to_gold_feature_engineering.py for tasks to queue
[2025-04-28T07:59:05.197+0000] {logging_mixin.py:188} INFO - [2025-04-28T07:59:05.197+0000] {dagbag.py:540} INFO - Filling up the DagBag from /opt/airflow/dags/silver_to_gold_feature_engineering.py
[2025-04-28T07:59:05.441+0000] {processor.py:840} INFO - DAG(s) 'silver_to_gold_feature_engineering' retrieved from /opt/airflow/dags/silver_to_gold_feature_engineering.py
[2025-04-28T07:59:05.452+0000] {logging_mixin.py:188} INFO - [2025-04-28T07:59:05.452+0000] {dag.py:3096} INFO - Sync 1 DAGs
[2025-04-28T07:59:05.457+0000] {logging_mixin.py:188} INFO - [2025-04-28T07:59:05.457+0000] {dag.py:3954} INFO - Setting next_dagrun for silver_to_gold_feature_engineering to None, run_after=None
[2025-04-28T07:59:05.464+0000] {processor.py:183} INFO - Processing /opt/airflow/dags/silver_to_gold_feature_engineering.py took 0.274 seconds
[2025-04-28T08:50:09.209+0000] {processor.py:161} INFO - Started process (PID=4969) to work on /opt/airflow/dags/silver_to_gold_feature_engineering.py
[2025-04-28T08:50:09.213+0000] {processor.py:830} INFO - Processing file /opt/airflow/dags/silver_to_gold_feature_engineering.py for tasks to queue
[2025-04-28T08:50:09.220+0000] {logging_mixin.py:188} INFO - [2025-04-28T08:50:09.220+0000] {dagbag.py:540} INFO - Filling up the DagBag from /opt/airflow/dags/silver_to_gold_feature_engineering.py
[2025-04-28T08:50:10.163+0000] {processor.py:840} INFO - DAG(s) 'silver_to_gold_feature_engineering' retrieved from /opt/airflow/dags/silver_to_gold_feature_engineering.py
[2025-04-28T08:50:10.206+0000] {logging_mixin.py:188} INFO - [2025-04-28T08:50:10.205+0000] {dag.py:3096} INFO - Sync 1 DAGs
[2025-04-28T08:50:10.226+0000] {logging_mixin.py:188} INFO - [2025-04-28T08:50:10.226+0000] {dag.py:3954} INFO - Setting next_dagrun for silver_to_gold_feature_engineering to None, run_after=None
[2025-04-28T08:50:10.254+0000] {processor.py:183} INFO - Processing /opt/airflow/dags/silver_to_gold_feature_engineering.py took 1.054 seconds
[2025-04-28T09:00:04.630+0000] {processor.py:161} INFO - Started process (PID=5004) to work on /opt/airflow/dags/silver_to_gold_feature_engineering.py
[2025-04-28T09:00:04.632+0000] {processor.py:830} INFO - Processing file /opt/airflow/dags/silver_to_gold_feature_engineering.py for tasks to queue
[2025-04-28T09:00:04.635+0000] {logging_mixin.py:188} INFO - [2025-04-28T09:00:04.635+0000] {dagbag.py:540} INFO - Filling up the DagBag from /opt/airflow/dags/silver_to_gold_feature_engineering.py
[2025-04-28T09:00:04.825+0000] {processor.py:840} INFO - DAG(s) 'silver_to_gold_feature_engineering' retrieved from /opt/airflow/dags/silver_to_gold_feature_engineering.py
[2025-04-28T09:00:04.846+0000] {logging_mixin.py:188} INFO - [2025-04-28T09:00:04.846+0000] {dag.py:3096} INFO - Sync 1 DAGs
[2025-04-28T09:00:04.856+0000] {logging_mixin.py:188} INFO - [2025-04-28T09:00:04.856+0000] {dag.py:3954} INFO - Setting next_dagrun for silver_to_gold_feature_engineering to None, run_after=None
[2025-04-28T09:00:04.870+0000] {processor.py:183} INFO - Processing /opt/airflow/dags/silver_to_gold_feature_engineering.py took 0.243 seconds
[2025-04-28T10:01:09.911+0000] {processor.py:161} INFO - Started process (PID=5039) to work on /opt/airflow/dags/silver_to_gold_feature_engineering.py
[2025-04-28T10:01:09.912+0000] {processor.py:830} INFO - Processing file /opt/airflow/dags/silver_to_gold_feature_engineering.py for tasks to queue
[2025-04-28T10:01:09.939+0000] {logging_mixin.py:188} INFO - [2025-04-28T10:01:09.939+0000] {dagbag.py:540} INFO - Filling up the DagBag from /opt/airflow/dags/silver_to_gold_feature_engineering.py
[2025-04-28T10:01:12.006+0000] {processor.py:840} INFO - DAG(s) 'silver_to_gold_feature_engineering' retrieved from /opt/airflow/dags/silver_to_gold_feature_engineering.py
[2025-04-28T10:01:12.058+0000] {logging_mixin.py:188} INFO - [2025-04-28T10:01:12.057+0000] {dag.py:3096} INFO - Sync 1 DAGs
[2025-04-28T10:01:12.082+0000] {logging_mixin.py:188} INFO - [2025-04-28T10:01:12.081+0000] {dag.py:3954} INFO - Setting next_dagrun for silver_to_gold_feature_engineering to None, run_after=None
[2025-04-28T10:01:12.119+0000] {processor.py:183} INFO - Processing /opt/airflow/dags/silver_to_gold_feature_engineering.py took 2.216 seconds
[2025-04-28T10:18:06.628+0000] {processor.py:161} INFO - Started process (PID=5075) to work on /opt/airflow/dags/silver_to_gold_feature_engineering.py
[2025-04-28T10:18:06.628+0000] {processor.py:830} INFO - Processing file /opt/airflow/dags/silver_to_gold_feature_engineering.py for tasks to queue
[2025-04-28T10:18:06.629+0000] {logging_mixin.py:188} INFO - [2025-04-28T10:18:06.629+0000] {dagbag.py:540} INFO - Filling up the DagBag from /opt/airflow/dags/silver_to_gold_feature_engineering.py
[2025-04-28T10:18:06.768+0000] {processor.py:840} INFO - DAG(s) 'silver_to_gold_feature_engineering' retrieved from /opt/airflow/dags/silver_to_gold_feature_engineering.py
[2025-04-28T10:18:06.780+0000] {logging_mixin.py:188} INFO - [2025-04-28T10:18:06.779+0000] {dag.py:3096} INFO - Sync 1 DAGs
[2025-04-28T10:18:06.787+0000] {logging_mixin.py:188} INFO - [2025-04-28T10:18:06.787+0000] {dag.py:3954} INFO - Setting next_dagrun for silver_to_gold_feature_engineering to None, run_after=None
[2025-04-28T10:18:06.798+0000] {processor.py:183} INFO - Processing /opt/airflow/dags/silver_to_gold_feature_engineering.py took 0.174 seconds
[2025-04-28T11:02:20.538+0000] {processor.py:161} INFO - Started process (PID=5110) to work on /opt/airflow/dags/silver_to_gold_feature_engineering.py
[2025-04-28T11:02:20.539+0000] {processor.py:830} INFO - Processing file /opt/airflow/dags/silver_to_gold_feature_engineering.py for tasks to queue
[2025-04-28T11:02:20.544+0000] {logging_mixin.py:188} INFO - [2025-04-28T11:02:20.543+0000] {dagbag.py:540} INFO - Filling up the DagBag from /opt/airflow/dags/silver_to_gold_feature_engineering.py
[2025-04-28T11:02:20.727+0000] {processor.py:840} INFO - DAG(s) 'silver_to_gold_feature_engineering' retrieved from /opt/airflow/dags/silver_to_gold_feature_engineering.py
[2025-04-28T11:02:20.747+0000] {logging_mixin.py:188} INFO - [2025-04-28T11:02:20.746+0000] {dag.py:3096} INFO - Sync 1 DAGs
[2025-04-28T11:02:20.755+0000] {logging_mixin.py:188} INFO - [2025-04-28T11:02:20.755+0000] {dag.py:3954} INFO - Setting next_dagrun for silver_to_gold_feature_engineering to None, run_after=None
[2025-04-28T11:02:20.769+0000] {processor.py:183} INFO - Processing /opt/airflow/dags/silver_to_gold_feature_engineering.py took 0.240 seconds
[2025-04-28T11:50:01.768+0000] {processor.py:161} INFO - Started process (PID=5145) to work on /opt/airflow/dags/silver_to_gold_feature_engineering.py
[2025-04-28T11:50:01.774+0000] {processor.py:830} INFO - Processing file /opt/airflow/dags/silver_to_gold_feature_engineering.py for tasks to queue
[2025-04-28T11:50:01.776+0000] {logging_mixin.py:188} INFO - [2025-04-28T11:50:01.776+0000] {dagbag.py:540} INFO - Filling up the DagBag from /opt/airflow/dags/silver_to_gold_feature_engineering.py
[2025-04-28T11:50:01.969+0000] {processor.py:840} INFO - DAG(s) 'silver_to_gold_feature_engineering' retrieved from /opt/airflow/dags/silver_to_gold_feature_engineering.py
[2025-04-28T11:50:01.989+0000] {logging_mixin.py:188} INFO - [2025-04-28T11:50:01.988+0000] {dag.py:3096} INFO - Sync 1 DAGs
[2025-04-28T11:50:01.997+0000] {logging_mixin.py:188} INFO - [2025-04-28T11:50:01.996+0000] {dag.py:3954} INFO - Setting next_dagrun for silver_to_gold_feature_engineering to None, run_after=None
[2025-04-28T11:50:02.008+0000] {processor.py:183} INFO - Processing /opt/airflow/dags/silver_to_gold_feature_engineering.py took 0.244 seconds
[2025-04-28T12:03:32.408+0000] {processor.py:161} INFO - Started process (PID=5182) to work on /opt/airflow/dags/silver_to_gold_feature_engineering.py
[2025-04-28T12:03:32.412+0000] {processor.py:830} INFO - Processing file /opt/airflow/dags/silver_to_gold_feature_engineering.py for tasks to queue
[2025-04-28T12:03:32.420+0000] {logging_mixin.py:188} INFO - [2025-04-28T12:03:32.419+0000] {dagbag.py:540} INFO - Filling up the DagBag from /opt/airflow/dags/silver_to_gold_feature_engineering.py
[2025-04-28T12:03:32.599+0000] {processor.py:840} INFO - DAG(s) 'silver_to_gold_feature_engineering' retrieved from /opt/airflow/dags/silver_to_gold_feature_engineering.py
[2025-04-28T12:03:32.615+0000] {logging_mixin.py:188} INFO - [2025-04-28T12:03:32.615+0000] {dag.py:3096} INFO - Sync 1 DAGs
[2025-04-28T12:03:32.623+0000] {logging_mixin.py:188} INFO - [2025-04-28T12:03:32.623+0000] {dag.py:3954} INFO - Setting next_dagrun for silver_to_gold_feature_engineering to None, run_after=None
[2025-04-28T12:03:32.635+0000] {processor.py:183} INFO - Processing /opt/airflow/dags/silver_to_gold_feature_engineering.py took 0.230 seconds
[2025-04-28T12:52:18.206+0000] {processor.py:161} INFO - Started process (PID=5217) to work on /opt/airflow/dags/silver_to_gold_feature_engineering.py
[2025-04-28T12:52:18.207+0000] {processor.py:830} INFO - Processing file /opt/airflow/dags/silver_to_gold_feature_engineering.py for tasks to queue
[2025-04-28T12:52:18.208+0000] {logging_mixin.py:188} INFO - [2025-04-28T12:52:18.208+0000] {dagbag.py:540} INFO - Filling up the DagBag from /opt/airflow/dags/silver_to_gold_feature_engineering.py
[2025-04-28T12:52:18.352+0000] {processor.py:840} INFO - DAG(s) 'silver_to_gold_feature_engineering' retrieved from /opt/airflow/dags/silver_to_gold_feature_engineering.py
[2025-04-28T12:52:18.524+0000] {logging_mixin.py:188} INFO - [2025-04-28T12:52:18.524+0000] {dag.py:3096} INFO - Sync 1 DAGs
[2025-04-28T12:52:18.541+0000] {logging_mixin.py:188} INFO - [2025-04-28T12:52:18.541+0000] {dag.py:3954} INFO - Setting next_dagrun for silver_to_gold_feature_engineering to None, run_after=None
[2025-04-28T12:52:18.636+0000] {processor.py:183} INFO - Processing /opt/airflow/dags/silver_to_gold_feature_engineering.py took 0.434 seconds
[2025-04-28T12:53:14.623+0000] {processor.py:161} INFO - Started process (PID=5252) to work on /opt/airflow/dags/silver_to_gold_feature_engineering.py
[2025-04-28T12:53:14.624+0000] {processor.py:830} INFO - Processing file /opt/airflow/dags/silver_to_gold_feature_engineering.py for tasks to queue
[2025-04-28T12:53:14.625+0000] {logging_mixin.py:188} INFO - [2025-04-28T12:53:14.625+0000] {dagbag.py:540} INFO - Filling up the DagBag from /opt/airflow/dags/silver_to_gold_feature_engineering.py
[2025-04-28T12:53:14.762+0000] {processor.py:840} INFO - DAG(s) 'silver_to_gold_feature_engineering' retrieved from /opt/airflow/dags/silver_to_gold_feature_engineering.py
[2025-04-28T12:53:14.775+0000] {logging_mixin.py:188} INFO - [2025-04-28T12:53:14.774+0000] {dag.py:3096} INFO - Sync 1 DAGs
[2025-04-28T12:53:14.780+0000] {logging_mixin.py:188} INFO - [2025-04-28T12:53:14.780+0000] {dag.py:3954} INFO - Setting next_dagrun for silver_to_gold_feature_engineering to None, run_after=None
[2025-04-28T12:53:14.787+0000] {processor.py:183} INFO - Processing /opt/airflow/dags/silver_to_gold_feature_engineering.py took 0.167 seconds
[2025-04-28T12:53:45.422+0000] {processor.py:161} INFO - Started process (PID=5287) to work on /opt/airflow/dags/silver_to_gold_feature_engineering.py
[2025-04-28T12:53:45.423+0000] {processor.py:830} INFO - Processing file /opt/airflow/dags/silver_to_gold_feature_engineering.py for tasks to queue
[2025-04-28T12:53:45.424+0000] {logging_mixin.py:188} INFO - [2025-04-28T12:53:45.423+0000] {dagbag.py:540} INFO - Filling up the DagBag from /opt/airflow/dags/silver_to_gold_feature_engineering.py
[2025-04-28T12:53:45.564+0000] {processor.py:840} INFO - DAG(s) 'silver_to_gold_feature_engineering' retrieved from /opt/airflow/dags/silver_to_gold_feature_engineering.py
[2025-04-28T12:53:45.576+0000] {logging_mixin.py:188} INFO - [2025-04-28T12:53:45.576+0000] {dag.py:3096} INFO - Sync 1 DAGs
[2025-04-28T12:53:45.582+0000] {logging_mixin.py:188} INFO - [2025-04-28T12:53:45.582+0000] {dag.py:3954} INFO - Setting next_dagrun for silver_to_gold_feature_engineering to None, run_after=None
[2025-04-28T12:53:45.589+0000] {processor.py:183} INFO - Processing /opt/airflow/dags/silver_to_gold_feature_engineering.py took 0.170 seconds
[2025-04-28T12:54:16.232+0000] {processor.py:161} INFO - Started process (PID=5322) to work on /opt/airflow/dags/silver_to_gold_feature_engineering.py
[2025-04-28T12:54:16.233+0000] {processor.py:830} INFO - Processing file /opt/airflow/dags/silver_to_gold_feature_engineering.py for tasks to queue
[2025-04-28T12:54:16.234+0000] {logging_mixin.py:188} INFO - [2025-04-28T12:54:16.233+0000] {dagbag.py:540} INFO - Filling up the DagBag from /opt/airflow/dags/silver_to_gold_feature_engineering.py
[2025-04-28T12:54:16.377+0000] {processor.py:840} INFO - DAG(s) 'silver_to_gold_feature_engineering' retrieved from /opt/airflow/dags/silver_to_gold_feature_engineering.py
[2025-04-28T12:54:16.389+0000] {logging_mixin.py:188} INFO - [2025-04-28T12:54:16.389+0000] {dag.py:3096} INFO - Sync 1 DAGs
[2025-04-28T12:54:16.395+0000] {logging_mixin.py:188} INFO - [2025-04-28T12:54:16.395+0000] {dag.py:3954} INFO - Setting next_dagrun for silver_to_gold_feature_engineering to None, run_after=None
[2025-04-28T12:54:16.402+0000] {processor.py:183} INFO - Processing /opt/airflow/dags/silver_to_gold_feature_engineering.py took 0.174 seconds
[2025-04-28T12:54:47.081+0000] {processor.py:161} INFO - Started process (PID=5357) to work on /opt/airflow/dags/silver_to_gold_feature_engineering.py
[2025-04-28T12:54:47.081+0000] {processor.py:830} INFO - Processing file /opt/airflow/dags/silver_to_gold_feature_engineering.py for tasks to queue
[2025-04-28T12:54:47.082+0000] {logging_mixin.py:188} INFO - [2025-04-28T12:54:47.082+0000] {dagbag.py:540} INFO - Filling up the DagBag from /opt/airflow/dags/silver_to_gold_feature_engineering.py
[2025-04-28T12:54:47.225+0000] {processor.py:840} INFO - DAG(s) 'silver_to_gold_feature_engineering' retrieved from /opt/airflow/dags/silver_to_gold_feature_engineering.py
[2025-04-28T12:54:47.237+0000] {logging_mixin.py:188} INFO - [2025-04-28T12:54:47.237+0000] {dag.py:3096} INFO - Sync 1 DAGs
[2025-04-28T12:54:47.242+0000] {logging_mixin.py:188} INFO - [2025-04-28T12:54:47.242+0000] {dag.py:3954} INFO - Setting next_dagrun for silver_to_gold_feature_engineering to None, run_after=None
[2025-04-28T12:54:47.250+0000] {processor.py:183} INFO - Processing /opt/airflow/dags/silver_to_gold_feature_engineering.py took 0.173 seconds
[2025-04-28T12:55:17.837+0000] {processor.py:161} INFO - Started process (PID=5392) to work on /opt/airflow/dags/silver_to_gold_feature_engineering.py
[2025-04-28T12:55:17.838+0000] {processor.py:830} INFO - Processing file /opt/airflow/dags/silver_to_gold_feature_engineering.py for tasks to queue
[2025-04-28T12:55:17.839+0000] {logging_mixin.py:188} INFO - [2025-04-28T12:55:17.839+0000] {dagbag.py:540} INFO - Filling up the DagBag from /opt/airflow/dags/silver_to_gold_feature_engineering.py
[2025-04-28T12:55:17.987+0000] {processor.py:840} INFO - DAG(s) 'silver_to_gold_feature_engineering' retrieved from /opt/airflow/dags/silver_to_gold_feature_engineering.py
[2025-04-28T12:55:18.000+0000] {logging_mixin.py:188} INFO - [2025-04-28T12:55:18.000+0000] {dag.py:3096} INFO - Sync 1 DAGs
[2025-04-28T12:55:18.006+0000] {logging_mixin.py:188} INFO - [2025-04-28T12:55:18.006+0000] {dag.py:3954} INFO - Setting next_dagrun for silver_to_gold_feature_engineering to None, run_after=None
[2025-04-28T12:55:18.015+0000] {processor.py:183} INFO - Processing /opt/airflow/dags/silver_to_gold_feature_engineering.py took 0.181 seconds
[2025-04-28T12:55:48.656+0000] {processor.py:161} INFO - Started process (PID=5490) to work on /opt/airflow/dags/silver_to_gold_feature_engineering.py
[2025-04-28T12:55:48.656+0000] {processor.py:830} INFO - Processing file /opt/airflow/dags/silver_to_gold_feature_engineering.py for tasks to queue
[2025-04-28T12:55:48.657+0000] {logging_mixin.py:188} INFO - [2025-04-28T12:55:48.657+0000] {dagbag.py:540} INFO - Filling up the DagBag from /opt/airflow/dags/silver_to_gold_feature_engineering.py
[2025-04-28T12:55:48.798+0000] {processor.py:840} INFO - DAG(s) 'silver_to_gold_feature_engineering' retrieved from /opt/airflow/dags/silver_to_gold_feature_engineering.py
[2025-04-28T12:55:48.811+0000] {logging_mixin.py:188} INFO - [2025-04-28T12:55:48.811+0000] {dag.py:3096} INFO - Sync 1 DAGs
[2025-04-28T12:55:48.816+0000] {logging_mixin.py:188} INFO - [2025-04-28T12:55:48.816+0000] {dag.py:3954} INFO - Setting next_dagrun for silver_to_gold_feature_engineering to None, run_after=None
[2025-04-28T12:55:48.824+0000] {processor.py:183} INFO - Processing /opt/airflow/dags/silver_to_gold_feature_engineering.py took 0.171 seconds
[2025-04-28T12:56:19.511+0000] {processor.py:161} INFO - Started process (PID=5525) to work on /opt/airflow/dags/silver_to_gold_feature_engineering.py
[2025-04-28T12:56:19.512+0000] {processor.py:830} INFO - Processing file /opt/airflow/dags/silver_to_gold_feature_engineering.py for tasks to queue
[2025-04-28T12:56:19.513+0000] {logging_mixin.py:188} INFO - [2025-04-28T12:56:19.513+0000] {dagbag.py:540} INFO - Filling up the DagBag from /opt/airflow/dags/silver_to_gold_feature_engineering.py
[2025-04-28T12:56:19.650+0000] {processor.py:840} INFO - DAG(s) 'silver_to_gold_feature_engineering' retrieved from /opt/airflow/dags/silver_to_gold_feature_engineering.py
[2025-04-28T12:56:19.662+0000] {logging_mixin.py:188} INFO - [2025-04-28T12:56:19.662+0000] {dag.py:3096} INFO - Sync 1 DAGs
[2025-04-28T12:56:19.667+0000] {logging_mixin.py:188} INFO - [2025-04-28T12:56:19.667+0000] {dag.py:3954} INFO - Setting next_dagrun for silver_to_gold_feature_engineering to None, run_after=None
[2025-04-28T12:56:19.675+0000] {processor.py:183} INFO - Processing /opt/airflow/dags/silver_to_gold_feature_engineering.py took 0.166 seconds
[2025-04-28T12:56:50.292+0000] {processor.py:161} INFO - Started process (PID=5560) to work on /opt/airflow/dags/silver_to_gold_feature_engineering.py
[2025-04-28T12:56:50.292+0000] {processor.py:830} INFO - Processing file /opt/airflow/dags/silver_to_gold_feature_engineering.py for tasks to queue
[2025-04-28T12:56:50.293+0000] {logging_mixin.py:188} INFO - [2025-04-28T12:56:50.293+0000] {dagbag.py:540} INFO - Filling up the DagBag from /opt/airflow/dags/silver_to_gold_feature_engineering.py
[2025-04-28T12:56:50.444+0000] {processor.py:840} INFO - DAG(s) 'silver_to_gold_feature_engineering' retrieved from /opt/airflow/dags/silver_to_gold_feature_engineering.py
[2025-04-28T12:56:50.456+0000] {logging_mixin.py:188} INFO - [2025-04-28T12:56:50.456+0000] {dag.py:3096} INFO - Sync 1 DAGs
[2025-04-28T12:56:50.462+0000] {logging_mixin.py:188} INFO - [2025-04-28T12:56:50.462+0000] {dag.py:3954} INFO - Setting next_dagrun for silver_to_gold_feature_engineering to None, run_after=None
[2025-04-28T12:56:50.472+0000] {processor.py:183} INFO - Processing /opt/airflow/dags/silver_to_gold_feature_engineering.py took 0.183 seconds
[2025-04-28T12:57:21.158+0000] {processor.py:161} INFO - Started process (PID=5595) to work on /opt/airflow/dags/silver_to_gold_feature_engineering.py
[2025-04-28T12:57:21.158+0000] {processor.py:830} INFO - Processing file /opt/airflow/dags/silver_to_gold_feature_engineering.py for tasks to queue
[2025-04-28T12:57:21.160+0000] {logging_mixin.py:188} INFO - [2025-04-28T12:57:21.160+0000] {dagbag.py:540} INFO - Filling up the DagBag from /opt/airflow/dags/silver_to_gold_feature_engineering.py
[2025-04-28T12:57:21.298+0000] {processor.py:840} INFO - DAG(s) 'silver_to_gold_feature_engineering' retrieved from /opt/airflow/dags/silver_to_gold_feature_engineering.py
[2025-04-28T12:57:21.311+0000] {logging_mixin.py:188} INFO - [2025-04-28T12:57:21.310+0000] {dag.py:3096} INFO - Sync 1 DAGs
[2025-04-28T12:57:21.316+0000] {logging_mixin.py:188} INFO - [2025-04-28T12:57:21.316+0000] {dag.py:3954} INFO - Setting next_dagrun for silver_to_gold_feature_engineering to None, run_after=None
[2025-04-28T12:57:21.324+0000] {processor.py:183} INFO - Processing /opt/airflow/dags/silver_to_gold_feature_engineering.py took 0.169 seconds
[2025-04-28T12:57:51.977+0000] {processor.py:161} INFO - Started process (PID=5630) to work on /opt/airflow/dags/silver_to_gold_feature_engineering.py
[2025-04-28T12:57:51.982+0000] {processor.py:830} INFO - Processing file /opt/airflow/dags/silver_to_gold_feature_engineering.py for tasks to queue
[2025-04-28T12:57:51.983+0000] {logging_mixin.py:188} INFO - [2025-04-28T12:57:51.982+0000] {dagbag.py:540} INFO - Filling up the DagBag from /opt/airflow/dags/silver_to_gold_feature_engineering.py
[2025-04-28T12:57:52.125+0000] {processor.py:840} INFO - DAG(s) 'silver_to_gold_feature_engineering' retrieved from /opt/airflow/dags/silver_to_gold_feature_engineering.py
[2025-04-28T12:57:52.137+0000] {logging_mixin.py:188} INFO - [2025-04-28T12:57:52.137+0000] {dag.py:3096} INFO - Sync 1 DAGs
[2025-04-28T12:57:52.143+0000] {logging_mixin.py:188} INFO - [2025-04-28T12:57:52.143+0000] {dag.py:3954} INFO - Setting next_dagrun for silver_to_gold_feature_engineering to None, run_after=None
[2025-04-28T12:57:52.151+0000] {processor.py:183} INFO - Processing /opt/airflow/dags/silver_to_gold_feature_engineering.py took 0.177 seconds
[2025-04-28T12:58:22.786+0000] {processor.py:161} INFO - Started process (PID=5665) to work on /opt/airflow/dags/silver_to_gold_feature_engineering.py
[2025-04-28T12:58:22.787+0000] {processor.py:830} INFO - Processing file /opt/airflow/dags/silver_to_gold_feature_engineering.py for tasks to queue
[2025-04-28T12:58:22.787+0000] {logging_mixin.py:188} INFO - [2025-04-28T12:58:22.787+0000] {dagbag.py:540} INFO - Filling up the DagBag from /opt/airflow/dags/silver_to_gold_feature_engineering.py
[2025-04-28T12:58:22.924+0000] {processor.py:840} INFO - DAG(s) 'silver_to_gold_feature_engineering' retrieved from /opt/airflow/dags/silver_to_gold_feature_engineering.py
[2025-04-28T12:58:22.936+0000] {logging_mixin.py:188} INFO - [2025-04-28T12:58:22.936+0000] {dag.py:3096} INFO - Sync 1 DAGs
[2025-04-28T12:58:22.942+0000] {logging_mixin.py:188} INFO - [2025-04-28T12:58:22.942+0000] {dag.py:3954} INFO - Setting next_dagrun for silver_to_gold_feature_engineering to None, run_after=None
[2025-04-28T12:58:22.950+0000] {processor.py:183} INFO - Processing /opt/airflow/dags/silver_to_gold_feature_engineering.py took 0.167 seconds
[2025-04-28T12:58:53.679+0000] {processor.py:161} INFO - Started process (PID=5700) to work on /opt/airflow/dags/silver_to_gold_feature_engineering.py
[2025-04-28T12:58:53.680+0000] {processor.py:830} INFO - Processing file /opt/airflow/dags/silver_to_gold_feature_engineering.py for tasks to queue
[2025-04-28T12:58:53.681+0000] {logging_mixin.py:188} INFO - [2025-04-28T12:58:53.681+0000] {dagbag.py:540} INFO - Filling up the DagBag from /opt/airflow/dags/silver_to_gold_feature_engineering.py
[2025-04-28T12:58:53.823+0000] {processor.py:840} INFO - DAG(s) 'silver_to_gold_feature_engineering' retrieved from /opt/airflow/dags/silver_to_gold_feature_engineering.py
[2025-04-28T12:58:53.836+0000] {logging_mixin.py:188} INFO - [2025-04-28T12:58:53.836+0000] {dag.py:3096} INFO - Sync 1 DAGs
[2025-04-28T12:58:53.842+0000] {logging_mixin.py:188} INFO - [2025-04-28T12:58:53.842+0000] {dag.py:3954} INFO - Setting next_dagrun for silver_to_gold_feature_engineering to None, run_after=None
[2025-04-28T12:58:53.850+0000] {processor.py:183} INFO - Processing /opt/airflow/dags/silver_to_gold_feature_engineering.py took 0.174 seconds
[2025-04-28T12:59:24.496+0000] {processor.py:161} INFO - Started process (PID=5735) to work on /opt/airflow/dags/silver_to_gold_feature_engineering.py
[2025-04-28T12:59:24.498+0000] {processor.py:830} INFO - Processing file /opt/airflow/dags/silver_to_gold_feature_engineering.py for tasks to queue
[2025-04-28T12:59:24.499+0000] {logging_mixin.py:188} INFO - [2025-04-28T12:59:24.499+0000] {dagbag.py:540} INFO - Filling up the DagBag from /opt/airflow/dags/silver_to_gold_feature_engineering.py
[2025-04-28T12:59:24.646+0000] {processor.py:840} INFO - DAG(s) 'silver_to_gold_feature_engineering' retrieved from /opt/airflow/dags/silver_to_gold_feature_engineering.py
[2025-04-28T12:59:24.660+0000] {logging_mixin.py:188} INFO - [2025-04-28T12:59:24.659+0000] {dag.py:3096} INFO - Sync 1 DAGs
[2025-04-28T12:59:24.672+0000] {logging_mixin.py:188} INFO - [2025-04-28T12:59:24.672+0000] {dag.py:3954} INFO - Setting next_dagrun for silver_to_gold_feature_engineering to None, run_after=None
[2025-04-28T12:59:24.685+0000] {processor.py:183} INFO - Processing /opt/airflow/dags/silver_to_gold_feature_engineering.py took 0.193 seconds
[2025-04-28T12:59:55.523+0000] {processor.py:161} INFO - Started process (PID=5772) to work on /opt/airflow/dags/silver_to_gold_feature_engineering.py
[2025-04-28T12:59:55.524+0000] {processor.py:830} INFO - Processing file /opt/airflow/dags/silver_to_gold_feature_engineering.py for tasks to queue
[2025-04-28T12:59:55.525+0000] {logging_mixin.py:188} INFO - [2025-04-28T12:59:55.525+0000] {dagbag.py:540} INFO - Filling up the DagBag from /opt/airflow/dags/silver_to_gold_feature_engineering.py
[2025-04-28T12:59:55.662+0000] {processor.py:840} INFO - DAG(s) 'silver_to_gold_feature_engineering' retrieved from /opt/airflow/dags/silver_to_gold_feature_engineering.py
[2025-04-28T12:59:55.674+0000] {logging_mixin.py:188} INFO - [2025-04-28T12:59:55.674+0000] {dag.py:3096} INFO - Sync 1 DAGs
[2025-04-28T12:59:55.680+0000] {logging_mixin.py:188} INFO - [2025-04-28T12:59:55.680+0000] {dag.py:3954} INFO - Setting next_dagrun for silver_to_gold_feature_engineering to None, run_after=None
[2025-04-28T12:59:55.688+0000] {processor.py:183} INFO - Processing /opt/airflow/dags/silver_to_gold_feature_engineering.py took 0.168 seconds
[2025-04-28T13:00:26.314+0000] {processor.py:161} INFO - Started process (PID=5868) to work on /opt/airflow/dags/silver_to_gold_feature_engineering.py
[2025-04-28T13:00:26.314+0000] {processor.py:830} INFO - Processing file /opt/airflow/dags/silver_to_gold_feature_engineering.py for tasks to queue
[2025-04-28T13:00:26.315+0000] {logging_mixin.py:188} INFO - [2025-04-28T13:00:26.315+0000] {dagbag.py:540} INFO - Filling up the DagBag from /opt/airflow/dags/silver_to_gold_feature_engineering.py
[2025-04-28T13:00:26.457+0000] {processor.py:840} INFO - DAG(s) 'silver_to_gold_feature_engineering' retrieved from /opt/airflow/dags/silver_to_gold_feature_engineering.py
[2025-04-28T13:00:26.471+0000] {logging_mixin.py:188} INFO - [2025-04-28T13:00:26.471+0000] {dag.py:3096} INFO - Sync 1 DAGs
[2025-04-28T13:00:26.477+0000] {logging_mixin.py:188} INFO - [2025-04-28T13:00:26.476+0000] {dag.py:3954} INFO - Setting next_dagrun for silver_to_gold_feature_engineering to None, run_after=None
[2025-04-28T13:00:26.485+0000] {processor.py:183} INFO - Processing /opt/airflow/dags/silver_to_gold_feature_engineering.py took 0.175 seconds
[2025-04-28T13:00:57.191+0000] {processor.py:161} INFO - Started process (PID=5903) to work on /opt/airflow/dags/silver_to_gold_feature_engineering.py
[2025-04-28T13:00:57.191+0000] {processor.py:830} INFO - Processing file /opt/airflow/dags/silver_to_gold_feature_engineering.py for tasks to queue
[2025-04-28T13:00:57.192+0000] {logging_mixin.py:188} INFO - [2025-04-28T13:00:57.192+0000] {dagbag.py:540} INFO - Filling up the DagBag from /opt/airflow/dags/silver_to_gold_feature_engineering.py
[2025-04-28T13:00:57.328+0000] {processor.py:840} INFO - DAG(s) 'silver_to_gold_feature_engineering' retrieved from /opt/airflow/dags/silver_to_gold_feature_engineering.py
[2025-04-28T13:00:57.341+0000] {logging_mixin.py:188} INFO - [2025-04-28T13:00:57.341+0000] {dag.py:3096} INFO - Sync 1 DAGs
[2025-04-28T13:00:57.346+0000] {logging_mixin.py:188} INFO - [2025-04-28T13:00:57.346+0000] {dag.py:3954} INFO - Setting next_dagrun for silver_to_gold_feature_engineering to None, run_after=None
[2025-04-28T13:00:57.354+0000] {processor.py:183} INFO - Processing /opt/airflow/dags/silver_to_gold_feature_engineering.py took 0.166 seconds
[2025-04-28T13:01:28.006+0000] {processor.py:161} INFO - Started process (PID=5938) to work on /opt/airflow/dags/silver_to_gold_feature_engineering.py
[2025-04-28T13:01:28.008+0000] {processor.py:830} INFO - Processing file /opt/airflow/dags/silver_to_gold_feature_engineering.py for tasks to queue
[2025-04-28T13:01:28.009+0000] {logging_mixin.py:188} INFO - [2025-04-28T13:01:28.009+0000] {dagbag.py:540} INFO - Filling up the DagBag from /opt/airflow/dags/silver_to_gold_feature_engineering.py
[2025-04-28T13:01:28.146+0000] {processor.py:840} INFO - DAG(s) 'silver_to_gold_feature_engineering' retrieved from /opt/airflow/dags/silver_to_gold_feature_engineering.py
[2025-04-28T13:01:28.159+0000] {logging_mixin.py:188} INFO - [2025-04-28T13:01:28.159+0000] {dag.py:3096} INFO - Sync 1 DAGs
[2025-04-28T13:01:28.166+0000] {logging_mixin.py:188} INFO - [2025-04-28T13:01:28.166+0000] {dag.py:3954} INFO - Setting next_dagrun for silver_to_gold_feature_engineering to None, run_after=None
[2025-04-28T13:01:28.175+0000] {processor.py:183} INFO - Processing /opt/airflow/dags/silver_to_gold_feature_engineering.py took 0.172 seconds
[2025-04-28T13:01:58.806+0000] {processor.py:161} INFO - Started process (PID=5973) to work on /opt/airflow/dags/silver_to_gold_feature_engineering.py
[2025-04-28T13:01:58.806+0000] {processor.py:830} INFO - Processing file /opt/airflow/dags/silver_to_gold_feature_engineering.py for tasks to queue
[2025-04-28T13:01:58.807+0000] {logging_mixin.py:188} INFO - [2025-04-28T13:01:58.807+0000] {dagbag.py:540} INFO - Filling up the DagBag from /opt/airflow/dags/silver_to_gold_feature_engineering.py
[2025-04-28T13:01:58.945+0000] {processor.py:840} INFO - DAG(s) 'silver_to_gold_feature_engineering' retrieved from /opt/airflow/dags/silver_to_gold_feature_engineering.py
[2025-04-28T13:01:58.958+0000] {logging_mixin.py:188} INFO - [2025-04-28T13:01:58.958+0000] {dag.py:3096} INFO - Sync 1 DAGs
[2025-04-28T13:01:58.964+0000] {logging_mixin.py:188} INFO - [2025-04-28T13:01:58.964+0000] {dag.py:3954} INFO - Setting next_dagrun for silver_to_gold_feature_engineering to None, run_after=None
[2025-04-28T13:01:58.972+0000] {processor.py:183} INFO - Processing /opt/airflow/dags/silver_to_gold_feature_engineering.py took 0.169 seconds
[2025-04-28T13:02:29.697+0000] {processor.py:161} INFO - Started process (PID=6008) to work on /opt/airflow/dags/silver_to_gold_feature_engineering.py
[2025-04-28T13:02:29.697+0000] {processor.py:830} INFO - Processing file /opt/airflow/dags/silver_to_gold_feature_engineering.py for tasks to queue
[2025-04-28T13:02:29.698+0000] {logging_mixin.py:188} INFO - [2025-04-28T13:02:29.698+0000] {dagbag.py:540} INFO - Filling up the DagBag from /opt/airflow/dags/silver_to_gold_feature_engineering.py
[2025-04-28T13:02:29.837+0000] {processor.py:840} INFO - DAG(s) 'silver_to_gold_feature_engineering' retrieved from /opt/airflow/dags/silver_to_gold_feature_engineering.py
[2025-04-28T13:02:29.850+0000] {logging_mixin.py:188} INFO - [2025-04-28T13:02:29.850+0000] {dag.py:3096} INFO - Sync 1 DAGs
[2025-04-28T13:02:29.856+0000] {logging_mixin.py:188} INFO - [2025-04-28T13:02:29.856+0000] {dag.py:3954} INFO - Setting next_dagrun for silver_to_gold_feature_engineering to None, run_after=None
[2025-04-28T13:02:29.864+0000] {processor.py:183} INFO - Processing /opt/airflow/dags/silver_to_gold_feature_engineering.py took 0.171 seconds
[2025-04-28T13:03:00.650+0000] {processor.py:161} INFO - Started process (PID=6045) to work on /opt/airflow/dags/silver_to_gold_feature_engineering.py
[2025-04-28T13:03:00.650+0000] {processor.py:830} INFO - Processing file /opt/airflow/dags/silver_to_gold_feature_engineering.py for tasks to queue
[2025-04-28T13:03:00.651+0000] {logging_mixin.py:188} INFO - [2025-04-28T13:03:00.651+0000] {dagbag.py:540} INFO - Filling up the DagBag from /opt/airflow/dags/silver_to_gold_feature_engineering.py
[2025-04-28T13:03:00.788+0000] {processor.py:840} INFO - DAG(s) 'silver_to_gold_feature_engineering' retrieved from /opt/airflow/dags/silver_to_gold_feature_engineering.py
[2025-04-28T13:03:00.802+0000] {logging_mixin.py:188} INFO - [2025-04-28T13:03:00.802+0000] {dag.py:3096} INFO - Sync 1 DAGs
[2025-04-28T13:03:00.809+0000] {logging_mixin.py:188} INFO - [2025-04-28T13:03:00.808+0000] {dag.py:3954} INFO - Setting next_dagrun for silver_to_gold_feature_engineering to None, run_after=None
[2025-04-28T13:03:00.817+0000] {processor.py:183} INFO - Processing /opt/airflow/dags/silver_to_gold_feature_engineering.py took 0.170 seconds
[2025-04-28T13:03:31.411+0000] {processor.py:161} INFO - Started process (PID=6078) to work on /opt/airflow/dags/silver_to_gold_feature_engineering.py
[2025-04-28T13:03:31.412+0000] {processor.py:830} INFO - Processing file /opt/airflow/dags/silver_to_gold_feature_engineering.py for tasks to queue
[2025-04-28T13:03:31.413+0000] {logging_mixin.py:188} INFO - [2025-04-28T13:03:31.413+0000] {dagbag.py:540} INFO - Filling up the DagBag from /opt/airflow/dags/silver_to_gold_feature_engineering.py
[2025-04-28T13:03:31.558+0000] {processor.py:840} INFO - DAG(s) 'silver_to_gold_feature_engineering' retrieved from /opt/airflow/dags/silver_to_gold_feature_engineering.py
[2025-04-28T13:03:31.571+0000] {logging_mixin.py:188} INFO - [2025-04-28T13:03:31.570+0000] {dag.py:3096} INFO - Sync 1 DAGs
[2025-04-28T13:03:31.576+0000] {logging_mixin.py:188} INFO - [2025-04-28T13:03:31.576+0000] {dag.py:3954} INFO - Setting next_dagrun for silver_to_gold_feature_engineering to None, run_after=None
[2025-04-28T13:03:31.584+0000] {processor.py:183} INFO - Processing /opt/airflow/dags/silver_to_gold_feature_engineering.py took 0.175 seconds
[2025-04-28T13:04:02.257+0000] {processor.py:161} INFO - Started process (PID=6113) to work on /opt/airflow/dags/silver_to_gold_feature_engineering.py
[2025-04-28T13:04:02.257+0000] {processor.py:830} INFO - Processing file /opt/airflow/dags/silver_to_gold_feature_engineering.py for tasks to queue
[2025-04-28T13:04:02.258+0000] {logging_mixin.py:188} INFO - [2025-04-28T13:04:02.258+0000] {dagbag.py:540} INFO - Filling up the DagBag from /opt/airflow/dags/silver_to_gold_feature_engineering.py
[2025-04-28T13:04:02.397+0000] {processor.py:840} INFO - DAG(s) 'silver_to_gold_feature_engineering' retrieved from /opt/airflow/dags/silver_to_gold_feature_engineering.py
[2025-04-28T13:04:02.408+0000] {logging_mixin.py:188} INFO - [2025-04-28T13:04:02.408+0000] {dag.py:3096} INFO - Sync 1 DAGs
[2025-04-28T13:04:02.413+0000] {logging_mixin.py:188} INFO - [2025-04-28T13:04:02.413+0000] {dag.py:3954} INFO - Setting next_dagrun for silver_to_gold_feature_engineering to None, run_after=None
[2025-04-28T13:04:02.422+0000] {processor.py:183} INFO - Processing /opt/airflow/dags/silver_to_gold_feature_engineering.py took 0.169 seconds
[2025-04-28T13:04:33.032+0000] {processor.py:161} INFO - Started process (PID=6148) to work on /opt/airflow/dags/silver_to_gold_feature_engineering.py
[2025-04-28T13:04:33.033+0000] {processor.py:830} INFO - Processing file /opt/airflow/dags/silver_to_gold_feature_engineering.py for tasks to queue
[2025-04-28T13:04:33.034+0000] {logging_mixin.py:188} INFO - [2025-04-28T13:04:33.034+0000] {dagbag.py:540} INFO - Filling up the DagBag from /opt/airflow/dags/silver_to_gold_feature_engineering.py
[2025-04-28T13:04:33.170+0000] {processor.py:840} INFO - DAG(s) 'silver_to_gold_feature_engineering' retrieved from /opt/airflow/dags/silver_to_gold_feature_engineering.py
[2025-04-28T13:04:33.183+0000] {logging_mixin.py:188} INFO - [2025-04-28T13:04:33.183+0000] {dag.py:3096} INFO - Sync 1 DAGs
[2025-04-28T13:04:33.188+0000] {logging_mixin.py:188} INFO - [2025-04-28T13:04:33.188+0000] {dag.py:3954} INFO - Setting next_dagrun for silver_to_gold_feature_engineering to None, run_after=None
[2025-04-28T13:04:33.197+0000] {processor.py:183} INFO - Processing /opt/airflow/dags/silver_to_gold_feature_engineering.py took 0.167 seconds
[2025-04-28T13:05:03.899+0000] {processor.py:161} INFO - Started process (PID=6183) to work on /opt/airflow/dags/silver_to_gold_feature_engineering.py
[2025-04-28T13:05:03.900+0000] {processor.py:830} INFO - Processing file /opt/airflow/dags/silver_to_gold_feature_engineering.py for tasks to queue
[2025-04-28T13:05:03.901+0000] {logging_mixin.py:188} INFO - [2025-04-28T13:05:03.901+0000] {dagbag.py:540} INFO - Filling up the DagBag from /opt/airflow/dags/silver_to_gold_feature_engineering.py
[2025-04-28T13:05:04.041+0000] {processor.py:840} INFO - DAG(s) 'silver_to_gold_feature_engineering' retrieved from /opt/airflow/dags/silver_to_gold_feature_engineering.py
[2025-04-28T13:05:04.055+0000] {logging_mixin.py:188} INFO - [2025-04-28T13:05:04.055+0000] {dag.py:3096} INFO - Sync 1 DAGs
[2025-04-28T13:05:04.061+0000] {logging_mixin.py:188} INFO - [2025-04-28T13:05:04.061+0000] {dag.py:3954} INFO - Setting next_dagrun for silver_to_gold_feature_engineering to None, run_after=None
[2025-04-28T13:05:04.069+0000] {processor.py:183} INFO - Processing /opt/airflow/dags/silver_to_gold_feature_engineering.py took 0.173 seconds
[2025-04-28T13:05:34.756+0000] {processor.py:161} INFO - Started process (PID=6218) to work on /opt/airflow/dags/silver_to_gold_feature_engineering.py
[2025-04-28T13:05:34.757+0000] {processor.py:830} INFO - Processing file /opt/airflow/dags/silver_to_gold_feature_engineering.py for tasks to queue
[2025-04-28T13:05:34.759+0000] {logging_mixin.py:188} INFO - [2025-04-28T13:05:34.758+0000] {dagbag.py:540} INFO - Filling up the DagBag from /opt/airflow/dags/silver_to_gold_feature_engineering.py
[2025-04-28T13:05:34.898+0000] {processor.py:840} INFO - DAG(s) 'silver_to_gold_feature_engineering' retrieved from /opt/airflow/dags/silver_to_gold_feature_engineering.py
[2025-04-28T13:05:34.912+0000] {logging_mixin.py:188} INFO - [2025-04-28T13:05:34.911+0000] {dag.py:3096} INFO - Sync 1 DAGs
[2025-04-28T13:05:34.917+0000] {logging_mixin.py:188} INFO - [2025-04-28T13:05:34.917+0000] {dag.py:3954} INFO - Setting next_dagrun for silver_to_gold_feature_engineering to None, run_after=None
[2025-04-28T13:05:34.925+0000] {processor.py:183} INFO - Processing /opt/airflow/dags/silver_to_gold_feature_engineering.py took 0.172 seconds
[2025-04-28T13:06:05.569+0000] {processor.py:161} INFO - Started process (PID=6253) to work on /opt/airflow/dags/silver_to_gold_feature_engineering.py
[2025-04-28T13:06:05.570+0000] {processor.py:830} INFO - Processing file /opt/airflow/dags/silver_to_gold_feature_engineering.py for tasks to queue
[2025-04-28T13:06:05.571+0000] {logging_mixin.py:188} INFO - [2025-04-28T13:06:05.571+0000] {dagbag.py:540} INFO - Filling up the DagBag from /opt/airflow/dags/silver_to_gold_feature_engineering.py
[2025-04-28T13:06:05.714+0000] {processor.py:840} INFO - DAG(s) 'silver_to_gold_feature_engineering' retrieved from /opt/airflow/dags/silver_to_gold_feature_engineering.py
[2025-04-28T13:06:05.726+0000] {logging_mixin.py:188} INFO - [2025-04-28T13:06:05.726+0000] {dag.py:3096} INFO - Sync 1 DAGs
[2025-04-28T13:06:05.731+0000] {logging_mixin.py:188} INFO - [2025-04-28T13:06:05.731+0000] {dag.py:3954} INFO - Setting next_dagrun for silver_to_gold_feature_engineering to None, run_after=None
[2025-04-28T13:06:05.741+0000] {processor.py:183} INFO - Processing /opt/airflow/dags/silver_to_gold_feature_engineering.py took 0.175 seconds
[2025-04-28T13:06:36.400+0000] {processor.py:161} INFO - Started process (PID=6288) to work on /opt/airflow/dags/silver_to_gold_feature_engineering.py
[2025-04-28T13:06:36.400+0000] {processor.py:830} INFO - Processing file /opt/airflow/dags/silver_to_gold_feature_engineering.py for tasks to queue
[2025-04-28T13:06:36.401+0000] {logging_mixin.py:188} INFO - [2025-04-28T13:06:36.401+0000] {dagbag.py:540} INFO - Filling up the DagBag from /opt/airflow/dags/silver_to_gold_feature_engineering.py
[2025-04-28T13:06:36.540+0000] {processor.py:840} INFO - DAG(s) 'silver_to_gold_feature_engineering' retrieved from /opt/airflow/dags/silver_to_gold_feature_engineering.py
[2025-04-28T13:06:36.552+0000] {logging_mixin.py:188} INFO - [2025-04-28T13:06:36.552+0000] {dag.py:3096} INFO - Sync 1 DAGs
[2025-04-28T13:06:36.558+0000] {logging_mixin.py:188} INFO - [2025-04-28T13:06:36.558+0000] {dag.py:3954} INFO - Setting next_dagrun for silver_to_gold_feature_engineering to None, run_after=None
[2025-04-28T13:06:36.566+0000] {processor.py:183} INFO - Processing /opt/airflow/dags/silver_to_gold_feature_engineering.py took 0.169 seconds
[2025-04-28T13:07:07.181+0000] {processor.py:161} INFO - Started process (PID=6323) to work on /opt/airflow/dags/silver_to_gold_feature_engineering.py
[2025-04-28T13:07:07.182+0000] {processor.py:830} INFO - Processing file /opt/airflow/dags/silver_to_gold_feature_engineering.py for tasks to queue
[2025-04-28T13:07:07.183+0000] {logging_mixin.py:188} INFO - [2025-04-28T13:07:07.183+0000] {dagbag.py:540} INFO - Filling up the DagBag from /opt/airflow/dags/silver_to_gold_feature_engineering.py
[2025-04-28T13:07:07.331+0000] {processor.py:840} INFO - DAG(s) 'silver_to_gold_feature_engineering' retrieved from /opt/airflow/dags/silver_to_gold_feature_engineering.py
[2025-04-28T13:07:07.344+0000] {logging_mixin.py:188} INFO - [2025-04-28T13:07:07.344+0000] {dag.py:3096} INFO - Sync 1 DAGs
[2025-04-28T13:07:07.349+0000] {logging_mixin.py:188} INFO - [2025-04-28T13:07:07.349+0000] {dag.py:3954} INFO - Setting next_dagrun for silver_to_gold_feature_engineering to None, run_after=None
[2025-04-28T13:07:07.357+0000] {processor.py:183} INFO - Processing /opt/airflow/dags/silver_to_gold_feature_engineering.py took 0.179 seconds
[2025-04-28T13:07:37.959+0000] {processor.py:161} INFO - Started process (PID=6358) to work on /opt/airflow/dags/silver_to_gold_feature_engineering.py
[2025-04-28T13:07:37.960+0000] {processor.py:830} INFO - Processing file /opt/airflow/dags/silver_to_gold_feature_engineering.py for tasks to queue
[2025-04-28T13:07:37.961+0000] {logging_mixin.py:188} INFO - [2025-04-28T13:07:37.961+0000] {dagbag.py:540} INFO - Filling up the DagBag from /opt/airflow/dags/silver_to_gold_feature_engineering.py
[2025-04-28T13:07:38.100+0000] {processor.py:840} INFO - DAG(s) 'silver_to_gold_feature_engineering' retrieved from /opt/airflow/dags/silver_to_gold_feature_engineering.py
[2025-04-28T13:07:38.113+0000] {logging_mixin.py:188} INFO - [2025-04-28T13:07:38.112+0000] {dag.py:3096} INFO - Sync 1 DAGs
[2025-04-28T13:07:38.118+0000] {logging_mixin.py:188} INFO - [2025-04-28T13:07:38.118+0000] {dag.py:3954} INFO - Setting next_dagrun for silver_to_gold_feature_engineering to None, run_after=None
[2025-04-28T13:07:38.127+0000] {processor.py:183} INFO - Processing /opt/airflow/dags/silver_to_gold_feature_engineering.py took 0.171 seconds
[2025-04-28T13:08:08.790+0000] {processor.py:161} INFO - Started process (PID=6393) to work on /opt/airflow/dags/silver_to_gold_feature_engineering.py
[2025-04-28T13:08:08.793+0000] {processor.py:830} INFO - Processing file /opt/airflow/dags/silver_to_gold_feature_engineering.py for tasks to queue
[2025-04-28T13:08:08.794+0000] {logging_mixin.py:188} INFO - [2025-04-28T13:08:08.794+0000] {dagbag.py:540} INFO - Filling up the DagBag from /opt/airflow/dags/silver_to_gold_feature_engineering.py
[2025-04-28T13:08:08.928+0000] {processor.py:840} INFO - DAG(s) 'silver_to_gold_feature_engineering' retrieved from /opt/airflow/dags/silver_to_gold_feature_engineering.py
[2025-04-28T13:08:08.943+0000] {logging_mixin.py:188} INFO - [2025-04-28T13:08:08.942+0000] {dag.py:3096} INFO - Sync 1 DAGs
[2025-04-28T13:08:08.949+0000] {logging_mixin.py:188} INFO - [2025-04-28T13:08:08.948+0000] {dag.py:3954} INFO - Setting next_dagrun for silver_to_gold_feature_engineering to None, run_after=None
[2025-04-28T13:08:08.959+0000] {processor.py:183} INFO - Processing /opt/airflow/dags/silver_to_gold_feature_engineering.py took 0.172 seconds
[2025-04-28T13:08:39.558+0000] {processor.py:161} INFO - Started process (PID=6428) to work on /opt/airflow/dags/silver_to_gold_feature_engineering.py
[2025-04-28T13:08:39.558+0000] {processor.py:830} INFO - Processing file /opt/airflow/dags/silver_to_gold_feature_engineering.py for tasks to queue
[2025-04-28T13:08:39.559+0000] {logging_mixin.py:188} INFO - [2025-04-28T13:08:39.559+0000] {dagbag.py:540} INFO - Filling up the DagBag from /opt/airflow/dags/silver_to_gold_feature_engineering.py
[2025-04-28T13:08:39.696+0000] {processor.py:840} INFO - DAG(s) 'silver_to_gold_feature_engineering' retrieved from /opt/airflow/dags/silver_to_gold_feature_engineering.py
[2025-04-28T13:08:39.708+0000] {logging_mixin.py:188} INFO - [2025-04-28T13:08:39.708+0000] {dag.py:3096} INFO - Sync 1 DAGs
[2025-04-28T13:08:39.714+0000] {logging_mixin.py:188} INFO - [2025-04-28T13:08:39.714+0000] {dag.py:3954} INFO - Setting next_dagrun for silver_to_gold_feature_engineering to None, run_after=None
[2025-04-28T13:08:39.722+0000] {processor.py:183} INFO - Processing /opt/airflow/dags/silver_to_gold_feature_engineering.py took 0.167 seconds
[2025-04-28T13:09:10.439+0000] {processor.py:161} INFO - Started process (PID=6463) to work on /opt/airflow/dags/silver_to_gold_feature_engineering.py
[2025-04-28T13:09:10.440+0000] {processor.py:830} INFO - Processing file /opt/airflow/dags/silver_to_gold_feature_engineering.py for tasks to queue
[2025-04-28T13:09:10.441+0000] {logging_mixin.py:188} INFO - [2025-04-28T13:09:10.441+0000] {dagbag.py:540} INFO - Filling up the DagBag from /opt/airflow/dags/silver_to_gold_feature_engineering.py
[2025-04-28T13:09:10.582+0000] {processor.py:840} INFO - DAG(s) 'silver_to_gold_feature_engineering' retrieved from /opt/airflow/dags/silver_to_gold_feature_engineering.py
[2025-04-28T13:09:10.596+0000] {logging_mixin.py:188} INFO - [2025-04-28T13:09:10.596+0000] {dag.py:3096} INFO - Sync 1 DAGs
[2025-04-28T13:09:10.603+0000] {logging_mixin.py:188} INFO - [2025-04-28T13:09:10.602+0000] {dag.py:3954} INFO - Setting next_dagrun for silver_to_gold_feature_engineering to None, run_after=None
[2025-04-28T13:09:10.612+0000] {processor.py:183} INFO - Processing /opt/airflow/dags/silver_to_gold_feature_engineering.py took 0.176 seconds
[2025-04-28T13:09:41.193+0000] {processor.py:161} INFO - Started process (PID=6498) to work on /opt/airflow/dags/silver_to_gold_feature_engineering.py
[2025-04-28T13:09:41.193+0000] {processor.py:830} INFO - Processing file /opt/airflow/dags/silver_to_gold_feature_engineering.py for tasks to queue
[2025-04-28T13:09:41.194+0000] {logging_mixin.py:188} INFO - [2025-04-28T13:09:41.194+0000] {dagbag.py:540} INFO - Filling up the DagBag from /opt/airflow/dags/silver_to_gold_feature_engineering.py
[2025-04-28T13:09:41.342+0000] {processor.py:840} INFO - DAG(s) 'silver_to_gold_feature_engineering' retrieved from /opt/airflow/dags/silver_to_gold_feature_engineering.py
[2025-04-28T13:09:41.355+0000] {logging_mixin.py:188} INFO - [2025-04-28T13:09:41.355+0000] {dag.py:3096} INFO - Sync 1 DAGs
[2025-04-28T13:09:41.361+0000] {logging_mixin.py:188} INFO - [2025-04-28T13:09:41.361+0000] {dag.py:3954} INFO - Setting next_dagrun for silver_to_gold_feature_engineering to None, run_after=None
[2025-04-28T13:09:41.369+0000] {processor.py:183} INFO - Processing /opt/airflow/dags/silver_to_gold_feature_engineering.py took 0.180 seconds
[2025-04-28T13:10:12.011+0000] {processor.py:161} INFO - Started process (PID=6533) to work on /opt/airflow/dags/silver_to_gold_feature_engineering.py
[2025-04-28T13:10:12.012+0000] {processor.py:830} INFO - Processing file /opt/airflow/dags/silver_to_gold_feature_engineering.py for tasks to queue
[2025-04-28T13:10:12.013+0000] {logging_mixin.py:188} INFO - [2025-04-28T13:10:12.012+0000] {dagbag.py:540} INFO - Filling up the DagBag from /opt/airflow/dags/silver_to_gold_feature_engineering.py
[2025-04-28T13:10:12.156+0000] {processor.py:840} INFO - DAG(s) 'silver_to_gold_feature_engineering' retrieved from /opt/airflow/dags/silver_to_gold_feature_engineering.py
[2025-04-28T13:10:12.169+0000] {logging_mixin.py:188} INFO - [2025-04-28T13:10:12.169+0000] {dag.py:3096} INFO - Sync 1 DAGs
[2025-04-28T13:10:12.175+0000] {logging_mixin.py:188} INFO - [2025-04-28T13:10:12.175+0000] {dag.py:3954} INFO - Setting next_dagrun for silver_to_gold_feature_engineering to None, run_after=None
[2025-04-28T13:10:12.183+0000] {processor.py:183} INFO - Processing /opt/airflow/dags/silver_to_gold_feature_engineering.py took 0.175 seconds
[2025-04-28T13:10:42.818+0000] {processor.py:161} INFO - Started process (PID=6568) to work on /opt/airflow/dags/silver_to_gold_feature_engineering.py
[2025-04-28T13:10:42.819+0000] {processor.py:830} INFO - Processing file /opt/airflow/dags/silver_to_gold_feature_engineering.py for tasks to queue
[2025-04-28T13:10:42.820+0000] {logging_mixin.py:188} INFO - [2025-04-28T13:10:42.819+0000] {dagbag.py:540} INFO - Filling up the DagBag from /opt/airflow/dags/silver_to_gold_feature_engineering.py
[2025-04-28T13:10:42.961+0000] {processor.py:840} INFO - DAG(s) 'silver_to_gold_feature_engineering' retrieved from /opt/airflow/dags/silver_to_gold_feature_engineering.py
[2025-04-28T13:10:42.973+0000] {logging_mixin.py:188} INFO - [2025-04-28T13:10:42.973+0000] {dag.py:3096} INFO - Sync 1 DAGs
[2025-04-28T13:10:42.978+0000] {logging_mixin.py:188} INFO - [2025-04-28T13:10:42.978+0000] {dag.py:3954} INFO - Setting next_dagrun for silver_to_gold_feature_engineering to None, run_after=None
[2025-04-28T13:10:42.987+0000] {processor.py:183} INFO - Processing /opt/airflow/dags/silver_to_gold_feature_engineering.py took 0.172 seconds
[2025-04-28T13:11:13.619+0000] {processor.py:161} INFO - Started process (PID=6603) to work on /opt/airflow/dags/silver_to_gold_feature_engineering.py
[2025-04-28T13:11:13.620+0000] {processor.py:830} INFO - Processing file /opt/airflow/dags/silver_to_gold_feature_engineering.py for tasks to queue
[2025-04-28T13:11:13.621+0000] {logging_mixin.py:188} INFO - [2025-04-28T13:11:13.621+0000] {dagbag.py:540} INFO - Filling up the DagBag from /opt/airflow/dags/silver_to_gold_feature_engineering.py
[2025-04-28T13:11:13.763+0000] {processor.py:840} INFO - DAG(s) 'silver_to_gold_feature_engineering' retrieved from /opt/airflow/dags/silver_to_gold_feature_engineering.py
[2025-04-28T13:11:13.778+0000] {logging_mixin.py:188} INFO - [2025-04-28T13:11:13.778+0000] {dag.py:3096} INFO - Sync 1 DAGs
[2025-04-28T13:11:13.784+0000] {logging_mixin.py:188} INFO - [2025-04-28T13:11:13.783+0000] {dag.py:3954} INFO - Setting next_dagrun for silver_to_gold_feature_engineering to None, run_after=None
[2025-04-28T13:11:13.793+0000] {processor.py:183} INFO - Processing /opt/airflow/dags/silver_to_gold_feature_engineering.py took 0.177 seconds
[2025-04-28T13:11:44.357+0000] {processor.py:161} INFO - Started process (PID=6638) to work on /opt/airflow/dags/silver_to_gold_feature_engineering.py
[2025-04-28T13:11:44.358+0000] {processor.py:830} INFO - Processing file /opt/airflow/dags/silver_to_gold_feature_engineering.py for tasks to queue
[2025-04-28T13:11:44.359+0000] {logging_mixin.py:188} INFO - [2025-04-28T13:11:44.359+0000] {dagbag.py:540} INFO - Filling up the DagBag from /opt/airflow/dags/silver_to_gold_feature_engineering.py
[2025-04-28T13:11:44.496+0000] {processor.py:840} INFO - DAG(s) 'silver_to_gold_feature_engineering' retrieved from /opt/airflow/dags/silver_to_gold_feature_engineering.py
[2025-04-28T13:11:44.508+0000] {logging_mixin.py:188} INFO - [2025-04-28T13:11:44.508+0000] {dag.py:3096} INFO - Sync 1 DAGs
[2025-04-28T13:11:44.514+0000] {logging_mixin.py:188} INFO - [2025-04-28T13:11:44.513+0000] {dag.py:3954} INFO - Setting next_dagrun for silver_to_gold_feature_engineering to None, run_after=None
[2025-04-28T13:11:44.521+0000] {processor.py:183} INFO - Processing /opt/airflow/dags/silver_to_gold_feature_engineering.py took 0.167 seconds
[2025-04-28T13:12:15.151+0000] {processor.py:161} INFO - Started process (PID=6673) to work on /opt/airflow/dags/silver_to_gold_feature_engineering.py
[2025-04-28T13:12:15.152+0000] {processor.py:830} INFO - Processing file /opt/airflow/dags/silver_to_gold_feature_engineering.py for tasks to queue
[2025-04-28T13:12:15.154+0000] {logging_mixin.py:188} INFO - [2025-04-28T13:12:15.153+0000] {dagbag.py:540} INFO - Filling up the DagBag from /opt/airflow/dags/silver_to_gold_feature_engineering.py
[2025-04-28T13:12:15.295+0000] {processor.py:840} INFO - DAG(s) 'silver_to_gold_feature_engineering' retrieved from /opt/airflow/dags/silver_to_gold_feature_engineering.py
[2025-04-28T13:12:15.308+0000] {logging_mixin.py:188} INFO - [2025-04-28T13:12:15.308+0000] {dag.py:3096} INFO - Sync 1 DAGs
[2025-04-28T13:12:15.314+0000] {logging_mixin.py:188} INFO - [2025-04-28T13:12:15.314+0000] {dag.py:3954} INFO - Setting next_dagrun for silver_to_gold_feature_engineering to None, run_after=None
[2025-04-28T13:12:15.323+0000] {processor.py:183} INFO - Processing /opt/airflow/dags/silver_to_gold_feature_engineering.py took 0.175 seconds
[2025-04-28T13:12:45.955+0000] {processor.py:161} INFO - Started process (PID=6708) to work on /opt/airflow/dags/silver_to_gold_feature_engineering.py
[2025-04-28T13:12:45.956+0000] {processor.py:830} INFO - Processing file /opt/airflow/dags/silver_to_gold_feature_engineering.py for tasks to queue
[2025-04-28T13:12:45.958+0000] {logging_mixin.py:188} INFO - [2025-04-28T13:12:45.958+0000] {dagbag.py:540} INFO - Filling up the DagBag from /opt/airflow/dags/silver_to_gold_feature_engineering.py
[2025-04-28T13:12:46.098+0000] {processor.py:840} INFO - DAG(s) 'silver_to_gold_feature_engineering' retrieved from /opt/airflow/dags/silver_to_gold_feature_engineering.py
[2025-04-28T13:12:46.111+0000] {logging_mixin.py:188} INFO - [2025-04-28T13:12:46.110+0000] {dag.py:3096} INFO - Sync 1 DAGs
[2025-04-28T13:12:46.116+0000] {logging_mixin.py:188} INFO - [2025-04-28T13:12:46.116+0000] {dag.py:3954} INFO - Setting next_dagrun for silver_to_gold_feature_engineering to None, run_after=None
[2025-04-28T13:12:46.124+0000] {processor.py:183} INFO - Processing /opt/airflow/dags/silver_to_gold_feature_engineering.py took 0.172 seconds
[2025-04-28T13:13:16.756+0000] {processor.py:161} INFO - Started process (PID=6743) to work on /opt/airflow/dags/silver_to_gold_feature_engineering.py
[2025-04-28T13:13:16.756+0000] {processor.py:830} INFO - Processing file /opt/airflow/dags/silver_to_gold_feature_engineering.py for tasks to queue
[2025-04-28T13:13:16.757+0000] {logging_mixin.py:188} INFO - [2025-04-28T13:13:16.757+0000] {dagbag.py:540} INFO - Filling up the DagBag from /opt/airflow/dags/silver_to_gold_feature_engineering.py
[2025-04-28T13:13:16.899+0000] {processor.py:840} INFO - DAG(s) 'silver_to_gold_feature_engineering' retrieved from /opt/airflow/dags/silver_to_gold_feature_engineering.py
[2025-04-28T13:13:16.911+0000] {logging_mixin.py:188} INFO - [2025-04-28T13:13:16.911+0000] {dag.py:3096} INFO - Sync 1 DAGs
[2025-04-28T13:13:16.916+0000] {logging_mixin.py:188} INFO - [2025-04-28T13:13:16.916+0000] {dag.py:3954} INFO - Setting next_dagrun for silver_to_gold_feature_engineering to None, run_after=None
[2025-04-28T13:13:16.924+0000] {processor.py:183} INFO - Processing /opt/airflow/dags/silver_to_gold_feature_engineering.py took 0.171 seconds
[2025-04-28T13:13:47.616+0000] {processor.py:161} INFO - Started process (PID=6778) to work on /opt/airflow/dags/silver_to_gold_feature_engineering.py
[2025-04-28T13:13:47.620+0000] {processor.py:830} INFO - Processing file /opt/airflow/dags/silver_to_gold_feature_engineering.py for tasks to queue
[2025-04-28T13:13:47.621+0000] {logging_mixin.py:188} INFO - [2025-04-28T13:13:47.620+0000] {dagbag.py:540} INFO - Filling up the DagBag from /opt/airflow/dags/silver_to_gold_feature_engineering.py
[2025-04-28T13:13:47.798+0000] {processor.py:840} INFO - DAG(s) 'silver_to_gold_feature_engineering' retrieved from /opt/airflow/dags/silver_to_gold_feature_engineering.py
[2025-04-28T13:13:47.812+0000] {logging_mixin.py:188} INFO - [2025-04-28T13:13:47.812+0000] {dag.py:3096} INFO - Sync 1 DAGs
[2025-04-28T13:13:47.818+0000] {logging_mixin.py:188} INFO - [2025-04-28T13:13:47.818+0000] {dag.py:3954} INFO - Setting next_dagrun for silver_to_gold_feature_engineering to None, run_after=None
[2025-04-28T13:13:47.826+0000] {processor.py:183} INFO - Processing /opt/airflow/dags/silver_to_gold_feature_engineering.py took 0.214 seconds
[2025-04-28T13:14:18.458+0000] {processor.py:161} INFO - Started process (PID=6813) to work on /opt/airflow/dags/silver_to_gold_feature_engineering.py
[2025-04-28T13:14:18.459+0000] {processor.py:830} INFO - Processing file /opt/airflow/dags/silver_to_gold_feature_engineering.py for tasks to queue
[2025-04-28T13:14:18.461+0000] {logging_mixin.py:188} INFO - [2025-04-28T13:14:18.461+0000] {dagbag.py:540} INFO - Filling up the DagBag from /opt/airflow/dags/silver_to_gold_feature_engineering.py
[2025-04-28T13:14:18.605+0000] {processor.py:840} INFO - DAG(s) 'silver_to_gold_feature_engineering' retrieved from /opt/airflow/dags/silver_to_gold_feature_engineering.py
[2025-04-28T13:14:18.618+0000] {logging_mixin.py:188} INFO - [2025-04-28T13:14:18.618+0000] {dag.py:3096} INFO - Sync 1 DAGs
[2025-04-28T13:14:18.624+0000] {logging_mixin.py:188} INFO - [2025-04-28T13:14:18.624+0000] {dag.py:3954} INFO - Setting next_dagrun for silver_to_gold_feature_engineering to None, run_after=None
[2025-04-28T13:14:18.632+0000] {processor.py:183} INFO - Processing /opt/airflow/dags/silver_to_gold_feature_engineering.py took 0.177 seconds
[2025-04-28T13:14:49.271+0000] {processor.py:161} INFO - Started process (PID=6848) to work on /opt/airflow/dags/silver_to_gold_feature_engineering.py
[2025-04-28T13:14:49.273+0000] {processor.py:830} INFO - Processing file /opt/airflow/dags/silver_to_gold_feature_engineering.py for tasks to queue
[2025-04-28T13:14:49.273+0000] {logging_mixin.py:188} INFO - [2025-04-28T13:14:49.273+0000] {dagbag.py:540} INFO - Filling up the DagBag from /opt/airflow/dags/silver_to_gold_feature_engineering.py
[2025-04-28T13:14:49.424+0000] {processor.py:840} INFO - DAG(s) 'silver_to_gold_feature_engineering' retrieved from /opt/airflow/dags/silver_to_gold_feature_engineering.py
[2025-04-28T13:14:49.438+0000] {logging_mixin.py:188} INFO - [2025-04-28T13:14:49.437+0000] {dag.py:3096} INFO - Sync 1 DAGs
[2025-04-28T13:14:49.444+0000] {logging_mixin.py:188} INFO - [2025-04-28T13:14:49.444+0000] {dag.py:3954} INFO - Setting next_dagrun for silver_to_gold_feature_engineering to None, run_after=None
[2025-04-28T13:14:49.453+0000] {processor.py:183} INFO - Processing /opt/airflow/dags/silver_to_gold_feature_engineering.py took 0.185 seconds
[2025-04-28T13:15:20.050+0000] {processor.py:161} INFO - Started process (PID=6883) to work on /opt/airflow/dags/silver_to_gold_feature_engineering.py
[2025-04-28T13:15:20.050+0000] {processor.py:830} INFO - Processing file /opt/airflow/dags/silver_to_gold_feature_engineering.py for tasks to queue
[2025-04-28T13:15:20.051+0000] {logging_mixin.py:188} INFO - [2025-04-28T13:15:20.051+0000] {dagbag.py:540} INFO - Filling up the DagBag from /opt/airflow/dags/silver_to_gold_feature_engineering.py
[2025-04-28T13:15:20.194+0000] {processor.py:840} INFO - DAG(s) 'silver_to_gold_feature_engineering' retrieved from /opt/airflow/dags/silver_to_gold_feature_engineering.py
[2025-04-28T13:15:20.206+0000] {logging_mixin.py:188} INFO - [2025-04-28T13:15:20.206+0000] {dag.py:3096} INFO - Sync 1 DAGs
[2025-04-28T13:15:20.211+0000] {logging_mixin.py:188} INFO - [2025-04-28T13:15:20.211+0000] {dag.py:3954} INFO - Setting next_dagrun for silver_to_gold_feature_engineering to None, run_after=None
[2025-04-28T13:15:20.220+0000] {processor.py:183} INFO - Processing /opt/airflow/dags/silver_to_gold_feature_engineering.py took 0.173 seconds
[2025-04-28T13:15:50.928+0000] {processor.py:161} INFO - Started process (PID=6918) to work on /opt/airflow/dags/silver_to_gold_feature_engineering.py
[2025-04-28T13:15:50.933+0000] {processor.py:830} INFO - Processing file /opt/airflow/dags/silver_to_gold_feature_engineering.py for tasks to queue
[2025-04-28T13:15:50.934+0000] {logging_mixin.py:188} INFO - [2025-04-28T13:15:50.934+0000] {dagbag.py:540} INFO - Filling up the DagBag from /opt/airflow/dags/silver_to_gold_feature_engineering.py
[2025-04-28T13:15:51.076+0000] {processor.py:840} INFO - DAG(s) 'silver_to_gold_feature_engineering' retrieved from /opt/airflow/dags/silver_to_gold_feature_engineering.py
[2025-04-28T13:15:51.090+0000] {logging_mixin.py:188} INFO - [2025-04-28T13:15:51.090+0000] {dag.py:3096} INFO - Sync 1 DAGs
[2025-04-28T13:15:51.095+0000] {logging_mixin.py:188} INFO - [2025-04-28T13:15:51.095+0000] {dag.py:3954} INFO - Setting next_dagrun for silver_to_gold_feature_engineering to None, run_after=None
[2025-04-28T13:15:51.103+0000] {processor.py:183} INFO - Processing /opt/airflow/dags/silver_to_gold_feature_engineering.py took 0.178 seconds
[2025-04-28T13:16:21.700+0000] {processor.py:161} INFO - Started process (PID=6953) to work on /opt/airflow/dags/silver_to_gold_feature_engineering.py
[2025-04-28T13:16:21.701+0000] {processor.py:830} INFO - Processing file /opt/airflow/dags/silver_to_gold_feature_engineering.py for tasks to queue
[2025-04-28T13:16:21.702+0000] {logging_mixin.py:188} INFO - [2025-04-28T13:16:21.702+0000] {dagbag.py:540} INFO - Filling up the DagBag from /opt/airflow/dags/silver_to_gold_feature_engineering.py
[2025-04-28T13:16:21.837+0000] {processor.py:840} INFO - DAG(s) 'silver_to_gold_feature_engineering' retrieved from /opt/airflow/dags/silver_to_gold_feature_engineering.py
[2025-04-28T13:16:21.849+0000] {logging_mixin.py:188} INFO - [2025-04-28T13:16:21.849+0000] {dag.py:3096} INFO - Sync 1 DAGs
[2025-04-28T13:16:21.855+0000] {logging_mixin.py:188} INFO - [2025-04-28T13:16:21.855+0000] {dag.py:3954} INFO - Setting next_dagrun for silver_to_gold_feature_engineering to None, run_after=None
[2025-04-28T13:16:21.863+0000] {processor.py:183} INFO - Processing /opt/airflow/dags/silver_to_gold_feature_engineering.py took 0.166 seconds
[2025-04-28T13:16:52.490+0000] {processor.py:161} INFO - Started process (PID=6988) to work on /opt/airflow/dags/silver_to_gold_feature_engineering.py
[2025-04-28T13:16:52.491+0000] {processor.py:830} INFO - Processing file /opt/airflow/dags/silver_to_gold_feature_engineering.py for tasks to queue
[2025-04-28T13:16:52.492+0000] {logging_mixin.py:188} INFO - [2025-04-28T13:16:52.492+0000] {dagbag.py:540} INFO - Filling up the DagBag from /opt/airflow/dags/silver_to_gold_feature_engineering.py
[2025-04-28T13:16:52.628+0000] {processor.py:840} INFO - DAG(s) 'silver_to_gold_feature_engineering' retrieved from /opt/airflow/dags/silver_to_gold_feature_engineering.py
[2025-04-28T13:16:52.640+0000] {logging_mixin.py:188} INFO - [2025-04-28T13:16:52.640+0000] {dag.py:3096} INFO - Sync 1 DAGs
[2025-04-28T13:16:52.645+0000] {logging_mixin.py:188} INFO - [2025-04-28T13:16:52.645+0000] {dag.py:3954} INFO - Setting next_dagrun for silver_to_gold_feature_engineering to None, run_after=None
[2025-04-28T13:16:52.654+0000] {processor.py:183} INFO - Processing /opt/airflow/dags/silver_to_gold_feature_engineering.py took 0.166 seconds
[2025-04-28T13:17:23.315+0000] {processor.py:161} INFO - Started process (PID=7023) to work on /opt/airflow/dags/silver_to_gold_feature_engineering.py
[2025-04-28T13:17:23.318+0000] {processor.py:830} INFO - Processing file /opt/airflow/dags/silver_to_gold_feature_engineering.py for tasks to queue
[2025-04-28T13:17:23.319+0000] {logging_mixin.py:188} INFO - [2025-04-28T13:17:23.318+0000] {dagbag.py:540} INFO - Filling up the DagBag from /opt/airflow/dags/silver_to_gold_feature_engineering.py
[2025-04-28T13:17:23.454+0000] {processor.py:840} INFO - DAG(s) 'silver_to_gold_feature_engineering' retrieved from /opt/airflow/dags/silver_to_gold_feature_engineering.py
[2025-04-28T13:17:23.466+0000] {logging_mixin.py:188} INFO - [2025-04-28T13:17:23.466+0000] {dag.py:3096} INFO - Sync 1 DAGs
[2025-04-28T13:17:23.471+0000] {logging_mixin.py:188} INFO - [2025-04-28T13:17:23.471+0000] {dag.py:3954} INFO - Setting next_dagrun for silver_to_gold_feature_engineering to None, run_after=None
[2025-04-28T13:17:23.479+0000] {processor.py:183} INFO - Processing /opt/airflow/dags/silver_to_gold_feature_engineering.py took 0.168 seconds
[2025-04-28T13:17:54.123+0000] {processor.py:161} INFO - Started process (PID=7057) to work on /opt/airflow/dags/silver_to_gold_feature_engineering.py
[2025-04-28T13:17:54.125+0000] {processor.py:830} INFO - Processing file /opt/airflow/dags/silver_to_gold_feature_engineering.py for tasks to queue
[2025-04-28T13:17:54.126+0000] {logging_mixin.py:188} INFO - [2025-04-28T13:17:54.126+0000] {dagbag.py:540} INFO - Filling up the DagBag from /opt/airflow/dags/silver_to_gold_feature_engineering.py
[2025-04-28T13:17:54.267+0000] {processor.py:840} INFO - DAG(s) 'silver_to_gold_feature_engineering' retrieved from /opt/airflow/dags/silver_to_gold_feature_engineering.py
[2025-04-28T13:17:54.284+0000] {logging_mixin.py:188} INFO - [2025-04-28T13:17:54.284+0000] {dag.py:3096} INFO - Sync 1 DAGs
[2025-04-28T13:17:54.290+0000] {logging_mixin.py:188} INFO - [2025-04-28T13:17:54.290+0000] {dag.py:3954} INFO - Setting next_dagrun for silver_to_gold_feature_engineering to None, run_after=None
[2025-04-28T13:17:54.299+0000] {processor.py:183} INFO - Processing /opt/airflow/dags/silver_to_gold_feature_engineering.py took 0.179 seconds
[2025-04-28T13:18:25.107+0000] {processor.py:161} INFO - Started process (PID=7093) to work on /opt/airflow/dags/silver_to_gold_feature_engineering.py
[2025-04-28T13:18:25.108+0000] {processor.py:830} INFO - Processing file /opt/airflow/dags/silver_to_gold_feature_engineering.py for tasks to queue
[2025-04-28T13:18:25.109+0000] {logging_mixin.py:188} INFO - [2025-04-28T13:18:25.109+0000] {dagbag.py:540} INFO - Filling up the DagBag from /opt/airflow/dags/silver_to_gold_feature_engineering.py
[2025-04-28T13:18:25.246+0000] {processor.py:840} INFO - DAG(s) 'silver_to_gold_feature_engineering' retrieved from /opt/airflow/dags/silver_to_gold_feature_engineering.py
[2025-04-28T13:18:25.258+0000] {logging_mixin.py:188} INFO - [2025-04-28T13:18:25.258+0000] {dag.py:3096} INFO - Sync 1 DAGs
[2025-04-28T13:18:25.263+0000] {logging_mixin.py:188} INFO - [2025-04-28T13:18:25.263+0000] {dag.py:3954} INFO - Setting next_dagrun for silver_to_gold_feature_engineering to None, run_after=None
[2025-04-28T13:18:25.272+0000] {processor.py:183} INFO - Processing /opt/airflow/dags/silver_to_gold_feature_engineering.py took 0.167 seconds
[2025-04-28T13:18:55.898+0000] {processor.py:161} INFO - Started process (PID=7128) to work on /opt/airflow/dags/silver_to_gold_feature_engineering.py
[2025-04-28T13:18:55.901+0000] {processor.py:830} INFO - Processing file /opt/airflow/dags/silver_to_gold_feature_engineering.py for tasks to queue
[2025-04-28T13:18:55.902+0000] {logging_mixin.py:188} INFO - [2025-04-28T13:18:55.902+0000] {dagbag.py:540} INFO - Filling up the DagBag from /opt/airflow/dags/silver_to_gold_feature_engineering.py
[2025-04-28T13:18:56.034+0000] {processor.py:840} INFO - DAG(s) 'silver_to_gold_feature_engineering' retrieved from /opt/airflow/dags/silver_to_gold_feature_engineering.py
[2025-04-28T13:18:56.046+0000] {logging_mixin.py:188} INFO - [2025-04-28T13:18:56.046+0000] {dag.py:3096} INFO - Sync 1 DAGs
[2025-04-28T13:18:56.052+0000] {logging_mixin.py:188} INFO - [2025-04-28T13:18:56.051+0000] {dag.py:3954} INFO - Setting next_dagrun for silver_to_gold_feature_engineering to None, run_after=None
[2025-04-28T13:18:56.060+0000] {processor.py:183} INFO - Processing /opt/airflow/dags/silver_to_gold_feature_engineering.py took 0.164 seconds
[2025-04-28T13:19:26.693+0000] {processor.py:161} INFO - Started process (PID=7163) to work on /opt/airflow/dags/silver_to_gold_feature_engineering.py
[2025-04-28T13:19:26.693+0000] {processor.py:830} INFO - Processing file /opt/airflow/dags/silver_to_gold_feature_engineering.py for tasks to queue
[2025-04-28T13:19:26.694+0000] {logging_mixin.py:188} INFO - [2025-04-28T13:19:26.694+0000] {dagbag.py:540} INFO - Filling up the DagBag from /opt/airflow/dags/silver_to_gold_feature_engineering.py
[2025-04-28T13:19:26.833+0000] {processor.py:840} INFO - DAG(s) 'silver_to_gold_feature_engineering' retrieved from /opt/airflow/dags/silver_to_gold_feature_engineering.py
[2025-04-28T13:19:26.846+0000] {logging_mixin.py:188} INFO - [2025-04-28T13:19:26.845+0000] {dag.py:3096} INFO - Sync 1 DAGs
[2025-04-28T13:19:26.851+0000] {logging_mixin.py:188} INFO - [2025-04-28T13:19:26.851+0000] {dag.py:3954} INFO - Setting next_dagrun for silver_to_gold_feature_engineering to None, run_after=None
[2025-04-28T13:19:26.859+0000] {processor.py:183} INFO - Processing /opt/airflow/dags/silver_to_gold_feature_engineering.py took 0.169 seconds
[2025-04-28T13:19:57.488+0000] {processor.py:161} INFO - Started process (PID=7198) to work on /opt/airflow/dags/silver_to_gold_feature_engineering.py
[2025-04-28T13:19:57.489+0000] {processor.py:830} INFO - Processing file /opt/airflow/dags/silver_to_gold_feature_engineering.py for tasks to queue
[2025-04-28T13:19:57.490+0000] {logging_mixin.py:188} INFO - [2025-04-28T13:19:57.489+0000] {dagbag.py:540} INFO - Filling up the DagBag from /opt/airflow/dags/silver_to_gold_feature_engineering.py
[2025-04-28T13:19:57.626+0000] {processor.py:840} INFO - DAG(s) 'silver_to_gold_feature_engineering' retrieved from /opt/airflow/dags/silver_to_gold_feature_engineering.py
[2025-04-28T13:19:57.639+0000] {logging_mixin.py:188} INFO - [2025-04-28T13:19:57.638+0000] {dag.py:3096} INFO - Sync 1 DAGs
[2025-04-28T13:19:57.645+0000] {logging_mixin.py:188} INFO - [2025-04-28T13:19:57.645+0000] {dag.py:3954} INFO - Setting next_dagrun for silver_to_gold_feature_engineering to None, run_after=None
[2025-04-28T13:19:57.655+0000] {processor.py:183} INFO - Processing /opt/airflow/dags/silver_to_gold_feature_engineering.py took 0.170 seconds
[2025-04-28T13:20:28.263+0000] {processor.py:161} INFO - Started process (PID=7233) to work on /opt/airflow/dags/silver_to_gold_feature_engineering.py
[2025-04-28T13:20:28.264+0000] {processor.py:830} INFO - Processing file /opt/airflow/dags/silver_to_gold_feature_engineering.py for tasks to queue
[2025-04-28T13:20:28.266+0000] {logging_mixin.py:188} INFO - [2025-04-28T13:20:28.265+0000] {dagbag.py:540} INFO - Filling up the DagBag from /opt/airflow/dags/silver_to_gold_feature_engineering.py
[2025-04-28T13:20:28.402+0000] {processor.py:840} INFO - DAG(s) 'silver_to_gold_feature_engineering' retrieved from /opt/airflow/dags/silver_to_gold_feature_engineering.py
[2025-04-28T13:20:28.415+0000] {logging_mixin.py:188} INFO - [2025-04-28T13:20:28.414+0000] {dag.py:3096} INFO - Sync 1 DAGs
[2025-04-28T13:20:28.420+0000] {logging_mixin.py:188} INFO - [2025-04-28T13:20:28.420+0000] {dag.py:3954} INFO - Setting next_dagrun for silver_to_gold_feature_engineering to None, run_after=None
[2025-04-28T13:20:28.430+0000] {processor.py:183} INFO - Processing /opt/airflow/dags/silver_to_gold_feature_engineering.py took 0.169 seconds
[2025-04-28T13:20:59.026+0000] {processor.py:161} INFO - Started process (PID=7268) to work on /opt/airflow/dags/silver_to_gold_feature_engineering.py
[2025-04-28T13:20:59.027+0000] {processor.py:830} INFO - Processing file /opt/airflow/dags/silver_to_gold_feature_engineering.py for tasks to queue
[2025-04-28T13:20:59.028+0000] {logging_mixin.py:188} INFO - [2025-04-28T13:20:59.028+0000] {dagbag.py:540} INFO - Filling up the DagBag from /opt/airflow/dags/silver_to_gold_feature_engineering.py
[2025-04-28T13:20:59.173+0000] {processor.py:840} INFO - DAG(s) 'silver_to_gold_feature_engineering' retrieved from /opt/airflow/dags/silver_to_gold_feature_engineering.py
[2025-04-28T13:20:59.186+0000] {logging_mixin.py:188} INFO - [2025-04-28T13:20:59.186+0000] {dag.py:3096} INFO - Sync 1 DAGs
[2025-04-28T13:20:59.192+0000] {logging_mixin.py:188} INFO - [2025-04-28T13:20:59.192+0000] {dag.py:3954} INFO - Setting next_dagrun for silver_to_gold_feature_engineering to None, run_after=None
[2025-04-28T13:20:59.201+0000] {processor.py:183} INFO - Processing /opt/airflow/dags/silver_to_gold_feature_engineering.py took 0.178 seconds
[2025-04-28T13:21:29.871+0000] {processor.py:161} INFO - Started process (PID=7303) to work on /opt/airflow/dags/silver_to_gold_feature_engineering.py
[2025-04-28T13:21:29.874+0000] {processor.py:830} INFO - Processing file /opt/airflow/dags/silver_to_gold_feature_engineering.py for tasks to queue
[2025-04-28T13:21:29.875+0000] {logging_mixin.py:188} INFO - [2025-04-28T13:21:29.875+0000] {dagbag.py:540} INFO - Filling up the DagBag from /opt/airflow/dags/silver_to_gold_feature_engineering.py
[2025-04-28T13:21:30.021+0000] {processor.py:840} INFO - DAG(s) 'silver_to_gold_feature_engineering' retrieved from /opt/airflow/dags/silver_to_gold_feature_engineering.py
[2025-04-28T13:21:30.033+0000] {logging_mixin.py:188} INFO - [2025-04-28T13:21:30.033+0000] {dag.py:3096} INFO - Sync 1 DAGs
[2025-04-28T13:21:30.039+0000] {logging_mixin.py:188} INFO - [2025-04-28T13:21:30.039+0000] {dag.py:3954} INFO - Setting next_dagrun for silver_to_gold_feature_engineering to None, run_after=None
[2025-04-28T13:21:30.047+0000] {processor.py:183} INFO - Processing /opt/airflow/dags/silver_to_gold_feature_engineering.py took 0.179 seconds
[2025-04-28T13:22:00.643+0000] {processor.py:161} INFO - Started process (PID=7338) to work on /opt/airflow/dags/silver_to_gold_feature_engineering.py
[2025-04-28T13:22:00.644+0000] {processor.py:830} INFO - Processing file /opt/airflow/dags/silver_to_gold_feature_engineering.py for tasks to queue
[2025-04-28T13:22:00.645+0000] {logging_mixin.py:188} INFO - [2025-04-28T13:22:00.645+0000] {dagbag.py:540} INFO - Filling up the DagBag from /opt/airflow/dags/silver_to_gold_feature_engineering.py
[2025-04-28T13:22:00.795+0000] {processor.py:840} INFO - DAG(s) 'silver_to_gold_feature_engineering' retrieved from /opt/airflow/dags/silver_to_gold_feature_engineering.py
[2025-04-28T13:22:00.809+0000] {logging_mixin.py:188} INFO - [2025-04-28T13:22:00.809+0000] {dag.py:3096} INFO - Sync 1 DAGs
[2025-04-28T13:22:00.816+0000] {logging_mixin.py:188} INFO - [2025-04-28T13:22:00.816+0000] {dag.py:3954} INFO - Setting next_dagrun for silver_to_gold_feature_engineering to None, run_after=None
[2025-04-28T13:22:00.827+0000] {processor.py:183} INFO - Processing /opt/airflow/dags/silver_to_gold_feature_engineering.py took 0.187 seconds
[2025-04-28T13:22:31.529+0000] {processor.py:161} INFO - Started process (PID=7373) to work on /opt/airflow/dags/silver_to_gold_feature_engineering.py
[2025-04-28T13:22:31.530+0000] {processor.py:830} INFO - Processing file /opt/airflow/dags/silver_to_gold_feature_engineering.py for tasks to queue
[2025-04-28T13:22:31.531+0000] {logging_mixin.py:188} INFO - [2025-04-28T13:22:31.531+0000] {dagbag.py:540} INFO - Filling up the DagBag from /opt/airflow/dags/silver_to_gold_feature_engineering.py
[2025-04-28T13:22:31.676+0000] {processor.py:840} INFO - DAG(s) 'silver_to_gold_feature_engineering' retrieved from /opt/airflow/dags/silver_to_gold_feature_engineering.py
[2025-04-28T13:22:31.688+0000] {logging_mixin.py:188} INFO - [2025-04-28T13:22:31.688+0000] {dag.py:3096} INFO - Sync 1 DAGs
[2025-04-28T13:22:31.693+0000] {logging_mixin.py:188} INFO - [2025-04-28T13:22:31.693+0000] {dag.py:3954} INFO - Setting next_dagrun for silver_to_gold_feature_engineering to None, run_after=None
[2025-04-28T13:22:31.702+0000] {processor.py:183} INFO - Processing /opt/airflow/dags/silver_to_gold_feature_engineering.py took 0.175 seconds
[2025-04-28T13:23:02.332+0000] {processor.py:161} INFO - Started process (PID=7408) to work on /opt/airflow/dags/silver_to_gold_feature_engineering.py
[2025-04-28T13:23:02.332+0000] {processor.py:830} INFO - Processing file /opt/airflow/dags/silver_to_gold_feature_engineering.py for tasks to queue
[2025-04-28T13:23:02.333+0000] {logging_mixin.py:188} INFO - [2025-04-28T13:23:02.333+0000] {dagbag.py:540} INFO - Filling up the DagBag from /opt/airflow/dags/silver_to_gold_feature_engineering.py
[2025-04-28T13:23:02.472+0000] {processor.py:840} INFO - DAG(s) 'silver_to_gold_feature_engineering' retrieved from /opt/airflow/dags/silver_to_gold_feature_engineering.py
[2025-04-28T13:23:02.484+0000] {logging_mixin.py:188} INFO - [2025-04-28T13:23:02.484+0000] {dag.py:3096} INFO - Sync 1 DAGs
[2025-04-28T13:23:02.489+0000] {logging_mixin.py:188} INFO - [2025-04-28T13:23:02.489+0000] {dag.py:3954} INFO - Setting next_dagrun for silver_to_gold_feature_engineering to None, run_after=None
[2025-04-28T13:23:02.498+0000] {processor.py:183} INFO - Processing /opt/airflow/dags/silver_to_gold_feature_engineering.py took 0.169 seconds
[2025-04-28T13:23:33.222+0000] {processor.py:161} INFO - Started process (PID=7443) to work on /opt/airflow/dags/silver_to_gold_feature_engineering.py
[2025-04-28T13:23:33.224+0000] {processor.py:830} INFO - Processing file /opt/airflow/dags/silver_to_gold_feature_engineering.py for tasks to queue
[2025-04-28T13:23:33.225+0000] {logging_mixin.py:188} INFO - [2025-04-28T13:23:33.225+0000] {dagbag.py:540} INFO - Filling up the DagBag from /opt/airflow/dags/silver_to_gold_feature_engineering.py
[2025-04-28T13:23:33.370+0000] {processor.py:840} INFO - DAG(s) 'silver_to_gold_feature_engineering' retrieved from /opt/airflow/dags/silver_to_gold_feature_engineering.py
[2025-04-28T13:23:33.384+0000] {logging_mixin.py:188} INFO - [2025-04-28T13:23:33.384+0000] {dag.py:3096} INFO - Sync 1 DAGs
[2025-04-28T13:23:33.390+0000] {logging_mixin.py:188} INFO - [2025-04-28T13:23:33.390+0000] {dag.py:3954} INFO - Setting next_dagrun for silver_to_gold_feature_engineering to None, run_after=None
[2025-04-28T13:23:33.398+0000] {processor.py:183} INFO - Processing /opt/airflow/dags/silver_to_gold_feature_engineering.py took 0.179 seconds
[2025-04-28T13:24:04.178+0000] {processor.py:161} INFO - Started process (PID=7480) to work on /opt/airflow/dags/silver_to_gold_feature_engineering.py
[2025-04-28T13:24:04.179+0000] {processor.py:830} INFO - Processing file /opt/airflow/dags/silver_to_gold_feature_engineering.py for tasks to queue
[2025-04-28T13:24:04.179+0000] {logging_mixin.py:188} INFO - [2025-04-28T13:24:04.179+0000] {dagbag.py:540} INFO - Filling up the DagBag from /opt/airflow/dags/silver_to_gold_feature_engineering.py
[2025-04-28T13:24:04.320+0000] {processor.py:840} INFO - DAG(s) 'silver_to_gold_feature_engineering' retrieved from /opt/airflow/dags/silver_to_gold_feature_engineering.py
[2025-04-28T13:24:04.334+0000] {logging_mixin.py:188} INFO - [2025-04-28T13:24:04.334+0000] {dag.py:3096} INFO - Sync 1 DAGs
[2025-04-28T13:24:04.340+0000] {logging_mixin.py:188} INFO - [2025-04-28T13:24:04.339+0000] {dag.py:3954} INFO - Setting next_dagrun for silver_to_gold_feature_engineering to None, run_after=None
[2025-04-28T13:24:04.348+0000] {processor.py:183} INFO - Processing /opt/airflow/dags/silver_to_gold_feature_engineering.py took 0.172 seconds
[2025-04-28T13:24:34.980+0000] {processor.py:161} INFO - Started process (PID=7513) to work on /opt/airflow/dags/silver_to_gold_feature_engineering.py
[2025-04-28T13:24:34.981+0000] {processor.py:830} INFO - Processing file /opt/airflow/dags/silver_to_gold_feature_engineering.py for tasks to queue
[2025-04-28T13:24:34.982+0000] {logging_mixin.py:188} INFO - [2025-04-28T13:24:34.982+0000] {dagbag.py:540} INFO - Filling up the DagBag from /opt/airflow/dags/silver_to_gold_feature_engineering.py
[2025-04-28T13:24:35.125+0000] {processor.py:840} INFO - DAG(s) 'silver_to_gold_feature_engineering' retrieved from /opt/airflow/dags/silver_to_gold_feature_engineering.py
[2025-04-28T13:24:35.138+0000] {logging_mixin.py:188} INFO - [2025-04-28T13:24:35.138+0000] {dag.py:3096} INFO - Sync 1 DAGs
[2025-04-28T13:24:35.144+0000] {logging_mixin.py:188} INFO - [2025-04-28T13:24:35.144+0000] {dag.py:3954} INFO - Setting next_dagrun for silver_to_gold_feature_engineering to None, run_after=None
[2025-04-28T13:24:35.155+0000] {processor.py:183} INFO - Processing /opt/airflow/dags/silver_to_gold_feature_engineering.py took 0.178 seconds
[2025-04-28T13:25:05.823+0000] {processor.py:161} INFO - Started process (PID=7548) to work on /opt/airflow/dags/silver_to_gold_feature_engineering.py
[2025-04-28T13:25:05.823+0000] {processor.py:830} INFO - Processing file /opt/airflow/dags/silver_to_gold_feature_engineering.py for tasks to queue
[2025-04-28T13:25:05.824+0000] {logging_mixin.py:188} INFO - [2025-04-28T13:25:05.824+0000] {dagbag.py:540} INFO - Filling up the DagBag from /opt/airflow/dags/silver_to_gold_feature_engineering.py
[2025-04-28T13:25:05.962+0000] {processor.py:840} INFO - DAG(s) 'silver_to_gold_feature_engineering' retrieved from /opt/airflow/dags/silver_to_gold_feature_engineering.py
[2025-04-28T13:25:05.975+0000] {logging_mixin.py:188} INFO - [2025-04-28T13:25:05.975+0000] {dag.py:3096} INFO - Sync 1 DAGs
[2025-04-28T13:25:05.980+0000] {logging_mixin.py:188} INFO - [2025-04-28T13:25:05.980+0000] {dag.py:3954} INFO - Setting next_dagrun for silver_to_gold_feature_engineering to None, run_after=None
[2025-04-28T13:25:05.989+0000] {processor.py:183} INFO - Processing /opt/airflow/dags/silver_to_gold_feature_engineering.py took 0.169 seconds
[2025-04-28T13:25:36.639+0000] {processor.py:161} INFO - Started process (PID=7583) to work on /opt/airflow/dags/silver_to_gold_feature_engineering.py
[2025-04-28T13:25:36.639+0000] {processor.py:830} INFO - Processing file /opt/airflow/dags/silver_to_gold_feature_engineering.py for tasks to queue
[2025-04-28T13:25:36.641+0000] {logging_mixin.py:188} INFO - [2025-04-28T13:25:36.641+0000] {dagbag.py:540} INFO - Filling up the DagBag from /opt/airflow/dags/silver_to_gold_feature_engineering.py
[2025-04-28T13:25:36.793+0000] {processor.py:840} INFO - DAG(s) 'silver_to_gold_feature_engineering' retrieved from /opt/airflow/dags/silver_to_gold_feature_engineering.py
[2025-04-28T13:25:36.805+0000] {logging_mixin.py:188} INFO - [2025-04-28T13:25:36.805+0000] {dag.py:3096} INFO - Sync 1 DAGs
[2025-04-28T13:25:36.811+0000] {logging_mixin.py:188} INFO - [2025-04-28T13:25:36.811+0000] {dag.py:3954} INFO - Setting next_dagrun for silver_to_gold_feature_engineering to None, run_after=None
[2025-04-28T13:25:36.819+0000] {processor.py:183} INFO - Processing /opt/airflow/dags/silver_to_gold_feature_engineering.py took 0.184 seconds
[2025-04-28T13:26:07.466+0000] {processor.py:161} INFO - Started process (PID=7618) to work on /opt/airflow/dags/silver_to_gold_feature_engineering.py
[2025-04-28T13:26:07.467+0000] {processor.py:830} INFO - Processing file /opt/airflow/dags/silver_to_gold_feature_engineering.py for tasks to queue
[2025-04-28T13:26:07.468+0000] {logging_mixin.py:188} INFO - [2025-04-28T13:26:07.468+0000] {dagbag.py:540} INFO - Filling up the DagBag from /opt/airflow/dags/silver_to_gold_feature_engineering.py
[2025-04-28T13:26:07.604+0000] {processor.py:840} INFO - DAG(s) 'silver_to_gold_feature_engineering' retrieved from /opt/airflow/dags/silver_to_gold_feature_engineering.py
[2025-04-28T13:26:07.616+0000] {logging_mixin.py:188} INFO - [2025-04-28T13:26:07.616+0000] {dag.py:3096} INFO - Sync 1 DAGs
[2025-04-28T13:26:07.621+0000] {logging_mixin.py:188} INFO - [2025-04-28T13:26:07.621+0000] {dag.py:3954} INFO - Setting next_dagrun for silver_to_gold_feature_engineering to None, run_after=None
[2025-04-28T13:26:07.630+0000] {processor.py:183} INFO - Processing /opt/airflow/dags/silver_to_gold_feature_engineering.py took 0.168 seconds
[2025-04-28T13:26:38.215+0000] {processor.py:161} INFO - Started process (PID=7653) to work on /opt/airflow/dags/silver_to_gold_feature_engineering.py
[2025-04-28T13:26:38.215+0000] {processor.py:830} INFO - Processing file /opt/airflow/dags/silver_to_gold_feature_engineering.py for tasks to queue
[2025-04-28T13:26:38.216+0000] {logging_mixin.py:188} INFO - [2025-04-28T13:26:38.216+0000] {dagbag.py:540} INFO - Filling up the DagBag from /opt/airflow/dags/silver_to_gold_feature_engineering.py
[2025-04-28T13:26:38.353+0000] {processor.py:840} INFO - DAG(s) 'silver_to_gold_feature_engineering' retrieved from /opt/airflow/dags/silver_to_gold_feature_engineering.py
[2025-04-28T13:26:38.366+0000] {logging_mixin.py:188} INFO - [2025-04-28T13:26:38.366+0000] {dag.py:3096} INFO - Sync 1 DAGs
[2025-04-28T13:26:38.371+0000] {logging_mixin.py:188} INFO - [2025-04-28T13:26:38.371+0000] {dag.py:3954} INFO - Setting next_dagrun for silver_to_gold_feature_engineering to None, run_after=None
[2025-04-28T13:26:38.379+0000] {processor.py:183} INFO - Processing /opt/airflow/dags/silver_to_gold_feature_engineering.py took 0.167 seconds
[2025-04-28T13:27:09.030+0000] {processor.py:161} INFO - Started process (PID=7688) to work on /opt/airflow/dags/silver_to_gold_feature_engineering.py
[2025-04-28T13:27:09.031+0000] {processor.py:830} INFO - Processing file /opt/airflow/dags/silver_to_gold_feature_engineering.py for tasks to queue
[2025-04-28T13:27:09.032+0000] {logging_mixin.py:188} INFO - [2025-04-28T13:27:09.032+0000] {dagbag.py:540} INFO - Filling up the DagBag from /opt/airflow/dags/silver_to_gold_feature_engineering.py
[2025-04-28T13:27:09.173+0000] {processor.py:840} INFO - DAG(s) 'silver_to_gold_feature_engineering' retrieved from /opt/airflow/dags/silver_to_gold_feature_engineering.py
[2025-04-28T13:27:09.186+0000] {logging_mixin.py:188} INFO - [2025-04-28T13:27:09.186+0000] {dag.py:3096} INFO - Sync 1 DAGs
[2025-04-28T13:27:09.192+0000] {logging_mixin.py:188} INFO - [2025-04-28T13:27:09.192+0000] {dag.py:3954} INFO - Setting next_dagrun for silver_to_gold_feature_engineering to None, run_after=None
[2025-04-28T13:27:09.201+0000] {processor.py:183} INFO - Processing /opt/airflow/dags/silver_to_gold_feature_engineering.py took 0.175 seconds
[2025-04-28T13:27:39.848+0000] {processor.py:161} INFO - Started process (PID=7723) to work on /opt/airflow/dags/silver_to_gold_feature_engineering.py
[2025-04-28T13:27:39.849+0000] {processor.py:830} INFO - Processing file /opt/airflow/dags/silver_to_gold_feature_engineering.py for tasks to queue
[2025-04-28T13:27:39.850+0000] {logging_mixin.py:188} INFO - [2025-04-28T13:27:39.849+0000] {dagbag.py:540} INFO - Filling up the DagBag from /opt/airflow/dags/silver_to_gold_feature_engineering.py
[2025-04-28T13:27:39.986+0000] {processor.py:840} INFO - DAG(s) 'silver_to_gold_feature_engineering' retrieved from /opt/airflow/dags/silver_to_gold_feature_engineering.py
[2025-04-28T13:27:39.998+0000] {logging_mixin.py:188} INFO - [2025-04-28T13:27:39.998+0000] {dag.py:3096} INFO - Sync 1 DAGs
[2025-04-28T13:27:40.003+0000] {logging_mixin.py:188} INFO - [2025-04-28T13:27:40.003+0000] {dag.py:3954} INFO - Setting next_dagrun for silver_to_gold_feature_engineering to None, run_after=None
[2025-04-28T13:27:40.012+0000] {processor.py:183} INFO - Processing /opt/airflow/dags/silver_to_gold_feature_engineering.py took 0.167 seconds
[2025-04-28T13:28:10.638+0000] {processor.py:161} INFO - Started process (PID=7758) to work on /opt/airflow/dags/silver_to_gold_feature_engineering.py
[2025-04-28T13:28:10.639+0000] {processor.py:830} INFO - Processing file /opt/airflow/dags/silver_to_gold_feature_engineering.py for tasks to queue
[2025-04-28T13:28:10.640+0000] {logging_mixin.py:188} INFO - [2025-04-28T13:28:10.640+0000] {dagbag.py:540} INFO - Filling up the DagBag from /opt/airflow/dags/silver_to_gold_feature_engineering.py
[2025-04-28T13:28:10.776+0000] {processor.py:840} INFO - DAG(s) 'silver_to_gold_feature_engineering' retrieved from /opt/airflow/dags/silver_to_gold_feature_engineering.py
[2025-04-28T13:28:10.788+0000] {logging_mixin.py:188} INFO - [2025-04-28T13:28:10.788+0000] {dag.py:3096} INFO - Sync 1 DAGs
[2025-04-28T13:28:10.794+0000] {logging_mixin.py:188} INFO - [2025-04-28T13:28:10.794+0000] {dag.py:3954} INFO - Setting next_dagrun for silver_to_gold_feature_engineering to None, run_after=None
[2025-04-28T13:28:10.802+0000] {processor.py:183} INFO - Processing /opt/airflow/dags/silver_to_gold_feature_engineering.py took 0.167 seconds
[2025-04-28T13:28:41.465+0000] {processor.py:161} INFO - Started process (PID=7793) to work on /opt/airflow/dags/silver_to_gold_feature_engineering.py
[2025-04-28T13:28:41.467+0000] {processor.py:830} INFO - Processing file /opt/airflow/dags/silver_to_gold_feature_engineering.py for tasks to queue
[2025-04-28T13:28:41.469+0000] {logging_mixin.py:188} INFO - [2025-04-28T13:28:41.469+0000] {dagbag.py:540} INFO - Filling up the DagBag from /opt/airflow/dags/silver_to_gold_feature_engineering.py
[2025-04-28T13:28:41.609+0000] {processor.py:840} INFO - DAG(s) 'silver_to_gold_feature_engineering' retrieved from /opt/airflow/dags/silver_to_gold_feature_engineering.py
[2025-04-28T13:28:41.621+0000] {logging_mixin.py:188} INFO - [2025-04-28T13:28:41.621+0000] {dag.py:3096} INFO - Sync 1 DAGs
[2025-04-28T13:28:41.626+0000] {logging_mixin.py:188} INFO - [2025-04-28T13:28:41.626+0000] {dag.py:3954} INFO - Setting next_dagrun for silver_to_gold_feature_engineering to None, run_after=None
[2025-04-28T13:28:41.635+0000] {processor.py:183} INFO - Processing /opt/airflow/dags/silver_to_gold_feature_engineering.py took 0.173 seconds
[2025-04-28T13:29:12.235+0000] {processor.py:161} INFO - Started process (PID=7828) to work on /opt/airflow/dags/silver_to_gold_feature_engineering.py
[2025-04-28T13:29:12.236+0000] {processor.py:830} INFO - Processing file /opt/airflow/dags/silver_to_gold_feature_engineering.py for tasks to queue
[2025-04-28T13:29:12.237+0000] {logging_mixin.py:188} INFO - [2025-04-28T13:29:12.237+0000] {dagbag.py:540} INFO - Filling up the DagBag from /opt/airflow/dags/silver_to_gold_feature_engineering.py
[2025-04-28T13:29:12.381+0000] {processor.py:840} INFO - DAG(s) 'silver_to_gold_feature_engineering' retrieved from /opt/airflow/dags/silver_to_gold_feature_engineering.py
[2025-04-28T13:29:12.393+0000] {logging_mixin.py:188} INFO - [2025-04-28T13:29:12.393+0000] {dag.py:3096} INFO - Sync 1 DAGs
[2025-04-28T13:29:12.398+0000] {logging_mixin.py:188} INFO - [2025-04-28T13:29:12.398+0000] {dag.py:3954} INFO - Setting next_dagrun for silver_to_gold_feature_engineering to None, run_after=None
[2025-04-28T13:29:12.407+0000] {processor.py:183} INFO - Processing /opt/airflow/dags/silver_to_gold_feature_engineering.py took 0.175 seconds
[2025-04-28T13:29:43.026+0000] {processor.py:161} INFO - Started process (PID=7863) to work on /opt/airflow/dags/silver_to_gold_feature_engineering.py
[2025-04-28T13:29:43.026+0000] {processor.py:830} INFO - Processing file /opt/airflow/dags/silver_to_gold_feature_engineering.py for tasks to queue
[2025-04-28T13:29:43.027+0000] {logging_mixin.py:188} INFO - [2025-04-28T13:29:43.027+0000] {dagbag.py:540} INFO - Filling up the DagBag from /opt/airflow/dags/silver_to_gold_feature_engineering.py
[2025-04-28T13:29:43.164+0000] {processor.py:840} INFO - DAG(s) 'silver_to_gold_feature_engineering' retrieved from /opt/airflow/dags/silver_to_gold_feature_engineering.py
[2025-04-28T13:29:43.176+0000] {logging_mixin.py:188} INFO - [2025-04-28T13:29:43.176+0000] {dag.py:3096} INFO - Sync 1 DAGs
[2025-04-28T13:29:43.182+0000] {logging_mixin.py:188} INFO - [2025-04-28T13:29:43.182+0000] {dag.py:3954} INFO - Setting next_dagrun for silver_to_gold_feature_engineering to None, run_after=None
[2025-04-28T13:29:43.191+0000] {processor.py:183} INFO - Processing /opt/airflow/dags/silver_to_gold_feature_engineering.py took 0.168 seconds
[2025-04-28T13:30:13.811+0000] {processor.py:161} INFO - Started process (PID=7898) to work on /opt/airflow/dags/silver_to_gold_feature_engineering.py
[2025-04-28T13:30:13.812+0000] {processor.py:830} INFO - Processing file /opt/airflow/dags/silver_to_gold_feature_engineering.py for tasks to queue
[2025-04-28T13:30:13.813+0000] {logging_mixin.py:188} INFO - [2025-04-28T13:30:13.813+0000] {dagbag.py:540} INFO - Filling up the DagBag from /opt/airflow/dags/silver_to_gold_feature_engineering.py
[2025-04-28T13:30:13.957+0000] {processor.py:840} INFO - DAG(s) 'silver_to_gold_feature_engineering' retrieved from /opt/airflow/dags/silver_to_gold_feature_engineering.py
[2025-04-28T13:30:13.970+0000] {logging_mixin.py:188} INFO - [2025-04-28T13:30:13.970+0000] {dag.py:3096} INFO - Sync 1 DAGs
[2025-04-28T13:30:13.976+0000] {logging_mixin.py:188} INFO - [2025-04-28T13:30:13.976+0000] {dag.py:3954} INFO - Setting next_dagrun for silver_to_gold_feature_engineering to None, run_after=None
[2025-04-28T13:30:13.984+0000] {processor.py:183} INFO - Processing /opt/airflow/dags/silver_to_gold_feature_engineering.py took 0.176 seconds
[2025-04-28T13:30:44.579+0000] {processor.py:161} INFO - Started process (PID=7933) to work on /opt/airflow/dags/silver_to_gold_feature_engineering.py
[2025-04-28T13:30:44.580+0000] {processor.py:830} INFO - Processing file /opt/airflow/dags/silver_to_gold_feature_engineering.py for tasks to queue
[2025-04-28T13:30:44.582+0000] {logging_mixin.py:188} INFO - [2025-04-28T13:30:44.582+0000] {dagbag.py:540} INFO - Filling up the DagBag from /opt/airflow/dags/silver_to_gold_feature_engineering.py
[2025-04-28T13:30:44.732+0000] {processor.py:840} INFO - DAG(s) 'silver_to_gold_feature_engineering' retrieved from /opt/airflow/dags/silver_to_gold_feature_engineering.py
[2025-04-28T13:30:44.745+0000] {logging_mixin.py:188} INFO - [2025-04-28T13:30:44.744+0000] {dag.py:3096} INFO - Sync 1 DAGs
[2025-04-28T13:30:44.750+0000] {logging_mixin.py:188} INFO - [2025-04-28T13:30:44.750+0000] {dag.py:3954} INFO - Setting next_dagrun for silver_to_gold_feature_engineering to None, run_after=None
[2025-04-28T13:30:44.759+0000] {processor.py:183} INFO - Processing /opt/airflow/dags/silver_to_gold_feature_engineering.py took 0.183 seconds
[2025-04-28T13:31:15.390+0000] {processor.py:161} INFO - Started process (PID=7968) to work on /opt/airflow/dags/silver_to_gold_feature_engineering.py
[2025-04-28T13:31:15.391+0000] {processor.py:830} INFO - Processing file /opt/airflow/dags/silver_to_gold_feature_engineering.py for tasks to queue
[2025-04-28T13:31:15.392+0000] {logging_mixin.py:188} INFO - [2025-04-28T13:31:15.392+0000] {dagbag.py:540} INFO - Filling up the DagBag from /opt/airflow/dags/silver_to_gold_feature_engineering.py
[2025-04-28T13:31:15.529+0000] {processor.py:840} INFO - DAG(s) 'silver_to_gold_feature_engineering' retrieved from /opt/airflow/dags/silver_to_gold_feature_engineering.py
[2025-04-28T13:31:15.543+0000] {logging_mixin.py:188} INFO - [2025-04-28T13:31:15.543+0000] {dag.py:3096} INFO - Sync 1 DAGs
[2025-04-28T13:31:15.549+0000] {logging_mixin.py:188} INFO - [2025-04-28T13:31:15.549+0000] {dag.py:3954} INFO - Setting next_dagrun for silver_to_gold_feature_engineering to None, run_after=None
[2025-04-28T13:31:15.558+0000] {processor.py:183} INFO - Processing /opt/airflow/dags/silver_to_gold_feature_engineering.py took 0.170 seconds
[2025-04-28T13:31:46.236+0000] {processor.py:161} INFO - Started process (PID=8003) to work on /opt/airflow/dags/silver_to_gold_feature_engineering.py
[2025-04-28T13:31:46.236+0000] {processor.py:830} INFO - Processing file /opt/airflow/dags/silver_to_gold_feature_engineering.py for tasks to queue
[2025-04-28T13:31:46.237+0000] {logging_mixin.py:188} INFO - [2025-04-28T13:31:46.237+0000] {dagbag.py:540} INFO - Filling up the DagBag from /opt/airflow/dags/silver_to_gold_feature_engineering.py
[2025-04-28T13:31:46.378+0000] {processor.py:840} INFO - DAG(s) 'silver_to_gold_feature_engineering' retrieved from /opt/airflow/dags/silver_to_gold_feature_engineering.py
[2025-04-28T13:31:46.390+0000] {logging_mixin.py:188} INFO - [2025-04-28T13:31:46.390+0000] {dag.py:3096} INFO - Sync 1 DAGs
[2025-04-28T13:31:46.395+0000] {logging_mixin.py:188} INFO - [2025-04-28T13:31:46.395+0000] {dag.py:3954} INFO - Setting next_dagrun for silver_to_gold_feature_engineering to None, run_after=None
[2025-04-28T13:31:46.404+0000] {processor.py:183} INFO - Processing /opt/airflow/dags/silver_to_gold_feature_engineering.py took 0.171 seconds
[2025-04-28T13:32:17.085+0000] {processor.py:161} INFO - Started process (PID=8038) to work on /opt/airflow/dags/silver_to_gold_feature_engineering.py
[2025-04-28T13:32:17.086+0000] {processor.py:830} INFO - Processing file /opt/airflow/dags/silver_to_gold_feature_engineering.py for tasks to queue
[2025-04-28T13:32:17.087+0000] {logging_mixin.py:188} INFO - [2025-04-28T13:32:17.087+0000] {dagbag.py:540} INFO - Filling up the DagBag from /opt/airflow/dags/silver_to_gold_feature_engineering.py
[2025-04-28T13:32:17.225+0000] {processor.py:840} INFO - DAG(s) 'silver_to_gold_feature_engineering' retrieved from /opt/airflow/dags/silver_to_gold_feature_engineering.py
[2025-04-28T13:32:17.237+0000] {logging_mixin.py:188} INFO - [2025-04-28T13:32:17.237+0000] {dag.py:3096} INFO - Sync 1 DAGs
[2025-04-28T13:32:17.243+0000] {logging_mixin.py:188} INFO - [2025-04-28T13:32:17.242+0000] {dag.py:3954} INFO - Setting next_dagrun for silver_to_gold_feature_engineering to None, run_after=None
[2025-04-28T13:32:17.251+0000] {processor.py:183} INFO - Processing /opt/airflow/dags/silver_to_gold_feature_engineering.py took 0.169 seconds
[2025-04-28T13:32:47.942+0000] {processor.py:161} INFO - Started process (PID=8073) to work on /opt/airflow/dags/silver_to_gold_feature_engineering.py
[2025-04-28T13:32:47.943+0000] {processor.py:830} INFO - Processing file /opt/airflow/dags/silver_to_gold_feature_engineering.py for tasks to queue
[2025-04-28T13:32:47.944+0000] {logging_mixin.py:188} INFO - [2025-04-28T13:32:47.944+0000] {dagbag.py:540} INFO - Filling up the DagBag from /opt/airflow/dags/silver_to_gold_feature_engineering.py
[2025-04-28T13:32:48.085+0000] {processor.py:840} INFO - DAG(s) 'silver_to_gold_feature_engineering' retrieved from /opt/airflow/dags/silver_to_gold_feature_engineering.py
[2025-04-28T13:32:48.099+0000] {logging_mixin.py:188} INFO - [2025-04-28T13:32:48.098+0000] {dag.py:3096} INFO - Sync 1 DAGs
[2025-04-28T13:32:48.105+0000] {logging_mixin.py:188} INFO - [2025-04-28T13:32:48.105+0000] {dag.py:3954} INFO - Setting next_dagrun for silver_to_gold_feature_engineering to None, run_after=None
[2025-04-28T13:32:48.113+0000] {processor.py:183} INFO - Processing /opt/airflow/dags/silver_to_gold_feature_engineering.py took 0.174 seconds
[2025-04-28T13:33:18.724+0000] {processor.py:161} INFO - Started process (PID=8108) to work on /opt/airflow/dags/silver_to_gold_feature_engineering.py
[2025-04-28T13:33:18.725+0000] {processor.py:830} INFO - Processing file /opt/airflow/dags/silver_to_gold_feature_engineering.py for tasks to queue
[2025-04-28T13:33:18.726+0000] {logging_mixin.py:188} INFO - [2025-04-28T13:33:18.726+0000] {dagbag.py:540} INFO - Filling up the DagBag from /opt/airflow/dags/silver_to_gold_feature_engineering.py
[2025-04-28T13:33:18.860+0000] {processor.py:840} INFO - DAG(s) 'silver_to_gold_feature_engineering' retrieved from /opt/airflow/dags/silver_to_gold_feature_engineering.py
[2025-04-28T13:33:18.872+0000] {logging_mixin.py:188} INFO - [2025-04-28T13:33:18.872+0000] {dag.py:3096} INFO - Sync 1 DAGs
[2025-04-28T13:33:18.878+0000] {logging_mixin.py:188} INFO - [2025-04-28T13:33:18.878+0000] {dag.py:3954} INFO - Setting next_dagrun for silver_to_gold_feature_engineering to None, run_after=None
[2025-04-28T13:33:18.886+0000] {processor.py:183} INFO - Processing /opt/airflow/dags/silver_to_gold_feature_engineering.py took 0.165 seconds
[2025-04-28T13:33:49.521+0000] {processor.py:161} INFO - Started process (PID=8143) to work on /opt/airflow/dags/silver_to_gold_feature_engineering.py
[2025-04-28T13:33:49.522+0000] {processor.py:830} INFO - Processing file /opt/airflow/dags/silver_to_gold_feature_engineering.py for tasks to queue
[2025-04-28T13:33:49.522+0000] {logging_mixin.py:188} INFO - [2025-04-28T13:33:49.522+0000] {dagbag.py:540} INFO - Filling up the DagBag from /opt/airflow/dags/silver_to_gold_feature_engineering.py
[2025-04-28T13:33:49.667+0000] {processor.py:840} INFO - DAG(s) 'silver_to_gold_feature_engineering' retrieved from /opt/airflow/dags/silver_to_gold_feature_engineering.py
[2025-04-28T13:33:49.679+0000] {logging_mixin.py:188} INFO - [2025-04-28T13:33:49.679+0000] {dag.py:3096} INFO - Sync 1 DAGs
[2025-04-28T13:33:49.685+0000] {logging_mixin.py:188} INFO - [2025-04-28T13:33:49.685+0000] {dag.py:3954} INFO - Setting next_dagrun for silver_to_gold_feature_engineering to None, run_after=None
[2025-04-28T13:33:49.693+0000] {processor.py:183} INFO - Processing /opt/airflow/dags/silver_to_gold_feature_engineering.py took 0.175 seconds
[2025-04-28T13:34:20.268+0000] {processor.py:161} INFO - Started process (PID=8178) to work on /opt/airflow/dags/silver_to_gold_feature_engineering.py
[2025-04-28T13:34:20.269+0000] {processor.py:830} INFO - Processing file /opt/airflow/dags/silver_to_gold_feature_engineering.py for tasks to queue
[2025-04-28T13:34:20.269+0000] {logging_mixin.py:188} INFO - [2025-04-28T13:34:20.269+0000] {dagbag.py:540} INFO - Filling up the DagBag from /opt/airflow/dags/silver_to_gold_feature_engineering.py
[2025-04-28T13:34:20.404+0000] {processor.py:840} INFO - DAG(s) 'silver_to_gold_feature_engineering' retrieved from /opt/airflow/dags/silver_to_gold_feature_engineering.py
[2025-04-28T13:34:20.416+0000] {logging_mixin.py:188} INFO - [2025-04-28T13:34:20.416+0000] {dag.py:3096} INFO - Sync 1 DAGs
[2025-04-28T13:34:20.421+0000] {logging_mixin.py:188} INFO - [2025-04-28T13:34:20.421+0000] {dag.py:3954} INFO - Setting next_dagrun for silver_to_gold_feature_engineering to None, run_after=None
[2025-04-28T13:34:20.429+0000] {processor.py:183} INFO - Processing /opt/airflow/dags/silver_to_gold_feature_engineering.py took 0.164 seconds
[2025-04-28T13:34:51.100+0000] {processor.py:161} INFO - Started process (PID=8213) to work on /opt/airflow/dags/silver_to_gold_feature_engineering.py
[2025-04-28T13:34:51.101+0000] {processor.py:830} INFO - Processing file /opt/airflow/dags/silver_to_gold_feature_engineering.py for tasks to queue
[2025-04-28T13:34:51.102+0000] {logging_mixin.py:188} INFO - [2025-04-28T13:34:51.101+0000] {dagbag.py:540} INFO - Filling up the DagBag from /opt/airflow/dags/silver_to_gold_feature_engineering.py
[2025-04-28T13:34:51.238+0000] {processor.py:840} INFO - DAG(s) 'silver_to_gold_feature_engineering' retrieved from /opt/airflow/dags/silver_to_gold_feature_engineering.py
[2025-04-28T13:34:51.250+0000] {logging_mixin.py:188} INFO - [2025-04-28T13:34:51.250+0000] {dag.py:3096} INFO - Sync 1 DAGs
[2025-04-28T13:34:51.256+0000] {logging_mixin.py:188} INFO - [2025-04-28T13:34:51.255+0000] {dag.py:3954} INFO - Setting next_dagrun for silver_to_gold_feature_engineering to None, run_after=None
[2025-04-28T13:34:51.264+0000] {processor.py:183} INFO - Processing /opt/airflow/dags/silver_to_gold_feature_engineering.py took 0.166 seconds
[2025-04-28T13:35:21.842+0000] {processor.py:161} INFO - Started process (PID=8248) to work on /opt/airflow/dags/silver_to_gold_feature_engineering.py
[2025-04-28T13:35:21.844+0000] {processor.py:830} INFO - Processing file /opt/airflow/dags/silver_to_gold_feature_engineering.py for tasks to queue
[2025-04-28T13:35:21.845+0000] {logging_mixin.py:188} INFO - [2025-04-28T13:35:21.844+0000] {dagbag.py:540} INFO - Filling up the DagBag from /opt/airflow/dags/silver_to_gold_feature_engineering.py
[2025-04-28T13:35:21.983+0000] {processor.py:840} INFO - DAG(s) 'silver_to_gold_feature_engineering' retrieved from /opt/airflow/dags/silver_to_gold_feature_engineering.py
[2025-04-28T13:35:21.995+0000] {logging_mixin.py:188} INFO - [2025-04-28T13:35:21.995+0000] {dag.py:3096} INFO - Sync 1 DAGs
[2025-04-28T13:35:22.001+0000] {logging_mixin.py:188} INFO - [2025-04-28T13:35:22.001+0000] {dag.py:3954} INFO - Setting next_dagrun for silver_to_gold_feature_engineering to None, run_after=None
[2025-04-28T13:35:22.010+0000] {processor.py:183} INFO - Processing /opt/airflow/dags/silver_to_gold_feature_engineering.py took 0.171 seconds
[2025-04-28T13:35:52.649+0000] {processor.py:161} INFO - Started process (PID=8283) to work on /opt/airflow/dags/silver_to_gold_feature_engineering.py
[2025-04-28T13:35:52.649+0000] {processor.py:830} INFO - Processing file /opt/airflow/dags/silver_to_gold_feature_engineering.py for tasks to queue
[2025-04-28T13:35:52.650+0000] {logging_mixin.py:188} INFO - [2025-04-28T13:35:52.650+0000] {dagbag.py:540} INFO - Filling up the DagBag from /opt/airflow/dags/silver_to_gold_feature_engineering.py
[2025-04-28T13:35:52.791+0000] {processor.py:840} INFO - DAG(s) 'silver_to_gold_feature_engineering' retrieved from /opt/airflow/dags/silver_to_gold_feature_engineering.py
[2025-04-28T13:35:52.804+0000] {logging_mixin.py:188} INFO - [2025-04-28T13:35:52.804+0000] {dag.py:3096} INFO - Sync 1 DAGs
[2025-04-28T13:35:52.810+0000] {logging_mixin.py:188} INFO - [2025-04-28T13:35:52.810+0000] {dag.py:3954} INFO - Setting next_dagrun for silver_to_gold_feature_engineering to None, run_after=None
[2025-04-28T13:35:52.818+0000] {processor.py:183} INFO - Processing /opt/airflow/dags/silver_to_gold_feature_engineering.py took 0.172 seconds
[2025-04-28T13:36:23.373+0000] {processor.py:161} INFO - Started process (PID=8318) to work on /opt/airflow/dags/silver_to_gold_feature_engineering.py
[2025-04-28T13:36:23.376+0000] {processor.py:830} INFO - Processing file /opt/airflow/dags/silver_to_gold_feature_engineering.py for tasks to queue
[2025-04-28T13:36:23.377+0000] {logging_mixin.py:188} INFO - [2025-04-28T13:36:23.377+0000] {dagbag.py:540} INFO - Filling up the DagBag from /opt/airflow/dags/silver_to_gold_feature_engineering.py
[2025-04-28T13:36:23.515+0000] {processor.py:840} INFO - DAG(s) 'silver_to_gold_feature_engineering' retrieved from /opt/airflow/dags/silver_to_gold_feature_engineering.py
[2025-04-28T13:36:23.528+0000] {logging_mixin.py:188} INFO - [2025-04-28T13:36:23.527+0000] {dag.py:3096} INFO - Sync 1 DAGs
[2025-04-28T13:36:23.533+0000] {logging_mixin.py:188} INFO - [2025-04-28T13:36:23.533+0000] {dag.py:3954} INFO - Setting next_dagrun for silver_to_gold_feature_engineering to None, run_after=None
[2025-04-28T13:36:23.541+0000] {processor.py:183} INFO - Processing /opt/airflow/dags/silver_to_gold_feature_engineering.py took 0.171 seconds
[2025-04-28T13:36:54.211+0000] {processor.py:161} INFO - Started process (PID=8353) to work on /opt/airflow/dags/silver_to_gold_feature_engineering.py
[2025-04-28T13:36:54.212+0000] {processor.py:830} INFO - Processing file /opt/airflow/dags/silver_to_gold_feature_engineering.py for tasks to queue
[2025-04-28T13:36:54.213+0000] {logging_mixin.py:188} INFO - [2025-04-28T13:36:54.213+0000] {dagbag.py:540} INFO - Filling up the DagBag from /opt/airflow/dags/silver_to_gold_feature_engineering.py
[2025-04-28T13:36:54.360+0000] {processor.py:840} INFO - DAG(s) 'silver_to_gold_feature_engineering' retrieved from /opt/airflow/dags/silver_to_gold_feature_engineering.py
[2025-04-28T13:36:54.372+0000] {logging_mixin.py:188} INFO - [2025-04-28T13:36:54.372+0000] {dag.py:3096} INFO - Sync 1 DAGs
[2025-04-28T13:36:54.378+0000] {logging_mixin.py:188} INFO - [2025-04-28T13:36:54.378+0000] {dag.py:3954} INFO - Setting next_dagrun for silver_to_gold_feature_engineering to None, run_after=None
[2025-04-28T13:36:54.387+0000] {processor.py:183} INFO - Processing /opt/airflow/dags/silver_to_gold_feature_engineering.py took 0.178 seconds
[2025-04-28T13:37:25.022+0000] {processor.py:161} INFO - Started process (PID=8388) to work on /opt/airflow/dags/silver_to_gold_feature_engineering.py
[2025-04-28T13:37:25.022+0000] {processor.py:830} INFO - Processing file /opt/airflow/dags/silver_to_gold_feature_engineering.py for tasks to queue
[2025-04-28T13:37:25.023+0000] {logging_mixin.py:188} INFO - [2025-04-28T13:37:25.023+0000] {dagbag.py:540} INFO - Filling up the DagBag from /opt/airflow/dags/silver_to_gold_feature_engineering.py
[2025-04-28T13:37:25.177+0000] {processor.py:840} INFO - DAG(s) 'silver_to_gold_feature_engineering' retrieved from /opt/airflow/dags/silver_to_gold_feature_engineering.py
[2025-04-28T13:37:25.190+0000] {logging_mixin.py:188} INFO - [2025-04-28T13:37:25.190+0000] {dag.py:3096} INFO - Sync 1 DAGs
[2025-04-28T13:37:25.196+0000] {logging_mixin.py:188} INFO - [2025-04-28T13:37:25.196+0000] {dag.py:3954} INFO - Setting next_dagrun for silver_to_gold_feature_engineering to None, run_after=None
[2025-04-28T13:37:25.205+0000] {processor.py:183} INFO - Processing /opt/airflow/dags/silver_to_gold_feature_engineering.py took 0.186 seconds
[2025-04-28T13:37:55.829+0000] {processor.py:161} INFO - Started process (PID=8423) to work on /opt/airflow/dags/silver_to_gold_feature_engineering.py
[2025-04-28T13:37:55.830+0000] {processor.py:830} INFO - Processing file /opt/airflow/dags/silver_to_gold_feature_engineering.py for tasks to queue
[2025-04-28T13:37:55.831+0000] {logging_mixin.py:188} INFO - [2025-04-28T13:37:55.830+0000] {dagbag.py:540} INFO - Filling up the DagBag from /opt/airflow/dags/silver_to_gold_feature_engineering.py
[2025-04-28T13:37:55.975+0000] {processor.py:840} INFO - DAG(s) 'silver_to_gold_feature_engineering' retrieved from /opt/airflow/dags/silver_to_gold_feature_engineering.py
[2025-04-28T13:37:55.989+0000] {logging_mixin.py:188} INFO - [2025-04-28T13:37:55.989+0000] {dag.py:3096} INFO - Sync 1 DAGs
[2025-04-28T13:37:55.996+0000] {logging_mixin.py:188} INFO - [2025-04-28T13:37:55.995+0000] {dag.py:3954} INFO - Setting next_dagrun for silver_to_gold_feature_engineering to None, run_after=None
[2025-04-28T13:37:56.004+0000] {processor.py:183} INFO - Processing /opt/airflow/dags/silver_to_gold_feature_engineering.py took 0.178 seconds
[2025-04-28T13:38:26.534+0000] {processor.py:161} INFO - Started process (PID=8458) to work on /opt/airflow/dags/silver_to_gold_feature_engineering.py
[2025-04-28T13:38:26.534+0000] {processor.py:830} INFO - Processing file /opt/airflow/dags/silver_to_gold_feature_engineering.py for tasks to queue
[2025-04-28T13:38:26.536+0000] {logging_mixin.py:188} INFO - [2025-04-28T13:38:26.536+0000] {dagbag.py:540} INFO - Filling up the DagBag from /opt/airflow/dags/silver_to_gold_feature_engineering.py
[2025-04-28T13:38:26.677+0000] {processor.py:840} INFO - DAG(s) 'silver_to_gold_feature_engineering' retrieved from /opt/airflow/dags/silver_to_gold_feature_engineering.py
[2025-04-28T13:38:26.690+0000] {logging_mixin.py:188} INFO - [2025-04-28T13:38:26.690+0000] {dag.py:3096} INFO - Sync 1 DAGs
[2025-04-28T13:38:26.695+0000] {logging_mixin.py:188} INFO - [2025-04-28T13:38:26.695+0000] {dag.py:3954} INFO - Setting next_dagrun for silver_to_gold_feature_engineering to None, run_after=None
[2025-04-28T13:38:26.704+0000] {processor.py:183} INFO - Processing /opt/airflow/dags/silver_to_gold_feature_engineering.py took 0.174 seconds
[2025-04-28T13:38:57.370+0000] {processor.py:161} INFO - Started process (PID=8493) to work on /opt/airflow/dags/silver_to_gold_feature_engineering.py
[2025-04-28T13:38:57.371+0000] {processor.py:830} INFO - Processing file /opt/airflow/dags/silver_to_gold_feature_engineering.py for tasks to queue
[2025-04-28T13:38:57.372+0000] {logging_mixin.py:188} INFO - [2025-04-28T13:38:57.372+0000] {dagbag.py:540} INFO - Filling up the DagBag from /opt/airflow/dags/silver_to_gold_feature_engineering.py
[2025-04-28T13:38:57.515+0000] {processor.py:840} INFO - DAG(s) 'silver_to_gold_feature_engineering' retrieved from /opt/airflow/dags/silver_to_gold_feature_engineering.py
[2025-04-28T13:38:57.529+0000] {logging_mixin.py:188} INFO - [2025-04-28T13:38:57.528+0000] {dag.py:3096} INFO - Sync 1 DAGs
[2025-04-28T13:38:57.534+0000] {logging_mixin.py:188} INFO - [2025-04-28T13:38:57.534+0000] {dag.py:3954} INFO - Setting next_dagrun for silver_to_gold_feature_engineering to None, run_after=None
[2025-04-28T13:38:57.544+0000] {processor.py:183} INFO - Processing /opt/airflow/dags/silver_to_gold_feature_engineering.py took 0.176 seconds
[2025-04-28T13:39:28.229+0000] {processor.py:161} INFO - Started process (PID=8528) to work on /opt/airflow/dags/silver_to_gold_feature_engineering.py
[2025-04-28T13:39:28.232+0000] {processor.py:830} INFO - Processing file /opt/airflow/dags/silver_to_gold_feature_engineering.py for tasks to queue
[2025-04-28T13:39:28.233+0000] {logging_mixin.py:188} INFO - [2025-04-28T13:39:28.233+0000] {dagbag.py:540} INFO - Filling up the DagBag from /opt/airflow/dags/silver_to_gold_feature_engineering.py
[2025-04-28T13:39:28.383+0000] {processor.py:840} INFO - DAG(s) 'silver_to_gold_feature_engineering' retrieved from /opt/airflow/dags/silver_to_gold_feature_engineering.py
[2025-04-28T13:39:28.399+0000] {logging_mixin.py:188} INFO - [2025-04-28T13:39:28.399+0000] {dag.py:3096} INFO - Sync 1 DAGs
[2025-04-28T13:39:28.405+0000] {logging_mixin.py:188} INFO - [2025-04-28T13:39:28.405+0000] {dag.py:3954} INFO - Setting next_dagrun for silver_to_gold_feature_engineering to None, run_after=None
[2025-04-28T13:39:28.414+0000] {processor.py:183} INFO - Processing /opt/airflow/dags/silver_to_gold_feature_engineering.py took 0.188 seconds
[2025-04-28T13:39:59.007+0000] {processor.py:161} INFO - Started process (PID=8563) to work on /opt/airflow/dags/silver_to_gold_feature_engineering.py
[2025-04-28T13:39:59.008+0000] {processor.py:830} INFO - Processing file /opt/airflow/dags/silver_to_gold_feature_engineering.py for tasks to queue
[2025-04-28T13:39:59.009+0000] {logging_mixin.py:188} INFO - [2025-04-28T13:39:59.008+0000] {dagbag.py:540} INFO - Filling up the DagBag from /opt/airflow/dags/silver_to_gold_feature_engineering.py
[2025-04-28T13:39:59.148+0000] {processor.py:840} INFO - DAG(s) 'silver_to_gold_feature_engineering' retrieved from /opt/airflow/dags/silver_to_gold_feature_engineering.py
[2025-04-28T13:39:59.163+0000] {logging_mixin.py:188} INFO - [2025-04-28T13:39:59.163+0000] {dag.py:3096} INFO - Sync 1 DAGs
[2025-04-28T13:39:59.171+0000] {logging_mixin.py:188} INFO - [2025-04-28T13:39:59.170+0000] {dag.py:3954} INFO - Setting next_dagrun for silver_to_gold_feature_engineering to None, run_after=None
[2025-04-28T13:39:59.181+0000] {processor.py:183} INFO - Processing /opt/airflow/dags/silver_to_gold_feature_engineering.py took 0.176 seconds
[2025-04-28T13:40:29.830+0000] {processor.py:161} INFO - Started process (PID=8598) to work on /opt/airflow/dags/silver_to_gold_feature_engineering.py
[2025-04-28T13:40:29.831+0000] {processor.py:830} INFO - Processing file /opt/airflow/dags/silver_to_gold_feature_engineering.py for tasks to queue
[2025-04-28T13:40:29.832+0000] {logging_mixin.py:188} INFO - [2025-04-28T13:40:29.832+0000] {dagbag.py:540} INFO - Filling up the DagBag from /opt/airflow/dags/silver_to_gold_feature_engineering.py
[2025-04-28T13:40:29.968+0000] {processor.py:840} INFO - DAG(s) 'silver_to_gold_feature_engineering' retrieved from /opt/airflow/dags/silver_to_gold_feature_engineering.py
[2025-04-28T13:40:29.981+0000] {logging_mixin.py:188} INFO - [2025-04-28T13:40:29.981+0000] {dag.py:3096} INFO - Sync 1 DAGs
[2025-04-28T13:40:29.987+0000] {logging_mixin.py:188} INFO - [2025-04-28T13:40:29.987+0000] {dag.py:3954} INFO - Setting next_dagrun for silver_to_gold_feature_engineering to None, run_after=None
[2025-04-28T13:40:29.994+0000] {processor.py:183} INFO - Processing /opt/airflow/dags/silver_to_gold_feature_engineering.py took 0.167 seconds
[2025-04-28T13:41:00.553+0000] {processor.py:161} INFO - Started process (PID=8633) to work on /opt/airflow/dags/silver_to_gold_feature_engineering.py
[2025-04-28T13:41:00.554+0000] {processor.py:830} INFO - Processing file /opt/airflow/dags/silver_to_gold_feature_engineering.py for tasks to queue
[2025-04-28T13:41:00.555+0000] {logging_mixin.py:188} INFO - [2025-04-28T13:41:00.555+0000] {dagbag.py:540} INFO - Filling up the DagBag from /opt/airflow/dags/silver_to_gold_feature_engineering.py
[2025-04-28T13:41:00.695+0000] {processor.py:840} INFO - DAG(s) 'silver_to_gold_feature_engineering' retrieved from /opt/airflow/dags/silver_to_gold_feature_engineering.py
[2025-04-28T13:41:00.707+0000] {logging_mixin.py:188} INFO - [2025-04-28T13:41:00.707+0000] {dag.py:3096} INFO - Sync 1 DAGs
[2025-04-28T13:41:00.713+0000] {logging_mixin.py:188} INFO - [2025-04-28T13:41:00.712+0000] {dag.py:3954} INFO - Setting next_dagrun for silver_to_gold_feature_engineering to None, run_after=None
[2025-04-28T13:41:00.721+0000] {processor.py:183} INFO - Processing /opt/airflow/dags/silver_to_gold_feature_engineering.py took 0.170 seconds
[2025-04-28T13:41:31.406+0000] {processor.py:161} INFO - Started process (PID=8668) to work on /opt/airflow/dags/silver_to_gold_feature_engineering.py
[2025-04-28T13:41:31.407+0000] {processor.py:830} INFO - Processing file /opt/airflow/dags/silver_to_gold_feature_engineering.py for tasks to queue
[2025-04-28T13:41:31.408+0000] {logging_mixin.py:188} INFO - [2025-04-28T13:41:31.407+0000] {dagbag.py:540} INFO - Filling up the DagBag from /opt/airflow/dags/silver_to_gold_feature_engineering.py
[2025-04-28T13:41:31.544+0000] {processor.py:840} INFO - DAG(s) 'silver_to_gold_feature_engineering' retrieved from /opt/airflow/dags/silver_to_gold_feature_engineering.py
[2025-04-28T13:41:31.556+0000] {logging_mixin.py:188} INFO - [2025-04-28T13:41:31.556+0000] {dag.py:3096} INFO - Sync 1 DAGs
[2025-04-28T13:41:31.562+0000] {logging_mixin.py:188} INFO - [2025-04-28T13:41:31.562+0000] {dag.py:3954} INFO - Setting next_dagrun for silver_to_gold_feature_engineering to None, run_after=None
[2025-04-28T13:41:31.571+0000] {processor.py:183} INFO - Processing /opt/airflow/dags/silver_to_gold_feature_engineering.py took 0.168 seconds
[2025-04-28T13:42:02.247+0000] {processor.py:161} INFO - Started process (PID=8703) to work on /opt/airflow/dags/silver_to_gold_feature_engineering.py
[2025-04-28T13:42:02.248+0000] {processor.py:830} INFO - Processing file /opt/airflow/dags/silver_to_gold_feature_engineering.py for tasks to queue
[2025-04-28T13:42:02.249+0000] {logging_mixin.py:188} INFO - [2025-04-28T13:42:02.249+0000] {dagbag.py:540} INFO - Filling up the DagBag from /opt/airflow/dags/silver_to_gold_feature_engineering.py
[2025-04-28T13:42:02.388+0000] {processor.py:840} INFO - DAG(s) 'silver_to_gold_feature_engineering' retrieved from /opt/airflow/dags/silver_to_gold_feature_engineering.py
[2025-04-28T13:42:02.401+0000] {logging_mixin.py:188} INFO - [2025-04-28T13:42:02.400+0000] {dag.py:3096} INFO - Sync 1 DAGs
[2025-04-28T13:42:02.406+0000] {logging_mixin.py:188} INFO - [2025-04-28T13:42:02.406+0000] {dag.py:3954} INFO - Setting next_dagrun for silver_to_gold_feature_engineering to None, run_after=None
[2025-04-28T13:42:02.414+0000] {processor.py:183} INFO - Processing /opt/airflow/dags/silver_to_gold_feature_engineering.py took 0.169 seconds
[2025-04-28T13:42:33.012+0000] {processor.py:161} INFO - Started process (PID=8738) to work on /opt/airflow/dags/silver_to_gold_feature_engineering.py
[2025-04-28T13:42:33.013+0000] {processor.py:830} INFO - Processing file /opt/airflow/dags/silver_to_gold_feature_engineering.py for tasks to queue
[2025-04-28T13:42:33.014+0000] {logging_mixin.py:188} INFO - [2025-04-28T13:42:33.014+0000] {dagbag.py:540} INFO - Filling up the DagBag from /opt/airflow/dags/silver_to_gold_feature_engineering.py
[2025-04-28T13:42:33.150+0000] {processor.py:840} INFO - DAG(s) 'silver_to_gold_feature_engineering' retrieved from /opt/airflow/dags/silver_to_gold_feature_engineering.py
[2025-04-28T13:42:33.162+0000] {logging_mixin.py:188} INFO - [2025-04-28T13:42:33.162+0000] {dag.py:3096} INFO - Sync 1 DAGs
[2025-04-28T13:42:33.167+0000] {logging_mixin.py:188} INFO - [2025-04-28T13:42:33.167+0000] {dag.py:3954} INFO - Setting next_dagrun for silver_to_gold_feature_engineering to None, run_after=None
[2025-04-28T13:42:33.176+0000] {processor.py:183} INFO - Processing /opt/airflow/dags/silver_to_gold_feature_engineering.py took 0.167 seconds
[2025-04-28T13:43:03.836+0000] {processor.py:161} INFO - Started process (PID=8773) to work on /opt/airflow/dags/silver_to_gold_feature_engineering.py
[2025-04-28T13:43:03.840+0000] {processor.py:830} INFO - Processing file /opt/airflow/dags/silver_to_gold_feature_engineering.py for tasks to queue
[2025-04-28T13:43:03.841+0000] {logging_mixin.py:188} INFO - [2025-04-28T13:43:03.841+0000] {dagbag.py:540} INFO - Filling up the DagBag from /opt/airflow/dags/silver_to_gold_feature_engineering.py
[2025-04-28T13:43:03.980+0000] {processor.py:840} INFO - DAG(s) 'silver_to_gold_feature_engineering' retrieved from /opt/airflow/dags/silver_to_gold_feature_engineering.py
[2025-04-28T13:43:03.993+0000] {logging_mixin.py:188} INFO - [2025-04-28T13:43:03.992+0000] {dag.py:3096} INFO - Sync 1 DAGs
[2025-04-28T13:43:03.998+0000] {logging_mixin.py:188} INFO - [2025-04-28T13:43:03.998+0000] {dag.py:3954} INFO - Setting next_dagrun for silver_to_gold_feature_engineering to None, run_after=None
[2025-04-28T13:43:04.006+0000] {processor.py:183} INFO - Processing /opt/airflow/dags/silver_to_gold_feature_engineering.py took 0.173 seconds
[2025-04-28T13:43:34.653+0000] {processor.py:161} INFO - Started process (PID=8808) to work on /opt/airflow/dags/silver_to_gold_feature_engineering.py
[2025-04-28T13:43:34.653+0000] {processor.py:830} INFO - Processing file /opt/airflow/dags/silver_to_gold_feature_engineering.py for tasks to queue
[2025-04-28T13:43:34.655+0000] {logging_mixin.py:188} INFO - [2025-04-28T13:43:34.655+0000] {dagbag.py:540} INFO - Filling up the DagBag from /opt/airflow/dags/silver_to_gold_feature_engineering.py
[2025-04-28T13:43:34.799+0000] {processor.py:840} INFO - DAG(s) 'silver_to_gold_feature_engineering' retrieved from /opt/airflow/dags/silver_to_gold_feature_engineering.py
[2025-04-28T13:43:34.812+0000] {logging_mixin.py:188} INFO - [2025-04-28T13:43:34.812+0000] {dag.py:3096} INFO - Sync 1 DAGs
[2025-04-28T13:43:34.817+0000] {logging_mixin.py:188} INFO - [2025-04-28T13:43:34.817+0000] {dag.py:3954} INFO - Setting next_dagrun for silver_to_gold_feature_engineering to None, run_after=None
[2025-04-28T13:43:34.826+0000] {processor.py:183} INFO - Processing /opt/airflow/dags/silver_to_gold_feature_engineering.py took 0.176 seconds
[2025-04-28T13:44:05.451+0000] {processor.py:161} INFO - Started process (PID=8843) to work on /opt/airflow/dags/silver_to_gold_feature_engineering.py
[2025-04-28T13:44:05.452+0000] {processor.py:830} INFO - Processing file /opt/airflow/dags/silver_to_gold_feature_engineering.py for tasks to queue
[2025-04-28T13:44:05.453+0000] {logging_mixin.py:188} INFO - [2025-04-28T13:44:05.453+0000] {dagbag.py:540} INFO - Filling up the DagBag from /opt/airflow/dags/silver_to_gold_feature_engineering.py
[2025-04-28T13:44:05.592+0000] {processor.py:840} INFO - DAG(s) 'silver_to_gold_feature_engineering' retrieved from /opt/airflow/dags/silver_to_gold_feature_engineering.py
[2025-04-28T13:44:05.604+0000] {logging_mixin.py:188} INFO - [2025-04-28T13:44:05.604+0000] {dag.py:3096} INFO - Sync 1 DAGs
[2025-04-28T13:44:05.609+0000] {logging_mixin.py:188} INFO - [2025-04-28T13:44:05.609+0000] {dag.py:3954} INFO - Setting next_dagrun for silver_to_gold_feature_engineering to None, run_after=None
[2025-04-28T13:44:05.618+0000] {processor.py:183} INFO - Processing /opt/airflow/dags/silver_to_gold_feature_engineering.py took 0.170 seconds
[2025-04-28T13:44:36.268+0000] {processor.py:161} INFO - Started process (PID=8878) to work on /opt/airflow/dags/silver_to_gold_feature_engineering.py
[2025-04-28T13:44:36.269+0000] {processor.py:830} INFO - Processing file /opt/airflow/dags/silver_to_gold_feature_engineering.py for tasks to queue
[2025-04-28T13:44:36.269+0000] {logging_mixin.py:188} INFO - [2025-04-28T13:44:36.269+0000] {dagbag.py:540} INFO - Filling up the DagBag from /opt/airflow/dags/silver_to_gold_feature_engineering.py
[2025-04-28T13:44:36.417+0000] {processor.py:840} INFO - DAG(s) 'silver_to_gold_feature_engineering' retrieved from /opt/airflow/dags/silver_to_gold_feature_engineering.py
[2025-04-28T13:44:36.430+0000] {logging_mixin.py:188} INFO - [2025-04-28T13:44:36.429+0000] {dag.py:3096} INFO - Sync 1 DAGs
[2025-04-28T13:44:36.435+0000] {logging_mixin.py:188} INFO - [2025-04-28T13:44:36.435+0000] {dag.py:3954} INFO - Setting next_dagrun for silver_to_gold_feature_engineering to None, run_after=None
[2025-04-28T13:44:36.444+0000] {processor.py:183} INFO - Processing /opt/airflow/dags/silver_to_gold_feature_engineering.py took 0.179 seconds
[2025-04-28T13:45:07.092+0000] {processor.py:161} INFO - Started process (PID=8913) to work on /opt/airflow/dags/silver_to_gold_feature_engineering.py
[2025-04-28T13:45:07.092+0000] {processor.py:830} INFO - Processing file /opt/airflow/dags/silver_to_gold_feature_engineering.py for tasks to queue
[2025-04-28T13:45:07.093+0000] {logging_mixin.py:188} INFO - [2025-04-28T13:45:07.093+0000] {dagbag.py:540} INFO - Filling up the DagBag from /opt/airflow/dags/silver_to_gold_feature_engineering.py
[2025-04-28T13:45:07.233+0000] {processor.py:840} INFO - DAG(s) 'silver_to_gold_feature_engineering' retrieved from /opt/airflow/dags/silver_to_gold_feature_engineering.py
[2025-04-28T13:45:07.246+0000] {logging_mixin.py:188} INFO - [2025-04-28T13:45:07.246+0000] {dag.py:3096} INFO - Sync 1 DAGs
[2025-04-28T13:45:07.251+0000] {logging_mixin.py:188} INFO - [2025-04-28T13:45:07.251+0000] {dag.py:3954} INFO - Setting next_dagrun for silver_to_gold_feature_engineering to None, run_after=None
[2025-04-28T13:45:07.260+0000] {processor.py:183} INFO - Processing /opt/airflow/dags/silver_to_gold_feature_engineering.py took 0.171 seconds
[2025-04-28T13:45:37.837+0000] {processor.py:161} INFO - Started process (PID=8948) to work on /opt/airflow/dags/silver_to_gold_feature_engineering.py
[2025-04-28T13:45:37.838+0000] {processor.py:830} INFO - Processing file /opt/airflow/dags/silver_to_gold_feature_engineering.py for tasks to queue
[2025-04-28T13:45:37.839+0000] {logging_mixin.py:188} INFO - [2025-04-28T13:45:37.839+0000] {dagbag.py:540} INFO - Filling up the DagBag from /opt/airflow/dags/silver_to_gold_feature_engineering.py
[2025-04-28T13:45:37.978+0000] {processor.py:840} INFO - DAG(s) 'silver_to_gold_feature_engineering' retrieved from /opt/airflow/dags/silver_to_gold_feature_engineering.py
[2025-04-28T13:45:37.990+0000] {logging_mixin.py:188} INFO - [2025-04-28T13:45:37.990+0000] {dag.py:3096} INFO - Sync 1 DAGs
[2025-04-28T13:45:37.995+0000] {logging_mixin.py:188} INFO - [2025-04-28T13:45:37.995+0000] {dag.py:3954} INFO - Setting next_dagrun for silver_to_gold_feature_engineering to None, run_after=None
[2025-04-28T13:45:38.003+0000] {processor.py:183} INFO - Processing /opt/airflow/dags/silver_to_gold_feature_engineering.py took 0.169 seconds
[2025-04-28T13:46:08.681+0000] {processor.py:161} INFO - Started process (PID=8983) to work on /opt/airflow/dags/silver_to_gold_feature_engineering.py
[2025-04-28T13:46:08.681+0000] {processor.py:830} INFO - Processing file /opt/airflow/dags/silver_to_gold_feature_engineering.py for tasks to queue
[2025-04-28T13:46:08.682+0000] {logging_mixin.py:188} INFO - [2025-04-28T13:46:08.682+0000] {dagbag.py:540} INFO - Filling up the DagBag from /opt/airflow/dags/silver_to_gold_feature_engineering.py
[2025-04-28T13:46:08.826+0000] {processor.py:840} INFO - DAG(s) 'silver_to_gold_feature_engineering' retrieved from /opt/airflow/dags/silver_to_gold_feature_engineering.py
[2025-04-28T13:46:08.839+0000] {logging_mixin.py:188} INFO - [2025-04-28T13:46:08.838+0000] {dag.py:3096} INFO - Sync 1 DAGs
[2025-04-28T13:46:08.844+0000] {logging_mixin.py:188} INFO - [2025-04-28T13:46:08.844+0000] {dag.py:3954} INFO - Setting next_dagrun for silver_to_gold_feature_engineering to None, run_after=None
[2025-04-28T13:46:08.853+0000] {processor.py:183} INFO - Processing /opt/airflow/dags/silver_to_gold_feature_engineering.py took 0.175 seconds
[2025-04-28T13:46:39.483+0000] {processor.py:161} INFO - Started process (PID=9018) to work on /opt/airflow/dags/silver_to_gold_feature_engineering.py
[2025-04-28T13:46:39.485+0000] {processor.py:830} INFO - Processing file /opt/airflow/dags/silver_to_gold_feature_engineering.py for tasks to queue
[2025-04-28T13:46:39.486+0000] {logging_mixin.py:188} INFO - [2025-04-28T13:46:39.485+0000] {dagbag.py:540} INFO - Filling up the DagBag from /opt/airflow/dags/silver_to_gold_feature_engineering.py
[2025-04-28T13:46:39.627+0000] {processor.py:840} INFO - DAG(s) 'silver_to_gold_feature_engineering' retrieved from /opt/airflow/dags/silver_to_gold_feature_engineering.py
[2025-04-28T13:46:39.640+0000] {logging_mixin.py:188} INFO - [2025-04-28T13:46:39.640+0000] {dag.py:3096} INFO - Sync 1 DAGs
[2025-04-28T13:46:39.645+0000] {logging_mixin.py:188} INFO - [2025-04-28T13:46:39.645+0000] {dag.py:3954} INFO - Setting next_dagrun for silver_to_gold_feature_engineering to None, run_after=None
[2025-04-28T13:46:39.654+0000] {processor.py:183} INFO - Processing /opt/airflow/dags/silver_to_gold_feature_engineering.py took 0.173 seconds
[2025-04-28T13:47:10.272+0000] {processor.py:161} INFO - Started process (PID=9053) to work on /opt/airflow/dags/silver_to_gold_feature_engineering.py
[2025-04-28T13:47:10.273+0000] {processor.py:830} INFO - Processing file /opt/airflow/dags/silver_to_gold_feature_engineering.py for tasks to queue
[2025-04-28T13:47:10.274+0000] {logging_mixin.py:188} INFO - [2025-04-28T13:47:10.274+0000] {dagbag.py:540} INFO - Filling up the DagBag from /opt/airflow/dags/silver_to_gold_feature_engineering.py
[2025-04-28T13:47:10.414+0000] {processor.py:840} INFO - DAG(s) 'silver_to_gold_feature_engineering' retrieved from /opt/airflow/dags/silver_to_gold_feature_engineering.py
[2025-04-28T13:47:10.427+0000] {logging_mixin.py:188} INFO - [2025-04-28T13:47:10.426+0000] {dag.py:3096} INFO - Sync 1 DAGs
[2025-04-28T13:47:10.432+0000] {logging_mixin.py:188} INFO - [2025-04-28T13:47:10.431+0000] {dag.py:3954} INFO - Setting next_dagrun for silver_to_gold_feature_engineering to None, run_after=None
[2025-04-28T13:47:10.440+0000] {processor.py:183} INFO - Processing /opt/airflow/dags/silver_to_gold_feature_engineering.py took 0.170 seconds
[2025-04-28T13:47:41.105+0000] {processor.py:161} INFO - Started process (PID=9088) to work on /opt/airflow/dags/silver_to_gold_feature_engineering.py
[2025-04-28T13:47:41.106+0000] {processor.py:830} INFO - Processing file /opt/airflow/dags/silver_to_gold_feature_engineering.py for tasks to queue
[2025-04-28T13:47:41.107+0000] {logging_mixin.py:188} INFO - [2025-04-28T13:47:41.106+0000] {dagbag.py:540} INFO - Filling up the DagBag from /opt/airflow/dags/silver_to_gold_feature_engineering.py
[2025-04-28T13:47:41.254+0000] {processor.py:840} INFO - DAG(s) 'silver_to_gold_feature_engineering' retrieved from /opt/airflow/dags/silver_to_gold_feature_engineering.py
[2025-04-28T13:47:41.267+0000] {logging_mixin.py:188} INFO - [2025-04-28T13:47:41.267+0000] {dag.py:3096} INFO - Sync 1 DAGs
[2025-04-28T13:47:41.272+0000] {logging_mixin.py:188} INFO - [2025-04-28T13:47:41.272+0000] {dag.py:3954} INFO - Setting next_dagrun for silver_to_gold_feature_engineering to None, run_after=None
[2025-04-28T13:47:41.281+0000] {processor.py:183} INFO - Processing /opt/airflow/dags/silver_to_gold_feature_engineering.py took 0.180 seconds
[2025-04-28T13:48:11.969+0000] {processor.py:161} INFO - Started process (PID=9123) to work on /opt/airflow/dags/silver_to_gold_feature_engineering.py
[2025-04-28T13:48:11.974+0000] {processor.py:830} INFO - Processing file /opt/airflow/dags/silver_to_gold_feature_engineering.py for tasks to queue
[2025-04-28T13:48:11.975+0000] {logging_mixin.py:188} INFO - [2025-04-28T13:48:11.975+0000] {dagbag.py:540} INFO - Filling up the DagBag from /opt/airflow/dags/silver_to_gold_feature_engineering.py
[2025-04-28T13:48:12.111+0000] {processor.py:840} INFO - DAG(s) 'silver_to_gold_feature_engineering' retrieved from /opt/airflow/dags/silver_to_gold_feature_engineering.py
[2025-04-28T13:48:12.124+0000] {logging_mixin.py:188} INFO - [2025-04-28T13:48:12.123+0000] {dag.py:3096} INFO - Sync 1 DAGs
[2025-04-28T13:48:12.129+0000] {logging_mixin.py:188} INFO - [2025-04-28T13:48:12.129+0000] {dag.py:3954} INFO - Setting next_dagrun for silver_to_gold_feature_engineering to None, run_after=None
[2025-04-28T13:48:12.137+0000] {processor.py:183} INFO - Processing /opt/airflow/dags/silver_to_gold_feature_engineering.py took 0.171 seconds
[2025-04-28T13:48:42.773+0000] {processor.py:161} INFO - Started process (PID=9158) to work on /opt/airflow/dags/silver_to_gold_feature_engineering.py
[2025-04-28T13:48:42.773+0000] {processor.py:830} INFO - Processing file /opt/airflow/dags/silver_to_gold_feature_engineering.py for tasks to queue
[2025-04-28T13:48:42.774+0000] {logging_mixin.py:188} INFO - [2025-04-28T13:48:42.774+0000] {dagbag.py:540} INFO - Filling up the DagBag from /opt/airflow/dags/silver_to_gold_feature_engineering.py
[2025-04-28T13:48:42.911+0000] {processor.py:840} INFO - DAG(s) 'silver_to_gold_feature_engineering' retrieved from /opt/airflow/dags/silver_to_gold_feature_engineering.py
[2025-04-28T13:48:42.923+0000] {logging_mixin.py:188} INFO - [2025-04-28T13:48:42.923+0000] {dag.py:3096} INFO - Sync 1 DAGs
[2025-04-28T13:48:42.929+0000] {logging_mixin.py:188} INFO - [2025-04-28T13:48:42.929+0000] {dag.py:3954} INFO - Setting next_dagrun for silver_to_gold_feature_engineering to None, run_after=None
[2025-04-28T13:48:42.937+0000] {processor.py:183} INFO - Processing /opt/airflow/dags/silver_to_gold_feature_engineering.py took 0.167 seconds
[2025-04-28T13:49:13.619+0000] {processor.py:161} INFO - Started process (PID=9193) to work on /opt/airflow/dags/silver_to_gold_feature_engineering.py
[2025-04-28T13:49:13.619+0000] {processor.py:830} INFO - Processing file /opt/airflow/dags/silver_to_gold_feature_engineering.py for tasks to queue
[2025-04-28T13:49:13.621+0000] {logging_mixin.py:188} INFO - [2025-04-28T13:49:13.621+0000] {dagbag.py:540} INFO - Filling up the DagBag from /opt/airflow/dags/silver_to_gold_feature_engineering.py
[2025-04-28T13:49:13.759+0000] {processor.py:840} INFO - DAG(s) 'silver_to_gold_feature_engineering' retrieved from /opt/airflow/dags/silver_to_gold_feature_engineering.py
[2025-04-28T13:49:13.772+0000] {logging_mixin.py:188} INFO - [2025-04-28T13:49:13.771+0000] {dag.py:3096} INFO - Sync 1 DAGs
[2025-04-28T13:49:13.777+0000] {logging_mixin.py:188} INFO - [2025-04-28T13:49:13.777+0000] {dag.py:3954} INFO - Setting next_dagrun for silver_to_gold_feature_engineering to None, run_after=None
[2025-04-28T13:49:13.786+0000] {processor.py:183} INFO - Processing /opt/airflow/dags/silver_to_gold_feature_engineering.py took 0.170 seconds
[2025-04-28T13:49:44.425+0000] {processor.py:161} INFO - Started process (PID=9228) to work on /opt/airflow/dags/silver_to_gold_feature_engineering.py
[2025-04-28T13:49:44.426+0000] {processor.py:830} INFO - Processing file /opt/airflow/dags/silver_to_gold_feature_engineering.py for tasks to queue
[2025-04-28T13:49:44.427+0000] {logging_mixin.py:188} INFO - [2025-04-28T13:49:44.427+0000] {dagbag.py:540} INFO - Filling up the DagBag from /opt/airflow/dags/silver_to_gold_feature_engineering.py
[2025-04-28T13:49:44.583+0000] {processor.py:840} INFO - DAG(s) 'silver_to_gold_feature_engineering' retrieved from /opt/airflow/dags/silver_to_gold_feature_engineering.py
[2025-04-28T13:49:44.596+0000] {logging_mixin.py:188} INFO - [2025-04-28T13:49:44.596+0000] {dag.py:3096} INFO - Sync 1 DAGs
[2025-04-28T13:49:44.602+0000] {logging_mixin.py:188} INFO - [2025-04-28T13:49:44.602+0000] {dag.py:3954} INFO - Setting next_dagrun for silver_to_gold_feature_engineering to None, run_after=None
[2025-04-28T13:49:44.610+0000] {processor.py:183} INFO - Processing /opt/airflow/dags/silver_to_gold_feature_engineering.py took 0.188 seconds
[2025-04-28T13:50:15.273+0000] {processor.py:161} INFO - Started process (PID=9263) to work on /opt/airflow/dags/silver_to_gold_feature_engineering.py
[2025-04-28T13:50:15.274+0000] {processor.py:830} INFO - Processing file /opt/airflow/dags/silver_to_gold_feature_engineering.py for tasks to queue
[2025-04-28T13:50:15.275+0000] {logging_mixin.py:188} INFO - [2025-04-28T13:50:15.274+0000] {dagbag.py:540} INFO - Filling up the DagBag from /opt/airflow/dags/silver_to_gold_feature_engineering.py
[2025-04-28T13:50:15.420+0000] {processor.py:840} INFO - DAG(s) 'silver_to_gold_feature_engineering' retrieved from /opt/airflow/dags/silver_to_gold_feature_engineering.py
[2025-04-28T13:50:15.432+0000] {logging_mixin.py:188} INFO - [2025-04-28T13:50:15.432+0000] {dag.py:3096} INFO - Sync 1 DAGs
[2025-04-28T13:50:15.438+0000] {logging_mixin.py:188} INFO - [2025-04-28T13:50:15.438+0000] {dag.py:3954} INFO - Setting next_dagrun for silver_to_gold_feature_engineering to None, run_after=None
[2025-04-28T13:50:15.446+0000] {processor.py:183} INFO - Processing /opt/airflow/dags/silver_to_gold_feature_engineering.py took 0.176 seconds
[2025-04-28T13:50:46.074+0000] {processor.py:161} INFO - Started process (PID=9298) to work on /opt/airflow/dags/silver_to_gold_feature_engineering.py
[2025-04-28T13:50:46.075+0000] {processor.py:830} INFO - Processing file /opt/airflow/dags/silver_to_gold_feature_engineering.py for tasks to queue
[2025-04-28T13:50:46.076+0000] {logging_mixin.py:188} INFO - [2025-04-28T13:50:46.076+0000] {dagbag.py:540} INFO - Filling up the DagBag from /opt/airflow/dags/silver_to_gold_feature_engineering.py
[2025-04-28T13:50:46.218+0000] {processor.py:840} INFO - DAG(s) 'silver_to_gold_feature_engineering' retrieved from /opt/airflow/dags/silver_to_gold_feature_engineering.py
[2025-04-28T13:50:46.231+0000] {logging_mixin.py:188} INFO - [2025-04-28T13:50:46.231+0000] {dag.py:3096} INFO - Sync 1 DAGs
[2025-04-28T13:50:46.236+0000] {logging_mixin.py:188} INFO - [2025-04-28T13:50:46.236+0000] {dag.py:3954} INFO - Setting next_dagrun for silver_to_gold_feature_engineering to None, run_after=None
[2025-04-28T13:50:46.245+0000] {processor.py:183} INFO - Processing /opt/airflow/dags/silver_to_gold_feature_engineering.py took 0.174 seconds
[2025-04-28T13:51:16.881+0000] {processor.py:161} INFO - Started process (PID=9333) to work on /opt/airflow/dags/silver_to_gold_feature_engineering.py
[2025-04-28T13:51:16.882+0000] {processor.py:830} INFO - Processing file /opt/airflow/dags/silver_to_gold_feature_engineering.py for tasks to queue
[2025-04-28T13:51:16.883+0000] {logging_mixin.py:188} INFO - [2025-04-28T13:51:16.883+0000] {dagbag.py:540} INFO - Filling up the DagBag from /opt/airflow/dags/silver_to_gold_feature_engineering.py
[2025-04-28T13:51:17.018+0000] {processor.py:840} INFO - DAG(s) 'silver_to_gold_feature_engineering' retrieved from /opt/airflow/dags/silver_to_gold_feature_engineering.py
[2025-04-28T13:51:17.032+0000] {logging_mixin.py:188} INFO - [2025-04-28T13:51:17.031+0000] {dag.py:3096} INFO - Sync 1 DAGs
[2025-04-28T13:51:17.038+0000] {logging_mixin.py:188} INFO - [2025-04-28T13:51:17.037+0000] {dag.py:3954} INFO - Setting next_dagrun for silver_to_gold_feature_engineering to None, run_after=None
[2025-04-28T13:51:17.046+0000] {processor.py:183} INFO - Processing /opt/airflow/dags/silver_to_gold_feature_engineering.py took 0.167 seconds
[2025-04-28T13:51:47.693+0000] {processor.py:161} INFO - Started process (PID=9368) to work on /opt/airflow/dags/silver_to_gold_feature_engineering.py
[2025-04-28T13:51:47.693+0000] {processor.py:830} INFO - Processing file /opt/airflow/dags/silver_to_gold_feature_engineering.py for tasks to queue
[2025-04-28T13:51:47.695+0000] {logging_mixin.py:188} INFO - [2025-04-28T13:51:47.695+0000] {dagbag.py:540} INFO - Filling up the DagBag from /opt/airflow/dags/silver_to_gold_feature_engineering.py
[2025-04-28T13:51:47.833+0000] {processor.py:840} INFO - DAG(s) 'silver_to_gold_feature_engineering' retrieved from /opt/airflow/dags/silver_to_gold_feature_engineering.py
[2025-04-28T13:51:47.845+0000] {logging_mixin.py:188} INFO - [2025-04-28T13:51:47.845+0000] {dag.py:3096} INFO - Sync 1 DAGs
[2025-04-28T13:51:47.851+0000] {logging_mixin.py:188} INFO - [2025-04-28T13:51:47.851+0000] {dag.py:3954} INFO - Setting next_dagrun for silver_to_gold_feature_engineering to None, run_after=None
[2025-04-28T13:51:47.859+0000] {processor.py:183} INFO - Processing /opt/airflow/dags/silver_to_gold_feature_engineering.py took 0.169 seconds
[2025-04-28T13:52:18.510+0000] {processor.py:161} INFO - Started process (PID=9403) to work on /opt/airflow/dags/silver_to_gold_feature_engineering.py
[2025-04-28T13:52:18.512+0000] {processor.py:830} INFO - Processing file /opt/airflow/dags/silver_to_gold_feature_engineering.py for tasks to queue
[2025-04-28T13:52:18.513+0000] {logging_mixin.py:188} INFO - [2025-04-28T13:52:18.513+0000] {dagbag.py:540} INFO - Filling up the DagBag from /opt/airflow/dags/silver_to_gold_feature_engineering.py
[2025-04-28T13:52:18.655+0000] {processor.py:840} INFO - DAG(s) 'silver_to_gold_feature_engineering' retrieved from /opt/airflow/dags/silver_to_gold_feature_engineering.py
[2025-04-28T13:52:18.667+0000] {logging_mixin.py:188} INFO - [2025-04-28T13:52:18.667+0000] {dag.py:3096} INFO - Sync 1 DAGs
[2025-04-28T13:52:18.673+0000] {logging_mixin.py:188} INFO - [2025-04-28T13:52:18.672+0000] {dag.py:3954} INFO - Setting next_dagrun for silver_to_gold_feature_engineering to None, run_after=None
[2025-04-28T13:52:18.682+0000] {processor.py:183} INFO - Processing /opt/airflow/dags/silver_to_gold_feature_engineering.py took 0.175 seconds
[2025-04-28T13:52:49.347+0000] {processor.py:161} INFO - Started process (PID=9438) to work on /opt/airflow/dags/silver_to_gold_feature_engineering.py
[2025-04-28T13:52:49.347+0000] {processor.py:830} INFO - Processing file /opt/airflow/dags/silver_to_gold_feature_engineering.py for tasks to queue
[2025-04-28T13:52:49.348+0000] {logging_mixin.py:188} INFO - [2025-04-28T13:52:49.348+0000] {dagbag.py:540} INFO - Filling up the DagBag from /opt/airflow/dags/silver_to_gold_feature_engineering.py
[2025-04-28T13:52:49.495+0000] {processor.py:840} INFO - DAG(s) 'silver_to_gold_feature_engineering' retrieved from /opt/airflow/dags/silver_to_gold_feature_engineering.py
[2025-04-28T13:52:49.509+0000] {logging_mixin.py:188} INFO - [2025-04-28T13:52:49.508+0000] {dag.py:3096} INFO - Sync 1 DAGs
[2025-04-28T13:52:49.514+0000] {logging_mixin.py:188} INFO - [2025-04-28T13:52:49.514+0000] {dag.py:3954} INFO - Setting next_dagrun for silver_to_gold_feature_engineering to None, run_after=None
[2025-04-28T13:52:49.523+0000] {processor.py:183} INFO - Processing /opt/airflow/dags/silver_to_gold_feature_engineering.py took 0.180 seconds
[2025-04-28T13:53:20.130+0000] {processor.py:161} INFO - Started process (PID=9473) to work on /opt/airflow/dags/silver_to_gold_feature_engineering.py
[2025-04-28T13:53:20.130+0000] {processor.py:830} INFO - Processing file /opt/airflow/dags/silver_to_gold_feature_engineering.py for tasks to queue
[2025-04-28T13:53:20.131+0000] {logging_mixin.py:188} INFO - [2025-04-28T13:53:20.131+0000] {dagbag.py:540} INFO - Filling up the DagBag from /opt/airflow/dags/silver_to_gold_feature_engineering.py
[2025-04-28T13:53:20.270+0000] {processor.py:840} INFO - DAG(s) 'silver_to_gold_feature_engineering' retrieved from /opt/airflow/dags/silver_to_gold_feature_engineering.py
[2025-04-28T13:53:20.283+0000] {logging_mixin.py:188} INFO - [2025-04-28T13:53:20.282+0000] {dag.py:3096} INFO - Sync 1 DAGs
[2025-04-28T13:53:20.288+0000] {logging_mixin.py:188} INFO - [2025-04-28T13:53:20.288+0000] {dag.py:3954} INFO - Setting next_dagrun for silver_to_gold_feature_engineering to None, run_after=None
[2025-04-28T13:53:20.296+0000] {processor.py:183} INFO - Processing /opt/airflow/dags/silver_to_gold_feature_engineering.py took 0.170 seconds
[2025-04-28T13:53:50.936+0000] {processor.py:161} INFO - Started process (PID=9508) to work on /opt/airflow/dags/silver_to_gold_feature_engineering.py
[2025-04-28T13:53:50.936+0000] {processor.py:830} INFO - Processing file /opt/airflow/dags/silver_to_gold_feature_engineering.py for tasks to queue
[2025-04-28T13:53:50.937+0000] {logging_mixin.py:188} INFO - [2025-04-28T13:53:50.937+0000] {dagbag.py:540} INFO - Filling up the DagBag from /opt/airflow/dags/silver_to_gold_feature_engineering.py
[2025-04-28T13:53:51.083+0000] {processor.py:840} INFO - DAG(s) 'silver_to_gold_feature_engineering' retrieved from /opt/airflow/dags/silver_to_gold_feature_engineering.py
[2025-04-28T13:53:51.096+0000] {logging_mixin.py:188} INFO - [2025-04-28T13:53:51.096+0000] {dag.py:3096} INFO - Sync 1 DAGs
[2025-04-28T13:53:51.103+0000] {logging_mixin.py:188} INFO - [2025-04-28T13:53:51.103+0000] {dag.py:3954} INFO - Setting next_dagrun for silver_to_gold_feature_engineering to None, run_after=None
[2025-04-28T13:53:51.113+0000] {processor.py:183} INFO - Processing /opt/airflow/dags/silver_to_gold_feature_engineering.py took 0.181 seconds
[2025-04-28T13:54:21.737+0000] {processor.py:161} INFO - Started process (PID=9543) to work on /opt/airflow/dags/silver_to_gold_feature_engineering.py
[2025-04-28T13:54:21.738+0000] {processor.py:830} INFO - Processing file /opt/airflow/dags/silver_to_gold_feature_engineering.py for tasks to queue
[2025-04-28T13:54:21.739+0000] {logging_mixin.py:188} INFO - [2025-04-28T13:54:21.739+0000] {dagbag.py:540} INFO - Filling up the DagBag from /opt/airflow/dags/silver_to_gold_feature_engineering.py
[2025-04-28T13:54:21.876+0000] {processor.py:840} INFO - DAG(s) 'silver_to_gold_feature_engineering' retrieved from /opt/airflow/dags/silver_to_gold_feature_engineering.py
[2025-04-28T13:54:21.888+0000] {logging_mixin.py:188} INFO - [2025-04-28T13:54:21.888+0000] {dag.py:3096} INFO - Sync 1 DAGs
[2025-04-28T13:54:21.894+0000] {logging_mixin.py:188} INFO - [2025-04-28T13:54:21.894+0000] {dag.py:3954} INFO - Setting next_dagrun for silver_to_gold_feature_engineering to None, run_after=None
[2025-04-28T13:54:21.902+0000] {processor.py:183} INFO - Processing /opt/airflow/dags/silver_to_gold_feature_engineering.py took 0.168 seconds
[2025-04-28T13:54:52.579+0000] {processor.py:161} INFO - Started process (PID=9578) to work on /opt/airflow/dags/silver_to_gold_feature_engineering.py
[2025-04-28T13:54:52.579+0000] {processor.py:830} INFO - Processing file /opt/airflow/dags/silver_to_gold_feature_engineering.py for tasks to queue
[2025-04-28T13:54:52.580+0000] {logging_mixin.py:188} INFO - [2025-04-28T13:54:52.580+0000] {dagbag.py:540} INFO - Filling up the DagBag from /opt/airflow/dags/silver_to_gold_feature_engineering.py
[2025-04-28T13:54:52.729+0000] {processor.py:840} INFO - DAG(s) 'silver_to_gold_feature_engineering' retrieved from /opt/airflow/dags/silver_to_gold_feature_engineering.py
[2025-04-28T13:54:52.742+0000] {logging_mixin.py:188} INFO - [2025-04-28T13:54:52.742+0000] {dag.py:3096} INFO - Sync 1 DAGs
[2025-04-28T13:54:52.747+0000] {logging_mixin.py:188} INFO - [2025-04-28T13:54:52.747+0000] {dag.py:3954} INFO - Setting next_dagrun for silver_to_gold_feature_engineering to None, run_after=None
[2025-04-28T13:54:52.758+0000] {processor.py:183} INFO - Processing /opt/airflow/dags/silver_to_gold_feature_engineering.py took 0.183 seconds
[2025-04-28T13:55:23.384+0000] {processor.py:161} INFO - Started process (PID=9613) to work on /opt/airflow/dags/silver_to_gold_feature_engineering.py
[2025-04-28T13:55:23.384+0000] {processor.py:830} INFO - Processing file /opt/airflow/dags/silver_to_gold_feature_engineering.py for tasks to queue
[2025-04-28T13:55:23.385+0000] {logging_mixin.py:188} INFO - [2025-04-28T13:55:23.385+0000] {dagbag.py:540} INFO - Filling up the DagBag from /opt/airflow/dags/silver_to_gold_feature_engineering.py
[2025-04-28T13:55:23.527+0000] {processor.py:840} INFO - DAG(s) 'silver_to_gold_feature_engineering' retrieved from /opt/airflow/dags/silver_to_gold_feature_engineering.py
[2025-04-28T13:55:23.542+0000] {logging_mixin.py:188} INFO - [2025-04-28T13:55:23.542+0000] {dag.py:3096} INFO - Sync 1 DAGs
[2025-04-28T13:55:23.549+0000] {logging_mixin.py:188} INFO - [2025-04-28T13:55:23.549+0000] {dag.py:3954} INFO - Setting next_dagrun for silver_to_gold_feature_engineering to None, run_after=None
[2025-04-28T13:55:23.559+0000] {processor.py:183} INFO - Processing /opt/airflow/dags/silver_to_gold_feature_engineering.py took 0.178 seconds
[2025-04-28T13:55:54.221+0000] {processor.py:161} INFO - Started process (PID=9648) to work on /opt/airflow/dags/silver_to_gold_feature_engineering.py
[2025-04-28T13:55:54.221+0000] {processor.py:830} INFO - Processing file /opt/airflow/dags/silver_to_gold_feature_engineering.py for tasks to queue
[2025-04-28T13:55:54.222+0000] {logging_mixin.py:188} INFO - [2025-04-28T13:55:54.222+0000] {dagbag.py:540} INFO - Filling up the DagBag from /opt/airflow/dags/silver_to_gold_feature_engineering.py
[2025-04-28T13:55:54.361+0000] {processor.py:840} INFO - DAG(s) 'silver_to_gold_feature_engineering' retrieved from /opt/airflow/dags/silver_to_gold_feature_engineering.py
[2025-04-28T13:55:54.375+0000] {logging_mixin.py:188} INFO - [2025-04-28T13:55:54.374+0000] {dag.py:3096} INFO - Sync 1 DAGs
[2025-04-28T13:55:54.380+0000] {logging_mixin.py:188} INFO - [2025-04-28T13:55:54.380+0000] {dag.py:3954} INFO - Setting next_dagrun for silver_to_gold_feature_engineering to None, run_after=None
[2025-04-28T13:55:54.389+0000] {processor.py:183} INFO - Processing /opt/airflow/dags/silver_to_gold_feature_engineering.py took 0.171 seconds
[2025-04-28T13:56:25.037+0000] {processor.py:161} INFO - Started process (PID=9683) to work on /opt/airflow/dags/silver_to_gold_feature_engineering.py
[2025-04-28T13:56:25.037+0000] {processor.py:830} INFO - Processing file /opt/airflow/dags/silver_to_gold_feature_engineering.py for tasks to queue
[2025-04-28T13:56:25.038+0000] {logging_mixin.py:188} INFO - [2025-04-28T13:56:25.038+0000] {dagbag.py:540} INFO - Filling up the DagBag from /opt/airflow/dags/silver_to_gold_feature_engineering.py
[2025-04-28T13:56:25.181+0000] {processor.py:840} INFO - DAG(s) 'silver_to_gold_feature_engineering' retrieved from /opt/airflow/dags/silver_to_gold_feature_engineering.py
[2025-04-28T13:56:25.194+0000] {logging_mixin.py:188} INFO - [2025-04-28T13:56:25.194+0000] {dag.py:3096} INFO - Sync 1 DAGs
[2025-04-28T13:56:25.201+0000] {logging_mixin.py:188} INFO - [2025-04-28T13:56:25.201+0000] {dag.py:3954} INFO - Setting next_dagrun for silver_to_gold_feature_engineering to None, run_after=None
[2025-04-28T13:56:25.210+0000] {processor.py:183} INFO - Processing /opt/airflow/dags/silver_to_gold_feature_engineering.py took 0.176 seconds
[2025-04-28T13:56:55.830+0000] {processor.py:161} INFO - Started process (PID=9718) to work on /opt/airflow/dags/silver_to_gold_feature_engineering.py
[2025-04-28T13:56:55.833+0000] {processor.py:830} INFO - Processing file /opt/airflow/dags/silver_to_gold_feature_engineering.py for tasks to queue
[2025-04-28T13:56:55.834+0000] {logging_mixin.py:188} INFO - [2025-04-28T13:56:55.834+0000] {dagbag.py:540} INFO - Filling up the DagBag from /opt/airflow/dags/silver_to_gold_feature_engineering.py
[2025-04-28T13:56:55.980+0000] {processor.py:840} INFO - DAG(s) 'silver_to_gold_feature_engineering' retrieved from /opt/airflow/dags/silver_to_gold_feature_engineering.py
[2025-04-28T13:56:56.014+0000] {logging_mixin.py:188} INFO - [2025-04-28T13:56:56.013+0000] {dag.py:3096} INFO - Sync 1 DAGs
[2025-04-28T13:56:56.033+0000] {logging_mixin.py:188} INFO - [2025-04-28T13:56:56.033+0000] {dag.py:3954} INFO - Setting next_dagrun for silver_to_gold_feature_engineering to None, run_after=None
[2025-04-28T13:56:56.047+0000] {processor.py:183} INFO - Processing /opt/airflow/dags/silver_to_gold_feature_engineering.py took 0.220 seconds
[2025-04-28T13:57:26.618+0000] {processor.py:161} INFO - Started process (PID=9753) to work on /opt/airflow/dags/silver_to_gold_feature_engineering.py
[2025-04-28T13:57:26.618+0000] {processor.py:830} INFO - Processing file /opt/airflow/dags/silver_to_gold_feature_engineering.py for tasks to queue
[2025-04-28T13:57:26.621+0000] {logging_mixin.py:188} INFO - [2025-04-28T13:57:26.620+0000] {dagbag.py:540} INFO - Filling up the DagBag from /opt/airflow/dags/silver_to_gold_feature_engineering.py
[2025-04-28T13:57:26.765+0000] {processor.py:840} INFO - DAG(s) 'silver_to_gold_feature_engineering' retrieved from /opt/airflow/dags/silver_to_gold_feature_engineering.py
[2025-04-28T13:57:26.778+0000] {logging_mixin.py:188} INFO - [2025-04-28T13:57:26.778+0000] {dag.py:3096} INFO - Sync 1 DAGs
[2025-04-28T13:57:26.783+0000] {logging_mixin.py:188} INFO - [2025-04-28T13:57:26.783+0000] {dag.py:3954} INFO - Setting next_dagrun for silver_to_gold_feature_engineering to None, run_after=None
[2025-04-28T13:57:26.792+0000] {processor.py:183} INFO - Processing /opt/airflow/dags/silver_to_gold_feature_engineering.py took 0.177 seconds
[2025-04-28T13:57:57.442+0000] {processor.py:161} INFO - Started process (PID=9788) to work on /opt/airflow/dags/silver_to_gold_feature_engineering.py
[2025-04-28T13:57:57.445+0000] {processor.py:830} INFO - Processing file /opt/airflow/dags/silver_to_gold_feature_engineering.py for tasks to queue
[2025-04-28T13:57:57.446+0000] {logging_mixin.py:188} INFO - [2025-04-28T13:57:57.446+0000] {dagbag.py:540} INFO - Filling up the DagBag from /opt/airflow/dags/silver_to_gold_feature_engineering.py
[2025-04-28T13:57:57.592+0000] {processor.py:840} INFO - DAG(s) 'silver_to_gold_feature_engineering' retrieved from /opt/airflow/dags/silver_to_gold_feature_engineering.py
[2025-04-28T13:57:57.605+0000] {logging_mixin.py:188} INFO - [2025-04-28T13:57:57.605+0000] {dag.py:3096} INFO - Sync 1 DAGs
[2025-04-28T13:57:57.611+0000] {logging_mixin.py:188} INFO - [2025-04-28T13:57:57.611+0000] {dag.py:3954} INFO - Setting next_dagrun for silver_to_gold_feature_engineering to None, run_after=None
[2025-04-28T13:57:57.619+0000] {processor.py:183} INFO - Processing /opt/airflow/dags/silver_to_gold_feature_engineering.py took 0.180 seconds
[2025-04-28T13:58:28.258+0000] {processor.py:161} INFO - Started process (PID=9823) to work on /opt/airflow/dags/silver_to_gold_feature_engineering.py
[2025-04-28T13:58:28.260+0000] {processor.py:830} INFO - Processing file /opt/airflow/dags/silver_to_gold_feature_engineering.py for tasks to queue
[2025-04-28T13:58:28.260+0000] {logging_mixin.py:188} INFO - [2025-04-28T13:58:28.260+0000] {dagbag.py:540} INFO - Filling up the DagBag from /opt/airflow/dags/silver_to_gold_feature_engineering.py
[2025-04-28T13:58:28.409+0000] {processor.py:840} INFO - DAG(s) 'silver_to_gold_feature_engineering' retrieved from /opt/airflow/dags/silver_to_gold_feature_engineering.py
[2025-04-28T13:58:28.423+0000] {logging_mixin.py:188} INFO - [2025-04-28T13:58:28.423+0000] {dag.py:3096} INFO - Sync 1 DAGs
[2025-04-28T13:58:28.429+0000] {logging_mixin.py:188} INFO - [2025-04-28T13:58:28.429+0000] {dag.py:3954} INFO - Setting next_dagrun for silver_to_gold_feature_engineering to None, run_after=None
[2025-04-28T13:58:28.439+0000] {processor.py:183} INFO - Processing /opt/airflow/dags/silver_to_gold_feature_engineering.py took 0.183 seconds
[2025-04-28T13:58:59.019+0000] {processor.py:161} INFO - Started process (PID=9858) to work on /opt/airflow/dags/silver_to_gold_feature_engineering.py
[2025-04-28T13:58:59.020+0000] {processor.py:830} INFO - Processing file /opt/airflow/dags/silver_to_gold_feature_engineering.py for tasks to queue
[2025-04-28T13:58:59.021+0000] {logging_mixin.py:188} INFO - [2025-04-28T13:58:59.020+0000] {dagbag.py:540} INFO - Filling up the DagBag from /opt/airflow/dags/silver_to_gold_feature_engineering.py
[2025-04-28T13:58:59.160+0000] {processor.py:840} INFO - DAG(s) 'silver_to_gold_feature_engineering' retrieved from /opt/airflow/dags/silver_to_gold_feature_engineering.py
[2025-04-28T13:58:59.174+0000] {logging_mixin.py:188} INFO - [2025-04-28T13:58:59.173+0000] {dag.py:3096} INFO - Sync 1 DAGs
[2025-04-28T13:58:59.179+0000] {logging_mixin.py:188} INFO - [2025-04-28T13:58:59.179+0000] {dag.py:3954} INFO - Setting next_dagrun for silver_to_gold_feature_engineering to None, run_after=None
[2025-04-28T13:58:59.187+0000] {processor.py:183} INFO - Processing /opt/airflow/dags/silver_to_gold_feature_engineering.py took 0.171 seconds
[2025-04-28T13:59:30.071+0000] {processor.py:161} INFO - Started process (PID=9895) to work on /opt/airflow/dags/silver_to_gold_feature_engineering.py
[2025-04-28T13:59:30.071+0000] {processor.py:830} INFO - Processing file /opt/airflow/dags/silver_to_gold_feature_engineering.py for tasks to queue
[2025-04-28T13:59:30.072+0000] {logging_mixin.py:188} INFO - [2025-04-28T13:59:30.072+0000] {dagbag.py:540} INFO - Filling up the DagBag from /opt/airflow/dags/silver_to_gold_feature_engineering.py
[2025-04-28T13:59:30.218+0000] {processor.py:840} INFO - DAG(s) 'silver_to_gold_feature_engineering' retrieved from /opt/airflow/dags/silver_to_gold_feature_engineering.py
[2025-04-28T13:59:30.232+0000] {logging_mixin.py:188} INFO - [2025-04-28T13:59:30.231+0000] {dag.py:3096} INFO - Sync 1 DAGs
[2025-04-28T13:59:30.237+0000] {logging_mixin.py:188} INFO - [2025-04-28T13:59:30.237+0000] {dag.py:3954} INFO - Setting next_dagrun for silver_to_gold_feature_engineering to None, run_after=None
[2025-04-28T13:59:30.246+0000] {processor.py:183} INFO - Processing /opt/airflow/dags/silver_to_gold_feature_engineering.py took 0.178 seconds
[2025-04-28T14:00:00.978+0000] {processor.py:161} INFO - Started process (PID=9927) to work on /opt/airflow/dags/silver_to_gold_feature_engineering.py
[2025-04-28T14:00:00.978+0000] {processor.py:830} INFO - Processing file /opt/airflow/dags/silver_to_gold_feature_engineering.py for tasks to queue
[2025-04-28T14:00:00.979+0000] {logging_mixin.py:188} INFO - [2025-04-28T14:00:00.979+0000] {dagbag.py:540} INFO - Filling up the DagBag from /opt/airflow/dags/silver_to_gold_feature_engineering.py
[2025-04-28T14:00:01.127+0000] {processor.py:840} INFO - DAG(s) 'silver_to_gold_feature_engineering' retrieved from /opt/airflow/dags/silver_to_gold_feature_engineering.py
[2025-04-28T14:00:01.141+0000] {logging_mixin.py:188} INFO - [2025-04-28T14:00:01.141+0000] {dag.py:3096} INFO - Sync 1 DAGs
[2025-04-28T14:00:01.147+0000] {logging_mixin.py:188} INFO - [2025-04-28T14:00:01.147+0000] {dag.py:3954} INFO - Setting next_dagrun for silver_to_gold_feature_engineering to None, run_after=None
[2025-04-28T14:00:01.159+0000] {processor.py:183} INFO - Processing /opt/airflow/dags/silver_to_gold_feature_engineering.py took 0.184 seconds
[2025-04-28T14:00:31.712+0000] {processor.py:161} INFO - Started process (PID=9962) to work on /opt/airflow/dags/silver_to_gold_feature_engineering.py
[2025-04-28T14:00:31.712+0000] {processor.py:830} INFO - Processing file /opt/airflow/dags/silver_to_gold_feature_engineering.py for tasks to queue
[2025-04-28T14:00:31.714+0000] {logging_mixin.py:188} INFO - [2025-04-28T14:00:31.714+0000] {dagbag.py:540} INFO - Filling up the DagBag from /opt/airflow/dags/silver_to_gold_feature_engineering.py
[2025-04-28T14:00:31.856+0000] {processor.py:840} INFO - DAG(s) 'silver_to_gold_feature_engineering' retrieved from /opt/airflow/dags/silver_to_gold_feature_engineering.py
[2025-04-28T14:00:31.870+0000] {logging_mixin.py:188} INFO - [2025-04-28T14:00:31.870+0000] {dag.py:3096} INFO - Sync 1 DAGs
[2025-04-28T14:00:31.877+0000] {logging_mixin.py:188} INFO - [2025-04-28T14:00:31.877+0000] {dag.py:3954} INFO - Setting next_dagrun for silver_to_gold_feature_engineering to None, run_after=None
[2025-04-28T14:00:31.889+0000] {processor.py:183} INFO - Processing /opt/airflow/dags/silver_to_gold_feature_engineering.py took 0.180 seconds
[2025-04-28T14:01:02.430+0000] {processor.py:161} INFO - Started process (PID=9997) to work on /opt/airflow/dags/silver_to_gold_feature_engineering.py
[2025-04-28T14:01:02.431+0000] {processor.py:830} INFO - Processing file /opt/airflow/dags/silver_to_gold_feature_engineering.py for tasks to queue
[2025-04-28T14:01:02.432+0000] {logging_mixin.py:188} INFO - [2025-04-28T14:01:02.432+0000] {dagbag.py:540} INFO - Filling up the DagBag from /opt/airflow/dags/silver_to_gold_feature_engineering.py
[2025-04-28T14:01:02.572+0000] {processor.py:840} INFO - DAG(s) 'silver_to_gold_feature_engineering' retrieved from /opt/airflow/dags/silver_to_gold_feature_engineering.py
[2025-04-28T14:01:02.587+0000] {logging_mixin.py:188} INFO - [2025-04-28T14:01:02.587+0000] {dag.py:3096} INFO - Sync 1 DAGs
[2025-04-28T14:01:02.593+0000] {logging_mixin.py:188} INFO - [2025-04-28T14:01:02.593+0000] {dag.py:3954} INFO - Setting next_dagrun for silver_to_gold_feature_engineering to None, run_after=None
[2025-04-28T14:01:02.605+0000] {processor.py:183} INFO - Processing /opt/airflow/dags/silver_to_gold_feature_engineering.py took 0.177 seconds
[2025-04-28T14:01:33.202+0000] {processor.py:161} INFO - Started process (PID=10032) to work on /opt/airflow/dags/silver_to_gold_feature_engineering.py
[2025-04-28T14:01:33.203+0000] {processor.py:830} INFO - Processing file /opt/airflow/dags/silver_to_gold_feature_engineering.py for tasks to queue
[2025-04-28T14:01:33.204+0000] {logging_mixin.py:188} INFO - [2025-04-28T14:01:33.203+0000] {dagbag.py:540} INFO - Filling up the DagBag from /opt/airflow/dags/silver_to_gold_feature_engineering.py
[2025-04-28T14:01:33.347+0000] {processor.py:840} INFO - DAG(s) 'silver_to_gold_feature_engineering' retrieved from /opt/airflow/dags/silver_to_gold_feature_engineering.py
[2025-04-28T14:01:33.361+0000] {logging_mixin.py:188} INFO - [2025-04-28T14:01:33.360+0000] {dag.py:3096} INFO - Sync 1 DAGs
[2025-04-28T14:01:33.367+0000] {logging_mixin.py:188} INFO - [2025-04-28T14:01:33.367+0000] {dag.py:3954} INFO - Setting next_dagrun for silver_to_gold_feature_engineering to None, run_after=None
[2025-04-28T14:01:33.377+0000] {processor.py:183} INFO - Processing /opt/airflow/dags/silver_to_gold_feature_engineering.py took 0.178 seconds
[2025-04-28T14:02:03.937+0000] {processor.py:161} INFO - Started process (PID=10067) to work on /opt/airflow/dags/silver_to_gold_feature_engineering.py
[2025-04-28T14:02:03.937+0000] {processor.py:830} INFO - Processing file /opt/airflow/dags/silver_to_gold_feature_engineering.py for tasks to queue
[2025-04-28T14:02:03.940+0000] {logging_mixin.py:188} INFO - [2025-04-28T14:02:03.939+0000] {dagbag.py:540} INFO - Filling up the DagBag from /opt/airflow/dags/silver_to_gold_feature_engineering.py
[2025-04-28T14:02:04.080+0000] {processor.py:840} INFO - DAG(s) 'silver_to_gold_feature_engineering' retrieved from /opt/airflow/dags/silver_to_gold_feature_engineering.py
[2025-04-28T14:02:04.095+0000] {logging_mixin.py:188} INFO - [2025-04-28T14:02:04.095+0000] {dag.py:3096} INFO - Sync 1 DAGs
[2025-04-28T14:02:04.102+0000] {logging_mixin.py:188} INFO - [2025-04-28T14:02:04.102+0000] {dag.py:3954} INFO - Setting next_dagrun for silver_to_gold_feature_engineering to None, run_after=None
[2025-04-28T14:02:04.114+0000] {processor.py:183} INFO - Processing /opt/airflow/dags/silver_to_gold_feature_engineering.py took 0.180 seconds
[2025-04-28T14:02:34.679+0000] {processor.py:161} INFO - Started process (PID=10102) to work on /opt/airflow/dags/silver_to_gold_feature_engineering.py
[2025-04-28T14:02:34.679+0000] {processor.py:830} INFO - Processing file /opt/airflow/dags/silver_to_gold_feature_engineering.py for tasks to queue
[2025-04-28T14:02:34.681+0000] {logging_mixin.py:188} INFO - [2025-04-28T14:02:34.680+0000] {dagbag.py:540} INFO - Filling up the DagBag from /opt/airflow/dags/silver_to_gold_feature_engineering.py
[2025-04-28T14:02:34.823+0000] {processor.py:840} INFO - DAG(s) 'silver_to_gold_feature_engineering' retrieved from /opt/airflow/dags/silver_to_gold_feature_engineering.py
[2025-04-28T14:02:34.840+0000] {logging_mixin.py:188} INFO - [2025-04-28T14:02:34.840+0000] {dag.py:3096} INFO - Sync 1 DAGs
[2025-04-28T14:02:34.847+0000] {logging_mixin.py:188} INFO - [2025-04-28T14:02:34.847+0000] {dag.py:3954} INFO - Setting next_dagrun for silver_to_gold_feature_engineering to None, run_after=None
[2025-04-28T14:02:34.858+0000] {processor.py:183} INFO - Processing /opt/airflow/dags/silver_to_gold_feature_engineering.py took 0.182 seconds
[2025-04-28T14:03:05.492+0000] {processor.py:161} INFO - Started process (PID=10137) to work on /opt/airflow/dags/silver_to_gold_feature_engineering.py
[2025-04-28T14:03:05.493+0000] {processor.py:830} INFO - Processing file /opt/airflow/dags/silver_to_gold_feature_engineering.py for tasks to queue
[2025-04-28T14:03:05.494+0000] {logging_mixin.py:188} INFO - [2025-04-28T14:03:05.494+0000] {dagbag.py:540} INFO - Filling up the DagBag from /opt/airflow/dags/silver_to_gold_feature_engineering.py
[2025-04-28T14:03:05.658+0000] {processor.py:840} INFO - DAG(s) 'silver_to_gold_feature_engineering' retrieved from /opt/airflow/dags/silver_to_gold_feature_engineering.py
[2025-04-28T14:03:05.674+0000] {logging_mixin.py:188} INFO - [2025-04-28T14:03:05.673+0000] {dag.py:3096} INFO - Sync 1 DAGs
[2025-04-28T14:03:05.679+0000] {logging_mixin.py:188} INFO - [2025-04-28T14:03:05.679+0000] {dag.py:3954} INFO - Setting next_dagrun for silver_to_gold_feature_engineering to None, run_after=None
[2025-04-28T14:03:05.690+0000] {processor.py:183} INFO - Processing /opt/airflow/dags/silver_to_gold_feature_engineering.py took 0.201 seconds
[2025-04-28T14:03:36.421+0000] {processor.py:161} INFO - Started process (PID=10173) to work on /opt/airflow/dags/silver_to_gold_feature_engineering.py
[2025-04-28T14:03:36.421+0000] {processor.py:830} INFO - Processing file /opt/airflow/dags/silver_to_gold_feature_engineering.py for tasks to queue
[2025-04-28T14:03:36.422+0000] {logging_mixin.py:188} INFO - [2025-04-28T14:03:36.422+0000] {dagbag.py:540} INFO - Filling up the DagBag from /opt/airflow/dags/silver_to_gold_feature_engineering.py
[2025-04-28T14:03:36.559+0000] {processor.py:840} INFO - DAG(s) 'silver_to_gold_feature_engineering' retrieved from /opt/airflow/dags/silver_to_gold_feature_engineering.py
[2025-04-28T14:03:36.571+0000] {logging_mixin.py:188} INFO - [2025-04-28T14:03:36.571+0000] {dag.py:3096} INFO - Sync 1 DAGs
[2025-04-28T14:03:36.577+0000] {logging_mixin.py:188} INFO - [2025-04-28T14:03:36.577+0000] {dag.py:3954} INFO - Setting next_dagrun for silver_to_gold_feature_engineering to None, run_after=None
[2025-04-28T14:03:36.586+0000] {processor.py:183} INFO - Processing /opt/airflow/dags/silver_to_gold_feature_engineering.py took 0.168 seconds
[2025-04-28T14:04:07.114+0000] {processor.py:161} INFO - Started process (PID=10207) to work on /opt/airflow/dags/silver_to_gold_feature_engineering.py
[2025-04-28T14:04:07.115+0000] {processor.py:830} INFO - Processing file /opt/airflow/dags/silver_to_gold_feature_engineering.py for tasks to queue
[2025-04-28T14:04:07.116+0000] {logging_mixin.py:188} INFO - [2025-04-28T14:04:07.116+0000] {dagbag.py:540} INFO - Filling up the DagBag from /opt/airflow/dags/silver_to_gold_feature_engineering.py
[2025-04-28T14:04:07.265+0000] {processor.py:840} INFO - DAG(s) 'silver_to_gold_feature_engineering' retrieved from /opt/airflow/dags/silver_to_gold_feature_engineering.py
[2025-04-28T14:04:07.282+0000] {logging_mixin.py:188} INFO - [2025-04-28T14:04:07.282+0000] {dag.py:3096} INFO - Sync 1 DAGs
[2025-04-28T14:04:07.289+0000] {logging_mixin.py:188} INFO - [2025-04-28T14:04:07.289+0000] {dag.py:3954} INFO - Setting next_dagrun for silver_to_gold_feature_engineering to None, run_after=None
[2025-04-28T14:04:07.299+0000] {processor.py:183} INFO - Processing /opt/airflow/dags/silver_to_gold_feature_engineering.py took 0.188 seconds
[2025-04-28T14:04:37.850+0000] {processor.py:161} INFO - Started process (PID=10242) to work on /opt/airflow/dags/silver_to_gold_feature_engineering.py
[2025-04-28T14:04:37.851+0000] {processor.py:830} INFO - Processing file /opt/airflow/dags/silver_to_gold_feature_engineering.py for tasks to queue
[2025-04-28T14:04:37.852+0000] {logging_mixin.py:188} INFO - [2025-04-28T14:04:37.851+0000] {dagbag.py:540} INFO - Filling up the DagBag from /opt/airflow/dags/silver_to_gold_feature_engineering.py
[2025-04-28T14:04:38.025+0000] {processor.py:840} INFO - DAG(s) 'silver_to_gold_feature_engineering' retrieved from /opt/airflow/dags/silver_to_gold_feature_engineering.py
[2025-04-28T14:04:38.040+0000] {logging_mixin.py:188} INFO - [2025-04-28T14:04:38.040+0000] {dag.py:3096} INFO - Sync 1 DAGs
[2025-04-28T14:04:38.048+0000] {logging_mixin.py:188} INFO - [2025-04-28T14:04:38.048+0000] {dag.py:3954} INFO - Setting next_dagrun for silver_to_gold_feature_engineering to None, run_after=None
[2025-04-28T14:04:38.059+0000] {processor.py:183} INFO - Processing /opt/airflow/dags/silver_to_gold_feature_engineering.py took 0.211 seconds
[2025-04-28T14:05:08.848+0000] {processor.py:161} INFO - Started process (PID=10280) to work on /opt/airflow/dags/silver_to_gold_feature_engineering.py
[2025-04-28T14:05:08.849+0000] {processor.py:830} INFO - Processing file /opt/airflow/dags/silver_to_gold_feature_engineering.py for tasks to queue
[2025-04-28T14:05:08.849+0000] {logging_mixin.py:188} INFO - [2025-04-28T14:05:08.849+0000] {dagbag.py:540} INFO - Filling up the DagBag from /opt/airflow/dags/silver_to_gold_feature_engineering.py
[2025-04-28T14:05:08.984+0000] {processor.py:840} INFO - DAG(s) 'silver_to_gold_feature_engineering' retrieved from /opt/airflow/dags/silver_to_gold_feature_engineering.py
[2025-04-28T14:05:08.998+0000] {logging_mixin.py:188} INFO - [2025-04-28T14:05:08.998+0000] {dag.py:3096} INFO - Sync 1 DAGs
[2025-04-28T14:05:09.004+0000] {logging_mixin.py:188} INFO - [2025-04-28T14:05:09.004+0000] {dag.py:3954} INFO - Setting next_dagrun for silver_to_gold_feature_engineering to None, run_after=None
[2025-04-28T14:05:09.013+0000] {processor.py:183} INFO - Processing /opt/airflow/dags/silver_to_gold_feature_engineering.py took 0.168 seconds
[2025-04-28T14:05:39.773+0000] {processor.py:161} INFO - Started process (PID=10315) to work on /opt/airflow/dags/silver_to_gold_feature_engineering.py
[2025-04-28T14:05:39.774+0000] {processor.py:830} INFO - Processing file /opt/airflow/dags/silver_to_gold_feature_engineering.py for tasks to queue
[2025-04-28T14:05:39.774+0000] {logging_mixin.py:188} INFO - [2025-04-28T14:05:39.774+0000] {dagbag.py:540} INFO - Filling up the DagBag from /opt/airflow/dags/silver_to_gold_feature_engineering.py
[2025-04-28T14:05:39.905+0000] {processor.py:840} INFO - DAG(s) 'silver_to_gold_feature_engineering' retrieved from /opt/airflow/dags/silver_to_gold_feature_engineering.py
[2025-04-28T14:05:39.917+0000] {logging_mixin.py:188} INFO - [2025-04-28T14:05:39.917+0000] {dag.py:3096} INFO - Sync 1 DAGs
[2025-04-28T14:05:39.923+0000] {logging_mixin.py:188} INFO - [2025-04-28T14:05:39.923+0000] {dag.py:3954} INFO - Setting next_dagrun for silver_to_gold_feature_engineering to None, run_after=None
[2025-04-28T14:05:39.931+0000] {processor.py:183} INFO - Processing /opt/airflow/dags/silver_to_gold_feature_engineering.py took 0.161 seconds
[2025-04-28T14:06:10.680+0000] {processor.py:161} INFO - Started process (PID=10350) to work on /opt/airflow/dags/silver_to_gold_feature_engineering.py
[2025-04-28T14:06:10.680+0000] {processor.py:830} INFO - Processing file /opt/airflow/dags/silver_to_gold_feature_engineering.py for tasks to queue
[2025-04-28T14:06:10.681+0000] {logging_mixin.py:188} INFO - [2025-04-28T14:06:10.681+0000] {dagbag.py:540} INFO - Filling up the DagBag from /opt/airflow/dags/silver_to_gold_feature_engineering.py
[2025-04-28T14:06:10.824+0000] {processor.py:840} INFO - DAG(s) 'silver_to_gold_feature_engineering' retrieved from /opt/airflow/dags/silver_to_gold_feature_engineering.py
[2025-04-28T14:06:10.838+0000] {logging_mixin.py:188} INFO - [2025-04-28T14:06:10.838+0000] {dag.py:3096} INFO - Sync 1 DAGs
[2025-04-28T14:06:10.844+0000] {logging_mixin.py:188} INFO - [2025-04-28T14:06:10.844+0000] {dag.py:3954} INFO - Setting next_dagrun for silver_to_gold_feature_engineering to None, run_after=None
[2025-04-28T14:06:10.852+0000] {processor.py:183} INFO - Processing /opt/airflow/dags/silver_to_gold_feature_engineering.py took 0.175 seconds
[2025-04-28T14:06:41.352+0000] {processor.py:161} INFO - Started process (PID=10382) to work on /opt/airflow/dags/silver_to_gold_feature_engineering.py
[2025-04-28T14:06:41.353+0000] {processor.py:830} INFO - Processing file /opt/airflow/dags/silver_to_gold_feature_engineering.py for tasks to queue
[2025-04-28T14:06:41.353+0000] {logging_mixin.py:188} INFO - [2025-04-28T14:06:41.353+0000] {dagbag.py:540} INFO - Filling up the DagBag from /opt/airflow/dags/silver_to_gold_feature_engineering.py
[2025-04-28T14:06:41.502+0000] {processor.py:840} INFO - DAG(s) 'silver_to_gold_feature_engineering' retrieved from /opt/airflow/dags/silver_to_gold_feature_engineering.py
[2025-04-28T14:06:41.516+0000] {logging_mixin.py:188} INFO - [2025-04-28T14:06:41.515+0000] {dag.py:3096} INFO - Sync 1 DAGs
[2025-04-28T14:06:41.523+0000] {logging_mixin.py:188} INFO - [2025-04-28T14:06:41.523+0000] {dag.py:3954} INFO - Setting next_dagrun for silver_to_gold_feature_engineering to None, run_after=None
[2025-04-28T14:06:41.536+0000] {processor.py:183} INFO - Processing /opt/airflow/dags/silver_to_gold_feature_engineering.py took 0.186 seconds
[2025-04-28T14:07:12.228+0000] {processor.py:161} INFO - Started process (PID=10420) to work on /opt/airflow/dags/silver_to_gold_feature_engineering.py
[2025-04-28T14:07:12.229+0000] {processor.py:830} INFO - Processing file /opt/airflow/dags/silver_to_gold_feature_engineering.py for tasks to queue
[2025-04-28T14:07:12.229+0000] {logging_mixin.py:188} INFO - [2025-04-28T14:07:12.229+0000] {dagbag.py:540} INFO - Filling up the DagBag from /opt/airflow/dags/silver_to_gold_feature_engineering.py
[2025-04-28T14:07:12.360+0000] {processor.py:840} INFO - DAG(s) 'silver_to_gold_feature_engineering' retrieved from /opt/airflow/dags/silver_to_gold_feature_engineering.py
[2025-04-28T14:07:12.374+0000] {logging_mixin.py:188} INFO - [2025-04-28T14:07:12.373+0000] {dag.py:3096} INFO - Sync 1 DAGs
[2025-04-28T14:07:12.379+0000] {logging_mixin.py:188} INFO - [2025-04-28T14:07:12.379+0000] {dag.py:3954} INFO - Setting next_dagrun for silver_to_gold_feature_engineering to None, run_after=None
[2025-04-28T14:07:12.387+0000] {processor.py:183} INFO - Processing /opt/airflow/dags/silver_to_gold_feature_engineering.py took 0.161 seconds
[2025-04-28T14:07:43.149+0000] {processor.py:161} INFO - Started process (PID=10455) to work on /opt/airflow/dags/silver_to_gold_feature_engineering.py
[2025-04-28T14:07:43.149+0000] {processor.py:830} INFO - Processing file /opt/airflow/dags/silver_to_gold_feature_engineering.py for tasks to queue
[2025-04-28T14:07:43.150+0000] {logging_mixin.py:188} INFO - [2025-04-28T14:07:43.150+0000] {dagbag.py:540} INFO - Filling up the DagBag from /opt/airflow/dags/silver_to_gold_feature_engineering.py
[2025-04-28T14:07:43.284+0000] {processor.py:840} INFO - DAG(s) 'silver_to_gold_feature_engineering' retrieved from /opt/airflow/dags/silver_to_gold_feature_engineering.py
[2025-04-28T14:07:43.297+0000] {logging_mixin.py:188} INFO - [2025-04-28T14:07:43.297+0000] {dag.py:3096} INFO - Sync 1 DAGs
[2025-04-28T14:07:43.302+0000] {logging_mixin.py:188} INFO - [2025-04-28T14:07:43.302+0000] {dag.py:3954} INFO - Setting next_dagrun for silver_to_gold_feature_engineering to None, run_after=None
[2025-04-28T14:07:43.310+0000] {processor.py:183} INFO - Processing /opt/airflow/dags/silver_to_gold_feature_engineering.py took 0.163 seconds
[2025-04-28T14:08:14.059+0000] {processor.py:161} INFO - Started process (PID=10490) to work on /opt/airflow/dags/silver_to_gold_feature_engineering.py
[2025-04-28T14:08:14.060+0000] {processor.py:830} INFO - Processing file /opt/airflow/dags/silver_to_gold_feature_engineering.py for tasks to queue
[2025-04-28T14:08:14.060+0000] {logging_mixin.py:188} INFO - [2025-04-28T14:08:14.060+0000] {dagbag.py:540} INFO - Filling up the DagBag from /opt/airflow/dags/silver_to_gold_feature_engineering.py
[2025-04-28T14:08:14.196+0000] {processor.py:840} INFO - DAG(s) 'silver_to_gold_feature_engineering' retrieved from /opt/airflow/dags/silver_to_gold_feature_engineering.py
[2025-04-28T14:08:14.209+0000] {logging_mixin.py:188} INFO - [2025-04-28T14:08:14.208+0000] {dag.py:3096} INFO - Sync 1 DAGs
[2025-04-28T14:08:14.214+0000] {logging_mixin.py:188} INFO - [2025-04-28T14:08:14.214+0000] {dag.py:3954} INFO - Setting next_dagrun for silver_to_gold_feature_engineering to None, run_after=None
[2025-04-28T14:08:14.223+0000] {processor.py:183} INFO - Processing /opt/airflow/dags/silver_to_gold_feature_engineering.py took 0.166 seconds
[2025-04-28T14:08:45.071+0000] {processor.py:161} INFO - Started process (PID=10525) to work on /opt/airflow/dags/silver_to_gold_feature_engineering.py
[2025-04-28T14:08:45.072+0000] {processor.py:830} INFO - Processing file /opt/airflow/dags/silver_to_gold_feature_engineering.py for tasks to queue
[2025-04-28T14:08:45.072+0000] {logging_mixin.py:188} INFO - [2025-04-28T14:08:45.072+0000] {dagbag.py:540} INFO - Filling up the DagBag from /opt/airflow/dags/silver_to_gold_feature_engineering.py
[2025-04-28T14:08:45.207+0000] {processor.py:840} INFO - DAG(s) 'silver_to_gold_feature_engineering' retrieved from /opt/airflow/dags/silver_to_gold_feature_engineering.py
[2025-04-28T14:08:45.220+0000] {logging_mixin.py:188} INFO - [2025-04-28T14:08:45.220+0000] {dag.py:3096} INFO - Sync 1 DAGs
[2025-04-28T14:08:45.226+0000] {logging_mixin.py:188} INFO - [2025-04-28T14:08:45.225+0000] {dag.py:3954} INFO - Setting next_dagrun for silver_to_gold_feature_engineering to None, run_after=None
[2025-04-28T14:08:45.234+0000] {processor.py:183} INFO - Processing /opt/airflow/dags/silver_to_gold_feature_engineering.py took 0.166 seconds
[2025-04-28T14:09:04.456+0000] {processor.py:161} INFO - Started process (PID=10537) to work on /opt/airflow/dags/silver_to_gold_feature_engineering.py
[2025-04-28T14:09:04.457+0000] {processor.py:830} INFO - Processing file /opt/airflow/dags/silver_to_gold_feature_engineering.py for tasks to queue
[2025-04-28T14:09:04.458+0000] {logging_mixin.py:188} INFO - [2025-04-28T14:09:04.458+0000] {dagbag.py:540} INFO - Filling up the DagBag from /opt/airflow/dags/silver_to_gold_feature_engineering.py
[2025-04-28T14:09:04.613+0000] {processor.py:840} INFO - DAG(s) 'silver_to_gold_feature_engineering' retrieved from /opt/airflow/dags/silver_to_gold_feature_engineering.py
[2025-04-28T14:09:04.626+0000] {logging_mixin.py:188} INFO - [2025-04-28T14:09:04.625+0000] {dag.py:3096} INFO - Sync 1 DAGs
[2025-04-28T14:09:04.631+0000] {logging_mixin.py:188} INFO - [2025-04-28T14:09:04.631+0000] {dag.py:3954} INFO - Setting next_dagrun for silver_to_gold_feature_engineering to None, run_after=None
[2025-04-28T14:09:04.641+0000] {processor.py:183} INFO - Processing /opt/airflow/dags/silver_to_gold_feature_engineering.py took 0.193 seconds
[2025-04-28T14:09:19.717+0000] {processor.py:161} INFO - Started process (PID=165) to work on /opt/airflow/dags/silver_to_gold_feature_engineering.py
[2025-04-28T14:09:19.718+0000] {processor.py:830} INFO - Processing file /opt/airflow/dags/silver_to_gold_feature_engineering.py for tasks to queue
[2025-04-28T14:09:19.719+0000] {logging_mixin.py:188} INFO - [2025-04-28T14:09:19.719+0000] {dagbag.py:540} INFO - Filling up the DagBag from /opt/airflow/dags/silver_to_gold_feature_engineering.py
[2025-04-28T14:09:19.877+0000] {processor.py:840} INFO - DAG(s) 'silver_to_gold_feature_engineering' retrieved from /opt/airflow/dags/silver_to_gold_feature_engineering.py
[2025-04-28T14:09:19.982+0000] {logging_mixin.py:188} INFO - [2025-04-28T14:09:19.981+0000] {dag.py:3096} INFO - Sync 1 DAGs
[2025-04-28T14:09:19.987+0000] {logging_mixin.py:188} INFO - [2025-04-28T14:09:19.987+0000] {dag.py:3954} INFO - Setting next_dagrun for silver_to_gold_feature_engineering to None, run_after=None
[2025-04-28T14:09:19.995+0000] {processor.py:183} INFO - Processing /opt/airflow/dags/silver_to_gold_feature_engineering.py took 0.280 seconds
[2025-04-28T14:09:50.694+0000] {processor.py:161} INFO - Started process (PID=200) to work on /opt/airflow/dags/silver_to_gold_feature_engineering.py
[2025-04-28T14:09:50.695+0000] {processor.py:830} INFO - Processing file /opt/airflow/dags/silver_to_gold_feature_engineering.py for tasks to queue
[2025-04-28T14:09:50.697+0000] {logging_mixin.py:188} INFO - [2025-04-28T14:09:50.697+0000] {dagbag.py:540} INFO - Filling up the DagBag from /opt/airflow/dags/silver_to_gold_feature_engineering.py
[2025-04-28T14:09:50.939+0000] {processor.py:840} INFO - DAG(s) 'silver_to_gold_feature_engineering' retrieved from /opt/airflow/dags/silver_to_gold_feature_engineering.py
[2025-04-28T14:09:50.994+0000] {logging_mixin.py:188} INFO - [2025-04-28T14:09:50.994+0000] {dag.py:3096} INFO - Sync 1 DAGs
[2025-04-28T14:09:50.999+0000] {logging_mixin.py:188} INFO - [2025-04-28T14:09:50.999+0000] {dag.py:3954} INFO - Setting next_dagrun for silver_to_gold_feature_engineering to None, run_after=None
[2025-04-28T14:09:51.013+0000] {processor.py:183} INFO - Processing /opt/airflow/dags/silver_to_gold_feature_engineering.py took 0.326 seconds
[2025-04-28T14:10:21.793+0000] {processor.py:161} INFO - Started process (PID=285) to work on /opt/airflow/dags/silver_to_gold_feature_engineering.py
[2025-04-28T14:10:21.797+0000] {processor.py:830} INFO - Processing file /opt/airflow/dags/silver_to_gold_feature_engineering.py for tasks to queue
[2025-04-28T14:10:21.799+0000] {logging_mixin.py:188} INFO - [2025-04-28T14:10:21.799+0000] {dagbag.py:540} INFO - Filling up the DagBag from /opt/airflow/dags/silver_to_gold_feature_engineering.py
[2025-04-28T14:10:22.029+0000] {processor.py:840} INFO - DAG(s) 'silver_to_gold_feature_engineering' retrieved from /opt/airflow/dags/silver_to_gold_feature_engineering.py
[2025-04-28T14:10:22.041+0000] {logging_mixin.py:188} INFO - [2025-04-28T14:10:22.041+0000] {dag.py:3096} INFO - Sync 1 DAGs
[2025-04-28T14:10:22.047+0000] {logging_mixin.py:188} INFO - [2025-04-28T14:10:22.047+0000] {dag.py:3954} INFO - Setting next_dagrun for silver_to_gold_feature_engineering to None, run_after=None
[2025-04-28T14:10:22.060+0000] {processor.py:183} INFO - Processing /opt/airflow/dags/silver_to_gold_feature_engineering.py took 0.273 seconds
[2025-04-28T14:10:52.724+0000] {processor.py:161} INFO - Started process (PID=320) to work on /opt/airflow/dags/silver_to_gold_feature_engineering.py
[2025-04-28T14:10:52.725+0000] {processor.py:830} INFO - Processing file /opt/airflow/dags/silver_to_gold_feature_engineering.py for tasks to queue
[2025-04-28T14:10:52.726+0000] {logging_mixin.py:188} INFO - [2025-04-28T14:10:52.726+0000] {dagbag.py:540} INFO - Filling up the DagBag from /opt/airflow/dags/silver_to_gold_feature_engineering.py
[2025-04-28T14:10:52.967+0000] {processor.py:840} INFO - DAG(s) 'silver_to_gold_feature_engineering' retrieved from /opt/airflow/dags/silver_to_gold_feature_engineering.py
[2025-04-28T14:10:52.983+0000] {logging_mixin.py:188} INFO - [2025-04-28T14:10:52.983+0000] {dag.py:3096} INFO - Sync 1 DAGs
[2025-04-28T14:10:52.988+0000] {logging_mixin.py:188} INFO - [2025-04-28T14:10:52.988+0000] {dag.py:3954} INFO - Setting next_dagrun for silver_to_gold_feature_engineering to None, run_after=None
[2025-04-28T14:10:53.001+0000] {processor.py:183} INFO - Processing /opt/airflow/dags/silver_to_gold_feature_engineering.py took 0.280 seconds
[2025-04-28T14:11:37.688+0000] {processor.py:161} INFO - Started process (PID=168) to work on /opt/airflow/dags/silver_to_gold_feature_engineering.py
[2025-04-28T14:11:37.691+0000] {processor.py:830} INFO - Processing file /opt/airflow/dags/silver_to_gold_feature_engineering.py for tasks to queue
[2025-04-28T14:11:37.693+0000] {logging_mixin.py:188} INFO - [2025-04-28T14:11:37.693+0000] {dagbag.py:540} INFO - Filling up the DagBag from /opt/airflow/dags/silver_to_gold_feature_engineering.py
[2025-04-28T14:11:37.852+0000] {processor.py:840} INFO - DAG(s) 'silver_to_gold_feature_engineering' retrieved from /opt/airflow/dags/silver_to_gold_feature_engineering.py
[2025-04-28T14:11:37.876+0000] {logging_mixin.py:188} INFO - [2025-04-28T14:11:37.876+0000] {dag.py:3096} INFO - Sync 1 DAGs
[2025-04-28T14:11:37.973+0000] {logging_mixin.py:188} INFO - [2025-04-28T14:11:37.973+0000] {dag.py:3954} INFO - Setting next_dagrun for silver_to_gold_feature_engineering to None, run_after=None
[2025-04-28T14:11:37.985+0000] {processor.py:183} INFO - Processing /opt/airflow/dags/silver_to_gold_feature_engineering.py took 0.300 seconds
[2025-04-28T14:12:08.851+0000] {processor.py:161} INFO - Started process (PID=205) to work on /opt/airflow/dags/silver_to_gold_feature_engineering.py
[2025-04-28T14:12:08.852+0000] {processor.py:830} INFO - Processing file /opt/airflow/dags/silver_to_gold_feature_engineering.py for tasks to queue
[2025-04-28T14:12:08.853+0000] {logging_mixin.py:188} INFO - [2025-04-28T14:12:08.853+0000] {dagbag.py:540} INFO - Filling up the DagBag from /opt/airflow/dags/silver_to_gold_feature_engineering.py
[2025-04-28T14:12:09.082+0000] {processor.py:840} INFO - DAG(s) 'silver_to_gold_feature_engineering' retrieved from /opt/airflow/dags/silver_to_gold_feature_engineering.py
[2025-04-28T14:12:09.125+0000] {logging_mixin.py:188} INFO - [2025-04-28T14:12:09.124+0000] {dag.py:3096} INFO - Sync 1 DAGs
[2025-04-28T14:12:09.129+0000] {logging_mixin.py:188} INFO - [2025-04-28T14:12:09.129+0000] {dag.py:3954} INFO - Setting next_dagrun for silver_to_gold_feature_engineering to None, run_after=None
[2025-04-28T14:12:09.140+0000] {processor.py:183} INFO - Processing /opt/airflow/dags/silver_to_gold_feature_engineering.py took 0.294 seconds
[2025-04-28T14:12:40.075+0000] {processor.py:161} INFO - Started process (PID=240) to work on /opt/airflow/dags/silver_to_gold_feature_engineering.py
[2025-04-28T14:12:40.077+0000] {processor.py:830} INFO - Processing file /opt/airflow/dags/silver_to_gold_feature_engineering.py for tasks to queue
[2025-04-28T14:12:40.079+0000] {logging_mixin.py:188} INFO - [2025-04-28T14:12:40.078+0000] {dagbag.py:540} INFO - Filling up the DagBag from /opt/airflow/dags/silver_to_gold_feature_engineering.py
[2025-04-28T14:12:40.318+0000] {processor.py:840} INFO - DAG(s) 'silver_to_gold_feature_engineering' retrieved from /opt/airflow/dags/silver_to_gold_feature_engineering.py
[2025-04-28T14:12:40.333+0000] {logging_mixin.py:188} INFO - [2025-04-28T14:12:40.333+0000] {dag.py:3096} INFO - Sync 1 DAGs
[2025-04-28T14:12:40.339+0000] {logging_mixin.py:188} INFO - [2025-04-28T14:12:40.339+0000] {dag.py:3954} INFO - Setting next_dagrun for silver_to_gold_feature_engineering to None, run_after=None
[2025-04-28T14:12:40.350+0000] {processor.py:183} INFO - Processing /opt/airflow/dags/silver_to_gold_feature_engineering.py took 0.282 seconds
[2025-04-28T14:13:11.263+0000] {processor.py:161} INFO - Started process (PID=338) to work on /opt/airflow/dags/silver_to_gold_feature_engineering.py
[2025-04-28T14:13:11.264+0000] {processor.py:830} INFO - Processing file /opt/airflow/dags/silver_to_gold_feature_engineering.py for tasks to queue
[2025-04-28T14:13:11.266+0000] {logging_mixin.py:188} INFO - [2025-04-28T14:13:11.266+0000] {dagbag.py:540} INFO - Filling up the DagBag from /opt/airflow/dags/silver_to_gold_feature_engineering.py
[2025-04-28T14:13:11.490+0000] {processor.py:840} INFO - DAG(s) 'silver_to_gold_feature_engineering' retrieved from /opt/airflow/dags/silver_to_gold_feature_engineering.py
[2025-04-28T14:13:11.502+0000] {logging_mixin.py:188} INFO - [2025-04-28T14:13:11.502+0000] {dag.py:3096} INFO - Sync 1 DAGs
[2025-04-28T14:13:11.506+0000] {logging_mixin.py:188} INFO - [2025-04-28T14:13:11.506+0000] {dag.py:3954} INFO - Setting next_dagrun for silver_to_gold_feature_engineering to None, run_after=None
[2025-04-28T14:13:11.518+0000] {processor.py:183} INFO - Processing /opt/airflow/dags/silver_to_gold_feature_engineering.py took 0.261 seconds
[2025-04-28T14:13:42.413+0000] {processor.py:161} INFO - Started process (PID=373) to work on /opt/airflow/dags/silver_to_gold_feature_engineering.py
[2025-04-28T14:13:42.414+0000] {processor.py:830} INFO - Processing file /opt/airflow/dags/silver_to_gold_feature_engineering.py for tasks to queue
[2025-04-28T14:13:42.415+0000] {logging_mixin.py:188} INFO - [2025-04-28T14:13:42.415+0000] {dagbag.py:540} INFO - Filling up the DagBag from /opt/airflow/dags/silver_to_gold_feature_engineering.py
[2025-04-28T14:13:42.642+0000] {processor.py:840} INFO - DAG(s) 'silver_to_gold_feature_engineering' retrieved from /opt/airflow/dags/silver_to_gold_feature_engineering.py
[2025-04-28T14:13:42.655+0000] {logging_mixin.py:188} INFO - [2025-04-28T14:13:42.655+0000] {dag.py:3096} INFO - Sync 1 DAGs
[2025-04-28T14:13:42.661+0000] {logging_mixin.py:188} INFO - [2025-04-28T14:13:42.661+0000] {dag.py:3954} INFO - Setting next_dagrun for silver_to_gold_feature_engineering to None, run_after=None
[2025-04-28T14:13:42.670+0000] {processor.py:183} INFO - Processing /opt/airflow/dags/silver_to_gold_feature_engineering.py took 0.263 seconds
[2025-04-28T14:14:13.618+0000] {processor.py:161} INFO - Started process (PID=408) to work on /opt/airflow/dags/silver_to_gold_feature_engineering.py
[2025-04-28T14:14:13.619+0000] {processor.py:830} INFO - Processing file /opt/airflow/dags/silver_to_gold_feature_engineering.py for tasks to queue
[2025-04-28T14:14:13.621+0000] {logging_mixin.py:188} INFO - [2025-04-28T14:14:13.621+0000] {dagbag.py:540} INFO - Filling up the DagBag from /opt/airflow/dags/silver_to_gold_feature_engineering.py
[2025-04-28T14:14:13.854+0000] {processor.py:840} INFO - DAG(s) 'silver_to_gold_feature_engineering' retrieved from /opt/airflow/dags/silver_to_gold_feature_engineering.py
[2025-04-28T14:14:13.866+0000] {logging_mixin.py:188} INFO - [2025-04-28T14:14:13.866+0000] {dag.py:3096} INFO - Sync 1 DAGs
[2025-04-28T14:14:13.870+0000] {logging_mixin.py:188} INFO - [2025-04-28T14:14:13.870+0000] {dag.py:3954} INFO - Setting next_dagrun for silver_to_gold_feature_engineering to None, run_after=None
[2025-04-28T14:14:13.881+0000] {processor.py:183} INFO - Processing /opt/airflow/dags/silver_to_gold_feature_engineering.py took 0.271 seconds
[2025-04-28T14:14:44.809+0000] {processor.py:161} INFO - Started process (PID=443) to work on /opt/airflow/dags/silver_to_gold_feature_engineering.py
[2025-04-28T14:14:44.810+0000] {processor.py:830} INFO - Processing file /opt/airflow/dags/silver_to_gold_feature_engineering.py for tasks to queue
[2025-04-28T14:14:44.812+0000] {logging_mixin.py:188} INFO - [2025-04-28T14:14:44.812+0000] {dagbag.py:540} INFO - Filling up the DagBag from /opt/airflow/dags/silver_to_gold_feature_engineering.py
[2025-04-28T14:14:45.045+0000] {processor.py:840} INFO - DAG(s) 'silver_to_gold_feature_engineering' retrieved from /opt/airflow/dags/silver_to_gold_feature_engineering.py
[2025-04-28T14:14:45.058+0000] {logging_mixin.py:188} INFO - [2025-04-28T14:14:45.058+0000] {dag.py:3096} INFO - Sync 1 DAGs
[2025-04-28T14:14:45.063+0000] {logging_mixin.py:188} INFO - [2025-04-28T14:14:45.063+0000] {dag.py:3954} INFO - Setting next_dagrun for silver_to_gold_feature_engineering to None, run_after=None
[2025-04-28T14:14:45.076+0000] {processor.py:183} INFO - Processing /opt/airflow/dags/silver_to_gold_feature_engineering.py took 0.273 seconds
[2025-04-28T14:15:15.983+0000] {processor.py:161} INFO - Started process (PID=478) to work on /opt/airflow/dags/silver_to_gold_feature_engineering.py
[2025-04-28T14:15:15.985+0000] {processor.py:830} INFO - Processing file /opt/airflow/dags/silver_to_gold_feature_engineering.py for tasks to queue
[2025-04-28T14:15:15.987+0000] {logging_mixin.py:188} INFO - [2025-04-28T14:15:15.987+0000] {dagbag.py:540} INFO - Filling up the DagBag from /opt/airflow/dags/silver_to_gold_feature_engineering.py
[2025-04-28T14:15:16.216+0000] {processor.py:840} INFO - DAG(s) 'silver_to_gold_feature_engineering' retrieved from /opt/airflow/dags/silver_to_gold_feature_engineering.py
[2025-04-28T14:15:16.229+0000] {logging_mixin.py:188} INFO - [2025-04-28T14:15:16.228+0000] {dag.py:3096} INFO - Sync 1 DAGs
[2025-04-28T14:15:16.233+0000] {logging_mixin.py:188} INFO - [2025-04-28T14:15:16.233+0000] {dag.py:3954} INFO - Setting next_dagrun for silver_to_gold_feature_engineering to None, run_after=None
[2025-04-28T14:15:16.248+0000] {processor.py:183} INFO - Processing /opt/airflow/dags/silver_to_gold_feature_engineering.py took 0.272 seconds
[2025-04-28T14:15:47.145+0000] {processor.py:161} INFO - Started process (PID=527) to work on /opt/airflow/dags/silver_to_gold_feature_engineering.py
[2025-04-28T14:15:47.145+0000] {processor.py:830} INFO - Processing file /opt/airflow/dags/silver_to_gold_feature_engineering.py for tasks to queue
[2025-04-28T14:15:47.147+0000] {logging_mixin.py:188} INFO - [2025-04-28T14:15:47.146+0000] {dagbag.py:540} INFO - Filling up the DagBag from /opt/airflow/dags/silver_to_gold_feature_engineering.py
[2025-04-28T14:15:47.382+0000] {processor.py:840} INFO - DAG(s) 'silver_to_gold_feature_engineering' retrieved from /opt/airflow/dags/silver_to_gold_feature_engineering.py
[2025-04-28T14:15:47.397+0000] {logging_mixin.py:188} INFO - [2025-04-28T14:15:47.396+0000] {dag.py:3096} INFO - Sync 1 DAGs
[2025-04-28T14:15:47.401+0000] {logging_mixin.py:188} INFO - [2025-04-28T14:15:47.401+0000] {dag.py:3954} INFO - Setting next_dagrun for silver_to_gold_feature_engineering to None, run_after=None
[2025-04-28T14:15:47.412+0000] {processor.py:183} INFO - Processing /opt/airflow/dags/silver_to_gold_feature_engineering.py took 0.271 seconds
[2025-04-28T14:16:18.295+0000] {processor.py:161} INFO - Started process (PID=562) to work on /opt/airflow/dags/silver_to_gold_feature_engineering.py
[2025-04-28T14:16:18.299+0000] {processor.py:830} INFO - Processing file /opt/airflow/dags/silver_to_gold_feature_engineering.py for tasks to queue
[2025-04-28T14:16:18.300+0000] {logging_mixin.py:188} INFO - [2025-04-28T14:16:18.300+0000] {dagbag.py:540} INFO - Filling up the DagBag from /opt/airflow/dags/silver_to_gold_feature_engineering.py
[2025-04-28T14:16:18.526+0000] {processor.py:840} INFO - DAG(s) 'silver_to_gold_feature_engineering' retrieved from /opt/airflow/dags/silver_to_gold_feature_engineering.py
[2025-04-28T14:16:18.539+0000] {logging_mixin.py:188} INFO - [2025-04-28T14:16:18.539+0000] {dag.py:3096} INFO - Sync 1 DAGs
[2025-04-28T14:16:18.544+0000] {logging_mixin.py:188} INFO - [2025-04-28T14:16:18.544+0000] {dag.py:3954} INFO - Setting next_dagrun for silver_to_gold_feature_engineering to None, run_after=None
[2025-04-28T14:16:18.555+0000] {processor.py:183} INFO - Processing /opt/airflow/dags/silver_to_gold_feature_engineering.py took 0.267 seconds
[2025-04-28T14:16:49.222+0000] {processor.py:161} INFO - Started process (PID=597) to work on /opt/airflow/dags/silver_to_gold_feature_engineering.py
[2025-04-28T14:16:49.223+0000] {processor.py:830} INFO - Processing file /opt/airflow/dags/silver_to_gold_feature_engineering.py for tasks to queue
[2025-04-28T14:16:49.225+0000] {logging_mixin.py:188} INFO - [2025-04-28T14:16:49.225+0000] {dagbag.py:540} INFO - Filling up the DagBag from /opt/airflow/dags/silver_to_gold_feature_engineering.py
[2025-04-28T14:16:49.459+0000] {processor.py:840} INFO - DAG(s) 'silver_to_gold_feature_engineering' retrieved from /opt/airflow/dags/silver_to_gold_feature_engineering.py
[2025-04-28T14:16:49.472+0000] {logging_mixin.py:188} INFO - [2025-04-28T14:16:49.472+0000] {dag.py:3096} INFO - Sync 1 DAGs
[2025-04-28T14:16:49.476+0000] {logging_mixin.py:188} INFO - [2025-04-28T14:16:49.476+0000] {dag.py:3954} INFO - Setting next_dagrun for silver_to_gold_feature_engineering to None, run_after=None
[2025-04-28T14:16:49.488+0000] {processor.py:183} INFO - Processing /opt/airflow/dags/silver_to_gold_feature_engineering.py took 0.272 seconds
[2025-04-28T14:17:20.363+0000] {processor.py:161} INFO - Started process (PID=632) to work on /opt/airflow/dags/silver_to_gold_feature_engineering.py
[2025-04-28T14:17:20.363+0000] {processor.py:830} INFO - Processing file /opt/airflow/dags/silver_to_gold_feature_engineering.py for tasks to queue
[2025-04-28T14:17:20.365+0000] {logging_mixin.py:188} INFO - [2025-04-28T14:17:20.365+0000] {dagbag.py:540} INFO - Filling up the DagBag from /opt/airflow/dags/silver_to_gold_feature_engineering.py
[2025-04-28T14:17:20.589+0000] {processor.py:840} INFO - DAG(s) 'silver_to_gold_feature_engineering' retrieved from /opt/airflow/dags/silver_to_gold_feature_engineering.py
[2025-04-28T14:17:20.601+0000] {logging_mixin.py:188} INFO - [2025-04-28T14:17:20.601+0000] {dag.py:3096} INFO - Sync 1 DAGs
[2025-04-28T14:17:20.606+0000] {logging_mixin.py:188} INFO - [2025-04-28T14:17:20.605+0000] {dag.py:3954} INFO - Setting next_dagrun for silver_to_gold_feature_engineering to None, run_after=None
[2025-04-28T14:17:20.616+0000] {processor.py:183} INFO - Processing /opt/airflow/dags/silver_to_gold_feature_engineering.py took 0.262 seconds
[2025-04-28T14:17:51.518+0000] {processor.py:161} INFO - Started process (PID=667) to work on /opt/airflow/dags/silver_to_gold_feature_engineering.py
[2025-04-28T14:17:51.520+0000] {processor.py:830} INFO - Processing file /opt/airflow/dags/silver_to_gold_feature_engineering.py for tasks to queue
[2025-04-28T14:17:51.521+0000] {logging_mixin.py:188} INFO - [2025-04-28T14:17:51.521+0000] {dagbag.py:540} INFO - Filling up the DagBag from /opt/airflow/dags/silver_to_gold_feature_engineering.py
[2025-04-28T14:17:51.741+0000] {processor.py:840} INFO - DAG(s) 'silver_to_gold_feature_engineering' retrieved from /opt/airflow/dags/silver_to_gold_feature_engineering.py
[2025-04-28T14:17:51.754+0000] {logging_mixin.py:188} INFO - [2025-04-28T14:17:51.754+0000] {dag.py:3096} INFO - Sync 1 DAGs
[2025-04-28T14:17:51.759+0000] {logging_mixin.py:188} INFO - [2025-04-28T14:17:51.759+0000] {dag.py:3954} INFO - Setting next_dagrun for silver_to_gold_feature_engineering to None, run_after=None
[2025-04-28T14:17:51.767+0000] {processor.py:183} INFO - Processing /opt/airflow/dags/silver_to_gold_feature_engineering.py took 0.257 seconds
[2025-04-28T14:18:22.692+0000] {processor.py:161} INFO - Started process (PID=702) to work on /opt/airflow/dags/silver_to_gold_feature_engineering.py
[2025-04-28T14:18:22.693+0000] {processor.py:830} INFO - Processing file /opt/airflow/dags/silver_to_gold_feature_engineering.py for tasks to queue
[2025-04-28T14:18:22.695+0000] {logging_mixin.py:188} INFO - [2025-04-28T14:18:22.694+0000] {dagbag.py:540} INFO - Filling up the DagBag from /opt/airflow/dags/silver_to_gold_feature_engineering.py
[2025-04-28T14:18:22.923+0000] {processor.py:840} INFO - DAG(s) 'silver_to_gold_feature_engineering' retrieved from /opt/airflow/dags/silver_to_gold_feature_engineering.py
[2025-04-28T14:18:22.935+0000] {logging_mixin.py:188} INFO - [2025-04-28T14:18:22.935+0000] {dag.py:3096} INFO - Sync 1 DAGs
[2025-04-28T14:18:22.939+0000] {logging_mixin.py:188} INFO - [2025-04-28T14:18:22.939+0000] {dag.py:3954} INFO - Setting next_dagrun for silver_to_gold_feature_engineering to None, run_after=None
[2025-04-28T14:18:22.951+0000] {processor.py:183} INFO - Processing /opt/airflow/dags/silver_to_gold_feature_engineering.py took 0.265 seconds
[2025-04-28T14:18:53.815+0000] {processor.py:161} INFO - Started process (PID=737) to work on /opt/airflow/dags/silver_to_gold_feature_engineering.py
[2025-04-28T14:18:53.816+0000] {processor.py:830} INFO - Processing file /opt/airflow/dags/silver_to_gold_feature_engineering.py for tasks to queue
[2025-04-28T14:18:53.818+0000] {logging_mixin.py:188} INFO - [2025-04-28T14:18:53.817+0000] {dagbag.py:540} INFO - Filling up the DagBag from /opt/airflow/dags/silver_to_gold_feature_engineering.py
[2025-04-28T14:18:54.053+0000] {processor.py:840} INFO - DAG(s) 'silver_to_gold_feature_engineering' retrieved from /opt/airflow/dags/silver_to_gold_feature_engineering.py
[2025-04-28T14:18:54.066+0000] {logging_mixin.py:188} INFO - [2025-04-28T14:18:54.066+0000] {dag.py:3096} INFO - Sync 1 DAGs
[2025-04-28T14:18:54.072+0000] {logging_mixin.py:188} INFO - [2025-04-28T14:18:54.072+0000] {dag.py:3954} INFO - Setting next_dagrun for silver_to_gold_feature_engineering to None, run_after=None
[2025-04-28T14:18:54.085+0000] {processor.py:183} INFO - Processing /opt/airflow/dags/silver_to_gold_feature_engineering.py took 0.274 seconds
[2025-04-28T14:19:24.964+0000] {processor.py:161} INFO - Started process (PID=772) to work on /opt/airflow/dags/silver_to_gold_feature_engineering.py
[2025-04-28T14:19:24.966+0000] {processor.py:830} INFO - Processing file /opt/airflow/dags/silver_to_gold_feature_engineering.py for tasks to queue
[2025-04-28T14:19:24.968+0000] {logging_mixin.py:188} INFO - [2025-04-28T14:19:24.967+0000] {dagbag.py:540} INFO - Filling up the DagBag from /opt/airflow/dags/silver_to_gold_feature_engineering.py
[2025-04-28T14:19:25.201+0000] {processor.py:840} INFO - DAG(s) 'silver_to_gold_feature_engineering' retrieved from /opt/airflow/dags/silver_to_gold_feature_engineering.py
[2025-04-28T14:19:25.214+0000] {logging_mixin.py:188} INFO - [2025-04-28T14:19:25.214+0000] {dag.py:3096} INFO - Sync 1 DAGs
[2025-04-28T14:19:25.219+0000] {logging_mixin.py:188} INFO - [2025-04-28T14:19:25.219+0000] {dag.py:3954} INFO - Setting next_dagrun for silver_to_gold_feature_engineering to None, run_after=None
[2025-04-28T14:19:25.231+0000] {processor.py:183} INFO - Processing /opt/airflow/dags/silver_to_gold_feature_engineering.py took 0.275 seconds
[2025-04-28T14:19:56.075+0000] {processor.py:161} INFO - Started process (PID=807) to work on /opt/airflow/dags/silver_to_gold_feature_engineering.py
[2025-04-28T14:19:56.075+0000] {processor.py:830} INFO - Processing file /opt/airflow/dags/silver_to_gold_feature_engineering.py for tasks to queue
[2025-04-28T14:19:56.077+0000] {logging_mixin.py:188} INFO - [2025-04-28T14:19:56.076+0000] {dagbag.py:540} INFO - Filling up the DagBag from /opt/airflow/dags/silver_to_gold_feature_engineering.py
[2025-04-28T14:19:56.304+0000] {processor.py:840} INFO - DAG(s) 'silver_to_gold_feature_engineering' retrieved from /opt/airflow/dags/silver_to_gold_feature_engineering.py
[2025-04-28T14:19:56.315+0000] {logging_mixin.py:188} INFO - [2025-04-28T14:19:56.315+0000] {dag.py:3096} INFO - Sync 1 DAGs
[2025-04-28T14:19:56.320+0000] {logging_mixin.py:188} INFO - [2025-04-28T14:19:56.320+0000] {dag.py:3954} INFO - Setting next_dagrun for silver_to_gold_feature_engineering to None, run_after=None
[2025-04-28T14:19:56.330+0000] {processor.py:183} INFO - Processing /opt/airflow/dags/silver_to_gold_feature_engineering.py took 0.261 seconds
[2025-04-28T14:20:27.172+0000] {processor.py:161} INFO - Started process (PID=842) to work on /opt/airflow/dags/silver_to_gold_feature_engineering.py
[2025-04-28T14:20:27.173+0000] {processor.py:830} INFO - Processing file /opt/airflow/dags/silver_to_gold_feature_engineering.py for tasks to queue
[2025-04-28T14:20:27.174+0000] {logging_mixin.py:188} INFO - [2025-04-28T14:20:27.173+0000] {dagbag.py:540} INFO - Filling up the DagBag from /opt/airflow/dags/silver_to_gold_feature_engineering.py
[2025-04-28T14:20:27.414+0000] {processor.py:840} INFO - DAG(s) 'silver_to_gold_feature_engineering' retrieved from /opt/airflow/dags/silver_to_gold_feature_engineering.py
[2025-04-28T14:20:27.427+0000] {logging_mixin.py:188} INFO - [2025-04-28T14:20:27.426+0000] {dag.py:3096} INFO - Sync 1 DAGs
[2025-04-28T14:20:27.432+0000] {logging_mixin.py:188} INFO - [2025-04-28T14:20:27.432+0000] {dag.py:3954} INFO - Setting next_dagrun for silver_to_gold_feature_engineering to None, run_after=None
[2025-04-28T14:20:27.443+0000] {processor.py:183} INFO - Processing /opt/airflow/dags/silver_to_gold_feature_engineering.py took 0.276 seconds
[2025-04-28T14:20:58.287+0000] {processor.py:161} INFO - Started process (PID=877) to work on /opt/airflow/dags/silver_to_gold_feature_engineering.py
[2025-04-28T14:20:58.290+0000] {processor.py:830} INFO - Processing file /opt/airflow/dags/silver_to_gold_feature_engineering.py for tasks to queue
[2025-04-28T14:20:58.293+0000] {logging_mixin.py:188} INFO - [2025-04-28T14:20:58.292+0000] {dagbag.py:540} INFO - Filling up the DagBag from /opt/airflow/dags/silver_to_gold_feature_engineering.py
[2025-04-28T14:20:58.525+0000] {processor.py:840} INFO - DAG(s) 'silver_to_gold_feature_engineering' retrieved from /opt/airflow/dags/silver_to_gold_feature_engineering.py
[2025-04-28T14:20:58.537+0000] {logging_mixin.py:188} INFO - [2025-04-28T14:20:58.537+0000] {dag.py:3096} INFO - Sync 1 DAGs
[2025-04-28T14:20:58.542+0000] {logging_mixin.py:188} INFO - [2025-04-28T14:20:58.542+0000] {dag.py:3954} INFO - Setting next_dagrun for silver_to_gold_feature_engineering to None, run_after=None
[2025-04-28T14:20:58.554+0000] {processor.py:183} INFO - Processing /opt/airflow/dags/silver_to_gold_feature_engineering.py took 0.271 seconds
[2025-04-28T14:21:29.462+0000] {processor.py:161} INFO - Started process (PID=912) to work on /opt/airflow/dags/silver_to_gold_feature_engineering.py
[2025-04-28T14:21:29.463+0000] {processor.py:830} INFO - Processing file /opt/airflow/dags/silver_to_gold_feature_engineering.py for tasks to queue
[2025-04-28T14:21:29.464+0000] {logging_mixin.py:188} INFO - [2025-04-28T14:21:29.464+0000] {dagbag.py:540} INFO - Filling up the DagBag from /opt/airflow/dags/silver_to_gold_feature_engineering.py
[2025-04-28T14:21:29.699+0000] {processor.py:840} INFO - DAG(s) 'silver_to_gold_feature_engineering' retrieved from /opt/airflow/dags/silver_to_gold_feature_engineering.py
[2025-04-28T14:21:29.711+0000] {logging_mixin.py:188} INFO - [2025-04-28T14:21:29.711+0000] {dag.py:3096} INFO - Sync 1 DAGs
[2025-04-28T14:21:29.715+0000] {logging_mixin.py:188} INFO - [2025-04-28T14:21:29.715+0000] {dag.py:3954} INFO - Setting next_dagrun for silver_to_gold_feature_engineering to None, run_after=None
[2025-04-28T14:21:29.728+0000] {processor.py:183} INFO - Processing /opt/airflow/dags/silver_to_gold_feature_engineering.py took 0.271 seconds
[2025-04-28T14:22:00.662+0000] {processor.py:161} INFO - Started process (PID=947) to work on /opt/airflow/dags/silver_to_gold_feature_engineering.py
[2025-04-28T14:22:00.663+0000] {processor.py:830} INFO - Processing file /opt/airflow/dags/silver_to_gold_feature_engineering.py for tasks to queue
[2025-04-28T14:22:00.665+0000] {logging_mixin.py:188} INFO - [2025-04-28T14:22:00.665+0000] {dagbag.py:540} INFO - Filling up the DagBag from /opt/airflow/dags/silver_to_gold_feature_engineering.py
[2025-04-28T14:22:00.895+0000] {processor.py:840} INFO - DAG(s) 'silver_to_gold_feature_engineering' retrieved from /opt/airflow/dags/silver_to_gold_feature_engineering.py
[2025-04-28T14:22:00.909+0000] {logging_mixin.py:188} INFO - [2025-04-28T14:22:00.909+0000] {dag.py:3096} INFO - Sync 1 DAGs
[2025-04-28T14:22:00.914+0000] {logging_mixin.py:188} INFO - [2025-04-28T14:22:00.914+0000] {dag.py:3954} INFO - Setting next_dagrun for silver_to_gold_feature_engineering to None, run_after=None
[2025-04-28T14:22:00.925+0000] {processor.py:183} INFO - Processing /opt/airflow/dags/silver_to_gold_feature_engineering.py took 0.269 seconds
[2025-04-28T14:22:31.783+0000] {processor.py:161} INFO - Started process (PID=982) to work on /opt/airflow/dags/silver_to_gold_feature_engineering.py
[2025-04-28T14:22:31.785+0000] {processor.py:830} INFO - Processing file /opt/airflow/dags/silver_to_gold_feature_engineering.py for tasks to queue
[2025-04-28T14:22:31.787+0000] {logging_mixin.py:188} INFO - [2025-04-28T14:22:31.787+0000] {dagbag.py:540} INFO - Filling up the DagBag from /opt/airflow/dags/silver_to_gold_feature_engineering.py
[2025-04-28T14:22:32.015+0000] {processor.py:840} INFO - DAG(s) 'silver_to_gold_feature_engineering' retrieved from /opt/airflow/dags/silver_to_gold_feature_engineering.py
[2025-04-28T14:22:32.027+0000] {logging_mixin.py:188} INFO - [2025-04-28T14:22:32.027+0000] {dag.py:3096} INFO - Sync 1 DAGs
[2025-04-28T14:22:32.033+0000] {logging_mixin.py:188} INFO - [2025-04-28T14:22:32.033+0000] {dag.py:3954} INFO - Setting next_dagrun for silver_to_gold_feature_engineering to None, run_after=None
[2025-04-28T14:22:32.043+0000] {processor.py:183} INFO - Processing /opt/airflow/dags/silver_to_gold_feature_engineering.py took 0.266 seconds
[2025-04-28T14:23:02.971+0000] {processor.py:161} INFO - Started process (PID=1017) to work on /opt/airflow/dags/silver_to_gold_feature_engineering.py
[2025-04-28T14:23:02.972+0000] {processor.py:830} INFO - Processing file /opt/airflow/dags/silver_to_gold_feature_engineering.py for tasks to queue
[2025-04-28T14:23:02.973+0000] {logging_mixin.py:188} INFO - [2025-04-28T14:23:02.973+0000] {dagbag.py:540} INFO - Filling up the DagBag from /opt/airflow/dags/silver_to_gold_feature_engineering.py
[2025-04-28T14:23:03.200+0000] {processor.py:840} INFO - DAG(s) 'silver_to_gold_feature_engineering' retrieved from /opt/airflow/dags/silver_to_gold_feature_engineering.py
[2025-04-28T14:23:03.213+0000] {logging_mixin.py:188} INFO - [2025-04-28T14:23:03.213+0000] {dag.py:3096} INFO - Sync 1 DAGs
[2025-04-28T14:23:03.218+0000] {logging_mixin.py:188} INFO - [2025-04-28T14:23:03.218+0000] {dag.py:3954} INFO - Setting next_dagrun for silver_to_gold_feature_engineering to None, run_after=None
[2025-04-28T14:23:03.230+0000] {processor.py:183} INFO - Processing /opt/airflow/dags/silver_to_gold_feature_engineering.py took 0.265 seconds
[2025-04-28T14:23:34.109+0000] {processor.py:161} INFO - Started process (PID=1052) to work on /opt/airflow/dags/silver_to_gold_feature_engineering.py
[2025-04-28T14:23:34.111+0000] {processor.py:830} INFO - Processing file /opt/airflow/dags/silver_to_gold_feature_engineering.py for tasks to queue
[2025-04-28T14:23:34.112+0000] {logging_mixin.py:188} INFO - [2025-04-28T14:23:34.112+0000] {dagbag.py:540} INFO - Filling up the DagBag from /opt/airflow/dags/silver_to_gold_feature_engineering.py
[2025-04-28T14:23:34.337+0000] {processor.py:840} INFO - DAG(s) 'silver_to_gold_feature_engineering' retrieved from /opt/airflow/dags/silver_to_gold_feature_engineering.py
[2025-04-28T14:23:34.348+0000] {logging_mixin.py:188} INFO - [2025-04-28T14:23:34.348+0000] {dag.py:3096} INFO - Sync 1 DAGs
[2025-04-28T14:23:34.353+0000] {logging_mixin.py:188} INFO - [2025-04-28T14:23:34.352+0000] {dag.py:3954} INFO - Setting next_dagrun for silver_to_gold_feature_engineering to None, run_after=None
[2025-04-28T14:23:34.366+0000] {processor.py:183} INFO - Processing /opt/airflow/dags/silver_to_gold_feature_engineering.py took 0.263 seconds
[2025-04-28T14:24:05.261+0000] {processor.py:161} INFO - Started process (PID=1087) to work on /opt/airflow/dags/silver_to_gold_feature_engineering.py
[2025-04-28T14:24:05.262+0000] {processor.py:830} INFO - Processing file /opt/airflow/dags/silver_to_gold_feature_engineering.py for tasks to queue
[2025-04-28T14:24:05.263+0000] {logging_mixin.py:188} INFO - [2025-04-28T14:24:05.263+0000] {dagbag.py:540} INFO - Filling up the DagBag from /opt/airflow/dags/silver_to_gold_feature_engineering.py
[2025-04-28T14:24:05.484+0000] {processor.py:840} INFO - DAG(s) 'silver_to_gold_feature_engineering' retrieved from /opt/airflow/dags/silver_to_gold_feature_engineering.py
[2025-04-28T14:24:05.496+0000] {logging_mixin.py:188} INFO - [2025-04-28T14:24:05.495+0000] {dag.py:3096} INFO - Sync 1 DAGs
[2025-04-28T14:24:05.500+0000] {logging_mixin.py:188} INFO - [2025-04-28T14:24:05.500+0000] {dag.py:3954} INFO - Setting next_dagrun for silver_to_gold_feature_engineering to None, run_after=None
[2025-04-28T14:24:05.512+0000] {processor.py:183} INFO - Processing /opt/airflow/dags/silver_to_gold_feature_engineering.py took 0.256 seconds
[2025-04-28T14:24:36.403+0000] {processor.py:161} INFO - Started process (PID=1122) to work on /opt/airflow/dags/silver_to_gold_feature_engineering.py
[2025-04-28T14:24:36.405+0000] {processor.py:830} INFO - Processing file /opt/airflow/dags/silver_to_gold_feature_engineering.py for tasks to queue
[2025-04-28T14:24:36.406+0000] {logging_mixin.py:188} INFO - [2025-04-28T14:24:36.406+0000] {dagbag.py:540} INFO - Filling up the DagBag from /opt/airflow/dags/silver_to_gold_feature_engineering.py
[2025-04-28T14:24:36.653+0000] {processor.py:840} INFO - DAG(s) 'silver_to_gold_feature_engineering' retrieved from /opt/airflow/dags/silver_to_gold_feature_engineering.py
[2025-04-28T14:24:36.669+0000] {logging_mixin.py:188} INFO - [2025-04-28T14:24:36.668+0000] {dag.py:3096} INFO - Sync 1 DAGs
[2025-04-28T14:24:36.673+0000] {logging_mixin.py:188} INFO - [2025-04-28T14:24:36.673+0000] {dag.py:3954} INFO - Setting next_dagrun for silver_to_gold_feature_engineering to None, run_after=None
[2025-04-28T14:24:36.683+0000] {processor.py:183} INFO - Processing /opt/airflow/dags/silver_to_gold_feature_engineering.py took 0.284 seconds
[2025-04-28T14:25:07.547+0000] {processor.py:161} INFO - Started process (PID=1157) to work on /opt/airflow/dags/silver_to_gold_feature_engineering.py
[2025-04-28T14:25:07.547+0000] {processor.py:830} INFO - Processing file /opt/airflow/dags/silver_to_gold_feature_engineering.py for tasks to queue
[2025-04-28T14:25:07.548+0000] {logging_mixin.py:188} INFO - [2025-04-28T14:25:07.548+0000] {dagbag.py:540} INFO - Filling up the DagBag from /opt/airflow/dags/silver_to_gold_feature_engineering.py
[2025-04-28T14:25:07.784+0000] {processor.py:840} INFO - DAG(s) 'silver_to_gold_feature_engineering' retrieved from /opt/airflow/dags/silver_to_gold_feature_engineering.py
[2025-04-28T14:25:07.796+0000] {logging_mixin.py:188} INFO - [2025-04-28T14:25:07.796+0000] {dag.py:3096} INFO - Sync 1 DAGs
[2025-04-28T14:25:07.801+0000] {logging_mixin.py:188} INFO - [2025-04-28T14:25:07.800+0000] {dag.py:3954} INFO - Setting next_dagrun for silver_to_gold_feature_engineering to None, run_after=None
[2025-04-28T14:25:07.811+0000] {processor.py:183} INFO - Processing /opt/airflow/dags/silver_to_gold_feature_engineering.py took 0.268 seconds
[2025-04-28T14:25:38.747+0000] {processor.py:161} INFO - Started process (PID=1192) to work on /opt/airflow/dags/silver_to_gold_feature_engineering.py
[2025-04-28T14:25:38.748+0000] {processor.py:830} INFO - Processing file /opt/airflow/dags/silver_to_gold_feature_engineering.py for tasks to queue
[2025-04-28T14:25:38.749+0000] {logging_mixin.py:188} INFO - [2025-04-28T14:25:38.749+0000] {dagbag.py:540} INFO - Filling up the DagBag from /opt/airflow/dags/silver_to_gold_feature_engineering.py
[2025-04-28T14:25:38.979+0000] {processor.py:840} INFO - DAG(s) 'silver_to_gold_feature_engineering' retrieved from /opt/airflow/dags/silver_to_gold_feature_engineering.py
[2025-04-28T14:25:38.992+0000] {logging_mixin.py:188} INFO - [2025-04-28T14:25:38.992+0000] {dag.py:3096} INFO - Sync 1 DAGs
[2025-04-28T14:25:38.997+0000] {logging_mixin.py:188} INFO - [2025-04-28T14:25:38.997+0000] {dag.py:3954} INFO - Setting next_dagrun for silver_to_gold_feature_engineering to None, run_after=None
[2025-04-28T14:25:39.011+0000] {processor.py:183} INFO - Processing /opt/airflow/dags/silver_to_gold_feature_engineering.py took 0.270 seconds
[2025-04-28T14:26:09.935+0000] {processor.py:161} INFO - Started process (PID=1227) to work on /opt/airflow/dags/silver_to_gold_feature_engineering.py
[2025-04-28T14:26:09.937+0000] {processor.py:830} INFO - Processing file /opt/airflow/dags/silver_to_gold_feature_engineering.py for tasks to queue
[2025-04-28T14:26:09.938+0000] {logging_mixin.py:188} INFO - [2025-04-28T14:26:09.938+0000] {dagbag.py:540} INFO - Filling up the DagBag from /opt/airflow/dags/silver_to_gold_feature_engineering.py
[2025-04-28T14:26:10.177+0000] {processor.py:840} INFO - DAG(s) 'silver_to_gold_feature_engineering' retrieved from /opt/airflow/dags/silver_to_gold_feature_engineering.py
[2025-04-28T14:26:10.191+0000] {logging_mixin.py:188} INFO - [2025-04-28T14:26:10.190+0000] {dag.py:3096} INFO - Sync 1 DAGs
[2025-04-28T14:26:10.196+0000] {logging_mixin.py:188} INFO - [2025-04-28T14:26:10.196+0000] {dag.py:3954} INFO - Setting next_dagrun for silver_to_gold_feature_engineering to None, run_after=None
[2025-04-28T14:26:10.209+0000] {processor.py:183} INFO - Processing /opt/airflow/dags/silver_to_gold_feature_engineering.py took 0.277 seconds
[2025-04-28T14:26:41.191+0000] {processor.py:161} INFO - Started process (PID=1262) to work on /opt/airflow/dags/silver_to_gold_feature_engineering.py
[2025-04-28T14:26:41.192+0000] {processor.py:830} INFO - Processing file /opt/airflow/dags/silver_to_gold_feature_engineering.py for tasks to queue
[2025-04-28T14:26:41.194+0000] {logging_mixin.py:188} INFO - [2025-04-28T14:26:41.194+0000] {dagbag.py:540} INFO - Filling up the DagBag from /opt/airflow/dags/silver_to_gold_feature_engineering.py
[2025-04-28T14:26:41.420+0000] {processor.py:840} INFO - DAG(s) 'silver_to_gold_feature_engineering' retrieved from /opt/airflow/dags/silver_to_gold_feature_engineering.py
[2025-04-28T14:26:41.432+0000] {logging_mixin.py:188} INFO - [2025-04-28T14:26:41.432+0000] {dag.py:3096} INFO - Sync 1 DAGs
[2025-04-28T14:26:41.437+0000] {logging_mixin.py:188} INFO - [2025-04-28T14:26:41.437+0000] {dag.py:3954} INFO - Setting next_dagrun for silver_to_gold_feature_engineering to None, run_after=None
[2025-04-28T14:26:41.448+0000] {processor.py:183} INFO - Processing /opt/airflow/dags/silver_to_gold_feature_engineering.py took 0.264 seconds
[2025-04-28T14:27:12.328+0000] {processor.py:161} INFO - Started process (PID=1297) to work on /opt/airflow/dags/silver_to_gold_feature_engineering.py
[2025-04-28T14:27:12.329+0000] {processor.py:830} INFO - Processing file /opt/airflow/dags/silver_to_gold_feature_engineering.py for tasks to queue
[2025-04-28T14:27:12.330+0000] {logging_mixin.py:188} INFO - [2025-04-28T14:27:12.330+0000] {dagbag.py:540} INFO - Filling up the DagBag from /opt/airflow/dags/silver_to_gold_feature_engineering.py
[2025-04-28T14:27:12.552+0000] {processor.py:840} INFO - DAG(s) 'silver_to_gold_feature_engineering' retrieved from /opt/airflow/dags/silver_to_gold_feature_engineering.py
[2025-04-28T14:27:12.564+0000] {logging_mixin.py:188} INFO - [2025-04-28T14:27:12.564+0000] {dag.py:3096} INFO - Sync 1 DAGs
[2025-04-28T14:27:12.569+0000] {logging_mixin.py:188} INFO - [2025-04-28T14:27:12.569+0000] {dag.py:3954} INFO - Setting next_dagrun for silver_to_gold_feature_engineering to None, run_after=None
[2025-04-28T14:27:12.579+0000] {processor.py:183} INFO - Processing /opt/airflow/dags/silver_to_gold_feature_engineering.py took 0.257 seconds
[2025-04-28T14:27:43.448+0000] {processor.py:161} INFO - Started process (PID=1335) to work on /opt/airflow/dags/silver_to_gold_feature_engineering.py
[2025-04-28T14:27:43.450+0000] {processor.py:830} INFO - Processing file /opt/airflow/dags/silver_to_gold_feature_engineering.py for tasks to queue
[2025-04-28T14:27:43.454+0000] {logging_mixin.py:188} INFO - [2025-04-28T14:27:43.454+0000] {dagbag.py:540} INFO - Filling up the DagBag from /opt/airflow/dags/silver_to_gold_feature_engineering.py
[2025-04-28T14:27:43.693+0000] {processor.py:840} INFO - DAG(s) 'silver_to_gold_feature_engineering' retrieved from /opt/airflow/dags/silver_to_gold_feature_engineering.py
[2025-04-28T14:27:43.707+0000] {logging_mixin.py:188} INFO - [2025-04-28T14:27:43.707+0000] {dag.py:3096} INFO - Sync 1 DAGs
[2025-04-28T14:27:43.713+0000] {logging_mixin.py:188} INFO - [2025-04-28T14:27:43.713+0000] {dag.py:3954} INFO - Setting next_dagrun for silver_to_gold_feature_engineering to None, run_after=None
[2025-04-28T14:27:43.722+0000] {processor.py:183} INFO - Processing /opt/airflow/dags/silver_to_gold_feature_engineering.py took 0.276 seconds
[2025-04-28T14:28:14.625+0000] {processor.py:161} INFO - Started process (PID=1372) to work on /opt/airflow/dags/silver_to_gold_feature_engineering.py
[2025-04-28T14:28:14.626+0000] {processor.py:830} INFO - Processing file /opt/airflow/dags/silver_to_gold_feature_engineering.py for tasks to queue
[2025-04-28T14:28:14.628+0000] {logging_mixin.py:188} INFO - [2025-04-28T14:28:14.628+0000] {dagbag.py:540} INFO - Filling up the DagBag from /opt/airflow/dags/silver_to_gold_feature_engineering.py
[2025-04-28T14:28:14.856+0000] {processor.py:840} INFO - DAG(s) 'silver_to_gold_feature_engineering' retrieved from /opt/airflow/dags/silver_to_gold_feature_engineering.py
[2025-04-28T14:28:14.871+0000] {logging_mixin.py:188} INFO - [2025-04-28T14:28:14.871+0000] {dag.py:3096} INFO - Sync 1 DAGs
[2025-04-28T14:28:14.876+0000] {logging_mixin.py:188} INFO - [2025-04-28T14:28:14.876+0000] {dag.py:3954} INFO - Setting next_dagrun for silver_to_gold_feature_engineering to None, run_after=None
[2025-04-28T14:28:14.887+0000] {processor.py:183} INFO - Processing /opt/airflow/dags/silver_to_gold_feature_engineering.py took 0.268 seconds
[2025-04-28T14:28:45.711+0000] {processor.py:161} INFO - Started process (PID=1407) to work on /opt/airflow/dags/silver_to_gold_feature_engineering.py
[2025-04-28T14:28:45.712+0000] {processor.py:830} INFO - Processing file /opt/airflow/dags/silver_to_gold_feature_engineering.py for tasks to queue
[2025-04-28T14:28:45.713+0000] {logging_mixin.py:188} INFO - [2025-04-28T14:28:45.713+0000] {dagbag.py:540} INFO - Filling up the DagBag from /opt/airflow/dags/silver_to_gold_feature_engineering.py
[2025-04-28T14:28:45.946+0000] {processor.py:840} INFO - DAG(s) 'silver_to_gold_feature_engineering' retrieved from /opt/airflow/dags/silver_to_gold_feature_engineering.py
[2025-04-28T14:28:45.959+0000] {logging_mixin.py:188} INFO - [2025-04-28T14:28:45.959+0000] {dag.py:3096} INFO - Sync 1 DAGs
[2025-04-28T14:28:45.968+0000] {logging_mixin.py:188} INFO - [2025-04-28T14:28:45.968+0000] {dag.py:3954} INFO - Setting next_dagrun for silver_to_gold_feature_engineering to None, run_after=None
[2025-04-28T14:28:45.979+0000] {processor.py:183} INFO - Processing /opt/airflow/dags/silver_to_gold_feature_engineering.py took 0.273 seconds
[2025-04-28T14:29:16.863+0000] {processor.py:161} INFO - Started process (PID=1442) to work on /opt/airflow/dags/silver_to_gold_feature_engineering.py
[2025-04-28T14:29:16.863+0000] {processor.py:830} INFO - Processing file /opt/airflow/dags/silver_to_gold_feature_engineering.py for tasks to queue
[2025-04-28T14:29:16.865+0000] {logging_mixin.py:188} INFO - [2025-04-28T14:29:16.864+0000] {dagbag.py:540} INFO - Filling up the DagBag from /opt/airflow/dags/silver_to_gold_feature_engineering.py
[2025-04-28T14:29:17.106+0000] {processor.py:840} INFO - DAG(s) 'silver_to_gold_feature_engineering' retrieved from /opt/airflow/dags/silver_to_gold_feature_engineering.py
[2025-04-28T14:29:17.119+0000] {logging_mixin.py:188} INFO - [2025-04-28T14:29:17.119+0000] {dag.py:3096} INFO - Sync 1 DAGs
[2025-04-28T14:29:17.124+0000] {logging_mixin.py:188} INFO - [2025-04-28T14:29:17.124+0000] {dag.py:3954} INFO - Setting next_dagrun for silver_to_gold_feature_engineering to None, run_after=None
[2025-04-28T14:29:17.135+0000] {processor.py:183} INFO - Processing /opt/airflow/dags/silver_to_gold_feature_engineering.py took 0.277 seconds
[2025-04-28T14:29:48.031+0000] {processor.py:161} INFO - Started process (PID=1477) to work on /opt/airflow/dags/silver_to_gold_feature_engineering.py
[2025-04-28T14:29:48.032+0000] {processor.py:830} INFO - Processing file /opt/airflow/dags/silver_to_gold_feature_engineering.py for tasks to queue
[2025-04-28T14:29:48.033+0000] {logging_mixin.py:188} INFO - [2025-04-28T14:29:48.033+0000] {dagbag.py:540} INFO - Filling up the DagBag from /opt/airflow/dags/silver_to_gold_feature_engineering.py
[2025-04-28T14:29:48.276+0000] {processor.py:840} INFO - DAG(s) 'silver_to_gold_feature_engineering' retrieved from /opt/airflow/dags/silver_to_gold_feature_engineering.py
[2025-04-28T14:29:48.290+0000] {logging_mixin.py:188} INFO - [2025-04-28T14:29:48.289+0000] {dag.py:3096} INFO - Sync 1 DAGs
[2025-04-28T14:29:48.295+0000] {logging_mixin.py:188} INFO - [2025-04-28T14:29:48.295+0000] {dag.py:3954} INFO - Setting next_dagrun for silver_to_gold_feature_engineering to None, run_after=None
[2025-04-28T14:29:48.306+0000] {processor.py:183} INFO - Processing /opt/airflow/dags/silver_to_gold_feature_engineering.py took 0.282 seconds
[2025-04-28T14:30:19.180+0000] {processor.py:161} INFO - Started process (PID=1512) to work on /opt/airflow/dags/silver_to_gold_feature_engineering.py
[2025-04-28T14:30:19.181+0000] {processor.py:830} INFO - Processing file /opt/airflow/dags/silver_to_gold_feature_engineering.py for tasks to queue
[2025-04-28T14:30:19.183+0000] {logging_mixin.py:188} INFO - [2025-04-28T14:30:19.183+0000] {dagbag.py:540} INFO - Filling up the DagBag from /opt/airflow/dags/silver_to_gold_feature_engineering.py
[2025-04-28T14:30:19.407+0000] {processor.py:840} INFO - DAG(s) 'silver_to_gold_feature_engineering' retrieved from /opt/airflow/dags/silver_to_gold_feature_engineering.py
[2025-04-28T14:30:19.419+0000] {logging_mixin.py:188} INFO - [2025-04-28T14:30:19.419+0000] {dag.py:3096} INFO - Sync 1 DAGs
[2025-04-28T14:30:19.424+0000] {logging_mixin.py:188} INFO - [2025-04-28T14:30:19.424+0000] {dag.py:3954} INFO - Setting next_dagrun for silver_to_gold_feature_engineering to None, run_after=None
[2025-04-28T14:30:19.435+0000] {processor.py:183} INFO - Processing /opt/airflow/dags/silver_to_gold_feature_engineering.py took 0.262 seconds
[2025-04-28T14:30:50.337+0000] {processor.py:161} INFO - Started process (PID=1547) to work on /opt/airflow/dags/silver_to_gold_feature_engineering.py
[2025-04-28T14:30:50.338+0000] {processor.py:830} INFO - Processing file /opt/airflow/dags/silver_to_gold_feature_engineering.py for tasks to queue
[2025-04-28T14:30:50.339+0000] {logging_mixin.py:188} INFO - [2025-04-28T14:30:50.339+0000] {dagbag.py:540} INFO - Filling up the DagBag from /opt/airflow/dags/silver_to_gold_feature_engineering.py
[2025-04-28T14:30:50.562+0000] {processor.py:840} INFO - DAG(s) 'silver_to_gold_feature_engineering' retrieved from /opt/airflow/dags/silver_to_gold_feature_engineering.py
[2025-04-28T14:30:50.574+0000] {logging_mixin.py:188} INFO - [2025-04-28T14:30:50.574+0000] {dag.py:3096} INFO - Sync 1 DAGs
[2025-04-28T14:30:50.581+0000] {logging_mixin.py:188} INFO - [2025-04-28T14:30:50.581+0000] {dag.py:3954} INFO - Setting next_dagrun for silver_to_gold_feature_engineering to None, run_after=None
[2025-04-28T14:30:50.592+0000] {processor.py:183} INFO - Processing /opt/airflow/dags/silver_to_gold_feature_engineering.py took 0.260 seconds
[2025-04-28T14:31:21.439+0000] {processor.py:161} INFO - Started process (PID=1582) to work on /opt/airflow/dags/silver_to_gold_feature_engineering.py
[2025-04-28T14:31:21.440+0000] {processor.py:830} INFO - Processing file /opt/airflow/dags/silver_to_gold_feature_engineering.py for tasks to queue
[2025-04-28T14:31:21.441+0000] {logging_mixin.py:188} INFO - [2025-04-28T14:31:21.441+0000] {dagbag.py:540} INFO - Filling up the DagBag from /opt/airflow/dags/silver_to_gold_feature_engineering.py
[2025-04-28T14:31:21.667+0000] {processor.py:840} INFO - DAG(s) 'silver_to_gold_feature_engineering' retrieved from /opt/airflow/dags/silver_to_gold_feature_engineering.py
[2025-04-28T14:31:21.682+0000] {logging_mixin.py:188} INFO - [2025-04-28T14:31:21.682+0000] {dag.py:3096} INFO - Sync 1 DAGs
[2025-04-28T14:31:21.687+0000] {logging_mixin.py:188} INFO - [2025-04-28T14:31:21.687+0000] {dag.py:3954} INFO - Setting next_dagrun for silver_to_gold_feature_engineering to None, run_after=None
[2025-04-28T14:31:21.698+0000] {processor.py:183} INFO - Processing /opt/airflow/dags/silver_to_gold_feature_engineering.py took 0.263 seconds
[2025-04-28T14:31:52.554+0000] {processor.py:161} INFO - Started process (PID=1617) to work on /opt/airflow/dags/silver_to_gold_feature_engineering.py
[2025-04-28T14:31:52.555+0000] {processor.py:830} INFO - Processing file /opt/airflow/dags/silver_to_gold_feature_engineering.py for tasks to queue
[2025-04-28T14:31:52.556+0000] {logging_mixin.py:188} INFO - [2025-04-28T14:31:52.555+0000] {dagbag.py:540} INFO - Filling up the DagBag from /opt/airflow/dags/silver_to_gold_feature_engineering.py
[2025-04-28T14:31:52.780+0000] {processor.py:840} INFO - DAG(s) 'silver_to_gold_feature_engineering' retrieved from /opt/airflow/dags/silver_to_gold_feature_engineering.py
[2025-04-28T14:31:52.795+0000] {logging_mixin.py:188} INFO - [2025-04-28T14:31:52.795+0000] {dag.py:3096} INFO - Sync 1 DAGs
[2025-04-28T14:31:52.800+0000] {logging_mixin.py:188} INFO - [2025-04-28T14:31:52.800+0000] {dag.py:3954} INFO - Setting next_dagrun for silver_to_gold_feature_engineering to None, run_after=None
[2025-04-28T14:31:52.809+0000] {processor.py:183} INFO - Processing /opt/airflow/dags/silver_to_gold_feature_engineering.py took 0.259 seconds
[2025-04-28T14:32:23.658+0000] {processor.py:161} INFO - Started process (PID=1652) to work on /opt/airflow/dags/silver_to_gold_feature_engineering.py
[2025-04-28T14:32:23.659+0000] {processor.py:830} INFO - Processing file /opt/airflow/dags/silver_to_gold_feature_engineering.py for tasks to queue
[2025-04-28T14:32:23.661+0000] {logging_mixin.py:188} INFO - [2025-04-28T14:32:23.660+0000] {dagbag.py:540} INFO - Filling up the DagBag from /opt/airflow/dags/silver_to_gold_feature_engineering.py
[2025-04-28T14:32:23.886+0000] {processor.py:840} INFO - DAG(s) 'silver_to_gold_feature_engineering' retrieved from /opt/airflow/dags/silver_to_gold_feature_engineering.py
[2025-04-28T14:32:23.899+0000] {logging_mixin.py:188} INFO - [2025-04-28T14:32:23.899+0000] {dag.py:3096} INFO - Sync 1 DAGs
[2025-04-28T14:32:23.906+0000] {logging_mixin.py:188} INFO - [2025-04-28T14:32:23.906+0000] {dag.py:3954} INFO - Setting next_dagrun for silver_to_gold_feature_engineering to None, run_after=None
[2025-04-28T14:32:23.918+0000] {processor.py:183} INFO - Processing /opt/airflow/dags/silver_to_gold_feature_engineering.py took 0.267 seconds
[2025-04-28T14:32:54.747+0000] {processor.py:161} INFO - Started process (PID=1687) to work on /opt/airflow/dags/silver_to_gold_feature_engineering.py
[2025-04-28T14:32:54.748+0000] {processor.py:830} INFO - Processing file /opt/airflow/dags/silver_to_gold_feature_engineering.py for tasks to queue
[2025-04-28T14:32:54.749+0000] {logging_mixin.py:188} INFO - [2025-04-28T14:32:54.749+0000] {dagbag.py:540} INFO - Filling up the DagBag from /opt/airflow/dags/silver_to_gold_feature_engineering.py
[2025-04-28T14:32:54.972+0000] {processor.py:840} INFO - DAG(s) 'silver_to_gold_feature_engineering' retrieved from /opt/airflow/dags/silver_to_gold_feature_engineering.py
[2025-04-28T14:32:54.985+0000] {logging_mixin.py:188} INFO - [2025-04-28T14:32:54.985+0000] {dag.py:3096} INFO - Sync 1 DAGs
[2025-04-28T14:32:54.990+0000] {logging_mixin.py:188} INFO - [2025-04-28T14:32:54.990+0000] {dag.py:3954} INFO - Setting next_dagrun for silver_to_gold_feature_engineering to None, run_after=None
[2025-04-28T14:32:55.000+0000] {processor.py:183} INFO - Processing /opt/airflow/dags/silver_to_gold_feature_engineering.py took 0.257 seconds
[2025-04-28T14:33:25.873+0000] {processor.py:161} INFO - Started process (PID=1722) to work on /opt/airflow/dags/silver_to_gold_feature_engineering.py
[2025-04-28T14:33:25.874+0000] {processor.py:830} INFO - Processing file /opt/airflow/dags/silver_to_gold_feature_engineering.py for tasks to queue
[2025-04-28T14:33:25.875+0000] {logging_mixin.py:188} INFO - [2025-04-28T14:33:25.875+0000] {dagbag.py:540} INFO - Filling up the DagBag from /opt/airflow/dags/silver_to_gold_feature_engineering.py
[2025-04-28T14:33:26.097+0000] {processor.py:840} INFO - DAG(s) 'silver_to_gold_feature_engineering' retrieved from /opt/airflow/dags/silver_to_gold_feature_engineering.py
[2025-04-28T14:33:26.108+0000] {logging_mixin.py:188} INFO - [2025-04-28T14:33:26.108+0000] {dag.py:3096} INFO - Sync 1 DAGs
[2025-04-28T14:33:26.114+0000] {logging_mixin.py:188} INFO - [2025-04-28T14:33:26.114+0000] {dag.py:3954} INFO - Setting next_dagrun for silver_to_gold_feature_engineering to None, run_after=None
[2025-04-28T14:33:26.125+0000] {processor.py:183} INFO - Processing /opt/airflow/dags/silver_to_gold_feature_engineering.py took 0.258 seconds
[2025-04-28T14:33:57.039+0000] {processor.py:161} INFO - Started process (PID=1757) to work on /opt/airflow/dags/silver_to_gold_feature_engineering.py
[2025-04-28T14:33:57.040+0000] {processor.py:830} INFO - Processing file /opt/airflow/dags/silver_to_gold_feature_engineering.py for tasks to queue
[2025-04-28T14:33:57.041+0000] {logging_mixin.py:188} INFO - [2025-04-28T14:33:57.041+0000] {dagbag.py:540} INFO - Filling up the DagBag from /opt/airflow/dags/silver_to_gold_feature_engineering.py
[2025-04-28T14:33:57.261+0000] {processor.py:840} INFO - DAG(s) 'silver_to_gold_feature_engineering' retrieved from /opt/airflow/dags/silver_to_gold_feature_engineering.py
[2025-04-28T14:33:57.276+0000] {logging_mixin.py:188} INFO - [2025-04-28T14:33:57.276+0000] {dag.py:3096} INFO - Sync 1 DAGs
[2025-04-28T14:33:57.281+0000] {logging_mixin.py:188} INFO - [2025-04-28T14:33:57.281+0000] {dag.py:3954} INFO - Setting next_dagrun for silver_to_gold_feature_engineering to None, run_after=None
[2025-04-28T14:33:57.294+0000] {processor.py:183} INFO - Processing /opt/airflow/dags/silver_to_gold_feature_engineering.py took 0.261 seconds
[2025-04-28T14:34:28.195+0000] {processor.py:161} INFO - Started process (PID=1792) to work on /opt/airflow/dags/silver_to_gold_feature_engineering.py
[2025-04-28T14:34:28.196+0000] {processor.py:830} INFO - Processing file /opt/airflow/dags/silver_to_gold_feature_engineering.py for tasks to queue
[2025-04-28T14:34:28.198+0000] {logging_mixin.py:188} INFO - [2025-04-28T14:34:28.198+0000] {dagbag.py:540} INFO - Filling up the DagBag from /opt/airflow/dags/silver_to_gold_feature_engineering.py
[2025-04-28T14:34:28.418+0000] {processor.py:840} INFO - DAG(s) 'silver_to_gold_feature_engineering' retrieved from /opt/airflow/dags/silver_to_gold_feature_engineering.py
[2025-04-28T14:34:28.429+0000] {logging_mixin.py:188} INFO - [2025-04-28T14:34:28.429+0000] {dag.py:3096} INFO - Sync 1 DAGs
[2025-04-28T14:34:28.434+0000] {logging_mixin.py:188} INFO - [2025-04-28T14:34:28.434+0000] {dag.py:3954} INFO - Setting next_dagrun for silver_to_gold_feature_engineering to None, run_after=None
[2025-04-28T14:34:28.445+0000] {processor.py:183} INFO - Processing /opt/airflow/dags/silver_to_gold_feature_engineering.py took 0.255 seconds
[2025-04-28T14:34:59.402+0000] {processor.py:161} INFO - Started process (PID=1827) to work on /opt/airflow/dags/silver_to_gold_feature_engineering.py
[2025-04-28T14:34:59.403+0000] {processor.py:830} INFO - Processing file /opt/airflow/dags/silver_to_gold_feature_engineering.py for tasks to queue
[2025-04-28T14:34:59.404+0000] {logging_mixin.py:188} INFO - [2025-04-28T14:34:59.404+0000] {dagbag.py:540} INFO - Filling up the DagBag from /opt/airflow/dags/silver_to_gold_feature_engineering.py
[2025-04-28T14:34:59.628+0000] {processor.py:840} INFO - DAG(s) 'silver_to_gold_feature_engineering' retrieved from /opt/airflow/dags/silver_to_gold_feature_engineering.py
[2025-04-28T14:34:59.640+0000] {logging_mixin.py:188} INFO - [2025-04-28T14:34:59.640+0000] {dag.py:3096} INFO - Sync 1 DAGs
[2025-04-28T14:34:59.647+0000] {logging_mixin.py:188} INFO - [2025-04-28T14:34:59.646+0000] {dag.py:3954} INFO - Setting next_dagrun for silver_to_gold_feature_engineering to None, run_after=None
[2025-04-28T14:34:59.657+0000] {processor.py:183} INFO - Processing /opt/airflow/dags/silver_to_gold_feature_engineering.py took 0.261 seconds
[2025-04-28T14:35:30.544+0000] {processor.py:161} INFO - Started process (PID=1862) to work on /opt/airflow/dags/silver_to_gold_feature_engineering.py
[2025-04-28T14:35:30.545+0000] {processor.py:830} INFO - Processing file /opt/airflow/dags/silver_to_gold_feature_engineering.py for tasks to queue
[2025-04-28T14:35:30.546+0000] {logging_mixin.py:188} INFO - [2025-04-28T14:35:30.546+0000] {dagbag.py:540} INFO - Filling up the DagBag from /opt/airflow/dags/silver_to_gold_feature_engineering.py
[2025-04-28T14:35:30.765+0000] {processor.py:840} INFO - DAG(s) 'silver_to_gold_feature_engineering' retrieved from /opt/airflow/dags/silver_to_gold_feature_engineering.py
[2025-04-28T14:35:30.778+0000] {logging_mixin.py:188} INFO - [2025-04-28T14:35:30.777+0000] {dag.py:3096} INFO - Sync 1 DAGs
[2025-04-28T14:35:30.782+0000] {logging_mixin.py:188} INFO - [2025-04-28T14:35:30.782+0000] {dag.py:3954} INFO - Setting next_dagrun for silver_to_gold_feature_engineering to None, run_after=None
[2025-04-28T14:35:30.792+0000] {processor.py:183} INFO - Processing /opt/airflow/dags/silver_to_gold_feature_engineering.py took 0.255 seconds
[2025-04-28T14:36:01.663+0000] {processor.py:161} INFO - Started process (PID=1897) to work on /opt/airflow/dags/silver_to_gold_feature_engineering.py
[2025-04-28T14:36:01.664+0000] {processor.py:830} INFO - Processing file /opt/airflow/dags/silver_to_gold_feature_engineering.py for tasks to queue
[2025-04-28T14:36:01.665+0000] {logging_mixin.py:188} INFO - [2025-04-28T14:36:01.665+0000] {dagbag.py:540} INFO - Filling up the DagBag from /opt/airflow/dags/silver_to_gold_feature_engineering.py
[2025-04-28T14:36:01.888+0000] {processor.py:840} INFO - DAG(s) 'silver_to_gold_feature_engineering' retrieved from /opt/airflow/dags/silver_to_gold_feature_engineering.py
[2025-04-28T14:36:01.900+0000] {logging_mixin.py:188} INFO - [2025-04-28T14:36:01.899+0000] {dag.py:3096} INFO - Sync 1 DAGs
[2025-04-28T14:36:01.904+0000] {logging_mixin.py:188} INFO - [2025-04-28T14:36:01.904+0000] {dag.py:3954} INFO - Setting next_dagrun for silver_to_gold_feature_engineering to None, run_after=None
[2025-04-28T14:36:01.914+0000] {processor.py:183} INFO - Processing /opt/airflow/dags/silver_to_gold_feature_engineering.py took 0.255 seconds
[2025-04-28T14:36:32.750+0000] {processor.py:161} INFO - Started process (PID=1932) to work on /opt/airflow/dags/silver_to_gold_feature_engineering.py
[2025-04-28T14:36:32.751+0000] {processor.py:830} INFO - Processing file /opt/airflow/dags/silver_to_gold_feature_engineering.py for tasks to queue
[2025-04-28T14:36:32.752+0000] {logging_mixin.py:188} INFO - [2025-04-28T14:36:32.752+0000] {dagbag.py:540} INFO - Filling up the DagBag from /opt/airflow/dags/silver_to_gold_feature_engineering.py
[2025-04-28T14:36:32.983+0000] {processor.py:840} INFO - DAG(s) 'silver_to_gold_feature_engineering' retrieved from /opt/airflow/dags/silver_to_gold_feature_engineering.py
[2025-04-28T14:36:32.995+0000] {logging_mixin.py:188} INFO - [2025-04-28T14:36:32.995+0000] {dag.py:3096} INFO - Sync 1 DAGs
[2025-04-28T14:36:33.000+0000] {logging_mixin.py:188} INFO - [2025-04-28T14:36:33.000+0000] {dag.py:3954} INFO - Setting next_dagrun for silver_to_gold_feature_engineering to None, run_after=None
[2025-04-28T14:36:33.009+0000] {processor.py:183} INFO - Processing /opt/airflow/dags/silver_to_gold_feature_engineering.py took 0.265 seconds
[2025-04-28T14:37:03.896+0000] {processor.py:161} INFO - Started process (PID=1967) to work on /opt/airflow/dags/silver_to_gold_feature_engineering.py
[2025-04-28T14:37:03.896+0000] {processor.py:830} INFO - Processing file /opt/airflow/dags/silver_to_gold_feature_engineering.py for tasks to queue
[2025-04-28T14:37:03.898+0000] {logging_mixin.py:188} INFO - [2025-04-28T14:37:03.898+0000] {dagbag.py:540} INFO - Filling up the DagBag from /opt/airflow/dags/silver_to_gold_feature_engineering.py
[2025-04-28T14:37:04.115+0000] {processor.py:840} INFO - DAG(s) 'silver_to_gold_feature_engineering' retrieved from /opt/airflow/dags/silver_to_gold_feature_engineering.py
[2025-04-28T14:37:04.128+0000] {logging_mixin.py:188} INFO - [2025-04-28T14:37:04.128+0000] {dag.py:3096} INFO - Sync 1 DAGs
[2025-04-28T14:37:04.134+0000] {logging_mixin.py:188} INFO - [2025-04-28T14:37:04.134+0000] {dag.py:3954} INFO - Setting next_dagrun for silver_to_gold_feature_engineering to None, run_after=None
[2025-04-28T14:37:04.145+0000] {processor.py:183} INFO - Processing /opt/airflow/dags/silver_to_gold_feature_engineering.py took 0.253 seconds
[2025-04-28T14:37:35.008+0000] {processor.py:161} INFO - Started process (PID=2002) to work on /opt/airflow/dags/silver_to_gold_feature_engineering.py
[2025-04-28T14:37:35.009+0000] {processor.py:830} INFO - Processing file /opt/airflow/dags/silver_to_gold_feature_engineering.py for tasks to queue
[2025-04-28T14:37:35.010+0000] {logging_mixin.py:188} INFO - [2025-04-28T14:37:35.010+0000] {dagbag.py:540} INFO - Filling up the DagBag from /opt/airflow/dags/silver_to_gold_feature_engineering.py
[2025-04-28T14:37:35.248+0000] {processor.py:840} INFO - DAG(s) 'silver_to_gold_feature_engineering' retrieved from /opt/airflow/dags/silver_to_gold_feature_engineering.py
[2025-04-28T14:37:35.260+0000] {logging_mixin.py:188} INFO - [2025-04-28T14:37:35.260+0000] {dag.py:3096} INFO - Sync 1 DAGs
[2025-04-28T14:37:35.266+0000] {logging_mixin.py:188} INFO - [2025-04-28T14:37:35.266+0000] {dag.py:3954} INFO - Setting next_dagrun for silver_to_gold_feature_engineering to None, run_after=None
[2025-04-28T14:37:35.277+0000] {processor.py:183} INFO - Processing /opt/airflow/dags/silver_to_gold_feature_engineering.py took 0.272 seconds
[2025-04-28T14:38:06.212+0000] {processor.py:161} INFO - Started process (PID=2037) to work on /opt/airflow/dags/silver_to_gold_feature_engineering.py
[2025-04-28T14:38:06.213+0000] {processor.py:830} INFO - Processing file /opt/airflow/dags/silver_to_gold_feature_engineering.py for tasks to queue
[2025-04-28T14:38:06.214+0000] {logging_mixin.py:188} INFO - [2025-04-28T14:38:06.214+0000] {dagbag.py:540} INFO - Filling up the DagBag from /opt/airflow/dags/silver_to_gold_feature_engineering.py
[2025-04-28T14:38:06.437+0000] {processor.py:840} INFO - DAG(s) 'silver_to_gold_feature_engineering' retrieved from /opt/airflow/dags/silver_to_gold_feature_engineering.py
[2025-04-28T14:38:06.448+0000] {logging_mixin.py:188} INFO - [2025-04-28T14:38:06.448+0000] {dag.py:3096} INFO - Sync 1 DAGs
[2025-04-28T14:38:06.456+0000] {logging_mixin.py:188} INFO - [2025-04-28T14:38:06.456+0000] {dag.py:3954} INFO - Setting next_dagrun for silver_to_gold_feature_engineering to None, run_after=None
[2025-04-28T14:38:06.466+0000] {processor.py:183} INFO - Processing /opt/airflow/dags/silver_to_gold_feature_engineering.py took 0.259 seconds
[2025-04-28T14:38:37.339+0000] {processor.py:161} INFO - Started process (PID=2072) to work on /opt/airflow/dags/silver_to_gold_feature_engineering.py
[2025-04-28T14:38:37.340+0000] {processor.py:830} INFO - Processing file /opt/airflow/dags/silver_to_gold_feature_engineering.py for tasks to queue
[2025-04-28T14:38:37.341+0000] {logging_mixin.py:188} INFO - [2025-04-28T14:38:37.341+0000] {dagbag.py:540} INFO - Filling up the DagBag from /opt/airflow/dags/silver_to_gold_feature_engineering.py
[2025-04-28T14:38:37.566+0000] {processor.py:840} INFO - DAG(s) 'silver_to_gold_feature_engineering' retrieved from /opt/airflow/dags/silver_to_gold_feature_engineering.py
[2025-04-28T14:38:37.579+0000] {logging_mixin.py:188} INFO - [2025-04-28T14:38:37.578+0000] {dag.py:3096} INFO - Sync 1 DAGs
[2025-04-28T14:38:37.584+0000] {logging_mixin.py:188} INFO - [2025-04-28T14:38:37.584+0000] {dag.py:3954} INFO - Setting next_dagrun for silver_to_gold_feature_engineering to None, run_after=None
[2025-04-28T14:38:37.594+0000] {processor.py:183} INFO - Processing /opt/airflow/dags/silver_to_gold_feature_engineering.py took 0.260 seconds
[2025-04-28T14:39:08.457+0000] {processor.py:161} INFO - Started process (PID=2107) to work on /opt/airflow/dags/silver_to_gold_feature_engineering.py
[2025-04-28T14:39:08.458+0000] {processor.py:830} INFO - Processing file /opt/airflow/dags/silver_to_gold_feature_engineering.py for tasks to queue
[2025-04-28T14:39:08.462+0000] {logging_mixin.py:188} INFO - [2025-04-28T14:39:08.462+0000] {dagbag.py:540} INFO - Filling up the DagBag from /opt/airflow/dags/silver_to_gold_feature_engineering.py
[2025-04-28T14:39:08.686+0000] {processor.py:840} INFO - DAG(s) 'silver_to_gold_feature_engineering' retrieved from /opt/airflow/dags/silver_to_gold_feature_engineering.py
[2025-04-28T14:39:08.698+0000] {logging_mixin.py:188} INFO - [2025-04-28T14:39:08.697+0000] {dag.py:3096} INFO - Sync 1 DAGs
[2025-04-28T14:39:08.702+0000] {logging_mixin.py:188} INFO - [2025-04-28T14:39:08.702+0000] {dag.py:3954} INFO - Setting next_dagrun for silver_to_gold_feature_engineering to None, run_after=None
[2025-04-28T14:39:08.713+0000] {processor.py:183} INFO - Processing /opt/airflow/dags/silver_to_gold_feature_engineering.py took 0.262 seconds
[2025-04-28T14:39:39.554+0000] {processor.py:161} INFO - Started process (PID=2142) to work on /opt/airflow/dags/silver_to_gold_feature_engineering.py
[2025-04-28T14:39:39.555+0000] {processor.py:830} INFO - Processing file /opt/airflow/dags/silver_to_gold_feature_engineering.py for tasks to queue
[2025-04-28T14:39:39.556+0000] {logging_mixin.py:188} INFO - [2025-04-28T14:39:39.556+0000] {dagbag.py:540} INFO - Filling up the DagBag from /opt/airflow/dags/silver_to_gold_feature_engineering.py
[2025-04-28T14:39:39.780+0000] {processor.py:840} INFO - DAG(s) 'silver_to_gold_feature_engineering' retrieved from /opt/airflow/dags/silver_to_gold_feature_engineering.py
[2025-04-28T14:39:39.794+0000] {logging_mixin.py:188} INFO - [2025-04-28T14:39:39.794+0000] {dag.py:3096} INFO - Sync 1 DAGs
[2025-04-28T14:39:39.800+0000] {logging_mixin.py:188} INFO - [2025-04-28T14:39:39.800+0000] {dag.py:3954} INFO - Setting next_dagrun for silver_to_gold_feature_engineering to None, run_after=None
[2025-04-28T14:39:39.812+0000] {processor.py:183} INFO - Processing /opt/airflow/dags/silver_to_gold_feature_engineering.py took 0.265 seconds
[2025-04-28T14:40:10.644+0000] {processor.py:161} INFO - Started process (PID=2177) to work on /opt/airflow/dags/silver_to_gold_feature_engineering.py
[2025-04-28T14:40:10.645+0000] {processor.py:830} INFO - Processing file /opt/airflow/dags/silver_to_gold_feature_engineering.py for tasks to queue
[2025-04-28T14:40:10.646+0000] {logging_mixin.py:188} INFO - [2025-04-28T14:40:10.646+0000] {dagbag.py:540} INFO - Filling up the DagBag from /opt/airflow/dags/silver_to_gold_feature_engineering.py
[2025-04-28T14:40:10.867+0000] {processor.py:840} INFO - DAG(s) 'silver_to_gold_feature_engineering' retrieved from /opt/airflow/dags/silver_to_gold_feature_engineering.py
[2025-04-28T14:40:10.879+0000] {logging_mixin.py:188} INFO - [2025-04-28T14:40:10.878+0000] {dag.py:3096} INFO - Sync 1 DAGs
[2025-04-28T14:40:10.883+0000] {logging_mixin.py:188} INFO - [2025-04-28T14:40:10.883+0000] {dag.py:3954} INFO - Setting next_dagrun for silver_to_gold_feature_engineering to None, run_after=None
[2025-04-28T14:40:10.893+0000] {processor.py:183} INFO - Processing /opt/airflow/dags/silver_to_gold_feature_engineering.py took 0.254 seconds
[2025-04-28T14:40:41.800+0000] {processor.py:161} INFO - Started process (PID=2212) to work on /opt/airflow/dags/silver_to_gold_feature_engineering.py
[2025-04-28T14:40:41.801+0000] {processor.py:830} INFO - Processing file /opt/airflow/dags/silver_to_gold_feature_engineering.py for tasks to queue
[2025-04-28T14:40:41.802+0000] {logging_mixin.py:188} INFO - [2025-04-28T14:40:41.802+0000] {dagbag.py:540} INFO - Filling up the DagBag from /opt/airflow/dags/silver_to_gold_feature_engineering.py
[2025-04-28T14:40:42.023+0000] {processor.py:840} INFO - DAG(s) 'silver_to_gold_feature_engineering' retrieved from /opt/airflow/dags/silver_to_gold_feature_engineering.py
[2025-04-28T14:40:42.034+0000] {logging_mixin.py:188} INFO - [2025-04-28T14:40:42.034+0000] {dag.py:3096} INFO - Sync 1 DAGs
[2025-04-28T14:40:42.038+0000] {logging_mixin.py:188} INFO - [2025-04-28T14:40:42.038+0000] {dag.py:3954} INFO - Setting next_dagrun for silver_to_gold_feature_engineering to None, run_after=None
[2025-04-28T14:40:42.051+0000] {processor.py:183} INFO - Processing /opt/airflow/dags/silver_to_gold_feature_engineering.py took 0.257 seconds
[2025-04-28T14:41:12.951+0000] {processor.py:161} INFO - Started process (PID=2247) to work on /opt/airflow/dags/silver_to_gold_feature_engineering.py
[2025-04-28T14:41:12.952+0000] {processor.py:830} INFO - Processing file /opt/airflow/dags/silver_to_gold_feature_engineering.py for tasks to queue
[2025-04-28T14:41:12.953+0000] {logging_mixin.py:188} INFO - [2025-04-28T14:41:12.953+0000] {dagbag.py:540} INFO - Filling up the DagBag from /opt/airflow/dags/silver_to_gold_feature_engineering.py
[2025-04-28T14:41:13.175+0000] {processor.py:840} INFO - DAG(s) 'silver_to_gold_feature_engineering' retrieved from /opt/airflow/dags/silver_to_gold_feature_engineering.py
[2025-04-28T14:41:13.187+0000] {logging_mixin.py:188} INFO - [2025-04-28T14:41:13.187+0000] {dag.py:3096} INFO - Sync 1 DAGs
[2025-04-28T14:41:13.192+0000] {logging_mixin.py:188} INFO - [2025-04-28T14:41:13.192+0000] {dag.py:3954} INFO - Setting next_dagrun for silver_to_gold_feature_engineering to None, run_after=None
[2025-04-28T14:41:13.202+0000] {processor.py:183} INFO - Processing /opt/airflow/dags/silver_to_gold_feature_engineering.py took 0.257 seconds
[2025-04-28T14:41:44.119+0000] {processor.py:161} INFO - Started process (PID=2282) to work on /opt/airflow/dags/silver_to_gold_feature_engineering.py
[2025-04-28T14:41:44.120+0000] {processor.py:830} INFO - Processing file /opt/airflow/dags/silver_to_gold_feature_engineering.py for tasks to queue
[2025-04-28T14:41:44.121+0000] {logging_mixin.py:188} INFO - [2025-04-28T14:41:44.121+0000] {dagbag.py:540} INFO - Filling up the DagBag from /opt/airflow/dags/silver_to_gold_feature_engineering.py
[2025-04-28T14:41:44.348+0000] {processor.py:840} INFO - DAG(s) 'silver_to_gold_feature_engineering' retrieved from /opt/airflow/dags/silver_to_gold_feature_engineering.py
[2025-04-28T14:41:44.364+0000] {logging_mixin.py:188} INFO - [2025-04-28T14:41:44.364+0000] {dag.py:3096} INFO - Sync 1 DAGs
[2025-04-28T14:41:44.369+0000] {logging_mixin.py:188} INFO - [2025-04-28T14:41:44.369+0000] {dag.py:3954} INFO - Setting next_dagrun for silver_to_gold_feature_engineering to None, run_after=None
[2025-04-28T14:41:44.379+0000] {processor.py:183} INFO - Processing /opt/airflow/dags/silver_to_gold_feature_engineering.py took 0.265 seconds
[2025-04-28T14:42:15.296+0000] {processor.py:161} INFO - Started process (PID=2317) to work on /opt/airflow/dags/silver_to_gold_feature_engineering.py
[2025-04-28T14:42:15.298+0000] {processor.py:830} INFO - Processing file /opt/airflow/dags/silver_to_gold_feature_engineering.py for tasks to queue
[2025-04-28T14:42:15.300+0000] {logging_mixin.py:188} INFO - [2025-04-28T14:42:15.299+0000] {dagbag.py:540} INFO - Filling up the DagBag from /opt/airflow/dags/silver_to_gold_feature_engineering.py
[2025-04-28T14:42:15.522+0000] {processor.py:840} INFO - DAG(s) 'silver_to_gold_feature_engineering' retrieved from /opt/airflow/dags/silver_to_gold_feature_engineering.py
[2025-04-28T14:42:15.534+0000] {logging_mixin.py:188} INFO - [2025-04-28T14:42:15.534+0000] {dag.py:3096} INFO - Sync 1 DAGs
[2025-04-28T14:42:15.539+0000] {logging_mixin.py:188} INFO - [2025-04-28T14:42:15.539+0000] {dag.py:3954} INFO - Setting next_dagrun for silver_to_gold_feature_engineering to None, run_after=None
[2025-04-28T14:42:15.548+0000] {processor.py:183} INFO - Processing /opt/airflow/dags/silver_to_gold_feature_engineering.py took 0.259 seconds
[2025-04-28T14:42:46.439+0000] {processor.py:161} INFO - Started process (PID=2352) to work on /opt/airflow/dags/silver_to_gold_feature_engineering.py
[2025-04-28T14:42:46.440+0000] {processor.py:830} INFO - Processing file /opt/airflow/dags/silver_to_gold_feature_engineering.py for tasks to queue
[2025-04-28T14:42:46.441+0000] {logging_mixin.py:188} INFO - [2025-04-28T14:42:46.441+0000] {dagbag.py:540} INFO - Filling up the DagBag from /opt/airflow/dags/silver_to_gold_feature_engineering.py
[2025-04-28T14:42:46.670+0000] {processor.py:840} INFO - DAG(s) 'silver_to_gold_feature_engineering' retrieved from /opt/airflow/dags/silver_to_gold_feature_engineering.py
[2025-04-28T14:42:46.685+0000] {logging_mixin.py:188} INFO - [2025-04-28T14:42:46.685+0000] {dag.py:3096} INFO - Sync 1 DAGs
[2025-04-28T14:42:46.691+0000] {logging_mixin.py:188} INFO - [2025-04-28T14:42:46.691+0000] {dag.py:3954} INFO - Setting next_dagrun for silver_to_gold_feature_engineering to None, run_after=None
[2025-04-28T14:42:46.701+0000] {processor.py:183} INFO - Processing /opt/airflow/dags/silver_to_gold_feature_engineering.py took 0.266 seconds
[2025-04-28T14:43:17.594+0000] {processor.py:161} INFO - Started process (PID=2390) to work on /opt/airflow/dags/silver_to_gold_feature_engineering.py
[2025-04-28T14:43:17.598+0000] {processor.py:830} INFO - Processing file /opt/airflow/dags/silver_to_gold_feature_engineering.py for tasks to queue
[2025-04-28T14:43:17.601+0000] {logging_mixin.py:188} INFO - [2025-04-28T14:43:17.601+0000] {dagbag.py:540} INFO - Filling up the DagBag from /opt/airflow/dags/silver_to_gold_feature_engineering.py
[2025-04-28T14:43:17.841+0000] {processor.py:840} INFO - DAG(s) 'silver_to_gold_feature_engineering' retrieved from /opt/airflow/dags/silver_to_gold_feature_engineering.py
[2025-04-28T14:43:17.852+0000] {logging_mixin.py:188} INFO - [2025-04-28T14:43:17.852+0000] {dag.py:3096} INFO - Sync 1 DAGs
[2025-04-28T14:43:17.859+0000] {logging_mixin.py:188} INFO - [2025-04-28T14:43:17.859+0000] {dag.py:3954} INFO - Setting next_dagrun for silver_to_gold_feature_engineering to None, run_after=None
[2025-04-28T14:43:17.867+0000] {processor.py:183} INFO - Processing /opt/airflow/dags/silver_to_gold_feature_engineering.py took 0.276 seconds
[2025-04-28T14:43:48.784+0000] {processor.py:161} INFO - Started process (PID=2427) to work on /opt/airflow/dags/silver_to_gold_feature_engineering.py
[2025-04-28T14:43:48.785+0000] {processor.py:830} INFO - Processing file /opt/airflow/dags/silver_to_gold_feature_engineering.py for tasks to queue
[2025-04-28T14:43:48.787+0000] {logging_mixin.py:188} INFO - [2025-04-28T14:43:48.787+0000] {dagbag.py:540} INFO - Filling up the DagBag from /opt/airflow/dags/silver_to_gold_feature_engineering.py
[2025-04-28T14:43:49.031+0000] {processor.py:840} INFO - DAG(s) 'silver_to_gold_feature_engineering' retrieved from /opt/airflow/dags/silver_to_gold_feature_engineering.py
[2025-04-28T14:43:49.042+0000] {logging_mixin.py:188} INFO - [2025-04-28T14:43:49.042+0000] {dag.py:3096} INFO - Sync 1 DAGs
[2025-04-28T14:43:49.047+0000] {logging_mixin.py:188} INFO - [2025-04-28T14:43:49.047+0000] {dag.py:3954} INFO - Setting next_dagrun for silver_to_gold_feature_engineering to None, run_after=None
[2025-04-28T14:43:49.057+0000] {processor.py:183} INFO - Processing /opt/airflow/dags/silver_to_gold_feature_engineering.py took 0.280 seconds
[2025-04-28T14:44:19.666+0000] {processor.py:161} INFO - Started process (PID=2462) to work on /opt/airflow/dags/silver_to_gold_feature_engineering.py
[2025-04-28T14:44:19.667+0000] {processor.py:830} INFO - Processing file /opt/airflow/dags/silver_to_gold_feature_engineering.py for tasks to queue
[2025-04-28T14:44:19.668+0000] {logging_mixin.py:188} INFO - [2025-04-28T14:44:19.668+0000] {dagbag.py:540} INFO - Filling up the DagBag from /opt/airflow/dags/silver_to_gold_feature_engineering.py
[2025-04-28T14:44:19.903+0000] {processor.py:840} INFO - DAG(s) 'silver_to_gold_feature_engineering' retrieved from /opt/airflow/dags/silver_to_gold_feature_engineering.py
[2025-04-28T14:44:19.916+0000] {logging_mixin.py:188} INFO - [2025-04-28T14:44:19.915+0000] {dag.py:3096} INFO - Sync 1 DAGs
[2025-04-28T14:44:19.922+0000] {logging_mixin.py:188} INFO - [2025-04-28T14:44:19.921+0000] {dag.py:3954} INFO - Setting next_dagrun for silver_to_gold_feature_engineering to None, run_after=None
[2025-04-28T14:44:19.934+0000] {processor.py:183} INFO - Processing /opt/airflow/dags/silver_to_gold_feature_engineering.py took 0.272 seconds
[2025-04-28T14:44:50.814+0000] {processor.py:161} INFO - Started process (PID=2497) to work on /opt/airflow/dags/silver_to_gold_feature_engineering.py
[2025-04-28T14:44:50.817+0000] {processor.py:830} INFO - Processing file /opt/airflow/dags/silver_to_gold_feature_engineering.py for tasks to queue
[2025-04-28T14:44:50.819+0000] {logging_mixin.py:188} INFO - [2025-04-28T14:44:50.818+0000] {dagbag.py:540} INFO - Filling up the DagBag from /opt/airflow/dags/silver_to_gold_feature_engineering.py
[2025-04-28T14:44:51.042+0000] {processor.py:840} INFO - DAG(s) 'silver_to_gold_feature_engineering' retrieved from /opt/airflow/dags/silver_to_gold_feature_engineering.py
[2025-04-28T14:44:51.056+0000] {logging_mixin.py:188} INFO - [2025-04-28T14:44:51.056+0000] {dag.py:3096} INFO - Sync 1 DAGs
[2025-04-28T14:44:51.061+0000] {logging_mixin.py:188} INFO - [2025-04-28T14:44:51.061+0000] {dag.py:3954} INFO - Setting next_dagrun for silver_to_gold_feature_engineering to None, run_after=None
[2025-04-28T14:44:51.069+0000] {processor.py:183} INFO - Processing /opt/airflow/dags/silver_to_gold_feature_engineering.py took 0.258 seconds
[2025-04-28T14:45:21.922+0000] {processor.py:161} INFO - Started process (PID=2532) to work on /opt/airflow/dags/silver_to_gold_feature_engineering.py
[2025-04-28T14:45:21.923+0000] {processor.py:830} INFO - Processing file /opt/airflow/dags/silver_to_gold_feature_engineering.py for tasks to queue
[2025-04-28T14:45:21.924+0000] {logging_mixin.py:188} INFO - [2025-04-28T14:45:21.924+0000] {dagbag.py:540} INFO - Filling up the DagBag from /opt/airflow/dags/silver_to_gold_feature_engineering.py
[2025-04-28T14:45:22.142+0000] {processor.py:840} INFO - DAG(s) 'silver_to_gold_feature_engineering' retrieved from /opt/airflow/dags/silver_to_gold_feature_engineering.py
[2025-04-28T14:45:22.153+0000] {logging_mixin.py:188} INFO - [2025-04-28T14:45:22.153+0000] {dag.py:3096} INFO - Sync 1 DAGs
[2025-04-28T14:45:22.158+0000] {logging_mixin.py:188} INFO - [2025-04-28T14:45:22.158+0000] {dag.py:3954} INFO - Setting next_dagrun for silver_to_gold_feature_engineering to None, run_after=None
[2025-04-28T14:45:22.168+0000] {processor.py:183} INFO - Processing /opt/airflow/dags/silver_to_gold_feature_engineering.py took 0.253 seconds
[2025-04-28T14:45:53.056+0000] {processor.py:161} INFO - Started process (PID=2567) to work on /opt/airflow/dags/silver_to_gold_feature_engineering.py
[2025-04-28T14:45:53.057+0000] {processor.py:830} INFO - Processing file /opt/airflow/dags/silver_to_gold_feature_engineering.py for tasks to queue
[2025-04-28T14:45:53.059+0000] {logging_mixin.py:188} INFO - [2025-04-28T14:45:53.059+0000] {dagbag.py:540} INFO - Filling up the DagBag from /opt/airflow/dags/silver_to_gold_feature_engineering.py
[2025-04-28T14:45:53.285+0000] {processor.py:840} INFO - DAG(s) 'silver_to_gold_feature_engineering' retrieved from /opt/airflow/dags/silver_to_gold_feature_engineering.py
[2025-04-28T14:45:53.298+0000] {logging_mixin.py:188} INFO - [2025-04-28T14:45:53.298+0000] {dag.py:3096} INFO - Sync 1 DAGs
[2025-04-28T14:45:53.303+0000] {logging_mixin.py:188} INFO - [2025-04-28T14:45:53.303+0000] {dag.py:3954} INFO - Setting next_dagrun for silver_to_gold_feature_engineering to None, run_after=None
[2025-04-28T14:45:53.311+0000] {processor.py:183} INFO - Processing /opt/airflow/dags/silver_to_gold_feature_engineering.py took 0.262 seconds
[2025-04-28T14:46:24.178+0000] {processor.py:161} INFO - Started process (PID=2602) to work on /opt/airflow/dags/silver_to_gold_feature_engineering.py
[2025-04-28T14:46:24.181+0000] {processor.py:830} INFO - Processing file /opt/airflow/dags/silver_to_gold_feature_engineering.py for tasks to queue
[2025-04-28T14:46:24.184+0000] {logging_mixin.py:188} INFO - [2025-04-28T14:46:24.184+0000] {dagbag.py:540} INFO - Filling up the DagBag from /opt/airflow/dags/silver_to_gold_feature_engineering.py
[2025-04-28T14:46:24.406+0000] {processor.py:840} INFO - DAG(s) 'silver_to_gold_feature_engineering' retrieved from /opt/airflow/dags/silver_to_gold_feature_engineering.py
[2025-04-28T14:46:24.420+0000] {logging_mixin.py:188} INFO - [2025-04-28T14:46:24.420+0000] {dag.py:3096} INFO - Sync 1 DAGs
[2025-04-28T14:46:24.426+0000] {logging_mixin.py:188} INFO - [2025-04-28T14:46:24.425+0000] {dag.py:3954} INFO - Setting next_dagrun for silver_to_gold_feature_engineering to None, run_after=None
[2025-04-28T14:46:24.436+0000] {processor.py:183} INFO - Processing /opt/airflow/dags/silver_to_gold_feature_engineering.py took 0.265 seconds
[2025-04-28T14:46:55.269+0000] {processor.py:161} INFO - Started process (PID=2637) to work on /opt/airflow/dags/silver_to_gold_feature_engineering.py
[2025-04-28T14:46:55.270+0000] {processor.py:830} INFO - Processing file /opt/airflow/dags/silver_to_gold_feature_engineering.py for tasks to queue
[2025-04-28T14:46:55.273+0000] {logging_mixin.py:188} INFO - [2025-04-28T14:46:55.273+0000] {dagbag.py:540} INFO - Filling up the DagBag from /opt/airflow/dags/silver_to_gold_feature_engineering.py
[2025-04-28T14:46:55.494+0000] {processor.py:840} INFO - DAG(s) 'silver_to_gold_feature_engineering' retrieved from /opt/airflow/dags/silver_to_gold_feature_engineering.py
[2025-04-28T14:46:55.506+0000] {logging_mixin.py:188} INFO - [2025-04-28T14:46:55.506+0000] {dag.py:3096} INFO - Sync 1 DAGs
[2025-04-28T14:46:55.512+0000] {logging_mixin.py:188} INFO - [2025-04-28T14:46:55.512+0000] {dag.py:3954} INFO - Setting next_dagrun for silver_to_gold_feature_engineering to None, run_after=None
[2025-04-28T14:46:55.523+0000] {processor.py:183} INFO - Processing /opt/airflow/dags/silver_to_gold_feature_engineering.py took 0.262 seconds
[2025-04-28T14:47:26.413+0000] {processor.py:161} INFO - Started process (PID=2672) to work on /opt/airflow/dags/silver_to_gold_feature_engineering.py
[2025-04-28T14:47:26.414+0000] {processor.py:830} INFO - Processing file /opt/airflow/dags/silver_to_gold_feature_engineering.py for tasks to queue
[2025-04-28T14:47:26.416+0000] {logging_mixin.py:188} INFO - [2025-04-28T14:47:26.416+0000] {dagbag.py:540} INFO - Filling up the DagBag from /opt/airflow/dags/silver_to_gold_feature_engineering.py
[2025-04-28T14:47:26.632+0000] {processor.py:840} INFO - DAG(s) 'silver_to_gold_feature_engineering' retrieved from /opt/airflow/dags/silver_to_gold_feature_engineering.py
[2025-04-28T14:47:26.646+0000] {logging_mixin.py:188} INFO - [2025-04-28T14:47:26.646+0000] {dag.py:3096} INFO - Sync 1 DAGs
[2025-04-28T14:47:26.652+0000] {logging_mixin.py:188} INFO - [2025-04-28T14:47:26.652+0000] {dag.py:3954} INFO - Setting next_dagrun for silver_to_gold_feature_engineering to None, run_after=None
[2025-04-28T14:47:26.662+0000] {processor.py:183} INFO - Processing /opt/airflow/dags/silver_to_gold_feature_engineering.py took 0.253 seconds
[2025-04-28T14:47:57.533+0000] {processor.py:161} INFO - Started process (PID=2707) to work on /opt/airflow/dags/silver_to_gold_feature_engineering.py
[2025-04-28T14:47:57.534+0000] {processor.py:830} INFO - Processing file /opt/airflow/dags/silver_to_gold_feature_engineering.py for tasks to queue
[2025-04-28T14:47:57.535+0000] {logging_mixin.py:188} INFO - [2025-04-28T14:47:57.535+0000] {dagbag.py:540} INFO - Filling up the DagBag from /opt/airflow/dags/silver_to_gold_feature_engineering.py
[2025-04-28T14:47:57.755+0000] {processor.py:840} INFO - DAG(s) 'silver_to_gold_feature_engineering' retrieved from /opt/airflow/dags/silver_to_gold_feature_engineering.py
[2025-04-28T14:47:57.769+0000] {logging_mixin.py:188} INFO - [2025-04-28T14:47:57.769+0000] {dag.py:3096} INFO - Sync 1 DAGs
[2025-04-28T14:47:57.774+0000] {logging_mixin.py:188} INFO - [2025-04-28T14:47:57.774+0000] {dag.py:3954} INFO - Setting next_dagrun for silver_to_gold_feature_engineering to None, run_after=None
[2025-04-28T14:47:57.786+0000] {processor.py:183} INFO - Processing /opt/airflow/dags/silver_to_gold_feature_engineering.py took 0.260 seconds
[2025-04-28T14:48:28.657+0000] {processor.py:161} INFO - Started process (PID=2742) to work on /opt/airflow/dags/silver_to_gold_feature_engineering.py
[2025-04-28T14:48:28.658+0000] {processor.py:830} INFO - Processing file /opt/airflow/dags/silver_to_gold_feature_engineering.py for tasks to queue
[2025-04-28T14:48:28.660+0000] {logging_mixin.py:188} INFO - [2025-04-28T14:48:28.659+0000] {dagbag.py:540} INFO - Filling up the DagBag from /opt/airflow/dags/silver_to_gold_feature_engineering.py
[2025-04-28T14:48:28.886+0000] {processor.py:840} INFO - DAG(s) 'silver_to_gold_feature_engineering' retrieved from /opt/airflow/dags/silver_to_gold_feature_engineering.py
[2025-04-28T14:48:28.902+0000] {logging_mixin.py:188} INFO - [2025-04-28T14:48:28.902+0000] {dag.py:3096} INFO - Sync 1 DAGs
[2025-04-28T14:48:28.907+0000] {logging_mixin.py:188} INFO - [2025-04-28T14:48:28.907+0000] {dag.py:3954} INFO - Setting next_dagrun for silver_to_gold_feature_engineering to None, run_after=None
[2025-04-28T14:48:28.919+0000] {processor.py:183} INFO - Processing /opt/airflow/dags/silver_to_gold_feature_engineering.py took 0.269 seconds
[2025-04-28T14:48:59.829+0000] {processor.py:161} INFO - Started process (PID=2777) to work on /opt/airflow/dags/silver_to_gold_feature_engineering.py
[2025-04-28T14:48:59.830+0000] {processor.py:830} INFO - Processing file /opt/airflow/dags/silver_to_gold_feature_engineering.py for tasks to queue
[2025-04-28T14:48:59.832+0000] {logging_mixin.py:188} INFO - [2025-04-28T14:48:59.832+0000] {dagbag.py:540} INFO - Filling up the DagBag from /opt/airflow/dags/silver_to_gold_feature_engineering.py
[2025-04-28T14:49:00.057+0000] {processor.py:840} INFO - DAG(s) 'silver_to_gold_feature_engineering' retrieved from /opt/airflow/dags/silver_to_gold_feature_engineering.py
[2025-04-28T14:49:00.073+0000] {logging_mixin.py:188} INFO - [2025-04-28T14:49:00.073+0000] {dag.py:3096} INFO - Sync 1 DAGs
[2025-04-28T14:49:00.078+0000] {logging_mixin.py:188} INFO - [2025-04-28T14:49:00.078+0000] {dag.py:3954} INFO - Setting next_dagrun for silver_to_gold_feature_engineering to None, run_after=None
[2025-04-28T14:49:00.091+0000] {processor.py:183} INFO - Processing /opt/airflow/dags/silver_to_gold_feature_engineering.py took 0.267 seconds
[2025-04-28T14:49:30.978+0000] {processor.py:161} INFO - Started process (PID=2812) to work on /opt/airflow/dags/silver_to_gold_feature_engineering.py
[2025-04-28T14:49:30.979+0000] {processor.py:830} INFO - Processing file /opt/airflow/dags/silver_to_gold_feature_engineering.py for tasks to queue
[2025-04-28T14:49:30.980+0000] {logging_mixin.py:188} INFO - [2025-04-28T14:49:30.980+0000] {dagbag.py:540} INFO - Filling up the DagBag from /opt/airflow/dags/silver_to_gold_feature_engineering.py
[2025-04-28T14:49:31.204+0000] {processor.py:840} INFO - DAG(s) 'silver_to_gold_feature_engineering' retrieved from /opt/airflow/dags/silver_to_gold_feature_engineering.py
[2025-04-28T14:49:31.220+0000] {logging_mixin.py:188} INFO - [2025-04-28T14:49:31.219+0000] {dag.py:3096} INFO - Sync 1 DAGs
[2025-04-28T14:49:31.227+0000] {logging_mixin.py:188} INFO - [2025-04-28T14:49:31.226+0000] {dag.py:3954} INFO - Setting next_dagrun for silver_to_gold_feature_engineering to None, run_after=None
[2025-04-28T14:49:31.236+0000] {processor.py:183} INFO - Processing /opt/airflow/dags/silver_to_gold_feature_engineering.py took 0.264 seconds
[2025-04-28T14:50:02.106+0000] {processor.py:161} INFO - Started process (PID=2847) to work on /opt/airflow/dags/silver_to_gold_feature_engineering.py
[2025-04-28T14:50:02.107+0000] {processor.py:830} INFO - Processing file /opt/airflow/dags/silver_to_gold_feature_engineering.py for tasks to queue
[2025-04-28T14:50:02.108+0000] {logging_mixin.py:188} INFO - [2025-04-28T14:50:02.108+0000] {dagbag.py:540} INFO - Filling up the DagBag from /opt/airflow/dags/silver_to_gold_feature_engineering.py
[2025-04-28T14:50:02.329+0000] {processor.py:840} INFO - DAG(s) 'silver_to_gold_feature_engineering' retrieved from /opt/airflow/dags/silver_to_gold_feature_engineering.py
[2025-04-28T14:50:02.341+0000] {logging_mixin.py:188} INFO - [2025-04-28T14:50:02.341+0000] {dag.py:3096} INFO - Sync 1 DAGs
[2025-04-28T14:50:02.346+0000] {logging_mixin.py:188} INFO - [2025-04-28T14:50:02.346+0000] {dag.py:3954} INFO - Setting next_dagrun for silver_to_gold_feature_engineering to None, run_after=None
[2025-04-28T14:50:02.358+0000] {processor.py:183} INFO - Processing /opt/airflow/dags/silver_to_gold_feature_engineering.py took 0.257 seconds
[2025-04-28T14:50:33.179+0000] {processor.py:161} INFO - Started process (PID=2882) to work on /opt/airflow/dags/silver_to_gold_feature_engineering.py
[2025-04-28T14:50:33.180+0000] {processor.py:830} INFO - Processing file /opt/airflow/dags/silver_to_gold_feature_engineering.py for tasks to queue
[2025-04-28T14:50:33.182+0000] {logging_mixin.py:188} INFO - [2025-04-28T14:50:33.181+0000] {dagbag.py:540} INFO - Filling up the DagBag from /opt/airflow/dags/silver_to_gold_feature_engineering.py
[2025-04-28T14:50:33.411+0000] {processor.py:840} INFO - DAG(s) 'silver_to_gold_feature_engineering' retrieved from /opt/airflow/dags/silver_to_gold_feature_engineering.py
[2025-04-28T14:50:33.427+0000] {logging_mixin.py:188} INFO - [2025-04-28T14:50:33.426+0000] {dag.py:3096} INFO - Sync 1 DAGs
[2025-04-28T14:50:33.431+0000] {logging_mixin.py:188} INFO - [2025-04-28T14:50:33.431+0000] {dag.py:3954} INFO - Setting next_dagrun for silver_to_gold_feature_engineering to None, run_after=None
[2025-04-28T14:50:33.441+0000] {processor.py:183} INFO - Processing /opt/airflow/dags/silver_to_gold_feature_engineering.py took 0.266 seconds
[2025-04-28T14:51:04.016+0000] {processor.py:161} INFO - Started process (PID=2917) to work on /opt/airflow/dags/silver_to_gold_feature_engineering.py
[2025-04-28T14:51:04.017+0000] {processor.py:830} INFO - Processing file /opt/airflow/dags/silver_to_gold_feature_engineering.py for tasks to queue
[2025-04-28T14:51:04.019+0000] {logging_mixin.py:188} INFO - [2025-04-28T14:51:04.019+0000] {dagbag.py:540} INFO - Filling up the DagBag from /opt/airflow/dags/silver_to_gold_feature_engineering.py
[2025-04-28T14:51:04.248+0000] {processor.py:840} INFO - DAG(s) 'silver_to_gold_feature_engineering' retrieved from /opt/airflow/dags/silver_to_gold_feature_engineering.py
[2025-04-28T14:51:04.265+0000] {logging_mixin.py:188} INFO - [2025-04-28T14:51:04.265+0000] {dag.py:3096} INFO - Sync 1 DAGs
[2025-04-28T14:51:04.270+0000] {logging_mixin.py:188} INFO - [2025-04-28T14:51:04.270+0000] {dag.py:3954} INFO - Setting next_dagrun for silver_to_gold_feature_engineering to None, run_after=None
[2025-04-28T14:51:04.282+0000] {processor.py:183} INFO - Processing /opt/airflow/dags/silver_to_gold_feature_engineering.py took 0.272 seconds
[2025-04-28T14:51:35.140+0000] {processor.py:161} INFO - Started process (PID=2952) to work on /opt/airflow/dags/silver_to_gold_feature_engineering.py
[2025-04-28T14:51:35.141+0000] {processor.py:830} INFO - Processing file /opt/airflow/dags/silver_to_gold_feature_engineering.py for tasks to queue
[2025-04-28T14:51:35.143+0000] {logging_mixin.py:188} INFO - [2025-04-28T14:51:35.143+0000] {dagbag.py:540} INFO - Filling up the DagBag from /opt/airflow/dags/silver_to_gold_feature_engineering.py
[2025-04-28T14:51:35.371+0000] {processor.py:840} INFO - DAG(s) 'silver_to_gold_feature_engineering' retrieved from /opt/airflow/dags/silver_to_gold_feature_engineering.py
[2025-04-28T14:51:35.388+0000] {logging_mixin.py:188} INFO - [2025-04-28T14:51:35.388+0000] {dag.py:3096} INFO - Sync 1 DAGs
[2025-04-28T14:51:35.393+0000] {logging_mixin.py:188} INFO - [2025-04-28T14:51:35.393+0000] {dag.py:3954} INFO - Setting next_dagrun for silver_to_gold_feature_engineering to None, run_after=None
[2025-04-28T14:51:35.406+0000] {processor.py:183} INFO - Processing /opt/airflow/dags/silver_to_gold_feature_engineering.py took 0.273 seconds
[2025-04-28T14:52:06.251+0000] {processor.py:161} INFO - Started process (PID=2987) to work on /opt/airflow/dags/silver_to_gold_feature_engineering.py
[2025-04-28T14:52:06.252+0000] {processor.py:830} INFO - Processing file /opt/airflow/dags/silver_to_gold_feature_engineering.py for tasks to queue
[2025-04-28T14:52:06.254+0000] {logging_mixin.py:188} INFO - [2025-04-28T14:52:06.253+0000] {dagbag.py:540} INFO - Filling up the DagBag from /opt/airflow/dags/silver_to_gold_feature_engineering.py
[2025-04-28T14:52:06.480+0000] {processor.py:840} INFO - DAG(s) 'silver_to_gold_feature_engineering' retrieved from /opt/airflow/dags/silver_to_gold_feature_engineering.py
[2025-04-28T14:52:06.493+0000] {logging_mixin.py:188} INFO - [2025-04-28T14:52:06.493+0000] {dag.py:3096} INFO - Sync 1 DAGs
[2025-04-28T14:52:06.500+0000] {logging_mixin.py:188} INFO - [2025-04-28T14:52:06.500+0000] {dag.py:3954} INFO - Setting next_dagrun for silver_to_gold_feature_engineering to None, run_after=None
[2025-04-28T14:52:06.514+0000] {processor.py:183} INFO - Processing /opt/airflow/dags/silver_to_gold_feature_engineering.py took 0.267 seconds
[2025-04-28T14:52:37.421+0000] {processor.py:161} INFO - Started process (PID=3022) to work on /opt/airflow/dags/silver_to_gold_feature_engineering.py
[2025-04-28T14:52:37.422+0000] {processor.py:830} INFO - Processing file /opt/airflow/dags/silver_to_gold_feature_engineering.py for tasks to queue
[2025-04-28T14:52:37.424+0000] {logging_mixin.py:188} INFO - [2025-04-28T14:52:37.424+0000] {dagbag.py:540} INFO - Filling up the DagBag from /opt/airflow/dags/silver_to_gold_feature_engineering.py
[2025-04-28T14:52:37.653+0000] {processor.py:840} INFO - DAG(s) 'silver_to_gold_feature_engineering' retrieved from /opt/airflow/dags/silver_to_gold_feature_engineering.py
[2025-04-28T14:52:37.666+0000] {logging_mixin.py:188} INFO - [2025-04-28T14:52:37.666+0000] {dag.py:3096} INFO - Sync 1 DAGs
[2025-04-28T14:52:37.672+0000] {logging_mixin.py:188} INFO - [2025-04-28T14:52:37.672+0000] {dag.py:3954} INFO - Setting next_dagrun for silver_to_gold_feature_engineering to None, run_after=None
[2025-04-28T14:52:37.685+0000] {processor.py:183} INFO - Processing /opt/airflow/dags/silver_to_gold_feature_engineering.py took 0.271 seconds
[2025-04-28T14:53:08.333+0000] {processor.py:161} INFO - Started process (PID=3057) to work on /opt/airflow/dags/silver_to_gold_feature_engineering.py
[2025-04-28T14:53:08.334+0000] {processor.py:830} INFO - Processing file /opt/airflow/dags/silver_to_gold_feature_engineering.py for tasks to queue
[2025-04-28T14:53:08.335+0000] {logging_mixin.py:188} INFO - [2025-04-28T14:53:08.335+0000] {dagbag.py:540} INFO - Filling up the DagBag from /opt/airflow/dags/silver_to_gold_feature_engineering.py
[2025-04-28T14:53:08.554+0000] {processor.py:840} INFO - DAG(s) 'silver_to_gold_feature_engineering' retrieved from /opt/airflow/dags/silver_to_gold_feature_engineering.py
[2025-04-28T14:53:08.567+0000] {logging_mixin.py:188} INFO - [2025-04-28T14:53:08.567+0000] {dag.py:3096} INFO - Sync 1 DAGs
[2025-04-28T14:53:08.573+0000] {logging_mixin.py:188} INFO - [2025-04-28T14:53:08.573+0000] {dag.py:3954} INFO - Setting next_dagrun for silver_to_gold_feature_engineering to None, run_after=None
[2025-04-28T14:53:08.585+0000] {processor.py:183} INFO - Processing /opt/airflow/dags/silver_to_gold_feature_engineering.py took 0.259 seconds
[2025-04-28T14:53:39.501+0000] {processor.py:161} INFO - Started process (PID=3092) to work on /opt/airflow/dags/silver_to_gold_feature_engineering.py
[2025-04-28T14:53:39.502+0000] {processor.py:830} INFO - Processing file /opt/airflow/dags/silver_to_gold_feature_engineering.py for tasks to queue
[2025-04-28T14:53:39.503+0000] {logging_mixin.py:188} INFO - [2025-04-28T14:53:39.503+0000] {dagbag.py:540} INFO - Filling up the DagBag from /opt/airflow/dags/silver_to_gold_feature_engineering.py
[2025-04-28T14:53:39.725+0000] {processor.py:840} INFO - DAG(s) 'silver_to_gold_feature_engineering' retrieved from /opt/airflow/dags/silver_to_gold_feature_engineering.py
[2025-04-28T14:53:39.742+0000] {logging_mixin.py:188} INFO - [2025-04-28T14:53:39.742+0000] {dag.py:3096} INFO - Sync 1 DAGs
[2025-04-28T14:53:39.746+0000] {logging_mixin.py:188} INFO - [2025-04-28T14:53:39.746+0000] {dag.py:3954} INFO - Setting next_dagrun for silver_to_gold_feature_engineering to None, run_after=None
[2025-04-28T14:53:39.756+0000] {processor.py:183} INFO - Processing /opt/airflow/dags/silver_to_gold_feature_engineering.py took 0.259 seconds
[2025-04-28T14:54:09.793+0000] {processor.py:161} INFO - Started process (PID=3127) to work on /opt/airflow/dags/silver_to_gold_feature_engineering.py
[2025-04-28T14:54:09.794+0000] {processor.py:830} INFO - Processing file /opt/airflow/dags/silver_to_gold_feature_engineering.py for tasks to queue
[2025-04-28T14:54:09.795+0000] {logging_mixin.py:188} INFO - [2025-04-28T14:54:09.795+0000] {dagbag.py:540} INFO - Filling up the DagBag from /opt/airflow/dags/silver_to_gold_feature_engineering.py
[2025-04-28T14:54:10.009+0000] {processor.py:840} INFO - DAG(s) 'silver_to_gold_feature_engineering' retrieved from /opt/airflow/dags/silver_to_gold_feature_engineering.py
[2025-04-28T14:54:10.021+0000] {logging_mixin.py:188} INFO - [2025-04-28T14:54:10.020+0000] {dag.py:3096} INFO - Sync 1 DAGs
[2025-04-28T14:54:10.025+0000] {logging_mixin.py:188} INFO - [2025-04-28T14:54:10.025+0000] {dag.py:3954} INFO - Setting next_dagrun for silver_to_gold_feature_engineering to None, run_after=None
[2025-04-28T14:54:10.032+0000] {processor.py:183} INFO - Processing /opt/airflow/dags/silver_to_gold_feature_engineering.py took 0.247 seconds
[2025-04-28T14:54:40.162+0000] {processor.py:161} INFO - Started process (PID=3162) to work on /opt/airflow/dags/silver_to_gold_feature_engineering.py
[2025-04-28T14:54:40.163+0000] {processor.py:830} INFO - Processing file /opt/airflow/dags/silver_to_gold_feature_engineering.py for tasks to queue
[2025-04-28T14:54:40.165+0000] {logging_mixin.py:188} INFO - [2025-04-28T14:54:40.165+0000] {dagbag.py:540} INFO - Filling up the DagBag from /opt/airflow/dags/silver_to_gold_feature_engineering.py
[2025-04-28T14:54:40.310+0000] {processor.py:840} INFO - DAG(s) 'silver_to_gold_feature_engineering' retrieved from /opt/airflow/dags/silver_to_gold_feature_engineering.py
[2025-04-28T14:54:40.322+0000] {logging_mixin.py:188} INFO - [2025-04-28T14:54:40.322+0000] {dag.py:3096} INFO - Sync 1 DAGs
[2025-04-28T14:54:40.328+0000] {logging_mixin.py:188} INFO - [2025-04-28T14:54:40.328+0000] {dag.py:3954} INFO - Setting next_dagrun for silver_to_gold_feature_engineering to None, run_after=None
[2025-04-28T14:54:40.335+0000] {processor.py:183} INFO - Processing /opt/airflow/dags/silver_to_gold_feature_engineering.py took 0.180 seconds
[2025-04-28T14:55:10.941+0000] {processor.py:161} INFO - Started process (PID=3197) to work on /opt/airflow/dags/silver_to_gold_feature_engineering.py
[2025-04-28T14:55:10.943+0000] {processor.py:830} INFO - Processing file /opt/airflow/dags/silver_to_gold_feature_engineering.py for tasks to queue
[2025-04-28T14:55:10.944+0000] {logging_mixin.py:188} INFO - [2025-04-28T14:55:10.944+0000] {dagbag.py:540} INFO - Filling up the DagBag from /opt/airflow/dags/silver_to_gold_feature_engineering.py
[2025-04-28T14:55:11.086+0000] {processor.py:840} INFO - DAG(s) 'silver_to_gold_feature_engineering' retrieved from /opt/airflow/dags/silver_to_gold_feature_engineering.py
[2025-04-28T14:55:11.101+0000] {logging_mixin.py:188} INFO - [2025-04-28T14:55:11.101+0000] {dag.py:3096} INFO - Sync 1 DAGs
[2025-04-28T14:55:11.110+0000] {logging_mixin.py:188} INFO - [2025-04-28T14:55:11.110+0000] {dag.py:3954} INFO - Setting next_dagrun for silver_to_gold_feature_engineering to None, run_after=None
[2025-04-28T14:55:11.119+0000] {processor.py:183} INFO - Processing /opt/airflow/dags/silver_to_gold_feature_engineering.py took 0.183 seconds
[2025-04-28T14:55:41.705+0000] {processor.py:161} INFO - Started process (PID=3232) to work on /opt/airflow/dags/silver_to_gold_feature_engineering.py
[2025-04-28T14:55:41.706+0000] {processor.py:830} INFO - Processing file /opt/airflow/dags/silver_to_gold_feature_engineering.py for tasks to queue
[2025-04-28T14:55:41.707+0000] {logging_mixin.py:188} INFO - [2025-04-28T14:55:41.707+0000] {dagbag.py:540} INFO - Filling up the DagBag from /opt/airflow/dags/silver_to_gold_feature_engineering.py
[2025-04-28T14:55:41.853+0000] {processor.py:840} INFO - DAG(s) 'silver_to_gold_feature_engineering' retrieved from /opt/airflow/dags/silver_to_gold_feature_engineering.py
[2025-04-28T14:55:41.867+0000] {logging_mixin.py:188} INFO - [2025-04-28T14:55:41.866+0000] {dag.py:3096} INFO - Sync 1 DAGs
[2025-04-28T14:55:41.872+0000] {logging_mixin.py:188} INFO - [2025-04-28T14:55:41.872+0000] {dag.py:3954} INFO - Setting next_dagrun for silver_to_gold_feature_engineering to None, run_after=None
[2025-04-28T14:55:41.885+0000] {processor.py:183} INFO - Processing /opt/airflow/dags/silver_to_gold_feature_engineering.py took 0.186 seconds
[2025-04-28T14:56:12.412+0000] {processor.py:161} INFO - Started process (PID=3267) to work on /opt/airflow/dags/silver_to_gold_feature_engineering.py
[2025-04-28T14:56:12.413+0000] {processor.py:830} INFO - Processing file /opt/airflow/dags/silver_to_gold_feature_engineering.py for tasks to queue
[2025-04-28T14:56:12.415+0000] {logging_mixin.py:188} INFO - [2025-04-28T14:56:12.414+0000] {dagbag.py:540} INFO - Filling up the DagBag from /opt/airflow/dags/silver_to_gold_feature_engineering.py
[2025-04-28T14:56:12.566+0000] {processor.py:840} INFO - DAG(s) 'silver_to_gold_feature_engineering' retrieved from /opt/airflow/dags/silver_to_gold_feature_engineering.py
[2025-04-28T14:56:12.581+0000] {logging_mixin.py:188} INFO - [2025-04-28T14:56:12.581+0000] {dag.py:3096} INFO - Sync 1 DAGs
[2025-04-28T14:56:12.610+0000] {logging_mixin.py:188} INFO - [2025-04-28T14:56:12.610+0000] {dag.py:3954} INFO - Setting next_dagrun for silver_to_gold_feature_engineering to None, run_after=None
[2025-04-28T14:56:12.628+0000] {processor.py:183} INFO - Processing /opt/airflow/dags/silver_to_gold_feature_engineering.py took 0.223 seconds
[2025-04-28T14:56:43.199+0000] {processor.py:161} INFO - Started process (PID=3302) to work on /opt/airflow/dags/silver_to_gold_feature_engineering.py
[2025-04-28T14:56:43.200+0000] {processor.py:830} INFO - Processing file /opt/airflow/dags/silver_to_gold_feature_engineering.py for tasks to queue
[2025-04-28T14:56:43.202+0000] {logging_mixin.py:188} INFO - [2025-04-28T14:56:43.201+0000] {dagbag.py:540} INFO - Filling up the DagBag from /opt/airflow/dags/silver_to_gold_feature_engineering.py
[2025-04-28T14:56:43.383+0000] {processor.py:840} INFO - DAG(s) 'silver_to_gold_feature_engineering' retrieved from /opt/airflow/dags/silver_to_gold_feature_engineering.py
[2025-04-28T14:56:43.399+0000] {logging_mixin.py:188} INFO - [2025-04-28T14:56:43.398+0000] {dag.py:3096} INFO - Sync 1 DAGs
[2025-04-28T14:56:43.405+0000] {logging_mixin.py:188} INFO - [2025-04-28T14:56:43.405+0000] {dag.py:3954} INFO - Setting next_dagrun for silver_to_gold_feature_engineering to None, run_after=None
[2025-04-28T14:56:43.418+0000] {processor.py:183} INFO - Processing /opt/airflow/dags/silver_to_gold_feature_engineering.py took 0.224 seconds
[2025-04-28T14:57:13.958+0000] {processor.py:161} INFO - Started process (PID=3337) to work on /opt/airflow/dags/silver_to_gold_feature_engineering.py
[2025-04-28T14:57:13.959+0000] {processor.py:830} INFO - Processing file /opt/airflow/dags/silver_to_gold_feature_engineering.py for tasks to queue
[2025-04-28T14:57:13.960+0000] {logging_mixin.py:188} INFO - [2025-04-28T14:57:13.960+0000] {dagbag.py:540} INFO - Filling up the DagBag from /opt/airflow/dags/silver_to_gold_feature_engineering.py
[2025-04-28T14:57:14.110+0000] {processor.py:840} INFO - DAG(s) 'silver_to_gold_feature_engineering' retrieved from /opt/airflow/dags/silver_to_gold_feature_engineering.py
[2025-04-28T14:57:14.125+0000] {logging_mixin.py:188} INFO - [2025-04-28T14:57:14.124+0000] {dag.py:3096} INFO - Sync 1 DAGs
[2025-04-28T14:57:14.131+0000] {logging_mixin.py:188} INFO - [2025-04-28T14:57:14.130+0000] {dag.py:3954} INFO - Setting next_dagrun for silver_to_gold_feature_engineering to None, run_after=None
[2025-04-28T14:57:14.142+0000] {processor.py:183} INFO - Processing /opt/airflow/dags/silver_to_gold_feature_engineering.py took 0.190 seconds
[2025-04-28T14:57:44.716+0000] {processor.py:161} INFO - Started process (PID=3372) to work on /opt/airflow/dags/silver_to_gold_feature_engineering.py
[2025-04-28T14:57:44.716+0000] {processor.py:830} INFO - Processing file /opt/airflow/dags/silver_to_gold_feature_engineering.py for tasks to queue
[2025-04-28T14:57:44.717+0000] {logging_mixin.py:188} INFO - [2025-04-28T14:57:44.717+0000] {dagbag.py:540} INFO - Filling up the DagBag from /opt/airflow/dags/silver_to_gold_feature_engineering.py
[2025-04-28T14:57:44.864+0000] {processor.py:840} INFO - DAG(s) 'silver_to_gold_feature_engineering' retrieved from /opt/airflow/dags/silver_to_gold_feature_engineering.py
[2025-04-28T14:57:44.879+0000] {logging_mixin.py:188} INFO - [2025-04-28T14:57:44.879+0000] {dag.py:3096} INFO - Sync 1 DAGs
[2025-04-28T14:57:44.885+0000] {logging_mixin.py:188} INFO - [2025-04-28T14:57:44.885+0000] {dag.py:3954} INFO - Setting next_dagrun for silver_to_gold_feature_engineering to None, run_after=None
[2025-04-28T14:57:44.904+0000] {processor.py:183} INFO - Processing /opt/airflow/dags/silver_to_gold_feature_engineering.py took 0.191 seconds
[2025-04-28T14:58:15.404+0000] {processor.py:161} INFO - Started process (PID=3407) to work on /opt/airflow/dags/silver_to_gold_feature_engineering.py
[2025-04-28T14:58:15.405+0000] {processor.py:830} INFO - Processing file /opt/airflow/dags/silver_to_gold_feature_engineering.py for tasks to queue
[2025-04-28T14:58:15.407+0000] {logging_mixin.py:188} INFO - [2025-04-28T14:58:15.406+0000] {dagbag.py:540} INFO - Filling up the DagBag from /opt/airflow/dags/silver_to_gold_feature_engineering.py
[2025-04-28T14:58:15.555+0000] {processor.py:840} INFO - DAG(s) 'silver_to_gold_feature_engineering' retrieved from /opt/airflow/dags/silver_to_gold_feature_engineering.py
[2025-04-28T14:58:15.570+0000] {logging_mixin.py:188} INFO - [2025-04-28T14:58:15.570+0000] {dag.py:3096} INFO - Sync 1 DAGs
[2025-04-28T14:58:15.576+0000] {logging_mixin.py:188} INFO - [2025-04-28T14:58:15.576+0000] {dag.py:3954} INFO - Setting next_dagrun for silver_to_gold_feature_engineering to None, run_after=None
[2025-04-28T14:58:15.588+0000] {processor.py:183} INFO - Processing /opt/airflow/dags/silver_to_gold_feature_engineering.py took 0.188 seconds
[2025-04-28T14:58:46.175+0000] {processor.py:161} INFO - Started process (PID=3442) to work on /opt/airflow/dags/silver_to_gold_feature_engineering.py
[2025-04-28T14:58:46.176+0000] {processor.py:830} INFO - Processing file /opt/airflow/dags/silver_to_gold_feature_engineering.py for tasks to queue
[2025-04-28T14:58:46.177+0000] {logging_mixin.py:188} INFO - [2025-04-28T14:58:46.177+0000] {dagbag.py:540} INFO - Filling up the DagBag from /opt/airflow/dags/silver_to_gold_feature_engineering.py
[2025-04-28T14:58:46.327+0000] {processor.py:840} INFO - DAG(s) 'silver_to_gold_feature_engineering' retrieved from /opt/airflow/dags/silver_to_gold_feature_engineering.py
[2025-04-28T14:58:46.341+0000] {logging_mixin.py:188} INFO - [2025-04-28T14:58:46.341+0000] {dag.py:3096} INFO - Sync 1 DAGs
[2025-04-28T14:58:46.347+0000] {logging_mixin.py:188} INFO - [2025-04-28T14:58:46.347+0000] {dag.py:3954} INFO - Setting next_dagrun for silver_to_gold_feature_engineering to None, run_after=None
[2025-04-28T14:58:46.357+0000] {processor.py:183} INFO - Processing /opt/airflow/dags/silver_to_gold_feature_engineering.py took 0.189 seconds
[2025-04-28T14:59:17.004+0000] {processor.py:161} INFO - Started process (PID=3477) to work on /opt/airflow/dags/silver_to_gold_feature_engineering.py
[2025-04-28T14:59:17.005+0000] {processor.py:830} INFO - Processing file /opt/airflow/dags/silver_to_gold_feature_engineering.py for tasks to queue
[2025-04-28T14:59:17.007+0000] {logging_mixin.py:188} INFO - [2025-04-28T14:59:17.007+0000] {dagbag.py:540} INFO - Filling up the DagBag from /opt/airflow/dags/silver_to_gold_feature_engineering.py
[2025-04-28T14:59:17.156+0000] {processor.py:840} INFO - DAG(s) 'silver_to_gold_feature_engineering' retrieved from /opt/airflow/dags/silver_to_gold_feature_engineering.py
[2025-04-28T14:59:17.169+0000] {logging_mixin.py:188} INFO - [2025-04-28T14:59:17.169+0000] {dag.py:3096} INFO - Sync 1 DAGs
[2025-04-28T14:59:17.179+0000] {logging_mixin.py:188} INFO - [2025-04-28T14:59:17.179+0000] {dag.py:3954} INFO - Setting next_dagrun for silver_to_gold_feature_engineering to None, run_after=None
[2025-04-28T14:59:17.191+0000] {processor.py:183} INFO - Processing /opt/airflow/dags/silver_to_gold_feature_engineering.py took 0.194 seconds
[2025-04-28T14:59:47.782+0000] {processor.py:161} INFO - Started process (PID=3512) to work on /opt/airflow/dags/silver_to_gold_feature_engineering.py
[2025-04-28T14:59:47.784+0000] {processor.py:830} INFO - Processing file /opt/airflow/dags/silver_to_gold_feature_engineering.py for tasks to queue
[2025-04-28T14:59:47.786+0000] {logging_mixin.py:188} INFO - [2025-04-28T14:59:47.785+0000] {dagbag.py:540} INFO - Filling up the DagBag from /opt/airflow/dags/silver_to_gold_feature_engineering.py
[2025-04-28T14:59:47.932+0000] {processor.py:840} INFO - DAG(s) 'silver_to_gold_feature_engineering' retrieved from /opt/airflow/dags/silver_to_gold_feature_engineering.py
[2025-04-28T14:59:47.947+0000] {logging_mixin.py:188} INFO - [2025-04-28T14:59:47.947+0000] {dag.py:3096} INFO - Sync 1 DAGs
[2025-04-28T14:59:47.954+0000] {logging_mixin.py:188} INFO - [2025-04-28T14:59:47.953+0000] {dag.py:3954} INFO - Setting next_dagrun for silver_to_gold_feature_engineering to None, run_after=None
[2025-04-28T14:59:47.962+0000] {processor.py:183} INFO - Processing /opt/airflow/dags/silver_to_gold_feature_engineering.py took 0.187 seconds
[2025-04-28T15:00:18.560+0000] {processor.py:161} INFO - Started process (PID=3547) to work on /opt/airflow/dags/silver_to_gold_feature_engineering.py
[2025-04-28T15:00:18.561+0000] {processor.py:830} INFO - Processing file /opt/airflow/dags/silver_to_gold_feature_engineering.py for tasks to queue
[2025-04-28T15:00:18.565+0000] {logging_mixin.py:188} INFO - [2025-04-28T15:00:18.565+0000] {dagbag.py:540} INFO - Filling up the DagBag from /opt/airflow/dags/silver_to_gold_feature_engineering.py
[2025-04-28T15:00:18.712+0000] {processor.py:840} INFO - DAG(s) 'silver_to_gold_feature_engineering' retrieved from /opt/airflow/dags/silver_to_gold_feature_engineering.py
[2025-04-28T15:00:18.728+0000] {logging_mixin.py:188} INFO - [2025-04-28T15:00:18.728+0000] {dag.py:3096} INFO - Sync 1 DAGs
[2025-04-28T15:00:18.736+0000] {logging_mixin.py:188} INFO - [2025-04-28T15:00:18.735+0000] {dag.py:3954} INFO - Setting next_dagrun for silver_to_gold_feature_engineering to None, run_after=None
[2025-04-28T15:00:18.748+0000] {processor.py:183} INFO - Processing /opt/airflow/dags/silver_to_gold_feature_engineering.py took 0.195 seconds
[2025-04-28T15:00:49.287+0000] {processor.py:161} INFO - Started process (PID=3582) to work on /opt/airflow/dags/silver_to_gold_feature_engineering.py
[2025-04-28T15:00:49.288+0000] {processor.py:830} INFO - Processing file /opt/airflow/dags/silver_to_gold_feature_engineering.py for tasks to queue
[2025-04-28T15:00:49.290+0000] {logging_mixin.py:188} INFO - [2025-04-28T15:00:49.290+0000] {dagbag.py:540} INFO - Filling up the DagBag from /opt/airflow/dags/silver_to_gold_feature_engineering.py
[2025-04-28T15:00:49.441+0000] {processor.py:840} INFO - DAG(s) 'silver_to_gold_feature_engineering' retrieved from /opt/airflow/dags/silver_to_gold_feature_engineering.py
[2025-04-28T15:00:49.455+0000] {logging_mixin.py:188} INFO - [2025-04-28T15:00:49.454+0000] {dag.py:3096} INFO - Sync 1 DAGs
[2025-04-28T15:00:49.460+0000] {logging_mixin.py:188} INFO - [2025-04-28T15:00:49.460+0000] {dag.py:3954} INFO - Setting next_dagrun for silver_to_gold_feature_engineering to None, run_after=None
[2025-04-28T15:00:49.473+0000] {processor.py:183} INFO - Processing /opt/airflow/dags/silver_to_gold_feature_engineering.py took 0.190 seconds
[2025-04-28T15:01:20.089+0000] {processor.py:161} INFO - Started process (PID=3617) to work on /opt/airflow/dags/silver_to_gold_feature_engineering.py
[2025-04-28T15:01:20.090+0000] {processor.py:830} INFO - Processing file /opt/airflow/dags/silver_to_gold_feature_engineering.py for tasks to queue
[2025-04-28T15:01:20.091+0000] {logging_mixin.py:188} INFO - [2025-04-28T15:01:20.091+0000] {dagbag.py:540} INFO - Filling up the DagBag from /opt/airflow/dags/silver_to_gold_feature_engineering.py
[2025-04-28T15:01:20.234+0000] {processor.py:840} INFO - DAG(s) 'silver_to_gold_feature_engineering' retrieved from /opt/airflow/dags/silver_to_gold_feature_engineering.py
[2025-04-28T15:01:20.250+0000] {logging_mixin.py:188} INFO - [2025-04-28T15:01:20.250+0000] {dag.py:3096} INFO - Sync 1 DAGs
[2025-04-28T15:01:20.259+0000] {logging_mixin.py:188} INFO - [2025-04-28T15:01:20.258+0000] {dag.py:3954} INFO - Setting next_dagrun for silver_to_gold_feature_engineering to None, run_after=None
[2025-04-28T15:01:20.271+0000] {processor.py:183} INFO - Processing /opt/airflow/dags/silver_to_gold_feature_engineering.py took 0.187 seconds
[2025-04-28T15:01:50.864+0000] {processor.py:161} INFO - Started process (PID=3652) to work on /opt/airflow/dags/silver_to_gold_feature_engineering.py
[2025-04-28T15:01:50.865+0000] {processor.py:830} INFO - Processing file /opt/airflow/dags/silver_to_gold_feature_engineering.py for tasks to queue
[2025-04-28T15:01:50.868+0000] {logging_mixin.py:188} INFO - [2025-04-28T15:01:50.867+0000] {dagbag.py:540} INFO - Filling up the DagBag from /opt/airflow/dags/silver_to_gold_feature_engineering.py
[2025-04-28T15:01:51.014+0000] {processor.py:840} INFO - DAG(s) 'silver_to_gold_feature_engineering' retrieved from /opt/airflow/dags/silver_to_gold_feature_engineering.py
[2025-04-28T15:01:51.029+0000] {logging_mixin.py:188} INFO - [2025-04-28T15:01:51.028+0000] {dag.py:3096} INFO - Sync 1 DAGs
[2025-04-28T15:01:51.035+0000] {logging_mixin.py:188} INFO - [2025-04-28T15:01:51.035+0000] {dag.py:3954} INFO - Setting next_dagrun for silver_to_gold_feature_engineering to None, run_after=None
[2025-04-28T15:01:51.049+0000] {processor.py:183} INFO - Processing /opt/airflow/dags/silver_to_gold_feature_engineering.py took 0.190 seconds
[2025-04-28T15:02:21.625+0000] {processor.py:161} INFO - Started process (PID=3687) to work on /opt/airflow/dags/silver_to_gold_feature_engineering.py
[2025-04-28T15:02:21.626+0000] {processor.py:830} INFO - Processing file /opt/airflow/dags/silver_to_gold_feature_engineering.py for tasks to queue
[2025-04-28T15:02:21.628+0000] {logging_mixin.py:188} INFO - [2025-04-28T15:02:21.627+0000] {dagbag.py:540} INFO - Filling up the DagBag from /opt/airflow/dags/silver_to_gold_feature_engineering.py
[2025-04-28T15:02:21.786+0000] {processor.py:840} INFO - DAG(s) 'silver_to_gold_feature_engineering' retrieved from /opt/airflow/dags/silver_to_gold_feature_engineering.py
[2025-04-28T15:02:21.802+0000] {logging_mixin.py:188} INFO - [2025-04-28T15:02:21.802+0000] {dag.py:3096} INFO - Sync 1 DAGs
[2025-04-28T15:02:21.808+0000] {logging_mixin.py:188} INFO - [2025-04-28T15:02:21.808+0000] {dag.py:3954} INFO - Setting next_dagrun for silver_to_gold_feature_engineering to None, run_after=None
[2025-04-28T15:02:21.821+0000] {processor.py:183} INFO - Processing /opt/airflow/dags/silver_to_gold_feature_engineering.py took 0.199 seconds
[2025-04-28T15:02:52.360+0000] {processor.py:161} INFO - Started process (PID=3722) to work on /opt/airflow/dags/silver_to_gold_feature_engineering.py
[2025-04-28T15:02:52.360+0000] {processor.py:830} INFO - Processing file /opt/airflow/dags/silver_to_gold_feature_engineering.py for tasks to queue
[2025-04-28T15:02:52.362+0000] {logging_mixin.py:188} INFO - [2025-04-28T15:02:52.361+0000] {dagbag.py:540} INFO - Filling up the DagBag from /opt/airflow/dags/silver_to_gold_feature_engineering.py
[2025-04-28T15:02:52.516+0000] {processor.py:840} INFO - DAG(s) 'silver_to_gold_feature_engineering' retrieved from /opt/airflow/dags/silver_to_gold_feature_engineering.py
[2025-04-28T15:02:52.531+0000] {logging_mixin.py:188} INFO - [2025-04-28T15:02:52.531+0000] {dag.py:3096} INFO - Sync 1 DAGs
[2025-04-28T15:02:52.539+0000] {logging_mixin.py:188} INFO - [2025-04-28T15:02:52.539+0000] {dag.py:3954} INFO - Setting next_dagrun for silver_to_gold_feature_engineering to None, run_after=None
[2025-04-28T15:02:52.555+0000] {processor.py:183} INFO - Processing /opt/airflow/dags/silver_to_gold_feature_engineering.py took 0.199 seconds
[2025-04-28T15:03:23.154+0000] {processor.py:161} INFO - Started process (PID=3757) to work on /opt/airflow/dags/silver_to_gold_feature_engineering.py
[2025-04-28T15:03:23.155+0000] {processor.py:830} INFO - Processing file /opt/airflow/dags/silver_to_gold_feature_engineering.py for tasks to queue
[2025-04-28T15:03:23.157+0000] {logging_mixin.py:188} INFO - [2025-04-28T15:03:23.156+0000] {dagbag.py:540} INFO - Filling up the DagBag from /opt/airflow/dags/silver_to_gold_feature_engineering.py
[2025-04-28T15:03:23.305+0000] {processor.py:840} INFO - DAG(s) 'silver_to_gold_feature_engineering' retrieved from /opt/airflow/dags/silver_to_gold_feature_engineering.py
[2025-04-28T15:03:23.321+0000] {logging_mixin.py:188} INFO - [2025-04-28T15:03:23.321+0000] {dag.py:3096} INFO - Sync 1 DAGs
[2025-04-28T15:03:23.328+0000] {logging_mixin.py:188} INFO - [2025-04-28T15:03:23.328+0000] {dag.py:3954} INFO - Setting next_dagrun for silver_to_gold_feature_engineering to None, run_after=None
[2025-04-28T15:03:23.339+0000] {processor.py:183} INFO - Processing /opt/airflow/dags/silver_to_gold_feature_engineering.py took 0.192 seconds
[2025-04-28T15:03:53.953+0000] {processor.py:161} INFO - Started process (PID=3792) to work on /opt/airflow/dags/silver_to_gold_feature_engineering.py
[2025-04-28T15:03:53.954+0000] {processor.py:830} INFO - Processing file /opt/airflow/dags/silver_to_gold_feature_engineering.py for tasks to queue
[2025-04-28T15:03:53.958+0000] {logging_mixin.py:188} INFO - [2025-04-28T15:03:53.957+0000] {dagbag.py:540} INFO - Filling up the DagBag from /opt/airflow/dags/silver_to_gold_feature_engineering.py
[2025-04-28T15:03:54.104+0000] {processor.py:840} INFO - DAG(s) 'silver_to_gold_feature_engineering' retrieved from /opt/airflow/dags/silver_to_gold_feature_engineering.py
[2025-04-28T15:03:54.119+0000] {logging_mixin.py:188} INFO - [2025-04-28T15:03:54.118+0000] {dag.py:3096} INFO - Sync 1 DAGs
[2025-04-28T15:03:54.124+0000] {logging_mixin.py:188} INFO - [2025-04-28T15:03:54.124+0000] {dag.py:3954} INFO - Setting next_dagrun for silver_to_gold_feature_engineering to None, run_after=None
[2025-04-28T15:03:54.136+0000] {processor.py:183} INFO - Processing /opt/airflow/dags/silver_to_gold_feature_engineering.py took 0.190 seconds
[2025-04-28T15:04:24.709+0000] {processor.py:161} INFO - Started process (PID=3827) to work on /opt/airflow/dags/silver_to_gold_feature_engineering.py
[2025-04-28T15:04:24.710+0000] {processor.py:830} INFO - Processing file /opt/airflow/dags/silver_to_gold_feature_engineering.py for tasks to queue
[2025-04-28T15:04:24.711+0000] {logging_mixin.py:188} INFO - [2025-04-28T15:04:24.711+0000] {dagbag.py:540} INFO - Filling up the DagBag from /opt/airflow/dags/silver_to_gold_feature_engineering.py
[2025-04-28T15:04:24.858+0000] {processor.py:840} INFO - DAG(s) 'silver_to_gold_feature_engineering' retrieved from /opt/airflow/dags/silver_to_gold_feature_engineering.py
[2025-04-28T15:04:24.872+0000] {logging_mixin.py:188} INFO - [2025-04-28T15:04:24.871+0000] {dag.py:3096} INFO - Sync 1 DAGs
[2025-04-28T15:04:24.877+0000] {logging_mixin.py:188} INFO - [2025-04-28T15:04:24.877+0000] {dag.py:3954} INFO - Setting next_dagrun for silver_to_gold_feature_engineering to None, run_after=None
[2025-04-28T15:04:24.888+0000] {processor.py:183} INFO - Processing /opt/airflow/dags/silver_to_gold_feature_engineering.py took 0.185 seconds
[2025-04-28T15:04:55.485+0000] {processor.py:161} INFO - Started process (PID=3862) to work on /opt/airflow/dags/silver_to_gold_feature_engineering.py
[2025-04-28T15:04:55.486+0000] {processor.py:830} INFO - Processing file /opt/airflow/dags/silver_to_gold_feature_engineering.py for tasks to queue
[2025-04-28T15:04:55.488+0000] {logging_mixin.py:188} INFO - [2025-04-28T15:04:55.487+0000] {dagbag.py:540} INFO - Filling up the DagBag from /opt/airflow/dags/silver_to_gold_feature_engineering.py
[2025-04-28T15:04:55.634+0000] {processor.py:840} INFO - DAG(s) 'silver_to_gold_feature_engineering' retrieved from /opt/airflow/dags/silver_to_gold_feature_engineering.py
[2025-04-28T15:04:55.648+0000] {logging_mixin.py:188} INFO - [2025-04-28T15:04:55.647+0000] {dag.py:3096} INFO - Sync 1 DAGs
[2025-04-28T15:04:55.655+0000] {logging_mixin.py:188} INFO - [2025-04-28T15:04:55.655+0000] {dag.py:3954} INFO - Setting next_dagrun for silver_to_gold_feature_engineering to None, run_after=None
[2025-04-28T15:04:55.667+0000] {processor.py:183} INFO - Processing /opt/airflow/dags/silver_to_gold_feature_engineering.py took 0.188 seconds
[2025-04-28T15:05:26.223+0000] {processor.py:161} INFO - Started process (PID=3897) to work on /opt/airflow/dags/silver_to_gold_feature_engineering.py
[2025-04-28T15:05:26.224+0000] {processor.py:830} INFO - Processing file /opt/airflow/dags/silver_to_gold_feature_engineering.py for tasks to queue
[2025-04-28T15:05:26.226+0000] {logging_mixin.py:188} INFO - [2025-04-28T15:05:26.226+0000] {dagbag.py:540} INFO - Filling up the DagBag from /opt/airflow/dags/silver_to_gold_feature_engineering.py
[2025-04-28T15:05:26.380+0000] {processor.py:840} INFO - DAG(s) 'silver_to_gold_feature_engineering' retrieved from /opt/airflow/dags/silver_to_gold_feature_engineering.py
[2025-04-28T15:05:26.397+0000] {logging_mixin.py:188} INFO - [2025-04-28T15:05:26.396+0000] {dag.py:3096} INFO - Sync 1 DAGs
[2025-04-28T15:05:26.402+0000] {logging_mixin.py:188} INFO - [2025-04-28T15:05:26.402+0000] {dag.py:3954} INFO - Setting next_dagrun for silver_to_gold_feature_engineering to None, run_after=None
[2025-04-28T15:05:26.413+0000] {processor.py:183} INFO - Processing /opt/airflow/dags/silver_to_gold_feature_engineering.py took 0.195 seconds
[2025-04-28T15:05:57.044+0000] {processor.py:161} INFO - Started process (PID=3932) to work on /opt/airflow/dags/silver_to_gold_feature_engineering.py
[2025-04-28T15:05:57.044+0000] {processor.py:830} INFO - Processing file /opt/airflow/dags/silver_to_gold_feature_engineering.py for tasks to queue
[2025-04-28T15:05:57.045+0000] {logging_mixin.py:188} INFO - [2025-04-28T15:05:57.045+0000] {dagbag.py:540} INFO - Filling up the DagBag from /opt/airflow/dags/silver_to_gold_feature_engineering.py
[2025-04-28T15:05:57.188+0000] {processor.py:840} INFO - DAG(s) 'silver_to_gold_feature_engineering' retrieved from /opt/airflow/dags/silver_to_gold_feature_engineering.py
[2025-04-28T15:05:57.202+0000] {logging_mixin.py:188} INFO - [2025-04-28T15:05:57.202+0000] {dag.py:3096} INFO - Sync 1 DAGs
[2025-04-28T15:05:57.208+0000] {logging_mixin.py:188} INFO - [2025-04-28T15:05:57.208+0000] {dag.py:3954} INFO - Setting next_dagrun for silver_to_gold_feature_engineering to None, run_after=None
[2025-04-28T15:05:57.219+0000] {processor.py:183} INFO - Processing /opt/airflow/dags/silver_to_gold_feature_engineering.py took 0.181 seconds
[2025-04-28T15:06:27.789+0000] {processor.py:161} INFO - Started process (PID=3967) to work on /opt/airflow/dags/silver_to_gold_feature_engineering.py
[2025-04-28T15:06:27.791+0000] {processor.py:830} INFO - Processing file /opt/airflow/dags/silver_to_gold_feature_engineering.py for tasks to queue
[2025-04-28T15:06:27.792+0000] {logging_mixin.py:188} INFO - [2025-04-28T15:06:27.792+0000] {dagbag.py:540} INFO - Filling up the DagBag from /opt/airflow/dags/silver_to_gold_feature_engineering.py
[2025-04-28T15:06:27.937+0000] {processor.py:840} INFO - DAG(s) 'silver_to_gold_feature_engineering' retrieved from /opt/airflow/dags/silver_to_gold_feature_engineering.py
[2025-04-28T15:06:27.952+0000] {logging_mixin.py:188} INFO - [2025-04-28T15:06:27.952+0000] {dag.py:3096} INFO - Sync 1 DAGs
[2025-04-28T15:06:27.960+0000] {logging_mixin.py:188} INFO - [2025-04-28T15:06:27.960+0000] {dag.py:3954} INFO - Setting next_dagrun for silver_to_gold_feature_engineering to None, run_after=None
[2025-04-28T15:06:27.969+0000] {processor.py:183} INFO - Processing /opt/airflow/dags/silver_to_gold_feature_engineering.py took 0.186 seconds
[2025-04-28T15:06:58.609+0000] {processor.py:161} INFO - Started process (PID=4002) to work on /opt/airflow/dags/silver_to_gold_feature_engineering.py
[2025-04-28T15:06:58.609+0000] {processor.py:830} INFO - Processing file /opt/airflow/dags/silver_to_gold_feature_engineering.py for tasks to queue
[2025-04-28T15:06:58.611+0000] {logging_mixin.py:188} INFO - [2025-04-28T15:06:58.611+0000] {dagbag.py:540} INFO - Filling up the DagBag from /opt/airflow/dags/silver_to_gold_feature_engineering.py
[2025-04-28T15:06:58.761+0000] {processor.py:840} INFO - DAG(s) 'silver_to_gold_feature_engineering' retrieved from /opt/airflow/dags/silver_to_gold_feature_engineering.py
[2025-04-28T15:06:58.775+0000] {logging_mixin.py:188} INFO - [2025-04-28T15:06:58.775+0000] {dag.py:3096} INFO - Sync 1 DAGs
[2025-04-28T15:06:58.780+0000] {logging_mixin.py:188} INFO - [2025-04-28T15:06:58.780+0000] {dag.py:3954} INFO - Setting next_dagrun for silver_to_gold_feature_engineering to None, run_after=None
[2025-04-28T15:06:58.793+0000] {processor.py:183} INFO - Processing /opt/airflow/dags/silver_to_gold_feature_engineering.py took 0.190 seconds
[2025-04-28T15:07:29.345+0000] {processor.py:161} INFO - Started process (PID=4037) to work on /opt/airflow/dags/silver_to_gold_feature_engineering.py
[2025-04-28T15:07:29.346+0000] {processor.py:830} INFO - Processing file /opt/airflow/dags/silver_to_gold_feature_engineering.py for tasks to queue
[2025-04-28T15:07:29.348+0000] {logging_mixin.py:188} INFO - [2025-04-28T15:07:29.348+0000] {dagbag.py:540} INFO - Filling up the DagBag from /opt/airflow/dags/silver_to_gold_feature_engineering.py
[2025-04-28T15:07:29.496+0000] {processor.py:840} INFO - DAG(s) 'silver_to_gold_feature_engineering' retrieved from /opt/airflow/dags/silver_to_gold_feature_engineering.py
[2025-04-28T15:07:29.513+0000] {logging_mixin.py:188} INFO - [2025-04-28T15:07:29.513+0000] {dag.py:3096} INFO - Sync 1 DAGs
[2025-04-28T15:07:29.519+0000] {logging_mixin.py:188} INFO - [2025-04-28T15:07:29.519+0000] {dag.py:3954} INFO - Setting next_dagrun for silver_to_gold_feature_engineering to None, run_after=None
[2025-04-28T15:07:29.532+0000] {processor.py:183} INFO - Processing /opt/airflow/dags/silver_to_gold_feature_engineering.py took 0.194 seconds
[2025-04-28T15:08:00.125+0000] {processor.py:161} INFO - Started process (PID=4072) to work on /opt/airflow/dags/silver_to_gold_feature_engineering.py
[2025-04-28T15:08:00.126+0000] {processor.py:830} INFO - Processing file /opt/airflow/dags/silver_to_gold_feature_engineering.py for tasks to queue
[2025-04-28T15:08:00.128+0000] {logging_mixin.py:188} INFO - [2025-04-28T15:08:00.128+0000] {dagbag.py:540} INFO - Filling up the DagBag from /opt/airflow/dags/silver_to_gold_feature_engineering.py
[2025-04-28T15:08:00.270+0000] {processor.py:840} INFO - DAG(s) 'silver_to_gold_feature_engineering' retrieved from /opt/airflow/dags/silver_to_gold_feature_engineering.py
[2025-04-28T15:08:00.285+0000] {logging_mixin.py:188} INFO - [2025-04-28T15:08:00.285+0000] {dag.py:3096} INFO - Sync 1 DAGs
[2025-04-28T15:08:00.292+0000] {logging_mixin.py:188} INFO - [2025-04-28T15:08:00.292+0000] {dag.py:3954} INFO - Setting next_dagrun for silver_to_gold_feature_engineering to None, run_after=None
[2025-04-28T15:08:00.304+0000] {processor.py:183} INFO - Processing /opt/airflow/dags/silver_to_gold_feature_engineering.py took 0.183 seconds
[2025-04-28T15:08:30.891+0000] {processor.py:161} INFO - Started process (PID=4107) to work on /opt/airflow/dags/silver_to_gold_feature_engineering.py
[2025-04-28T15:08:30.892+0000] {processor.py:830} INFO - Processing file /opt/airflow/dags/silver_to_gold_feature_engineering.py for tasks to queue
[2025-04-28T15:08:30.893+0000] {logging_mixin.py:188} INFO - [2025-04-28T15:08:30.893+0000] {dagbag.py:540} INFO - Filling up the DagBag from /opt/airflow/dags/silver_to_gold_feature_engineering.py
[2025-04-28T15:08:31.039+0000] {processor.py:840} INFO - DAG(s) 'silver_to_gold_feature_engineering' retrieved from /opt/airflow/dags/silver_to_gold_feature_engineering.py
[2025-04-28T15:08:31.052+0000] {logging_mixin.py:188} INFO - [2025-04-28T15:08:31.052+0000] {dag.py:3096} INFO - Sync 1 DAGs
[2025-04-28T15:08:31.058+0000] {logging_mixin.py:188} INFO - [2025-04-28T15:08:31.058+0000] {dag.py:3954} INFO - Setting next_dagrun for silver_to_gold_feature_engineering to None, run_after=None
[2025-04-28T15:08:31.068+0000] {processor.py:183} INFO - Processing /opt/airflow/dags/silver_to_gold_feature_engineering.py took 0.182 seconds
[2025-04-28T15:09:01.605+0000] {processor.py:161} INFO - Started process (PID=4142) to work on /opt/airflow/dags/silver_to_gold_feature_engineering.py
[2025-04-28T15:09:01.606+0000] {processor.py:830} INFO - Processing file /opt/airflow/dags/silver_to_gold_feature_engineering.py for tasks to queue
[2025-04-28T15:09:01.608+0000] {logging_mixin.py:188} INFO - [2025-04-28T15:09:01.608+0000] {dagbag.py:540} INFO - Filling up the DagBag from /opt/airflow/dags/silver_to_gold_feature_engineering.py
[2025-04-28T15:09:01.769+0000] {processor.py:840} INFO - DAG(s) 'silver_to_gold_feature_engineering' retrieved from /opt/airflow/dags/silver_to_gold_feature_engineering.py
[2025-04-28T15:09:01.784+0000] {logging_mixin.py:188} INFO - [2025-04-28T15:09:01.783+0000] {dag.py:3096} INFO - Sync 1 DAGs
[2025-04-28T15:09:01.790+0000] {logging_mixin.py:188} INFO - [2025-04-28T15:09:01.790+0000] {dag.py:3954} INFO - Setting next_dagrun for silver_to_gold_feature_engineering to None, run_after=None
[2025-04-28T15:09:01.803+0000] {processor.py:183} INFO - Processing /opt/airflow/dags/silver_to_gold_feature_engineering.py took 0.204 seconds
[2025-04-28T15:09:32.384+0000] {processor.py:161} INFO - Started process (PID=4177) to work on /opt/airflow/dags/silver_to_gold_feature_engineering.py
[2025-04-28T15:09:32.385+0000] {processor.py:830} INFO - Processing file /opt/airflow/dags/silver_to_gold_feature_engineering.py for tasks to queue
[2025-04-28T15:09:32.386+0000] {logging_mixin.py:188} INFO - [2025-04-28T15:09:32.386+0000] {dagbag.py:540} INFO - Filling up the DagBag from /opt/airflow/dags/silver_to_gold_feature_engineering.py
[2025-04-28T15:09:32.541+0000] {processor.py:840} INFO - DAG(s) 'silver_to_gold_feature_engineering' retrieved from /opt/airflow/dags/silver_to_gold_feature_engineering.py
[2025-04-28T15:09:32.557+0000] {logging_mixin.py:188} INFO - [2025-04-28T15:09:32.557+0000] {dag.py:3096} INFO - Sync 1 DAGs
[2025-04-28T15:09:32.564+0000] {logging_mixin.py:188} INFO - [2025-04-28T15:09:32.564+0000] {dag.py:3954} INFO - Setting next_dagrun for silver_to_gold_feature_engineering to None, run_after=None
[2025-04-28T15:09:32.575+0000] {processor.py:183} INFO - Processing /opt/airflow/dags/silver_to_gold_feature_engineering.py took 0.196 seconds
[2025-04-28T15:10:03.100+0000] {processor.py:161} INFO - Started process (PID=4212) to work on /opt/airflow/dags/silver_to_gold_feature_engineering.py
[2025-04-28T15:10:03.101+0000] {processor.py:830} INFO - Processing file /opt/airflow/dags/silver_to_gold_feature_engineering.py for tasks to queue
[2025-04-28T15:10:03.102+0000] {logging_mixin.py:188} INFO - [2025-04-28T15:10:03.102+0000] {dagbag.py:540} INFO - Filling up the DagBag from /opt/airflow/dags/silver_to_gold_feature_engineering.py
[2025-04-28T15:10:03.254+0000] {processor.py:840} INFO - DAG(s) 'silver_to_gold_feature_engineering' retrieved from /opt/airflow/dags/silver_to_gold_feature_engineering.py
[2025-04-28T15:10:03.268+0000] {logging_mixin.py:188} INFO - [2025-04-28T15:10:03.267+0000] {dag.py:3096} INFO - Sync 1 DAGs
[2025-04-28T15:10:03.273+0000] {logging_mixin.py:188} INFO - [2025-04-28T15:10:03.273+0000] {dag.py:3954} INFO - Setting next_dagrun for silver_to_gold_feature_engineering to None, run_after=None
[2025-04-28T15:10:03.284+0000] {processor.py:183} INFO - Processing /opt/airflow/dags/silver_to_gold_feature_engineering.py took 0.189 seconds
[2025-04-28T15:10:33.866+0000] {processor.py:161} INFO - Started process (PID=4247) to work on /opt/airflow/dags/silver_to_gold_feature_engineering.py
[2025-04-28T15:10:33.867+0000] {processor.py:830} INFO - Processing file /opt/airflow/dags/silver_to_gold_feature_engineering.py for tasks to queue
[2025-04-28T15:10:33.868+0000] {logging_mixin.py:188} INFO - [2025-04-28T15:10:33.868+0000] {dagbag.py:540} INFO - Filling up the DagBag from /opt/airflow/dags/silver_to_gold_feature_engineering.py
[2025-04-28T15:10:34.011+0000] {processor.py:840} INFO - DAG(s) 'silver_to_gold_feature_engineering' retrieved from /opt/airflow/dags/silver_to_gold_feature_engineering.py
[2025-04-28T15:10:34.025+0000] {logging_mixin.py:188} INFO - [2025-04-28T15:10:34.024+0000] {dag.py:3096} INFO - Sync 1 DAGs
[2025-04-28T15:10:34.031+0000] {logging_mixin.py:188} INFO - [2025-04-28T15:10:34.031+0000] {dag.py:3954} INFO - Setting next_dagrun for silver_to_gold_feature_engineering to None, run_after=None
[2025-04-28T15:10:34.042+0000] {processor.py:183} INFO - Processing /opt/airflow/dags/silver_to_gold_feature_engineering.py took 0.182 seconds
[2025-04-28T15:11:04.558+0000] {processor.py:161} INFO - Started process (PID=4282) to work on /opt/airflow/dags/silver_to_gold_feature_engineering.py
[2025-04-28T15:11:04.559+0000] {processor.py:830} INFO - Processing file /opt/airflow/dags/silver_to_gold_feature_engineering.py for tasks to queue
[2025-04-28T15:11:04.560+0000] {logging_mixin.py:188} INFO - [2025-04-28T15:11:04.560+0000] {dagbag.py:540} INFO - Filling up the DagBag from /opt/airflow/dags/silver_to_gold_feature_engineering.py
[2025-04-28T15:11:04.719+0000] {processor.py:840} INFO - DAG(s) 'silver_to_gold_feature_engineering' retrieved from /opt/airflow/dags/silver_to_gold_feature_engineering.py
[2025-04-28T15:11:04.735+0000] {logging_mixin.py:188} INFO - [2025-04-28T15:11:04.735+0000] {dag.py:3096} INFO - Sync 1 DAGs
[2025-04-28T15:11:04.742+0000] {logging_mixin.py:188} INFO - [2025-04-28T15:11:04.742+0000] {dag.py:3954} INFO - Setting next_dagrun for silver_to_gold_feature_engineering to None, run_after=None
[2025-04-28T15:11:04.753+0000] {processor.py:183} INFO - Processing /opt/airflow/dags/silver_to_gold_feature_engineering.py took 0.200 seconds
[2025-04-28T15:11:35.338+0000] {processor.py:161} INFO - Started process (PID=4317) to work on /opt/airflow/dags/silver_to_gold_feature_engineering.py
[2025-04-28T15:11:35.339+0000] {processor.py:830} INFO - Processing file /opt/airflow/dags/silver_to_gold_feature_engineering.py for tasks to queue
[2025-04-28T15:11:35.341+0000] {logging_mixin.py:188} INFO - [2025-04-28T15:11:35.341+0000] {dagbag.py:540} INFO - Filling up the DagBag from /opt/airflow/dags/silver_to_gold_feature_engineering.py
[2025-04-28T15:11:35.487+0000] {processor.py:840} INFO - DAG(s) 'silver_to_gold_feature_engineering' retrieved from /opt/airflow/dags/silver_to_gold_feature_engineering.py
[2025-04-28T15:11:35.501+0000] {logging_mixin.py:188} INFO - [2025-04-28T15:11:35.501+0000] {dag.py:3096} INFO - Sync 1 DAGs
[2025-04-28T15:11:35.507+0000] {logging_mixin.py:188} INFO - [2025-04-28T15:11:35.507+0000] {dag.py:3954} INFO - Setting next_dagrun for silver_to_gold_feature_engineering to None, run_after=None
[2025-04-28T15:11:35.520+0000] {processor.py:183} INFO - Processing /opt/airflow/dags/silver_to_gold_feature_engineering.py took 0.189 seconds
[2025-04-28T15:12:06.194+0000] {processor.py:161} INFO - Started process (PID=4352) to work on /opt/airflow/dags/silver_to_gold_feature_engineering.py
[2025-04-28T15:12:06.197+0000] {processor.py:830} INFO - Processing file /opt/airflow/dags/silver_to_gold_feature_engineering.py for tasks to queue
[2025-04-28T15:12:06.199+0000] {logging_mixin.py:188} INFO - [2025-04-28T15:12:06.199+0000] {dagbag.py:540} INFO - Filling up the DagBag from /opt/airflow/dags/silver_to_gold_feature_engineering.py
[2025-04-28T15:12:06.350+0000] {processor.py:840} INFO - DAG(s) 'silver_to_gold_feature_engineering' retrieved from /opt/airflow/dags/silver_to_gold_feature_engineering.py
[2025-04-28T15:12:06.363+0000] {logging_mixin.py:188} INFO - [2025-04-28T15:12:06.363+0000] {dag.py:3096} INFO - Sync 1 DAGs
[2025-04-28T15:12:06.370+0000] {logging_mixin.py:188} INFO - [2025-04-28T15:12:06.369+0000] {dag.py:3954} INFO - Setting next_dagrun for silver_to_gold_feature_engineering to None, run_after=None
[2025-04-28T15:12:06.383+0000] {processor.py:183} INFO - Processing /opt/airflow/dags/silver_to_gold_feature_engineering.py took 0.193 seconds
[2025-04-28T15:12:36.980+0000] {processor.py:161} INFO - Started process (PID=4387) to work on /opt/airflow/dags/silver_to_gold_feature_engineering.py
[2025-04-28T15:12:36.981+0000] {processor.py:830} INFO - Processing file /opt/airflow/dags/silver_to_gold_feature_engineering.py for tasks to queue
[2025-04-28T15:12:36.982+0000] {logging_mixin.py:188} INFO - [2025-04-28T15:12:36.982+0000] {dagbag.py:540} INFO - Filling up the DagBag from /opt/airflow/dags/silver_to_gold_feature_engineering.py
[2025-04-28T15:12:37.125+0000] {processor.py:840} INFO - DAG(s) 'silver_to_gold_feature_engineering' retrieved from /opt/airflow/dags/silver_to_gold_feature_engineering.py
[2025-04-28T15:12:37.141+0000] {logging_mixin.py:188} INFO - [2025-04-28T15:12:37.140+0000] {dag.py:3096} INFO - Sync 1 DAGs
[2025-04-28T15:12:37.146+0000] {logging_mixin.py:188} INFO - [2025-04-28T15:12:37.146+0000] {dag.py:3954} INFO - Setting next_dagrun for silver_to_gold_feature_engineering to None, run_after=None
[2025-04-28T15:12:37.156+0000] {processor.py:183} INFO - Processing /opt/airflow/dags/silver_to_gold_feature_engineering.py took 0.182 seconds
[2025-04-28T15:13:07.696+0000] {processor.py:161} INFO - Started process (PID=4422) to work on /opt/airflow/dags/silver_to_gold_feature_engineering.py
[2025-04-28T15:13:07.696+0000] {processor.py:830} INFO - Processing file /opt/airflow/dags/silver_to_gold_feature_engineering.py for tasks to queue
[2025-04-28T15:13:07.698+0000] {logging_mixin.py:188} INFO - [2025-04-28T15:13:07.697+0000] {dagbag.py:540} INFO - Filling up the DagBag from /opt/airflow/dags/silver_to_gold_feature_engineering.py
[2025-04-28T15:13:07.845+0000] {processor.py:840} INFO - DAG(s) 'silver_to_gold_feature_engineering' retrieved from /opt/airflow/dags/silver_to_gold_feature_engineering.py
[2025-04-28T15:13:07.864+0000] {logging_mixin.py:188} INFO - [2025-04-28T15:13:07.864+0000] {dag.py:3096} INFO - Sync 1 DAGs
[2025-04-28T15:13:07.871+0000] {logging_mixin.py:188} INFO - [2025-04-28T15:13:07.871+0000] {dag.py:3954} INFO - Setting next_dagrun for silver_to_gold_feature_engineering to None, run_after=None
[2025-04-28T15:13:07.883+0000] {processor.py:183} INFO - Processing /opt/airflow/dags/silver_to_gold_feature_engineering.py took 0.194 seconds
[2025-04-28T15:13:38.383+0000] {processor.py:161} INFO - Started process (PID=4457) to work on /opt/airflow/dags/silver_to_gold_feature_engineering.py
[2025-04-28T15:13:38.384+0000] {processor.py:830} INFO - Processing file /opt/airflow/dags/silver_to_gold_feature_engineering.py for tasks to queue
[2025-04-28T15:13:38.386+0000] {logging_mixin.py:188} INFO - [2025-04-28T15:13:38.386+0000] {dagbag.py:540} INFO - Filling up the DagBag from /opt/airflow/dags/silver_to_gold_feature_engineering.py
[2025-04-28T15:13:38.531+0000] {processor.py:840} INFO - DAG(s) 'silver_to_gold_feature_engineering' retrieved from /opt/airflow/dags/silver_to_gold_feature_engineering.py
[2025-04-28T15:13:38.545+0000] {logging_mixin.py:188} INFO - [2025-04-28T15:13:38.545+0000] {dag.py:3096} INFO - Sync 1 DAGs
[2025-04-28T15:13:38.554+0000] {logging_mixin.py:188} INFO - [2025-04-28T15:13:38.554+0000] {dag.py:3954} INFO - Setting next_dagrun for silver_to_gold_feature_engineering to None, run_after=None
[2025-04-28T15:13:38.566+0000] {processor.py:183} INFO - Processing /opt/airflow/dags/silver_to_gold_feature_engineering.py took 0.188 seconds
[2025-04-28T15:14:09.120+0000] {processor.py:161} INFO - Started process (PID=4492) to work on /opt/airflow/dags/silver_to_gold_feature_engineering.py
[2025-04-28T15:14:09.121+0000] {processor.py:830} INFO - Processing file /opt/airflow/dags/silver_to_gold_feature_engineering.py for tasks to queue
[2025-04-28T15:14:09.122+0000] {logging_mixin.py:188} INFO - [2025-04-28T15:14:09.122+0000] {dagbag.py:540} INFO - Filling up the DagBag from /opt/airflow/dags/silver_to_gold_feature_engineering.py
[2025-04-28T15:14:09.269+0000] {processor.py:840} INFO - DAG(s) 'silver_to_gold_feature_engineering' retrieved from /opt/airflow/dags/silver_to_gold_feature_engineering.py
[2025-04-28T15:14:09.283+0000] {logging_mixin.py:188} INFO - [2025-04-28T15:14:09.283+0000] {dag.py:3096} INFO - Sync 1 DAGs
[2025-04-28T15:14:09.289+0000] {logging_mixin.py:188} INFO - [2025-04-28T15:14:09.289+0000] {dag.py:3954} INFO - Setting next_dagrun for silver_to_gold_feature_engineering to None, run_after=None
[2025-04-28T15:14:09.300+0000] {processor.py:183} INFO - Processing /opt/airflow/dags/silver_to_gold_feature_engineering.py took 0.184 seconds
[2025-04-28T15:14:39.857+0000] {processor.py:161} INFO - Started process (PID=4527) to work on /opt/airflow/dags/silver_to_gold_feature_engineering.py
[2025-04-28T15:14:39.858+0000] {processor.py:830} INFO - Processing file /opt/airflow/dags/silver_to_gold_feature_engineering.py for tasks to queue
[2025-04-28T15:14:39.860+0000] {logging_mixin.py:188} INFO - [2025-04-28T15:14:39.859+0000] {dagbag.py:540} INFO - Filling up the DagBag from /opt/airflow/dags/silver_to_gold_feature_engineering.py
[2025-04-28T15:14:40.015+0000] {processor.py:840} INFO - DAG(s) 'silver_to_gold_feature_engineering' retrieved from /opt/airflow/dags/silver_to_gold_feature_engineering.py
[2025-04-28T15:14:40.031+0000] {logging_mixin.py:188} INFO - [2025-04-28T15:14:40.031+0000] {dag.py:3096} INFO - Sync 1 DAGs
[2025-04-28T15:14:40.038+0000] {logging_mixin.py:188} INFO - [2025-04-28T15:14:40.037+0000] {dag.py:3954} INFO - Setting next_dagrun for silver_to_gold_feature_engineering to None, run_after=None
[2025-04-28T15:14:40.051+0000] {processor.py:183} INFO - Processing /opt/airflow/dags/silver_to_gold_feature_engineering.py took 0.201 seconds
[2025-04-28T15:15:10.633+0000] {processor.py:161} INFO - Started process (PID=4562) to work on /opt/airflow/dags/silver_to_gold_feature_engineering.py
[2025-04-28T15:15:10.634+0000] {processor.py:830} INFO - Processing file /opt/airflow/dags/silver_to_gold_feature_engineering.py for tasks to queue
[2025-04-28T15:15:10.635+0000] {logging_mixin.py:188} INFO - [2025-04-28T15:15:10.635+0000] {dagbag.py:540} INFO - Filling up the DagBag from /opt/airflow/dags/silver_to_gold_feature_engineering.py
[2025-04-28T15:15:10.824+0000] {processor.py:840} INFO - DAG(s) 'silver_to_gold_feature_engineering' retrieved from /opt/airflow/dags/silver_to_gold_feature_engineering.py
[2025-04-28T15:15:10.839+0000] {logging_mixin.py:188} INFO - [2025-04-28T15:15:10.838+0000] {dag.py:3096} INFO - Sync 1 DAGs
[2025-04-28T15:15:10.845+0000] {logging_mixin.py:188} INFO - [2025-04-28T15:15:10.845+0000] {dag.py:3954} INFO - Setting next_dagrun for silver_to_gold_feature_engineering to None, run_after=None
[2025-04-28T15:15:10.858+0000] {processor.py:183} INFO - Processing /opt/airflow/dags/silver_to_gold_feature_engineering.py took 0.230 seconds
[2025-04-28T15:15:41.384+0000] {processor.py:161} INFO - Started process (PID=4597) to work on /opt/airflow/dags/silver_to_gold_feature_engineering.py
[2025-04-28T15:15:41.385+0000] {processor.py:830} INFO - Processing file /opt/airflow/dags/silver_to_gold_feature_engineering.py for tasks to queue
[2025-04-28T15:15:41.386+0000] {logging_mixin.py:188} INFO - [2025-04-28T15:15:41.386+0000] {dagbag.py:540} INFO - Filling up the DagBag from /opt/airflow/dags/silver_to_gold_feature_engineering.py
[2025-04-28T15:15:41.541+0000] {processor.py:840} INFO - DAG(s) 'silver_to_gold_feature_engineering' retrieved from /opt/airflow/dags/silver_to_gold_feature_engineering.py
[2025-04-28T15:15:41.556+0000] {logging_mixin.py:188} INFO - [2025-04-28T15:15:41.556+0000] {dag.py:3096} INFO - Sync 1 DAGs
[2025-04-28T15:15:41.562+0000] {logging_mixin.py:188} INFO - [2025-04-28T15:15:41.562+0000] {dag.py:3954} INFO - Setting next_dagrun for silver_to_gold_feature_engineering to None, run_after=None
[2025-04-28T15:15:41.573+0000] {processor.py:183} INFO - Processing /opt/airflow/dags/silver_to_gold_feature_engineering.py took 0.193 seconds
[2025-04-28T15:16:12.162+0000] {processor.py:161} INFO - Started process (PID=4632) to work on /opt/airflow/dags/silver_to_gold_feature_engineering.py
[2025-04-28T15:16:12.163+0000] {processor.py:830} INFO - Processing file /opt/airflow/dags/silver_to_gold_feature_engineering.py for tasks to queue
[2025-04-28T15:16:12.165+0000] {logging_mixin.py:188} INFO - [2025-04-28T15:16:12.165+0000] {dagbag.py:540} INFO - Filling up the DagBag from /opt/airflow/dags/silver_to_gold_feature_engineering.py
[2025-04-28T15:16:12.308+0000] {processor.py:840} INFO - DAG(s) 'silver_to_gold_feature_engineering' retrieved from /opt/airflow/dags/silver_to_gold_feature_engineering.py
[2025-04-28T15:16:12.321+0000] {logging_mixin.py:188} INFO - [2025-04-28T15:16:12.321+0000] {dag.py:3096} INFO - Sync 1 DAGs
[2025-04-28T15:16:12.327+0000] {logging_mixin.py:188} INFO - [2025-04-28T15:16:12.327+0000] {dag.py:3954} INFO - Setting next_dagrun for silver_to_gold_feature_engineering to None, run_after=None
[2025-04-28T15:16:12.339+0000] {processor.py:183} INFO - Processing /opt/airflow/dags/silver_to_gold_feature_engineering.py took 0.184 seconds
[2025-04-28T15:16:42.941+0000] {processor.py:161} INFO - Started process (PID=4667) to work on /opt/airflow/dags/silver_to_gold_feature_engineering.py
[2025-04-28T15:16:42.942+0000] {processor.py:830} INFO - Processing file /opt/airflow/dags/silver_to_gold_feature_engineering.py for tasks to queue
[2025-04-28T15:16:42.944+0000] {logging_mixin.py:188} INFO - [2025-04-28T15:16:42.944+0000] {dagbag.py:540} INFO - Filling up the DagBag from /opt/airflow/dags/silver_to_gold_feature_engineering.py
[2025-04-28T15:16:43.095+0000] {processor.py:840} INFO - DAG(s) 'silver_to_gold_feature_engineering' retrieved from /opt/airflow/dags/silver_to_gold_feature_engineering.py
[2025-04-28T15:16:43.117+0000] {logging_mixin.py:188} INFO - [2025-04-28T15:16:43.117+0000] {dag.py:3096} INFO - Sync 1 DAGs
[2025-04-28T15:16:43.124+0000] {logging_mixin.py:188} INFO - [2025-04-28T15:16:43.124+0000] {dag.py:3954} INFO - Setting next_dagrun for silver_to_gold_feature_engineering to None, run_after=None
[2025-04-28T15:16:43.135+0000] {processor.py:183} INFO - Processing /opt/airflow/dags/silver_to_gold_feature_engineering.py took 0.201 seconds
[2025-04-28T15:17:13.687+0000] {processor.py:161} INFO - Started process (PID=4702) to work on /opt/airflow/dags/silver_to_gold_feature_engineering.py
[2025-04-28T15:17:13.689+0000] {processor.py:830} INFO - Processing file /opt/airflow/dags/silver_to_gold_feature_engineering.py for tasks to queue
[2025-04-28T15:17:13.691+0000] {logging_mixin.py:188} INFO - [2025-04-28T15:17:13.691+0000] {dagbag.py:540} INFO - Filling up the DagBag from /opt/airflow/dags/silver_to_gold_feature_engineering.py
[2025-04-28T15:17:13.845+0000] {processor.py:840} INFO - DAG(s) 'silver_to_gold_feature_engineering' retrieved from /opt/airflow/dags/silver_to_gold_feature_engineering.py
[2025-04-28T15:17:13.859+0000] {logging_mixin.py:188} INFO - [2025-04-28T15:17:13.858+0000] {dag.py:3096} INFO - Sync 1 DAGs
[2025-04-28T15:17:13.865+0000] {logging_mixin.py:188} INFO - [2025-04-28T15:17:13.865+0000] {dag.py:3954} INFO - Setting next_dagrun for silver_to_gold_feature_engineering to None, run_after=None
[2025-04-28T15:17:13.876+0000] {processor.py:183} INFO - Processing /opt/airflow/dags/silver_to_gold_feature_engineering.py took 0.194 seconds
[2025-04-28T15:17:44.403+0000] {processor.py:161} INFO - Started process (PID=4737) to work on /opt/airflow/dags/silver_to_gold_feature_engineering.py
[2025-04-28T15:17:44.404+0000] {processor.py:830} INFO - Processing file /opt/airflow/dags/silver_to_gold_feature_engineering.py for tasks to queue
[2025-04-28T15:17:44.406+0000] {logging_mixin.py:188} INFO - [2025-04-28T15:17:44.405+0000] {dagbag.py:540} INFO - Filling up the DagBag from /opt/airflow/dags/silver_to_gold_feature_engineering.py
[2025-04-28T15:17:44.551+0000] {processor.py:840} INFO - DAG(s) 'silver_to_gold_feature_engineering' retrieved from /opt/airflow/dags/silver_to_gold_feature_engineering.py
[2025-04-28T15:17:44.566+0000] {logging_mixin.py:188} INFO - [2025-04-28T15:17:44.566+0000] {dag.py:3096} INFO - Sync 1 DAGs
[2025-04-28T15:17:44.574+0000] {logging_mixin.py:188} INFO - [2025-04-28T15:17:44.574+0000] {dag.py:3954} INFO - Setting next_dagrun for silver_to_gold_feature_engineering to None, run_after=None
[2025-04-28T15:17:44.587+0000] {processor.py:183} INFO - Processing /opt/airflow/dags/silver_to_gold_feature_engineering.py took 0.191 seconds
[2025-04-28T15:18:15.154+0000] {processor.py:161} INFO - Started process (PID=4772) to work on /opt/airflow/dags/silver_to_gold_feature_engineering.py
[2025-04-28T15:18:15.155+0000] {processor.py:830} INFO - Processing file /opt/airflow/dags/silver_to_gold_feature_engineering.py for tasks to queue
[2025-04-28T15:18:15.156+0000] {logging_mixin.py:188} INFO - [2025-04-28T15:18:15.156+0000] {dagbag.py:540} INFO - Filling up the DagBag from /opt/airflow/dags/silver_to_gold_feature_engineering.py
[2025-04-28T15:18:15.306+0000] {processor.py:840} INFO - DAG(s) 'silver_to_gold_feature_engineering' retrieved from /opt/airflow/dags/silver_to_gold_feature_engineering.py
[2025-04-28T15:18:15.320+0000] {logging_mixin.py:188} INFO - [2025-04-28T15:18:15.320+0000] {dag.py:3096} INFO - Sync 1 DAGs
[2025-04-28T15:18:15.327+0000] {logging_mixin.py:188} INFO - [2025-04-28T15:18:15.326+0000] {dag.py:3954} INFO - Setting next_dagrun for silver_to_gold_feature_engineering to None, run_after=None
[2025-04-28T15:18:15.340+0000] {processor.py:183} INFO - Processing /opt/airflow/dags/silver_to_gold_feature_engineering.py took 0.192 seconds
[2025-04-28T15:18:45.960+0000] {processor.py:161} INFO - Started process (PID=4807) to work on /opt/airflow/dags/silver_to_gold_feature_engineering.py
[2025-04-28T15:18:45.961+0000] {processor.py:830} INFO - Processing file /opt/airflow/dags/silver_to_gold_feature_engineering.py for tasks to queue
[2025-04-28T15:18:45.962+0000] {logging_mixin.py:188} INFO - [2025-04-28T15:18:45.962+0000] {dagbag.py:540} INFO - Filling up the DagBag from /opt/airflow/dags/silver_to_gold_feature_engineering.py
[2025-04-28T15:18:46.110+0000] {processor.py:840} INFO - DAG(s) 'silver_to_gold_feature_engineering' retrieved from /opt/airflow/dags/silver_to_gold_feature_engineering.py
[2025-04-28T15:18:46.128+0000] {logging_mixin.py:188} INFO - [2025-04-28T15:18:46.127+0000] {dag.py:3096} INFO - Sync 1 DAGs
[2025-04-28T15:18:46.134+0000] {logging_mixin.py:188} INFO - [2025-04-28T15:18:46.134+0000] {dag.py:3954} INFO - Setting next_dagrun for silver_to_gold_feature_engineering to None, run_after=None
[2025-04-28T15:18:46.145+0000] {processor.py:183} INFO - Processing /opt/airflow/dags/silver_to_gold_feature_engineering.py took 0.193 seconds
[2025-04-28T15:19:16.698+0000] {processor.py:161} INFO - Started process (PID=4842) to work on /opt/airflow/dags/silver_to_gold_feature_engineering.py
[2025-04-28T15:19:16.699+0000] {processor.py:830} INFO - Processing file /opt/airflow/dags/silver_to_gold_feature_engineering.py for tasks to queue
[2025-04-28T15:19:16.703+0000] {logging_mixin.py:188} INFO - [2025-04-28T15:19:16.703+0000] {dagbag.py:540} INFO - Filling up the DagBag from /opt/airflow/dags/silver_to_gold_feature_engineering.py
[2025-04-28T15:19:16.862+0000] {processor.py:840} INFO - DAG(s) 'silver_to_gold_feature_engineering' retrieved from /opt/airflow/dags/silver_to_gold_feature_engineering.py
[2025-04-28T15:19:16.876+0000] {logging_mixin.py:188} INFO - [2025-04-28T15:19:16.876+0000] {dag.py:3096} INFO - Sync 1 DAGs
[2025-04-28T15:19:16.883+0000] {logging_mixin.py:188} INFO - [2025-04-28T15:19:16.882+0000] {dag.py:3954} INFO - Setting next_dagrun for silver_to_gold_feature_engineering to None, run_after=None
[2025-04-28T15:19:16.895+0000] {processor.py:183} INFO - Processing /opt/airflow/dags/silver_to_gold_feature_engineering.py took 0.205 seconds
[2025-04-28T15:19:47.483+0000] {processor.py:161} INFO - Started process (PID=4877) to work on /opt/airflow/dags/silver_to_gold_feature_engineering.py
[2025-04-28T15:19:47.484+0000] {processor.py:830} INFO - Processing file /opt/airflow/dags/silver_to_gold_feature_engineering.py for tasks to queue
[2025-04-28T15:19:47.485+0000] {logging_mixin.py:188} INFO - [2025-04-28T15:19:47.485+0000] {dagbag.py:540} INFO - Filling up the DagBag from /opt/airflow/dags/silver_to_gold_feature_engineering.py
[2025-04-28T15:19:47.632+0000] {processor.py:840} INFO - DAG(s) 'silver_to_gold_feature_engineering' retrieved from /opt/airflow/dags/silver_to_gold_feature_engineering.py
[2025-04-28T15:19:47.648+0000] {logging_mixin.py:188} INFO - [2025-04-28T15:19:47.648+0000] {dag.py:3096} INFO - Sync 1 DAGs
[2025-04-28T15:19:47.654+0000] {logging_mixin.py:188} INFO - [2025-04-28T15:19:47.654+0000] {dag.py:3954} INFO - Setting next_dagrun for silver_to_gold_feature_engineering to None, run_after=None
[2025-04-28T15:19:47.665+0000] {processor.py:183} INFO - Processing /opt/airflow/dags/silver_to_gold_feature_engineering.py took 0.187 seconds
[2025-04-28T15:20:18.242+0000] {processor.py:161} INFO - Started process (PID=4912) to work on /opt/airflow/dags/silver_to_gold_feature_engineering.py
[2025-04-28T15:20:18.243+0000] {processor.py:830} INFO - Processing file /opt/airflow/dags/silver_to_gold_feature_engineering.py for tasks to queue
[2025-04-28T15:20:18.245+0000] {logging_mixin.py:188} INFO - [2025-04-28T15:20:18.245+0000] {dagbag.py:540} INFO - Filling up the DagBag from /opt/airflow/dags/silver_to_gold_feature_engineering.py
[2025-04-28T15:20:18.393+0000] {processor.py:840} INFO - DAG(s) 'silver_to_gold_feature_engineering' retrieved from /opt/airflow/dags/silver_to_gold_feature_engineering.py
[2025-04-28T15:20:18.407+0000] {logging_mixin.py:188} INFO - [2025-04-28T15:20:18.407+0000] {dag.py:3096} INFO - Sync 1 DAGs
[2025-04-28T15:20:18.415+0000] {logging_mixin.py:188} INFO - [2025-04-28T15:20:18.414+0000] {dag.py:3954} INFO - Setting next_dagrun for silver_to_gold_feature_engineering to None, run_after=None
[2025-04-28T15:20:18.425+0000] {processor.py:183} INFO - Processing /opt/airflow/dags/silver_to_gold_feature_engineering.py took 0.191 seconds
[2025-04-28T15:20:49.015+0000] {processor.py:161} INFO - Started process (PID=4947) to work on /opt/airflow/dags/silver_to_gold_feature_engineering.py
[2025-04-28T15:20:49.016+0000] {processor.py:830} INFO - Processing file /opt/airflow/dags/silver_to_gold_feature_engineering.py for tasks to queue
[2025-04-28T15:20:49.017+0000] {logging_mixin.py:188} INFO - [2025-04-28T15:20:49.017+0000] {dagbag.py:540} INFO - Filling up the DagBag from /opt/airflow/dags/silver_to_gold_feature_engineering.py
[2025-04-28T15:20:49.163+0000] {processor.py:840} INFO - DAG(s) 'silver_to_gold_feature_engineering' retrieved from /opt/airflow/dags/silver_to_gold_feature_engineering.py
[2025-04-28T15:20:49.178+0000] {logging_mixin.py:188} INFO - [2025-04-28T15:20:49.178+0000] {dag.py:3096} INFO - Sync 1 DAGs
[2025-04-28T15:20:49.183+0000] {logging_mixin.py:188} INFO - [2025-04-28T15:20:49.183+0000] {dag.py:3954} INFO - Setting next_dagrun for silver_to_gold_feature_engineering to None, run_after=None
[2025-04-28T15:20:49.194+0000] {processor.py:183} INFO - Processing /opt/airflow/dags/silver_to_gold_feature_engineering.py took 0.185 seconds
[2025-04-28T15:21:19.811+0000] {processor.py:161} INFO - Started process (PID=4982) to work on /opt/airflow/dags/silver_to_gold_feature_engineering.py
[2025-04-28T15:21:19.812+0000] {processor.py:830} INFO - Processing file /opt/airflow/dags/silver_to_gold_feature_engineering.py for tasks to queue
[2025-04-28T15:21:19.813+0000] {logging_mixin.py:188} INFO - [2025-04-28T15:21:19.813+0000] {dagbag.py:540} INFO - Filling up the DagBag from /opt/airflow/dags/silver_to_gold_feature_engineering.py
[2025-04-28T15:21:19.963+0000] {processor.py:840} INFO - DAG(s) 'silver_to_gold_feature_engineering' retrieved from /opt/airflow/dags/silver_to_gold_feature_engineering.py
[2025-04-28T15:21:19.977+0000] {logging_mixin.py:188} INFO - [2025-04-28T15:21:19.976+0000] {dag.py:3096} INFO - Sync 1 DAGs
[2025-04-28T15:21:19.983+0000] {logging_mixin.py:188} INFO - [2025-04-28T15:21:19.983+0000] {dag.py:3954} INFO - Setting next_dagrun for silver_to_gold_feature_engineering to None, run_after=None
[2025-04-28T15:21:19.993+0000] {processor.py:183} INFO - Processing /opt/airflow/dags/silver_to_gold_feature_engineering.py took 0.189 seconds
[2025-04-28T15:21:50.582+0000] {processor.py:161} INFO - Started process (PID=5017) to work on /opt/airflow/dags/silver_to_gold_feature_engineering.py
[2025-04-28T15:21:50.583+0000] {processor.py:830} INFO - Processing file /opt/airflow/dags/silver_to_gold_feature_engineering.py for tasks to queue
[2025-04-28T15:21:50.584+0000] {logging_mixin.py:188} INFO - [2025-04-28T15:21:50.584+0000] {dagbag.py:540} INFO - Filling up the DagBag from /opt/airflow/dags/silver_to_gold_feature_engineering.py
[2025-04-28T15:21:50.731+0000] {processor.py:840} INFO - DAG(s) 'silver_to_gold_feature_engineering' retrieved from /opt/airflow/dags/silver_to_gold_feature_engineering.py
[2025-04-28T15:21:50.744+0000] {logging_mixin.py:188} INFO - [2025-04-28T15:21:50.744+0000] {dag.py:3096} INFO - Sync 1 DAGs
[2025-04-28T15:21:50.755+0000] {logging_mixin.py:188} INFO - [2025-04-28T15:21:50.755+0000] {dag.py:3954} INFO - Setting next_dagrun for silver_to_gold_feature_engineering to None, run_after=None
[2025-04-28T15:21:50.764+0000] {processor.py:183} INFO - Processing /opt/airflow/dags/silver_to_gold_feature_engineering.py took 0.186 seconds
[2025-04-28T15:22:21.325+0000] {processor.py:161} INFO - Started process (PID=5052) to work on /opt/airflow/dags/silver_to_gold_feature_engineering.py
[2025-04-28T15:22:21.326+0000] {processor.py:830} INFO - Processing file /opt/airflow/dags/silver_to_gold_feature_engineering.py for tasks to queue
[2025-04-28T15:22:21.327+0000] {logging_mixin.py:188} INFO - [2025-04-28T15:22:21.327+0000] {dagbag.py:540} INFO - Filling up the DagBag from /opt/airflow/dags/silver_to_gold_feature_engineering.py
[2025-04-28T15:22:21.469+0000] {processor.py:840} INFO - DAG(s) 'silver_to_gold_feature_engineering' retrieved from /opt/airflow/dags/silver_to_gold_feature_engineering.py
[2025-04-28T15:22:21.484+0000] {logging_mixin.py:188} INFO - [2025-04-28T15:22:21.483+0000] {dag.py:3096} INFO - Sync 1 DAGs
[2025-04-28T15:22:21.491+0000] {logging_mixin.py:188} INFO - [2025-04-28T15:22:21.491+0000] {dag.py:3954} INFO - Setting next_dagrun for silver_to_gold_feature_engineering to None, run_after=None
[2025-04-28T15:22:21.503+0000] {processor.py:183} INFO - Processing /opt/airflow/dags/silver_to_gold_feature_engineering.py took 0.184 seconds
[2025-04-28T15:22:52.094+0000] {processor.py:161} INFO - Started process (PID=5087) to work on /opt/airflow/dags/silver_to_gold_feature_engineering.py
[2025-04-28T15:22:52.096+0000] {processor.py:830} INFO - Processing file /opt/airflow/dags/silver_to_gold_feature_engineering.py for tasks to queue
[2025-04-28T15:22:52.097+0000] {logging_mixin.py:188} INFO - [2025-04-28T15:22:52.097+0000] {dagbag.py:540} INFO - Filling up the DagBag from /opt/airflow/dags/silver_to_gold_feature_engineering.py
[2025-04-28T15:22:52.253+0000] {processor.py:840} INFO - DAG(s) 'silver_to_gold_feature_engineering' retrieved from /opt/airflow/dags/silver_to_gold_feature_engineering.py
[2025-04-28T15:22:52.271+0000] {logging_mixin.py:188} INFO - [2025-04-28T15:22:52.270+0000] {dag.py:3096} INFO - Sync 1 DAGs
[2025-04-28T15:22:52.276+0000] {logging_mixin.py:188} INFO - [2025-04-28T15:22:52.276+0000] {dag.py:3954} INFO - Setting next_dagrun for silver_to_gold_feature_engineering to None, run_after=None
[2025-04-28T15:22:52.287+0000] {processor.py:183} INFO - Processing /opt/airflow/dags/silver_to_gold_feature_engineering.py took 0.200 seconds
[2025-04-28T15:23:22.950+0000] {processor.py:161} INFO - Started process (PID=5122) to work on /opt/airflow/dags/silver_to_gold_feature_engineering.py
[2025-04-28T15:23:22.953+0000] {processor.py:830} INFO - Processing file /opt/airflow/dags/silver_to_gold_feature_engineering.py for tasks to queue
[2025-04-28T15:23:22.956+0000] {logging_mixin.py:188} INFO - [2025-04-28T15:23:22.955+0000] {dagbag.py:540} INFO - Filling up the DagBag from /opt/airflow/dags/silver_to_gold_feature_engineering.py
[2025-04-28T15:23:23.108+0000] {processor.py:840} INFO - DAG(s) 'silver_to_gold_feature_engineering' retrieved from /opt/airflow/dags/silver_to_gold_feature_engineering.py
[2025-04-28T15:23:23.123+0000] {logging_mixin.py:188} INFO - [2025-04-28T15:23:23.122+0000] {dag.py:3096} INFO - Sync 1 DAGs
[2025-04-28T15:23:23.129+0000] {logging_mixin.py:188} INFO - [2025-04-28T15:23:23.129+0000] {dag.py:3954} INFO - Setting next_dagrun for silver_to_gold_feature_engineering to None, run_after=None
[2025-04-28T15:23:23.143+0000] {processor.py:183} INFO - Processing /opt/airflow/dags/silver_to_gold_feature_engineering.py took 0.201 seconds
[2025-04-28T15:23:53.662+0000] {processor.py:161} INFO - Started process (PID=5157) to work on /opt/airflow/dags/silver_to_gold_feature_engineering.py
[2025-04-28T15:23:53.663+0000] {processor.py:830} INFO - Processing file /opt/airflow/dags/silver_to_gold_feature_engineering.py for tasks to queue
[2025-04-28T15:23:53.664+0000] {logging_mixin.py:188} INFO - [2025-04-28T15:23:53.664+0000] {dagbag.py:540} INFO - Filling up the DagBag from /opt/airflow/dags/silver_to_gold_feature_engineering.py
[2025-04-28T15:23:53.842+0000] {processor.py:840} INFO - DAG(s) 'silver_to_gold_feature_engineering' retrieved from /opt/airflow/dags/silver_to_gold_feature_engineering.py
[2025-04-28T15:23:53.858+0000] {logging_mixin.py:188} INFO - [2025-04-28T15:23:53.857+0000] {dag.py:3096} INFO - Sync 1 DAGs
[2025-04-28T15:23:53.864+0000] {logging_mixin.py:188} INFO - [2025-04-28T15:23:53.864+0000] {dag.py:3954} INFO - Setting next_dagrun for silver_to_gold_feature_engineering to None, run_after=None
[2025-04-28T15:23:53.879+0000] {processor.py:183} INFO - Processing /opt/airflow/dags/silver_to_gold_feature_engineering.py took 0.223 seconds
[2025-04-28T15:24:24.428+0000] {processor.py:161} INFO - Started process (PID=5192) to work on /opt/airflow/dags/silver_to_gold_feature_engineering.py
[2025-04-28T15:24:24.429+0000] {processor.py:830} INFO - Processing file /opt/airflow/dags/silver_to_gold_feature_engineering.py for tasks to queue
[2025-04-28T15:24:24.431+0000] {logging_mixin.py:188} INFO - [2025-04-28T15:24:24.430+0000] {dagbag.py:540} INFO - Filling up the DagBag from /opt/airflow/dags/silver_to_gold_feature_engineering.py
[2025-04-28T15:24:24.578+0000] {processor.py:840} INFO - DAG(s) 'silver_to_gold_feature_engineering' retrieved from /opt/airflow/dags/silver_to_gold_feature_engineering.py
[2025-04-28T15:24:24.593+0000] {logging_mixin.py:188} INFO - [2025-04-28T15:24:24.593+0000] {dag.py:3096} INFO - Sync 1 DAGs
[2025-04-28T15:24:24.600+0000] {logging_mixin.py:188} INFO - [2025-04-28T15:24:24.600+0000] {dag.py:3954} INFO - Setting next_dagrun for silver_to_gold_feature_engineering to None, run_after=None
[2025-04-28T15:24:24.611+0000] {processor.py:183} INFO - Processing /opt/airflow/dags/silver_to_gold_feature_engineering.py took 0.190 seconds
[2025-04-28T15:24:55.207+0000] {processor.py:161} INFO - Started process (PID=5227) to work on /opt/airflow/dags/silver_to_gold_feature_engineering.py
[2025-04-28T15:24:55.208+0000] {processor.py:830} INFO - Processing file /opt/airflow/dags/silver_to_gold_feature_engineering.py for tasks to queue
[2025-04-28T15:24:55.209+0000] {logging_mixin.py:188} INFO - [2025-04-28T15:24:55.209+0000] {dagbag.py:540} INFO - Filling up the DagBag from /opt/airflow/dags/silver_to_gold_feature_engineering.py
[2025-04-28T15:24:55.359+0000] {processor.py:840} INFO - DAG(s) 'silver_to_gold_feature_engineering' retrieved from /opt/airflow/dags/silver_to_gold_feature_engineering.py
[2025-04-28T15:24:55.373+0000] {logging_mixin.py:188} INFO - [2025-04-28T15:24:55.372+0000] {dag.py:3096} INFO - Sync 1 DAGs
[2025-04-28T15:24:55.378+0000] {logging_mixin.py:188} INFO - [2025-04-28T15:24:55.378+0000] {dag.py:3954} INFO - Setting next_dagrun for silver_to_gold_feature_engineering to None, run_after=None
[2025-04-28T15:24:55.392+0000] {processor.py:183} INFO - Processing /opt/airflow/dags/silver_to_gold_feature_engineering.py took 0.190 seconds
[2025-04-28T15:25:25.967+0000] {processor.py:161} INFO - Started process (PID=5262) to work on /opt/airflow/dags/silver_to_gold_feature_engineering.py
[2025-04-28T15:25:25.971+0000] {processor.py:830} INFO - Processing file /opt/airflow/dags/silver_to_gold_feature_engineering.py for tasks to queue
[2025-04-28T15:25:25.972+0000] {logging_mixin.py:188} INFO - [2025-04-28T15:25:25.972+0000] {dagbag.py:540} INFO - Filling up the DagBag from /opt/airflow/dags/silver_to_gold_feature_engineering.py
[2025-04-28T15:25:26.114+0000] {processor.py:840} INFO - DAG(s) 'silver_to_gold_feature_engineering' retrieved from /opt/airflow/dags/silver_to_gold_feature_engineering.py
[2025-04-28T15:25:26.129+0000] {logging_mixin.py:188} INFO - [2025-04-28T15:25:26.129+0000] {dag.py:3096} INFO - Sync 1 DAGs
[2025-04-28T15:25:26.138+0000] {logging_mixin.py:188} INFO - [2025-04-28T15:25:26.138+0000] {dag.py:3954} INFO - Setting next_dagrun for silver_to_gold_feature_engineering to None, run_after=None
[2025-04-28T15:25:26.149+0000] {processor.py:183} INFO - Processing /opt/airflow/dags/silver_to_gold_feature_engineering.py took 0.189 seconds
[2025-04-28T15:25:56.716+0000] {processor.py:161} INFO - Started process (PID=5297) to work on /opt/airflow/dags/silver_to_gold_feature_engineering.py
[2025-04-28T15:25:56.718+0000] {processor.py:830} INFO - Processing file /opt/airflow/dags/silver_to_gold_feature_engineering.py for tasks to queue
[2025-04-28T15:25:56.719+0000] {logging_mixin.py:188} INFO - [2025-04-28T15:25:56.719+0000] {dagbag.py:540} INFO - Filling up the DagBag from /opt/airflow/dags/silver_to_gold_feature_engineering.py
[2025-04-28T15:25:56.863+0000] {processor.py:840} INFO - DAG(s) 'silver_to_gold_feature_engineering' retrieved from /opt/airflow/dags/silver_to_gold_feature_engineering.py
[2025-04-28T15:25:56.878+0000] {logging_mixin.py:188} INFO - [2025-04-28T15:25:56.878+0000] {dag.py:3096} INFO - Sync 1 DAGs
[2025-04-28T15:25:56.886+0000] {logging_mixin.py:188} INFO - [2025-04-28T15:25:56.886+0000] {dag.py:3954} INFO - Setting next_dagrun for silver_to_gold_feature_engineering to None, run_after=None
[2025-04-28T15:25:56.896+0000] {processor.py:183} INFO - Processing /opt/airflow/dags/silver_to_gold_feature_engineering.py took 0.184 seconds
[2025-04-28T15:26:27.559+0000] {processor.py:161} INFO - Started process (PID=5332) to work on /opt/airflow/dags/silver_to_gold_feature_engineering.py
[2025-04-28T15:26:27.560+0000] {processor.py:830} INFO - Processing file /opt/airflow/dags/silver_to_gold_feature_engineering.py for tasks to queue
[2025-04-28T15:26:27.561+0000] {logging_mixin.py:188} INFO - [2025-04-28T15:26:27.561+0000] {dagbag.py:540} INFO - Filling up the DagBag from /opt/airflow/dags/silver_to_gold_feature_engineering.py
[2025-04-28T15:26:27.708+0000] {processor.py:840} INFO - DAG(s) 'silver_to_gold_feature_engineering' retrieved from /opt/airflow/dags/silver_to_gold_feature_engineering.py
[2025-04-28T15:26:27.722+0000] {logging_mixin.py:188} INFO - [2025-04-28T15:26:27.722+0000] {dag.py:3096} INFO - Sync 1 DAGs
[2025-04-28T15:26:27.729+0000] {logging_mixin.py:188} INFO - [2025-04-28T15:26:27.729+0000] {dag.py:3954} INFO - Setting next_dagrun for silver_to_gold_feature_engineering to None, run_after=None
[2025-04-28T15:26:27.737+0000] {processor.py:183} INFO - Processing /opt/airflow/dags/silver_to_gold_feature_engineering.py took 0.184 seconds
[2025-04-28T15:26:58.332+0000] {processor.py:161} INFO - Started process (PID=5367) to work on /opt/airflow/dags/silver_to_gold_feature_engineering.py
[2025-04-28T15:26:58.332+0000] {processor.py:830} INFO - Processing file /opt/airflow/dags/silver_to_gold_feature_engineering.py for tasks to queue
[2025-04-28T15:26:58.334+0000] {logging_mixin.py:188} INFO - [2025-04-28T15:26:58.334+0000] {dagbag.py:540} INFO - Filling up the DagBag from /opt/airflow/dags/silver_to_gold_feature_engineering.py
[2025-04-28T15:26:58.478+0000] {processor.py:840} INFO - DAG(s) 'silver_to_gold_feature_engineering' retrieved from /opt/airflow/dags/silver_to_gold_feature_engineering.py
[2025-04-28T15:26:58.493+0000] {logging_mixin.py:188} INFO - [2025-04-28T15:26:58.493+0000] {dag.py:3096} INFO - Sync 1 DAGs
[2025-04-28T15:26:58.501+0000] {logging_mixin.py:188} INFO - [2025-04-28T15:26:58.501+0000] {dag.py:3954} INFO - Setting next_dagrun for silver_to_gold_feature_engineering to None, run_after=None
[2025-04-28T15:26:58.511+0000] {processor.py:183} INFO - Processing /opt/airflow/dags/silver_to_gold_feature_engineering.py took 0.184 seconds
[2025-04-28T15:27:29.165+0000] {processor.py:161} INFO - Started process (PID=5402) to work on /opt/airflow/dags/silver_to_gold_feature_engineering.py
[2025-04-28T15:27:29.166+0000] {processor.py:830} INFO - Processing file /opt/airflow/dags/silver_to_gold_feature_engineering.py for tasks to queue
[2025-04-28T15:27:29.168+0000] {logging_mixin.py:188} INFO - [2025-04-28T15:27:29.168+0000] {dagbag.py:540} INFO - Filling up the DagBag from /opt/airflow/dags/silver_to_gold_feature_engineering.py
[2025-04-28T15:27:29.309+0000] {processor.py:840} INFO - DAG(s) 'silver_to_gold_feature_engineering' retrieved from /opt/airflow/dags/silver_to_gold_feature_engineering.py
[2025-04-28T15:27:29.324+0000] {logging_mixin.py:188} INFO - [2025-04-28T15:27:29.324+0000] {dag.py:3096} INFO - Sync 1 DAGs
[2025-04-28T15:27:29.331+0000] {logging_mixin.py:188} INFO - [2025-04-28T15:27:29.331+0000] {dag.py:3954} INFO - Setting next_dagrun for silver_to_gold_feature_engineering to None, run_after=None
[2025-04-28T15:27:29.342+0000] {processor.py:183} INFO - Processing /opt/airflow/dags/silver_to_gold_feature_engineering.py took 0.183 seconds
[2025-04-28T15:27:59.892+0000] {processor.py:161} INFO - Started process (PID=5437) to work on /opt/airflow/dags/silver_to_gold_feature_engineering.py
[2025-04-28T15:27:59.893+0000] {processor.py:830} INFO - Processing file /opt/airflow/dags/silver_to_gold_feature_engineering.py for tasks to queue
[2025-04-28T15:27:59.894+0000] {logging_mixin.py:188} INFO - [2025-04-28T15:27:59.894+0000] {dagbag.py:540} INFO - Filling up the DagBag from /opt/airflow/dags/silver_to_gold_feature_engineering.py
[2025-04-28T15:28:00.040+0000] {processor.py:840} INFO - DAG(s) 'silver_to_gold_feature_engineering' retrieved from /opt/airflow/dags/silver_to_gold_feature_engineering.py
[2025-04-28T15:28:00.055+0000] {logging_mixin.py:188} INFO - [2025-04-28T15:28:00.055+0000] {dag.py:3096} INFO - Sync 1 DAGs
[2025-04-28T15:28:00.063+0000] {logging_mixin.py:188} INFO - [2025-04-28T15:28:00.063+0000] {dag.py:3954} INFO - Setting next_dagrun for silver_to_gold_feature_engineering to None, run_after=None
[2025-04-28T15:28:00.073+0000] {processor.py:183} INFO - Processing /opt/airflow/dags/silver_to_gold_feature_engineering.py took 0.187 seconds
[2025-04-28T15:28:30.661+0000] {processor.py:161} INFO - Started process (PID=5472) to work on /opt/airflow/dags/silver_to_gold_feature_engineering.py
[2025-04-28T15:28:30.665+0000] {processor.py:830} INFO - Processing file /opt/airflow/dags/silver_to_gold_feature_engineering.py for tasks to queue
[2025-04-28T15:28:30.666+0000] {logging_mixin.py:188} INFO - [2025-04-28T15:28:30.666+0000] {dagbag.py:540} INFO - Filling up the DagBag from /opt/airflow/dags/silver_to_gold_feature_engineering.py
[2025-04-28T15:28:30.813+0000] {processor.py:840} INFO - DAG(s) 'silver_to_gold_feature_engineering' retrieved from /opt/airflow/dags/silver_to_gold_feature_engineering.py
[2025-04-28T15:28:30.829+0000] {logging_mixin.py:188} INFO - [2025-04-28T15:28:30.829+0000] {dag.py:3096} INFO - Sync 1 DAGs
[2025-04-28T15:28:30.837+0000] {logging_mixin.py:188} INFO - [2025-04-28T15:28:30.837+0000] {dag.py:3954} INFO - Setting next_dagrun for silver_to_gold_feature_engineering to None, run_after=None
[2025-04-28T15:28:30.849+0000] {processor.py:183} INFO - Processing /opt/airflow/dags/silver_to_gold_feature_engineering.py took 0.193 seconds
[2025-04-28T15:29:01.481+0000] {processor.py:161} INFO - Started process (PID=5507) to work on /opt/airflow/dags/silver_to_gold_feature_engineering.py
[2025-04-28T15:29:01.482+0000] {processor.py:830} INFO - Processing file /opt/airflow/dags/silver_to_gold_feature_engineering.py for tasks to queue
[2025-04-28T15:29:01.483+0000] {logging_mixin.py:188} INFO - [2025-04-28T15:29:01.483+0000] {dagbag.py:540} INFO - Filling up the DagBag from /opt/airflow/dags/silver_to_gold_feature_engineering.py
[2025-04-28T15:29:01.645+0000] {processor.py:840} INFO - DAG(s) 'silver_to_gold_feature_engineering' retrieved from /opt/airflow/dags/silver_to_gold_feature_engineering.py
[2025-04-28T15:29:01.661+0000] {logging_mixin.py:188} INFO - [2025-04-28T15:29:01.661+0000] {dag.py:3096} INFO - Sync 1 DAGs
[2025-04-28T15:29:01.669+0000] {logging_mixin.py:188} INFO - [2025-04-28T15:29:01.669+0000] {dag.py:3954} INFO - Setting next_dagrun for silver_to_gold_feature_engineering to None, run_after=None
[2025-04-28T15:29:01.679+0000] {processor.py:183} INFO - Processing /opt/airflow/dags/silver_to_gold_feature_engineering.py took 0.205 seconds
[2025-04-28T15:29:32.292+0000] {processor.py:161} INFO - Started process (PID=5542) to work on /opt/airflow/dags/silver_to_gold_feature_engineering.py
[2025-04-28T15:29:32.292+0000] {processor.py:830} INFO - Processing file /opt/airflow/dags/silver_to_gold_feature_engineering.py for tasks to queue
[2025-04-28T15:29:32.294+0000] {logging_mixin.py:188} INFO - [2025-04-28T15:29:32.293+0000] {dagbag.py:540} INFO - Filling up the DagBag from /opt/airflow/dags/silver_to_gold_feature_engineering.py
[2025-04-28T15:29:32.439+0000] {processor.py:840} INFO - DAG(s) 'silver_to_gold_feature_engineering' retrieved from /opt/airflow/dags/silver_to_gold_feature_engineering.py
[2025-04-28T15:29:32.453+0000] {logging_mixin.py:188} INFO - [2025-04-28T15:29:32.453+0000] {dag.py:3096} INFO - Sync 1 DAGs
[2025-04-28T15:29:32.462+0000] {logging_mixin.py:188} INFO - [2025-04-28T15:29:32.462+0000] {dag.py:3954} INFO - Setting next_dagrun for silver_to_gold_feature_engineering to None, run_after=None
[2025-04-28T15:29:32.474+0000] {processor.py:183} INFO - Processing /opt/airflow/dags/silver_to_gold_feature_engineering.py took 0.187 seconds
[2025-04-28T15:30:03.047+0000] {processor.py:161} INFO - Started process (PID=5577) to work on /opt/airflow/dags/silver_to_gold_feature_engineering.py
[2025-04-28T15:30:03.048+0000] {processor.py:830} INFO - Processing file /opt/airflow/dags/silver_to_gold_feature_engineering.py for tasks to queue
[2025-04-28T15:30:03.049+0000] {logging_mixin.py:188} INFO - [2025-04-28T15:30:03.049+0000] {dagbag.py:540} INFO - Filling up the DagBag from /opt/airflow/dags/silver_to_gold_feature_engineering.py
[2025-04-28T15:30:03.202+0000] {processor.py:840} INFO - DAG(s) 'silver_to_gold_feature_engineering' retrieved from /opt/airflow/dags/silver_to_gold_feature_engineering.py
[2025-04-28T15:30:03.219+0000] {logging_mixin.py:188} INFO - [2025-04-28T15:30:03.219+0000] {dag.py:3096} INFO - Sync 1 DAGs
[2025-04-28T15:30:03.224+0000] {logging_mixin.py:188} INFO - [2025-04-28T15:30:03.224+0000] {dag.py:3954} INFO - Setting next_dagrun for silver_to_gold_feature_engineering to None, run_after=None
[2025-04-28T15:30:03.235+0000] {processor.py:183} INFO - Processing /opt/airflow/dags/silver_to_gold_feature_engineering.py took 0.195 seconds
[2025-04-28T15:30:33.776+0000] {processor.py:161} INFO - Started process (PID=5612) to work on /opt/airflow/dags/silver_to_gold_feature_engineering.py
[2025-04-28T15:30:33.776+0000] {processor.py:830} INFO - Processing file /opt/airflow/dags/silver_to_gold_feature_engineering.py for tasks to queue
[2025-04-28T15:30:33.778+0000] {logging_mixin.py:188} INFO - [2025-04-28T15:30:33.778+0000] {dagbag.py:540} INFO - Filling up the DagBag from /opt/airflow/dags/silver_to_gold_feature_engineering.py
[2025-04-28T15:30:33.930+0000] {processor.py:840} INFO - DAG(s) 'silver_to_gold_feature_engineering' retrieved from /opt/airflow/dags/silver_to_gold_feature_engineering.py
[2025-04-28T15:30:33.946+0000] {logging_mixin.py:188} INFO - [2025-04-28T15:30:33.946+0000] {dag.py:3096} INFO - Sync 1 DAGs
[2025-04-28T15:30:33.955+0000] {logging_mixin.py:188} INFO - [2025-04-28T15:30:33.954+0000] {dag.py:3954} INFO - Setting next_dagrun for silver_to_gold_feature_engineering to None, run_after=None
[2025-04-28T15:30:33.966+0000] {processor.py:183} INFO - Processing /opt/airflow/dags/silver_to_gold_feature_engineering.py took 0.196 seconds
[2025-04-28T15:31:04.538+0000] {processor.py:161} INFO - Started process (PID=5647) to work on /opt/airflow/dags/silver_to_gold_feature_engineering.py
[2025-04-28T15:31:04.540+0000] {processor.py:830} INFO - Processing file /opt/airflow/dags/silver_to_gold_feature_engineering.py for tasks to queue
[2025-04-28T15:31:04.542+0000] {logging_mixin.py:188} INFO - [2025-04-28T15:31:04.541+0000] {dagbag.py:540} INFO - Filling up the DagBag from /opt/airflow/dags/silver_to_gold_feature_engineering.py
[2025-04-28T15:31:04.687+0000] {processor.py:840} INFO - DAG(s) 'silver_to_gold_feature_engineering' retrieved from /opt/airflow/dags/silver_to_gold_feature_engineering.py
[2025-04-28T15:31:04.705+0000] {logging_mixin.py:188} INFO - [2025-04-28T15:31:04.705+0000] {dag.py:3096} INFO - Sync 1 DAGs
[2025-04-28T15:31:04.711+0000] {logging_mixin.py:188} INFO - [2025-04-28T15:31:04.711+0000] {dag.py:3954} INFO - Setting next_dagrun for silver_to_gold_feature_engineering to None, run_after=None
[2025-04-28T15:31:04.722+0000] {processor.py:183} INFO - Processing /opt/airflow/dags/silver_to_gold_feature_engineering.py took 0.192 seconds
[2025-04-28T15:31:35.332+0000] {processor.py:161} INFO - Started process (PID=5682) to work on /opt/airflow/dags/silver_to_gold_feature_engineering.py
[2025-04-28T15:31:35.333+0000] {processor.py:830} INFO - Processing file /opt/airflow/dags/silver_to_gold_feature_engineering.py for tasks to queue
[2025-04-28T15:31:35.335+0000] {logging_mixin.py:188} INFO - [2025-04-28T15:31:35.334+0000] {dagbag.py:540} INFO - Filling up the DagBag from /opt/airflow/dags/silver_to_gold_feature_engineering.py
[2025-04-28T15:31:35.483+0000] {processor.py:840} INFO - DAG(s) 'silver_to_gold_feature_engineering' retrieved from /opt/airflow/dags/silver_to_gold_feature_engineering.py
[2025-04-28T15:31:35.500+0000] {logging_mixin.py:188} INFO - [2025-04-28T15:31:35.500+0000] {dag.py:3096} INFO - Sync 1 DAGs
[2025-04-28T15:31:35.507+0000] {logging_mixin.py:188} INFO - [2025-04-28T15:31:35.507+0000] {dag.py:3954} INFO - Setting next_dagrun for silver_to_gold_feature_engineering to None, run_after=None
[2025-04-28T15:31:35.519+0000] {processor.py:183} INFO - Processing /opt/airflow/dags/silver_to_gold_feature_engineering.py took 0.192 seconds
[2025-04-28T15:32:06.098+0000] {processor.py:161} INFO - Started process (PID=5717) to work on /opt/airflow/dags/silver_to_gold_feature_engineering.py
[2025-04-28T15:32:06.100+0000] {processor.py:830} INFO - Processing file /opt/airflow/dags/silver_to_gold_feature_engineering.py for tasks to queue
[2025-04-28T15:32:06.102+0000] {logging_mixin.py:188} INFO - [2025-04-28T15:32:06.102+0000] {dagbag.py:540} INFO - Filling up the DagBag from /opt/airflow/dags/silver_to_gold_feature_engineering.py
[2025-04-28T15:32:06.252+0000] {processor.py:840} INFO - DAG(s) 'silver_to_gold_feature_engineering' retrieved from /opt/airflow/dags/silver_to_gold_feature_engineering.py
[2025-04-28T15:32:06.270+0000] {logging_mixin.py:188} INFO - [2025-04-28T15:32:06.270+0000] {dag.py:3096} INFO - Sync 1 DAGs
[2025-04-28T15:32:06.278+0000] {logging_mixin.py:188} INFO - [2025-04-28T15:32:06.278+0000] {dag.py:3954} INFO - Setting next_dagrun for silver_to_gold_feature_engineering to None, run_after=None
[2025-04-28T15:32:06.289+0000] {processor.py:183} INFO - Processing /opt/airflow/dags/silver_to_gold_feature_engineering.py took 0.198 seconds
[2025-04-28T15:32:36.849+0000] {processor.py:161} INFO - Started process (PID=5752) to work on /opt/airflow/dags/silver_to_gold_feature_engineering.py
[2025-04-28T15:32:36.850+0000] {processor.py:830} INFO - Processing file /opt/airflow/dags/silver_to_gold_feature_engineering.py for tasks to queue
[2025-04-28T15:32:36.852+0000] {logging_mixin.py:188} INFO - [2025-04-28T15:32:36.851+0000] {dagbag.py:540} INFO - Filling up the DagBag from /opt/airflow/dags/silver_to_gold_feature_engineering.py
[2025-04-28T15:32:37.002+0000] {processor.py:840} INFO - DAG(s) 'silver_to_gold_feature_engineering' retrieved from /opt/airflow/dags/silver_to_gold_feature_engineering.py
[2025-04-28T15:32:37.015+0000] {logging_mixin.py:188} INFO - [2025-04-28T15:32:37.015+0000] {dag.py:3096} INFO - Sync 1 DAGs
[2025-04-28T15:32:37.021+0000] {logging_mixin.py:188} INFO - [2025-04-28T15:32:37.021+0000] {dag.py:3954} INFO - Setting next_dagrun for silver_to_gold_feature_engineering to None, run_after=None
[2025-04-28T15:32:37.033+0000] {processor.py:183} INFO - Processing /opt/airflow/dags/silver_to_gold_feature_engineering.py took 0.191 seconds
[2025-04-28T15:33:07.597+0000] {processor.py:161} INFO - Started process (PID=5787) to work on /opt/airflow/dags/silver_to_gold_feature_engineering.py
[2025-04-28T15:33:07.597+0000] {processor.py:830} INFO - Processing file /opt/airflow/dags/silver_to_gold_feature_engineering.py for tasks to queue
[2025-04-28T15:33:07.599+0000] {logging_mixin.py:188} INFO - [2025-04-28T15:33:07.598+0000] {dagbag.py:540} INFO - Filling up the DagBag from /opt/airflow/dags/silver_to_gold_feature_engineering.py
[2025-04-28T15:33:07.783+0000] {processor.py:840} INFO - DAG(s) 'silver_to_gold_feature_engineering' retrieved from /opt/airflow/dags/silver_to_gold_feature_engineering.py
[2025-04-28T15:33:07.799+0000] {logging_mixin.py:188} INFO - [2025-04-28T15:33:07.799+0000] {dag.py:3096} INFO - Sync 1 DAGs
[2025-04-28T15:33:07.806+0000] {logging_mixin.py:188} INFO - [2025-04-28T15:33:07.806+0000] {dag.py:3954} INFO - Setting next_dagrun for silver_to_gold_feature_engineering to None, run_after=None
[2025-04-28T15:33:07.819+0000] {processor.py:183} INFO - Processing /opt/airflow/dags/silver_to_gold_feature_engineering.py took 0.228 seconds
[2025-04-28T15:33:38.431+0000] {processor.py:161} INFO - Started process (PID=5822) to work on /opt/airflow/dags/silver_to_gold_feature_engineering.py
[2025-04-28T15:33:38.433+0000] {processor.py:830} INFO - Processing file /opt/airflow/dags/silver_to_gold_feature_engineering.py for tasks to queue
[2025-04-28T15:33:38.435+0000] {logging_mixin.py:188} INFO - [2025-04-28T15:33:38.435+0000] {dagbag.py:540} INFO - Filling up the DagBag from /opt/airflow/dags/silver_to_gold_feature_engineering.py
[2025-04-28T15:33:38.597+0000] {processor.py:840} INFO - DAG(s) 'silver_to_gold_feature_engineering' retrieved from /opt/airflow/dags/silver_to_gold_feature_engineering.py
[2025-04-28T15:33:38.611+0000] {logging_mixin.py:188} INFO - [2025-04-28T15:33:38.611+0000] {dag.py:3096} INFO - Sync 1 DAGs
[2025-04-28T15:33:38.618+0000] {logging_mixin.py:188} INFO - [2025-04-28T15:33:38.617+0000] {dag.py:3954} INFO - Setting next_dagrun for silver_to_gold_feature_engineering to None, run_after=None
[2025-04-28T15:33:38.628+0000] {processor.py:183} INFO - Processing /opt/airflow/dags/silver_to_gold_feature_engineering.py took 0.204 seconds
[2025-04-28T15:34:09.188+0000] {processor.py:161} INFO - Started process (PID=5857) to work on /opt/airflow/dags/silver_to_gold_feature_engineering.py
[2025-04-28T15:34:09.190+0000] {processor.py:830} INFO - Processing file /opt/airflow/dags/silver_to_gold_feature_engineering.py for tasks to queue
[2025-04-28T15:34:09.192+0000] {logging_mixin.py:188} INFO - [2025-04-28T15:34:09.191+0000] {dagbag.py:540} INFO - Filling up the DagBag from /opt/airflow/dags/silver_to_gold_feature_engineering.py
[2025-04-28T15:34:09.346+0000] {processor.py:840} INFO - DAG(s) 'silver_to_gold_feature_engineering' retrieved from /opt/airflow/dags/silver_to_gold_feature_engineering.py
[2025-04-28T15:34:09.362+0000] {logging_mixin.py:188} INFO - [2025-04-28T15:34:09.362+0000] {dag.py:3096} INFO - Sync 1 DAGs
[2025-04-28T15:34:09.369+0000] {logging_mixin.py:188} INFO - [2025-04-28T15:34:09.369+0000] {dag.py:3954} INFO - Setting next_dagrun for silver_to_gold_feature_engineering to None, run_after=None
[2025-04-28T15:34:09.380+0000] {processor.py:183} INFO - Processing /opt/airflow/dags/silver_to_gold_feature_engineering.py took 0.199 seconds
[2025-04-28T15:34:39.953+0000] {processor.py:161} INFO - Started process (PID=5892) to work on /opt/airflow/dags/silver_to_gold_feature_engineering.py
[2025-04-28T15:34:39.953+0000] {processor.py:830} INFO - Processing file /opt/airflow/dags/silver_to_gold_feature_engineering.py for tasks to queue
[2025-04-28T15:34:39.955+0000] {logging_mixin.py:188} INFO - [2025-04-28T15:34:39.955+0000] {dagbag.py:540} INFO - Filling up the DagBag from /opt/airflow/dags/silver_to_gold_feature_engineering.py
[2025-04-28T15:34:40.126+0000] {processor.py:840} INFO - DAG(s) 'silver_to_gold_feature_engineering' retrieved from /opt/airflow/dags/silver_to_gold_feature_engineering.py
[2025-04-28T15:34:40.141+0000] {logging_mixin.py:188} INFO - [2025-04-28T15:34:40.140+0000] {dag.py:3096} INFO - Sync 1 DAGs
[2025-04-28T15:34:40.146+0000] {logging_mixin.py:188} INFO - [2025-04-28T15:34:40.146+0000] {dag.py:3954} INFO - Setting next_dagrun for silver_to_gold_feature_engineering to None, run_after=None
[2025-04-28T15:34:40.160+0000] {processor.py:183} INFO - Processing /opt/airflow/dags/silver_to_gold_feature_engineering.py took 0.212 seconds
[2025-04-28T15:35:10.758+0000] {processor.py:161} INFO - Started process (PID=5927) to work on /opt/airflow/dags/silver_to_gold_feature_engineering.py
[2025-04-28T15:35:10.759+0000] {processor.py:830} INFO - Processing file /opt/airflow/dags/silver_to_gold_feature_engineering.py for tasks to queue
[2025-04-28T15:35:10.760+0000] {logging_mixin.py:188} INFO - [2025-04-28T15:35:10.760+0000] {dagbag.py:540} INFO - Filling up the DagBag from /opt/airflow/dags/silver_to_gold_feature_engineering.py
[2025-04-28T15:35:10.934+0000] {processor.py:840} INFO - DAG(s) 'silver_to_gold_feature_engineering' retrieved from /opt/airflow/dags/silver_to_gold_feature_engineering.py
[2025-04-28T15:35:10.950+0000] {logging_mixin.py:188} INFO - [2025-04-28T15:35:10.949+0000] {dag.py:3096} INFO - Sync 1 DAGs
[2025-04-28T15:35:10.956+0000] {logging_mixin.py:188} INFO - [2025-04-28T15:35:10.956+0000] {dag.py:3954} INFO - Setting next_dagrun for silver_to_gold_feature_engineering to None, run_after=None
[2025-04-28T15:35:10.969+0000] {processor.py:183} INFO - Processing /opt/airflow/dags/silver_to_gold_feature_engineering.py took 0.216 seconds
[2025-04-28T15:35:41.606+0000] {processor.py:161} INFO - Started process (PID=5962) to work on /opt/airflow/dags/silver_to_gold_feature_engineering.py
[2025-04-28T15:35:41.606+0000] {processor.py:830} INFO - Processing file /opt/airflow/dags/silver_to_gold_feature_engineering.py for tasks to queue
[2025-04-28T15:35:41.608+0000] {logging_mixin.py:188} INFO - [2025-04-28T15:35:41.607+0000] {dagbag.py:540} INFO - Filling up the DagBag from /opt/airflow/dags/silver_to_gold_feature_engineering.py
[2025-04-28T15:35:41.751+0000] {processor.py:840} INFO - DAG(s) 'silver_to_gold_feature_engineering' retrieved from /opt/airflow/dags/silver_to_gold_feature_engineering.py
[2025-04-28T15:35:41.765+0000] {logging_mixin.py:188} INFO - [2025-04-28T15:35:41.765+0000] {dag.py:3096} INFO - Sync 1 DAGs
[2025-04-28T15:35:41.771+0000] {logging_mixin.py:188} INFO - [2025-04-28T15:35:41.771+0000] {dag.py:3954} INFO - Setting next_dagrun for silver_to_gold_feature_engineering to None, run_after=None
[2025-04-28T15:35:41.782+0000] {processor.py:183} INFO - Processing /opt/airflow/dags/silver_to_gold_feature_engineering.py took 0.182 seconds
[2025-04-28T15:36:12.385+0000] {processor.py:161} INFO - Started process (PID=5997) to work on /opt/airflow/dags/silver_to_gold_feature_engineering.py
[2025-04-28T15:36:12.385+0000] {processor.py:830} INFO - Processing file /opt/airflow/dags/silver_to_gold_feature_engineering.py for tasks to queue
[2025-04-28T15:36:12.387+0000] {logging_mixin.py:188} INFO - [2025-04-28T15:36:12.386+0000] {dagbag.py:540} INFO - Filling up the DagBag from /opt/airflow/dags/silver_to_gold_feature_engineering.py
[2025-04-28T15:36:12.537+0000] {processor.py:840} INFO - DAG(s) 'silver_to_gold_feature_engineering' retrieved from /opt/airflow/dags/silver_to_gold_feature_engineering.py
[2025-04-28T15:36:12.553+0000] {logging_mixin.py:188} INFO - [2025-04-28T15:36:12.553+0000] {dag.py:3096} INFO - Sync 1 DAGs
[2025-04-28T15:36:12.559+0000] {logging_mixin.py:188} INFO - [2025-04-28T15:36:12.559+0000] {dag.py:3954} INFO - Setting next_dagrun for silver_to_gold_feature_engineering to None, run_after=None
[2025-04-28T15:36:12.570+0000] {processor.py:183} INFO - Processing /opt/airflow/dags/silver_to_gold_feature_engineering.py took 0.192 seconds
[2025-04-28T15:36:43.112+0000] {processor.py:161} INFO - Started process (PID=6032) to work on /opt/airflow/dags/silver_to_gold_feature_engineering.py
[2025-04-28T15:36:43.113+0000] {processor.py:830} INFO - Processing file /opt/airflow/dags/silver_to_gold_feature_engineering.py for tasks to queue
[2025-04-28T15:36:43.116+0000] {logging_mixin.py:188} INFO - [2025-04-28T15:36:43.115+0000] {dagbag.py:540} INFO - Filling up the DagBag from /opt/airflow/dags/silver_to_gold_feature_engineering.py
[2025-04-28T15:36:43.264+0000] {processor.py:840} INFO - DAG(s) 'silver_to_gold_feature_engineering' retrieved from /opt/airflow/dags/silver_to_gold_feature_engineering.py
[2025-04-28T15:36:43.279+0000] {logging_mixin.py:188} INFO - [2025-04-28T15:36:43.279+0000] {dag.py:3096} INFO - Sync 1 DAGs
[2025-04-28T15:36:43.286+0000] {logging_mixin.py:188} INFO - [2025-04-28T15:36:43.286+0000] {dag.py:3954} INFO - Setting next_dagrun for silver_to_gold_feature_engineering to None, run_after=None
[2025-04-28T15:36:43.299+0000] {processor.py:183} INFO - Processing /opt/airflow/dags/silver_to_gold_feature_engineering.py took 0.194 seconds
[2025-04-28T15:37:13.885+0000] {processor.py:161} INFO - Started process (PID=6067) to work on /opt/airflow/dags/silver_to_gold_feature_engineering.py
[2025-04-28T15:37:13.886+0000] {processor.py:830} INFO - Processing file /opt/airflow/dags/silver_to_gold_feature_engineering.py for tasks to queue
[2025-04-28T15:37:13.888+0000] {logging_mixin.py:188} INFO - [2025-04-28T15:37:13.888+0000] {dagbag.py:540} INFO - Filling up the DagBag from /opt/airflow/dags/silver_to_gold_feature_engineering.py
[2025-04-28T15:37:14.037+0000] {processor.py:840} INFO - DAG(s) 'silver_to_gold_feature_engineering' retrieved from /opt/airflow/dags/silver_to_gold_feature_engineering.py
[2025-04-28T15:37:14.052+0000] {logging_mixin.py:188} INFO - [2025-04-28T15:37:14.052+0000] {dag.py:3096} INFO - Sync 1 DAGs
[2025-04-28T15:37:14.058+0000] {logging_mixin.py:188} INFO - [2025-04-28T15:37:14.058+0000] {dag.py:3954} INFO - Setting next_dagrun for silver_to_gold_feature_engineering to None, run_after=None
[2025-04-28T15:37:14.070+0000] {processor.py:183} INFO - Processing /opt/airflow/dags/silver_to_gold_feature_engineering.py took 0.192 seconds
[2025-04-28T15:37:44.685+0000] {processor.py:161} INFO - Started process (PID=6102) to work on /opt/airflow/dags/silver_to_gold_feature_engineering.py
[2025-04-28T15:37:44.686+0000] {processor.py:830} INFO - Processing file /opt/airflow/dags/silver_to_gold_feature_engineering.py for tasks to queue
[2025-04-28T15:37:44.688+0000] {logging_mixin.py:188} INFO - [2025-04-28T15:37:44.688+0000] {dagbag.py:540} INFO - Filling up the DagBag from /opt/airflow/dags/silver_to_gold_feature_engineering.py
[2025-04-28T15:37:44.846+0000] {processor.py:840} INFO - DAG(s) 'silver_to_gold_feature_engineering' retrieved from /opt/airflow/dags/silver_to_gold_feature_engineering.py
[2025-04-28T15:37:44.860+0000] {logging_mixin.py:188} INFO - [2025-04-28T15:37:44.860+0000] {dag.py:3096} INFO - Sync 1 DAGs
[2025-04-28T15:37:44.866+0000] {logging_mixin.py:188} INFO - [2025-04-28T15:37:44.866+0000] {dag.py:3954} INFO - Setting next_dagrun for silver_to_gold_feature_engineering to None, run_after=None
[2025-04-28T15:37:44.878+0000] {processor.py:183} INFO - Processing /opt/airflow/dags/silver_to_gold_feature_engineering.py took 0.200 seconds
[2025-04-28T15:38:15.449+0000] {processor.py:161} INFO - Started process (PID=6137) to work on /opt/airflow/dags/silver_to_gold_feature_engineering.py
[2025-04-28T15:38:15.450+0000] {processor.py:830} INFO - Processing file /opt/airflow/dags/silver_to_gold_feature_engineering.py for tasks to queue
[2025-04-28T15:38:15.451+0000] {logging_mixin.py:188} INFO - [2025-04-28T15:38:15.451+0000] {dagbag.py:540} INFO - Filling up the DagBag from /opt/airflow/dags/silver_to_gold_feature_engineering.py
[2025-04-28T15:38:15.604+0000] {processor.py:840} INFO - DAG(s) 'silver_to_gold_feature_engineering' retrieved from /opt/airflow/dags/silver_to_gold_feature_engineering.py
[2025-04-28T15:38:15.618+0000] {logging_mixin.py:188} INFO - [2025-04-28T15:38:15.618+0000] {dag.py:3096} INFO - Sync 1 DAGs
[2025-04-28T15:38:15.625+0000] {logging_mixin.py:188} INFO - [2025-04-28T15:38:15.625+0000] {dag.py:3954} INFO - Setting next_dagrun for silver_to_gold_feature_engineering to None, run_after=None
[2025-04-28T15:38:15.636+0000] {processor.py:183} INFO - Processing /opt/airflow/dags/silver_to_gold_feature_engineering.py took 0.190 seconds
[2025-04-28T15:38:46.198+0000] {processor.py:161} INFO - Started process (PID=6172) to work on /opt/airflow/dags/silver_to_gold_feature_engineering.py
[2025-04-28T15:38:46.200+0000] {processor.py:830} INFO - Processing file /opt/airflow/dags/silver_to_gold_feature_engineering.py for tasks to queue
[2025-04-28T15:38:46.202+0000] {logging_mixin.py:188} INFO - [2025-04-28T15:38:46.202+0000] {dagbag.py:540} INFO - Filling up the DagBag from /opt/airflow/dags/silver_to_gold_feature_engineering.py
[2025-04-28T15:38:46.350+0000] {processor.py:840} INFO - DAG(s) 'silver_to_gold_feature_engineering' retrieved from /opt/airflow/dags/silver_to_gold_feature_engineering.py
[2025-04-28T15:38:46.364+0000] {logging_mixin.py:188} INFO - [2025-04-28T15:38:46.364+0000] {dag.py:3096} INFO - Sync 1 DAGs
[2025-04-28T15:38:46.370+0000] {logging_mixin.py:188} INFO - [2025-04-28T15:38:46.370+0000] {dag.py:3954} INFO - Setting next_dagrun for silver_to_gold_feature_engineering to None, run_after=None
[2025-04-28T15:38:46.382+0000] {processor.py:183} INFO - Processing /opt/airflow/dags/silver_to_gold_feature_engineering.py took 0.191 seconds
[2025-04-28T15:39:16.925+0000] {processor.py:161} INFO - Started process (PID=6207) to work on /opt/airflow/dags/silver_to_gold_feature_engineering.py
[2025-04-28T15:39:16.926+0000] {processor.py:830} INFO - Processing file /opt/airflow/dags/silver_to_gold_feature_engineering.py for tasks to queue
[2025-04-28T15:39:16.928+0000] {logging_mixin.py:188} INFO - [2025-04-28T15:39:16.928+0000] {dagbag.py:540} INFO - Filling up the DagBag from /opt/airflow/dags/silver_to_gold_feature_engineering.py
[2025-04-28T15:39:17.080+0000] {processor.py:840} INFO - DAG(s) 'silver_to_gold_feature_engineering' retrieved from /opt/airflow/dags/silver_to_gold_feature_engineering.py
[2025-04-28T15:39:17.094+0000] {logging_mixin.py:188} INFO - [2025-04-28T15:39:17.093+0000] {dag.py:3096} INFO - Sync 1 DAGs
[2025-04-28T15:39:17.100+0000] {logging_mixin.py:188} INFO - [2025-04-28T15:39:17.100+0000] {dag.py:3954} INFO - Setting next_dagrun for silver_to_gold_feature_engineering to None, run_after=None
[2025-04-28T15:39:17.115+0000] {processor.py:183} INFO - Processing /opt/airflow/dags/silver_to_gold_feature_engineering.py took 0.197 seconds
[2025-04-28T15:39:47.725+0000] {processor.py:161} INFO - Started process (PID=6242) to work on /opt/airflow/dags/silver_to_gold_feature_engineering.py
[2025-04-28T15:39:47.725+0000] {processor.py:830} INFO - Processing file /opt/airflow/dags/silver_to_gold_feature_engineering.py for tasks to queue
[2025-04-28T15:39:47.727+0000] {logging_mixin.py:188} INFO - [2025-04-28T15:39:47.727+0000] {dagbag.py:540} INFO - Filling up the DagBag from /opt/airflow/dags/silver_to_gold_feature_engineering.py
[2025-04-28T15:39:47.877+0000] {processor.py:840} INFO - DAG(s) 'silver_to_gold_feature_engineering' retrieved from /opt/airflow/dags/silver_to_gold_feature_engineering.py
[2025-04-28T15:39:47.892+0000] {logging_mixin.py:188} INFO - [2025-04-28T15:39:47.892+0000] {dag.py:3096} INFO - Sync 1 DAGs
[2025-04-28T15:39:47.902+0000] {logging_mixin.py:188} INFO - [2025-04-28T15:39:47.902+0000] {dag.py:3954} INFO - Setting next_dagrun for silver_to_gold_feature_engineering to None, run_after=None
[2025-04-28T15:39:47.914+0000] {processor.py:183} INFO - Processing /opt/airflow/dags/silver_to_gold_feature_engineering.py took 0.195 seconds
[2025-04-28T15:40:18.415+0000] {processor.py:161} INFO - Started process (PID=6277) to work on /opt/airflow/dags/silver_to_gold_feature_engineering.py
[2025-04-28T15:40:18.418+0000] {processor.py:830} INFO - Processing file /opt/airflow/dags/silver_to_gold_feature_engineering.py for tasks to queue
[2025-04-28T15:40:18.419+0000] {logging_mixin.py:188} INFO - [2025-04-28T15:40:18.419+0000] {dagbag.py:540} INFO - Filling up the DagBag from /opt/airflow/dags/silver_to_gold_feature_engineering.py
[2025-04-28T15:40:18.561+0000] {processor.py:840} INFO - DAG(s) 'silver_to_gold_feature_engineering' retrieved from /opt/airflow/dags/silver_to_gold_feature_engineering.py
[2025-04-28T15:40:18.579+0000] {logging_mixin.py:188} INFO - [2025-04-28T15:40:18.579+0000] {dag.py:3096} INFO - Sync 1 DAGs
[2025-04-28T15:40:18.586+0000] {logging_mixin.py:188} INFO - [2025-04-28T15:40:18.586+0000] {dag.py:3954} INFO - Setting next_dagrun for silver_to_gold_feature_engineering to None, run_after=None
[2025-04-28T15:40:18.597+0000] {processor.py:183} INFO - Processing /opt/airflow/dags/silver_to_gold_feature_engineering.py took 0.186 seconds
[2025-04-28T15:40:49.156+0000] {processor.py:161} INFO - Started process (PID=6312) to work on /opt/airflow/dags/silver_to_gold_feature_engineering.py
[2025-04-28T15:40:49.157+0000] {processor.py:830} INFO - Processing file /opt/airflow/dags/silver_to_gold_feature_engineering.py for tasks to queue
[2025-04-28T15:40:49.158+0000] {logging_mixin.py:188} INFO - [2025-04-28T15:40:49.157+0000] {dagbag.py:540} INFO - Filling up the DagBag from /opt/airflow/dags/silver_to_gold_feature_engineering.py
[2025-04-28T15:40:49.305+0000] {processor.py:840} INFO - DAG(s) 'silver_to_gold_feature_engineering' retrieved from /opt/airflow/dags/silver_to_gold_feature_engineering.py
[2025-04-28T15:40:49.320+0000] {logging_mixin.py:188} INFO - [2025-04-28T15:40:49.319+0000] {dag.py:3096} INFO - Sync 1 DAGs
[2025-04-28T15:40:49.325+0000] {logging_mixin.py:188} INFO - [2025-04-28T15:40:49.325+0000] {dag.py:3954} INFO - Setting next_dagrun for silver_to_gold_feature_engineering to None, run_after=None
[2025-04-28T15:40:49.336+0000] {processor.py:183} INFO - Processing /opt/airflow/dags/silver_to_gold_feature_engineering.py took 0.185 seconds
[2025-04-28T15:41:19.880+0000] {processor.py:161} INFO - Started process (PID=6347) to work on /opt/airflow/dags/silver_to_gold_feature_engineering.py
[2025-04-28T15:41:19.885+0000] {processor.py:830} INFO - Processing file /opt/airflow/dags/silver_to_gold_feature_engineering.py for tasks to queue
[2025-04-28T15:41:19.887+0000] {logging_mixin.py:188} INFO - [2025-04-28T15:41:19.886+0000] {dagbag.py:540} INFO - Filling up the DagBag from /opt/airflow/dags/silver_to_gold_feature_engineering.py
[2025-04-28T15:41:20.029+0000] {processor.py:840} INFO - DAG(s) 'silver_to_gold_feature_engineering' retrieved from /opt/airflow/dags/silver_to_gold_feature_engineering.py
[2025-04-28T15:41:20.043+0000] {logging_mixin.py:188} INFO - [2025-04-28T15:41:20.042+0000] {dag.py:3096} INFO - Sync 1 DAGs
[2025-04-28T15:41:20.049+0000] {logging_mixin.py:188} INFO - [2025-04-28T15:41:20.049+0000] {dag.py:3954} INFO - Setting next_dagrun for silver_to_gold_feature_engineering to None, run_after=None
[2025-04-28T15:41:20.061+0000] {processor.py:183} INFO - Processing /opt/airflow/dags/silver_to_gold_feature_engineering.py took 0.188 seconds
[2025-04-28T15:41:50.737+0000] {processor.py:161} INFO - Started process (PID=6382) to work on /opt/airflow/dags/silver_to_gold_feature_engineering.py
[2025-04-28T15:41:50.738+0000] {processor.py:830} INFO - Processing file /opt/airflow/dags/silver_to_gold_feature_engineering.py for tasks to queue
[2025-04-28T15:41:50.739+0000] {logging_mixin.py:188} INFO - [2025-04-28T15:41:50.739+0000] {dagbag.py:540} INFO - Filling up the DagBag from /opt/airflow/dags/silver_to_gold_feature_engineering.py
[2025-04-28T15:41:50.891+0000] {processor.py:840} INFO - DAG(s) 'silver_to_gold_feature_engineering' retrieved from /opt/airflow/dags/silver_to_gold_feature_engineering.py
[2025-04-28T15:41:50.906+0000] {logging_mixin.py:188} INFO - [2025-04-28T15:41:50.905+0000] {dag.py:3096} INFO - Sync 1 DAGs
[2025-04-28T15:41:50.911+0000] {logging_mixin.py:188} INFO - [2025-04-28T15:41:50.911+0000] {dag.py:3954} INFO - Setting next_dagrun for silver_to_gold_feature_engineering to None, run_after=None
[2025-04-28T15:41:50.922+0000] {processor.py:183} INFO - Processing /opt/airflow/dags/silver_to_gold_feature_engineering.py took 0.191 seconds
[2025-04-28T15:42:21.441+0000] {processor.py:161} INFO - Started process (PID=6417) to work on /opt/airflow/dags/silver_to_gold_feature_engineering.py
[2025-04-28T15:42:21.442+0000] {processor.py:830} INFO - Processing file /opt/airflow/dags/silver_to_gold_feature_engineering.py for tasks to queue
[2025-04-28T15:42:21.443+0000] {logging_mixin.py:188} INFO - [2025-04-28T15:42:21.443+0000] {dagbag.py:540} INFO - Filling up the DagBag from /opt/airflow/dags/silver_to_gold_feature_engineering.py
[2025-04-28T15:42:21.590+0000] {processor.py:840} INFO - DAG(s) 'silver_to_gold_feature_engineering' retrieved from /opt/airflow/dags/silver_to_gold_feature_engineering.py
[2025-04-28T15:42:21.606+0000] {logging_mixin.py:188} INFO - [2025-04-28T15:42:21.606+0000] {dag.py:3096} INFO - Sync 1 DAGs
[2025-04-28T15:42:21.614+0000] {logging_mixin.py:188} INFO - [2025-04-28T15:42:21.614+0000] {dag.py:3954} INFO - Setting next_dagrun for silver_to_gold_feature_engineering to None, run_after=None
[2025-04-28T15:42:21.625+0000] {processor.py:183} INFO - Processing /opt/airflow/dags/silver_to_gold_feature_engineering.py took 0.191 seconds
[2025-04-28T15:42:52.234+0000] {processor.py:161} INFO - Started process (PID=6452) to work on /opt/airflow/dags/silver_to_gold_feature_engineering.py
[2025-04-28T15:42:52.235+0000] {processor.py:830} INFO - Processing file /opt/airflow/dags/silver_to_gold_feature_engineering.py for tasks to queue
[2025-04-28T15:42:52.236+0000] {logging_mixin.py:188} INFO - [2025-04-28T15:42:52.236+0000] {dagbag.py:540} INFO - Filling up the DagBag from /opt/airflow/dags/silver_to_gold_feature_engineering.py
[2025-04-28T15:42:52.385+0000] {processor.py:840} INFO - DAG(s) 'silver_to_gold_feature_engineering' retrieved from /opt/airflow/dags/silver_to_gold_feature_engineering.py
[2025-04-28T15:42:52.402+0000] {logging_mixin.py:188} INFO - [2025-04-28T15:42:52.402+0000] {dag.py:3096} INFO - Sync 1 DAGs
[2025-04-28T15:42:52.408+0000] {logging_mixin.py:188} INFO - [2025-04-28T15:42:52.408+0000] {dag.py:3954} INFO - Setting next_dagrun for silver_to_gold_feature_engineering to None, run_after=None
[2025-04-28T15:42:52.419+0000] {processor.py:183} INFO - Processing /opt/airflow/dags/silver_to_gold_feature_engineering.py took 0.191 seconds
[2025-04-28T15:43:22.908+0000] {processor.py:161} INFO - Started process (PID=6487) to work on /opt/airflow/dags/silver_to_gold_feature_engineering.py
[2025-04-28T15:43:22.908+0000] {processor.py:830} INFO - Processing file /opt/airflow/dags/silver_to_gold_feature_engineering.py for tasks to queue
[2025-04-28T15:43:22.910+0000] {logging_mixin.py:188} INFO - [2025-04-28T15:43:22.910+0000] {dagbag.py:540} INFO - Filling up the DagBag from /opt/airflow/dags/silver_to_gold_feature_engineering.py
[2025-04-28T15:43:23.065+0000] {processor.py:840} INFO - DAG(s) 'silver_to_gold_feature_engineering' retrieved from /opt/airflow/dags/silver_to_gold_feature_engineering.py
[2025-04-28T15:43:23.081+0000] {logging_mixin.py:188} INFO - [2025-04-28T15:43:23.080+0000] {dag.py:3096} INFO - Sync 1 DAGs
[2025-04-28T15:43:23.086+0000] {logging_mixin.py:188} INFO - [2025-04-28T15:43:23.086+0000] {dag.py:3954} INFO - Setting next_dagrun for silver_to_gold_feature_engineering to None, run_after=None
[2025-04-28T15:43:23.098+0000] {processor.py:183} INFO - Processing /opt/airflow/dags/silver_to_gold_feature_engineering.py took 0.195 seconds
[2025-04-28T15:43:53.646+0000] {processor.py:161} INFO - Started process (PID=6522) to work on /opt/airflow/dags/silver_to_gold_feature_engineering.py
[2025-04-28T15:43:53.646+0000] {processor.py:830} INFO - Processing file /opt/airflow/dags/silver_to_gold_feature_engineering.py for tasks to queue
[2025-04-28T15:43:53.649+0000] {logging_mixin.py:188} INFO - [2025-04-28T15:43:53.649+0000] {dagbag.py:540} INFO - Filling up the DagBag from /opt/airflow/dags/silver_to_gold_feature_engineering.py
[2025-04-28T15:43:53.813+0000] {processor.py:840} INFO - DAG(s) 'silver_to_gold_feature_engineering' retrieved from /opt/airflow/dags/silver_to_gold_feature_engineering.py
[2025-04-28T15:43:53.827+0000] {logging_mixin.py:188} INFO - [2025-04-28T15:43:53.827+0000] {dag.py:3096} INFO - Sync 1 DAGs
[2025-04-28T15:43:53.836+0000] {logging_mixin.py:188} INFO - [2025-04-28T15:43:53.836+0000] {dag.py:3954} INFO - Setting next_dagrun for silver_to_gold_feature_engineering to None, run_after=None
[2025-04-28T15:43:53.849+0000] {processor.py:183} INFO - Processing /opt/airflow/dags/silver_to_gold_feature_engineering.py took 0.209 seconds
[2025-04-28T15:44:24.437+0000] {processor.py:161} INFO - Started process (PID=6557) to work on /opt/airflow/dags/silver_to_gold_feature_engineering.py
[2025-04-28T15:44:24.438+0000] {processor.py:830} INFO - Processing file /opt/airflow/dags/silver_to_gold_feature_engineering.py for tasks to queue
[2025-04-28T15:44:24.440+0000] {logging_mixin.py:188} INFO - [2025-04-28T15:44:24.440+0000] {dagbag.py:540} INFO - Filling up the DagBag from /opt/airflow/dags/silver_to_gold_feature_engineering.py
[2025-04-28T15:44:24.585+0000] {processor.py:840} INFO - DAG(s) 'silver_to_gold_feature_engineering' retrieved from /opt/airflow/dags/silver_to_gold_feature_engineering.py
[2025-04-28T15:44:24.603+0000] {logging_mixin.py:188} INFO - [2025-04-28T15:44:24.603+0000] {dag.py:3096} INFO - Sync 1 DAGs
[2025-04-28T15:44:24.612+0000] {logging_mixin.py:188} INFO - [2025-04-28T15:44:24.612+0000] {dag.py:3954} INFO - Setting next_dagrun for silver_to_gold_feature_engineering to None, run_after=None
[2025-04-28T15:44:24.622+0000] {processor.py:183} INFO - Processing /opt/airflow/dags/silver_to_gold_feature_engineering.py took 0.189 seconds
[2025-04-28T15:44:55.193+0000] {processor.py:161} INFO - Started process (PID=6592) to work on /opt/airflow/dags/silver_to_gold_feature_engineering.py
[2025-04-28T15:44:55.197+0000] {processor.py:830} INFO - Processing file /opt/airflow/dags/silver_to_gold_feature_engineering.py for tasks to queue
[2025-04-28T15:44:55.201+0000] {logging_mixin.py:188} INFO - [2025-04-28T15:44:55.200+0000] {dagbag.py:540} INFO - Filling up the DagBag from /opt/airflow/dags/silver_to_gold_feature_engineering.py
[2025-04-28T15:44:55.358+0000] {processor.py:840} INFO - DAG(s) 'silver_to_gold_feature_engineering' retrieved from /opt/airflow/dags/silver_to_gold_feature_engineering.py
[2025-04-28T15:44:55.373+0000] {logging_mixin.py:188} INFO - [2025-04-28T15:44:55.373+0000] {dag.py:3096} INFO - Sync 1 DAGs
[2025-04-28T15:44:55.380+0000] {logging_mixin.py:188} INFO - [2025-04-28T15:44:55.380+0000] {dag.py:3954} INFO - Setting next_dagrun for silver_to_gold_feature_engineering to None, run_after=None
[2025-04-28T15:44:55.394+0000] {processor.py:183} INFO - Processing /opt/airflow/dags/silver_to_gold_feature_engineering.py took 0.208 seconds
[2025-04-28T15:45:25.978+0000] {processor.py:161} INFO - Started process (PID=6627) to work on /opt/airflow/dags/silver_to_gold_feature_engineering.py
[2025-04-28T15:45:25.979+0000] {processor.py:830} INFO - Processing file /opt/airflow/dags/silver_to_gold_feature_engineering.py for tasks to queue
[2025-04-28T15:45:25.980+0000] {logging_mixin.py:188} INFO - [2025-04-28T15:45:25.980+0000] {dagbag.py:540} INFO - Filling up the DagBag from /opt/airflow/dags/silver_to_gold_feature_engineering.py
[2025-04-28T15:45:26.126+0000] {processor.py:840} INFO - DAG(s) 'silver_to_gold_feature_engineering' retrieved from /opt/airflow/dags/silver_to_gold_feature_engineering.py
[2025-04-28T15:45:26.146+0000] {logging_mixin.py:188} INFO - [2025-04-28T15:45:26.145+0000] {dag.py:3096} INFO - Sync 1 DAGs
[2025-04-28T15:45:26.152+0000] {logging_mixin.py:188} INFO - [2025-04-28T15:45:26.152+0000] {dag.py:3954} INFO - Setting next_dagrun for silver_to_gold_feature_engineering to None, run_after=None
[2025-04-28T15:45:26.164+0000] {processor.py:183} INFO - Processing /opt/airflow/dags/silver_to_gold_feature_engineering.py took 0.193 seconds
[2025-04-28T15:45:56.743+0000] {processor.py:161} INFO - Started process (PID=6662) to work on /opt/airflow/dags/silver_to_gold_feature_engineering.py
[2025-04-28T15:45:56.744+0000] {processor.py:830} INFO - Processing file /opt/airflow/dags/silver_to_gold_feature_engineering.py for tasks to queue
[2025-04-28T15:45:56.745+0000] {logging_mixin.py:188} INFO - [2025-04-28T15:45:56.745+0000] {dagbag.py:540} INFO - Filling up the DagBag from /opt/airflow/dags/silver_to_gold_feature_engineering.py
[2025-04-28T15:45:56.898+0000] {processor.py:840} INFO - DAG(s) 'silver_to_gold_feature_engineering' retrieved from /opt/airflow/dags/silver_to_gold_feature_engineering.py
[2025-04-28T15:45:56.912+0000] {logging_mixin.py:188} INFO - [2025-04-28T15:45:56.912+0000] {dag.py:3096} INFO - Sync 1 DAGs
[2025-04-28T15:45:56.918+0000] {logging_mixin.py:188} INFO - [2025-04-28T15:45:56.918+0000] {dag.py:3954} INFO - Setting next_dagrun for silver_to_gold_feature_engineering to None, run_after=None
[2025-04-28T15:45:56.930+0000] {processor.py:183} INFO - Processing /opt/airflow/dags/silver_to_gold_feature_engineering.py took 0.194 seconds
[2025-04-28T15:46:27.466+0000] {processor.py:161} INFO - Started process (PID=6697) to work on /opt/airflow/dags/silver_to_gold_feature_engineering.py
[2025-04-28T15:46:27.466+0000] {processor.py:830} INFO - Processing file /opt/airflow/dags/silver_to_gold_feature_engineering.py for tasks to queue
[2025-04-28T15:46:27.468+0000] {logging_mixin.py:188} INFO - [2025-04-28T15:46:27.468+0000] {dagbag.py:540} INFO - Filling up the DagBag from /opt/airflow/dags/silver_to_gold_feature_engineering.py
[2025-04-28T15:46:27.613+0000] {processor.py:840} INFO - DAG(s) 'silver_to_gold_feature_engineering' retrieved from /opt/airflow/dags/silver_to_gold_feature_engineering.py
[2025-04-28T15:46:27.627+0000] {logging_mixin.py:188} INFO - [2025-04-28T15:46:27.627+0000] {dag.py:3096} INFO - Sync 1 DAGs
[2025-04-28T15:46:27.633+0000] {logging_mixin.py:188} INFO - [2025-04-28T15:46:27.633+0000] {dag.py:3954} INFO - Setting next_dagrun for silver_to_gold_feature_engineering to None, run_after=None
[2025-04-28T15:46:27.645+0000] {processor.py:183} INFO - Processing /opt/airflow/dags/silver_to_gold_feature_engineering.py took 0.185 seconds
[2025-04-28T15:46:58.261+0000] {processor.py:161} INFO - Started process (PID=6732) to work on /opt/airflow/dags/silver_to_gold_feature_engineering.py
[2025-04-28T15:46:58.263+0000] {processor.py:830} INFO - Processing file /opt/airflow/dags/silver_to_gold_feature_engineering.py for tasks to queue
[2025-04-28T15:46:58.265+0000] {logging_mixin.py:188} INFO - [2025-04-28T15:46:58.265+0000] {dagbag.py:540} INFO - Filling up the DagBag from /opt/airflow/dags/silver_to_gold_feature_engineering.py
[2025-04-28T15:46:58.417+0000] {processor.py:840} INFO - DAG(s) 'silver_to_gold_feature_engineering' retrieved from /opt/airflow/dags/silver_to_gold_feature_engineering.py
[2025-04-28T15:46:58.434+0000] {logging_mixin.py:188} INFO - [2025-04-28T15:46:58.434+0000] {dag.py:3096} INFO - Sync 1 DAGs
[2025-04-28T15:46:58.441+0000] {logging_mixin.py:188} INFO - [2025-04-28T15:46:58.441+0000] {dag.py:3954} INFO - Setting next_dagrun for silver_to_gold_feature_engineering to None, run_after=None
[2025-04-28T15:46:58.454+0000] {processor.py:183} INFO - Processing /opt/airflow/dags/silver_to_gold_feature_engineering.py took 0.197 seconds
[2025-04-28T15:47:29.017+0000] {processor.py:161} INFO - Started process (PID=6767) to work on /opt/airflow/dags/silver_to_gold_feature_engineering.py
[2025-04-28T15:47:29.018+0000] {processor.py:830} INFO - Processing file /opt/airflow/dags/silver_to_gold_feature_engineering.py for tasks to queue
[2025-04-28T15:47:29.020+0000] {logging_mixin.py:188} INFO - [2025-04-28T15:47:29.019+0000] {dagbag.py:540} INFO - Filling up the DagBag from /opt/airflow/dags/silver_to_gold_feature_engineering.py
[2025-04-28T15:47:29.169+0000] {processor.py:840} INFO - DAG(s) 'silver_to_gold_feature_engineering' retrieved from /opt/airflow/dags/silver_to_gold_feature_engineering.py
[2025-04-28T15:47:29.185+0000] {logging_mixin.py:188} INFO - [2025-04-28T15:47:29.185+0000] {dag.py:3096} INFO - Sync 1 DAGs
[2025-04-28T15:47:29.193+0000] {logging_mixin.py:188} INFO - [2025-04-28T15:47:29.193+0000] {dag.py:3954} INFO - Setting next_dagrun for silver_to_gold_feature_engineering to None, run_after=None
[2025-04-28T15:47:29.204+0000] {processor.py:183} INFO - Processing /opt/airflow/dags/silver_to_gold_feature_engineering.py took 0.193 seconds
[2025-04-28T15:47:59.785+0000] {processor.py:161} INFO - Started process (PID=6802) to work on /opt/airflow/dags/silver_to_gold_feature_engineering.py
[2025-04-28T15:47:59.786+0000] {processor.py:830} INFO - Processing file /opt/airflow/dags/silver_to_gold_feature_engineering.py for tasks to queue
[2025-04-28T15:47:59.787+0000] {logging_mixin.py:188} INFO - [2025-04-28T15:47:59.787+0000] {dagbag.py:540} INFO - Filling up the DagBag from /opt/airflow/dags/silver_to_gold_feature_engineering.py
[2025-04-28T15:47:59.940+0000] {processor.py:840} INFO - DAG(s) 'silver_to_gold_feature_engineering' retrieved from /opt/airflow/dags/silver_to_gold_feature_engineering.py
[2025-04-28T15:47:59.955+0000] {logging_mixin.py:188} INFO - [2025-04-28T15:47:59.955+0000] {dag.py:3096} INFO - Sync 1 DAGs
[2025-04-28T15:47:59.961+0000] {logging_mixin.py:188} INFO - [2025-04-28T15:47:59.961+0000] {dag.py:3954} INFO - Setting next_dagrun for silver_to_gold_feature_engineering to None, run_after=None
[2025-04-28T15:47:59.977+0000] {processor.py:183} INFO - Processing /opt/airflow/dags/silver_to_gold_feature_engineering.py took 0.197 seconds
[2025-04-28T15:48:30.568+0000] {processor.py:161} INFO - Started process (PID=6837) to work on /opt/airflow/dags/silver_to_gold_feature_engineering.py
[2025-04-28T15:48:30.569+0000] {processor.py:830} INFO - Processing file /opt/airflow/dags/silver_to_gold_feature_engineering.py for tasks to queue
[2025-04-28T15:48:30.571+0000] {logging_mixin.py:188} INFO - [2025-04-28T15:48:30.570+0000] {dagbag.py:540} INFO - Filling up the DagBag from /opt/airflow/dags/silver_to_gold_feature_engineering.py
[2025-04-28T15:48:30.721+0000] {processor.py:840} INFO - DAG(s) 'silver_to_gold_feature_engineering' retrieved from /opt/airflow/dags/silver_to_gold_feature_engineering.py
[2025-04-28T15:48:30.735+0000] {logging_mixin.py:188} INFO - [2025-04-28T15:48:30.735+0000] {dag.py:3096} INFO - Sync 1 DAGs
[2025-04-28T15:48:30.741+0000] {logging_mixin.py:188} INFO - [2025-04-28T15:48:30.741+0000] {dag.py:3954} INFO - Setting next_dagrun for silver_to_gold_feature_engineering to None, run_after=None
[2025-04-28T15:48:30.754+0000] {processor.py:183} INFO - Processing /opt/airflow/dags/silver_to_gold_feature_engineering.py took 0.192 seconds
[2025-04-28T15:49:01.355+0000] {processor.py:161} INFO - Started process (PID=6872) to work on /opt/airflow/dags/silver_to_gold_feature_engineering.py
[2025-04-28T15:49:01.356+0000] {processor.py:830} INFO - Processing file /opt/airflow/dags/silver_to_gold_feature_engineering.py for tasks to queue
[2025-04-28T15:49:01.357+0000] {logging_mixin.py:188} INFO - [2025-04-28T15:49:01.357+0000] {dagbag.py:540} INFO - Filling up the DagBag from /opt/airflow/dags/silver_to_gold_feature_engineering.py
[2025-04-28T15:49:01.503+0000] {processor.py:840} INFO - DAG(s) 'silver_to_gold_feature_engineering' retrieved from /opt/airflow/dags/silver_to_gold_feature_engineering.py
[2025-04-28T15:49:01.517+0000] {logging_mixin.py:188} INFO - [2025-04-28T15:49:01.517+0000] {dag.py:3096} INFO - Sync 1 DAGs
[2025-04-28T15:49:01.524+0000] {logging_mixin.py:188} INFO - [2025-04-28T15:49:01.524+0000] {dag.py:3954} INFO - Setting next_dagrun for silver_to_gold_feature_engineering to None, run_after=None
[2025-04-28T15:49:01.535+0000] {processor.py:183} INFO - Processing /opt/airflow/dags/silver_to_gold_feature_engineering.py took 0.186 seconds
[2025-04-28T15:49:32.096+0000] {processor.py:161} INFO - Started process (PID=6907) to work on /opt/airflow/dags/silver_to_gold_feature_engineering.py
[2025-04-28T15:49:32.097+0000] {processor.py:830} INFO - Processing file /opt/airflow/dags/silver_to_gold_feature_engineering.py for tasks to queue
[2025-04-28T15:49:32.099+0000] {logging_mixin.py:188} INFO - [2025-04-28T15:49:32.098+0000] {dagbag.py:540} INFO - Filling up the DagBag from /opt/airflow/dags/silver_to_gold_feature_engineering.py
[2025-04-28T15:49:32.247+0000] {processor.py:840} INFO - DAG(s) 'silver_to_gold_feature_engineering' retrieved from /opt/airflow/dags/silver_to_gold_feature_engineering.py
[2025-04-28T15:49:32.262+0000] {logging_mixin.py:188} INFO - [2025-04-28T15:49:32.262+0000] {dag.py:3096} INFO - Sync 1 DAGs
[2025-04-28T15:49:32.268+0000] {logging_mixin.py:188} INFO - [2025-04-28T15:49:32.268+0000] {dag.py:3954} INFO - Setting next_dagrun for silver_to_gold_feature_engineering to None, run_after=None
[2025-04-28T15:49:32.278+0000] {processor.py:183} INFO - Processing /opt/airflow/dags/silver_to_gold_feature_engineering.py took 0.188 seconds
[2025-04-28T15:50:02.842+0000] {processor.py:161} INFO - Started process (PID=6942) to work on /opt/airflow/dags/silver_to_gold_feature_engineering.py
[2025-04-28T15:50:02.843+0000] {processor.py:830} INFO - Processing file /opt/airflow/dags/silver_to_gold_feature_engineering.py for tasks to queue
[2025-04-28T15:50:02.845+0000] {logging_mixin.py:188} INFO - [2025-04-28T15:50:02.844+0000] {dagbag.py:540} INFO - Filling up the DagBag from /opt/airflow/dags/silver_to_gold_feature_engineering.py
[2025-04-28T15:50:02.993+0000] {processor.py:840} INFO - DAG(s) 'silver_to_gold_feature_engineering' retrieved from /opt/airflow/dags/silver_to_gold_feature_engineering.py
[2025-04-28T15:50:03.006+0000] {logging_mixin.py:188} INFO - [2025-04-28T15:50:03.006+0000] {dag.py:3096} INFO - Sync 1 DAGs
[2025-04-28T15:50:03.012+0000] {logging_mixin.py:188} INFO - [2025-04-28T15:50:03.012+0000] {dag.py:3954} INFO - Setting next_dagrun for silver_to_gold_feature_engineering to None, run_after=None
[2025-04-28T15:50:03.024+0000] {processor.py:183} INFO - Processing /opt/airflow/dags/silver_to_gold_feature_engineering.py took 0.188 seconds
[2025-04-28T15:50:33.561+0000] {processor.py:161} INFO - Started process (PID=6977) to work on /opt/airflow/dags/silver_to_gold_feature_engineering.py
[2025-04-28T15:50:33.562+0000] {processor.py:830} INFO - Processing file /opt/airflow/dags/silver_to_gold_feature_engineering.py for tasks to queue
[2025-04-28T15:50:33.565+0000] {logging_mixin.py:188} INFO - [2025-04-28T15:50:33.565+0000] {dagbag.py:540} INFO - Filling up the DagBag from /opt/airflow/dags/silver_to_gold_feature_engineering.py
[2025-04-28T15:50:33.712+0000] {processor.py:840} INFO - DAG(s) 'silver_to_gold_feature_engineering' retrieved from /opt/airflow/dags/silver_to_gold_feature_engineering.py
[2025-04-28T15:50:33.726+0000] {logging_mixin.py:188} INFO - [2025-04-28T15:50:33.726+0000] {dag.py:3096} INFO - Sync 1 DAGs
[2025-04-28T15:50:33.732+0000] {logging_mixin.py:188} INFO - [2025-04-28T15:50:33.732+0000] {dag.py:3954} INFO - Setting next_dagrun for silver_to_gold_feature_engineering to None, run_after=None
[2025-04-28T15:50:33.745+0000] {processor.py:183} INFO - Processing /opt/airflow/dags/silver_to_gold_feature_engineering.py took 0.191 seconds
[2025-04-28T15:51:04.378+0000] {processor.py:161} INFO - Started process (PID=7012) to work on /opt/airflow/dags/silver_to_gold_feature_engineering.py
[2025-04-28T15:51:04.379+0000] {processor.py:830} INFO - Processing file /opt/airflow/dags/silver_to_gold_feature_engineering.py for tasks to queue
[2025-04-28T15:51:04.381+0000] {logging_mixin.py:188} INFO - [2025-04-28T15:51:04.381+0000] {dagbag.py:540} INFO - Filling up the DagBag from /opt/airflow/dags/silver_to_gold_feature_engineering.py
[2025-04-28T15:51:04.524+0000] {processor.py:840} INFO - DAG(s) 'silver_to_gold_feature_engineering' retrieved from /opt/airflow/dags/silver_to_gold_feature_engineering.py
[2025-04-28T15:51:04.540+0000] {logging_mixin.py:188} INFO - [2025-04-28T15:51:04.540+0000] {dag.py:3096} INFO - Sync 1 DAGs
[2025-04-28T15:51:04.545+0000] {logging_mixin.py:188} INFO - [2025-04-28T15:51:04.545+0000] {dag.py:3954} INFO - Setting next_dagrun for silver_to_gold_feature_engineering to None, run_after=None
[2025-04-28T15:51:04.559+0000] {processor.py:183} INFO - Processing /opt/airflow/dags/silver_to_gold_feature_engineering.py took 0.189 seconds
[2025-04-28T15:51:35.140+0000] {processor.py:161} INFO - Started process (PID=7047) to work on /opt/airflow/dags/silver_to_gold_feature_engineering.py
[2025-04-28T15:51:35.141+0000] {processor.py:830} INFO - Processing file /opt/airflow/dags/silver_to_gold_feature_engineering.py for tasks to queue
[2025-04-28T15:51:35.142+0000] {logging_mixin.py:188} INFO - [2025-04-28T15:51:35.142+0000] {dagbag.py:540} INFO - Filling up the DagBag from /opt/airflow/dags/silver_to_gold_feature_engineering.py
[2025-04-28T15:51:35.290+0000] {processor.py:840} INFO - DAG(s) 'silver_to_gold_feature_engineering' retrieved from /opt/airflow/dags/silver_to_gold_feature_engineering.py
[2025-04-28T15:51:35.306+0000] {logging_mixin.py:188} INFO - [2025-04-28T15:51:35.305+0000] {dag.py:3096} INFO - Sync 1 DAGs
[2025-04-28T15:51:35.312+0000] {logging_mixin.py:188} INFO - [2025-04-28T15:51:35.311+0000] {dag.py:3954} INFO - Setting next_dagrun for silver_to_gold_feature_engineering to None, run_after=None
[2025-04-28T15:51:35.323+0000] {processor.py:183} INFO - Processing /opt/airflow/dags/silver_to_gold_feature_engineering.py took 0.187 seconds
[2025-04-28T15:52:05.905+0000] {processor.py:161} INFO - Started process (PID=7082) to work on /opt/airflow/dags/silver_to_gold_feature_engineering.py
[2025-04-28T15:52:05.906+0000] {processor.py:830} INFO - Processing file /opt/airflow/dags/silver_to_gold_feature_engineering.py for tasks to queue
[2025-04-28T15:52:05.907+0000] {logging_mixin.py:188} INFO - [2025-04-28T15:52:05.907+0000] {dagbag.py:540} INFO - Filling up the DagBag from /opt/airflow/dags/silver_to_gold_feature_engineering.py
[2025-04-28T15:52:06.053+0000] {processor.py:840} INFO - DAG(s) 'silver_to_gold_feature_engineering' retrieved from /opt/airflow/dags/silver_to_gold_feature_engineering.py
[2025-04-28T15:52:06.068+0000] {logging_mixin.py:188} INFO - [2025-04-28T15:52:06.067+0000] {dag.py:3096} INFO - Sync 1 DAGs
[2025-04-28T15:52:06.074+0000] {logging_mixin.py:188} INFO - [2025-04-28T15:52:06.074+0000] {dag.py:3954} INFO - Setting next_dagrun for silver_to_gold_feature_engineering to None, run_after=None
[2025-04-28T15:52:06.085+0000] {processor.py:183} INFO - Processing /opt/airflow/dags/silver_to_gold_feature_engineering.py took 0.185 seconds
[2025-04-28T15:52:36.669+0000] {processor.py:161} INFO - Started process (PID=7117) to work on /opt/airflow/dags/silver_to_gold_feature_engineering.py
[2025-04-28T15:52:36.669+0000] {processor.py:830} INFO - Processing file /opt/airflow/dags/silver_to_gold_feature_engineering.py for tasks to queue
[2025-04-28T15:52:36.671+0000] {logging_mixin.py:188} INFO - [2025-04-28T15:52:36.671+0000] {dagbag.py:540} INFO - Filling up the DagBag from /opt/airflow/dags/silver_to_gold_feature_engineering.py
[2025-04-28T15:52:36.819+0000] {processor.py:840} INFO - DAG(s) 'silver_to_gold_feature_engineering' retrieved from /opt/airflow/dags/silver_to_gold_feature_engineering.py
[2025-04-28T15:52:36.834+0000] {logging_mixin.py:188} INFO - [2025-04-28T15:52:36.834+0000] {dag.py:3096} INFO - Sync 1 DAGs
[2025-04-28T15:52:36.840+0000] {logging_mixin.py:188} INFO - [2025-04-28T15:52:36.840+0000] {dag.py:3954} INFO - Setting next_dagrun for silver_to_gold_feature_engineering to None, run_after=None
[2025-04-28T15:52:36.852+0000] {processor.py:183} INFO - Processing /opt/airflow/dags/silver_to_gold_feature_engineering.py took 0.188 seconds
[2025-04-28T15:53:07.395+0000] {processor.py:161} INFO - Started process (PID=7152) to work on /opt/airflow/dags/silver_to_gold_feature_engineering.py
[2025-04-28T15:53:07.396+0000] {processor.py:830} INFO - Processing file /opt/airflow/dags/silver_to_gold_feature_engineering.py for tasks to queue
[2025-04-28T15:53:07.398+0000] {logging_mixin.py:188} INFO - [2025-04-28T15:53:07.397+0000] {dagbag.py:540} INFO - Filling up the DagBag from /opt/airflow/dags/silver_to_gold_feature_engineering.py
[2025-04-28T15:53:07.560+0000] {processor.py:840} INFO - DAG(s) 'silver_to_gold_feature_engineering' retrieved from /opt/airflow/dags/silver_to_gold_feature_engineering.py
[2025-04-28T15:53:07.575+0000] {logging_mixin.py:188} INFO - [2025-04-28T15:53:07.575+0000] {dag.py:3096} INFO - Sync 1 DAGs
[2025-04-28T15:53:07.581+0000] {logging_mixin.py:188} INFO - [2025-04-28T15:53:07.580+0000] {dag.py:3954} INFO - Setting next_dagrun for silver_to_gold_feature_engineering to None, run_after=None
[2025-04-28T15:53:07.594+0000] {processor.py:183} INFO - Processing /opt/airflow/dags/silver_to_gold_feature_engineering.py took 0.206 seconds
[2025-04-28T15:53:38.157+0000] {processor.py:161} INFO - Started process (PID=7187) to work on /opt/airflow/dags/silver_to_gold_feature_engineering.py
[2025-04-28T15:53:38.158+0000] {processor.py:830} INFO - Processing file /opt/airflow/dags/silver_to_gold_feature_engineering.py for tasks to queue
[2025-04-28T15:53:38.161+0000] {logging_mixin.py:188} INFO - [2025-04-28T15:53:38.160+0000] {dagbag.py:540} INFO - Filling up the DagBag from /opt/airflow/dags/silver_to_gold_feature_engineering.py
[2025-04-28T15:53:38.312+0000] {processor.py:840} INFO - DAG(s) 'silver_to_gold_feature_engineering' retrieved from /opt/airflow/dags/silver_to_gold_feature_engineering.py
[2025-04-28T15:53:38.325+0000] {logging_mixin.py:188} INFO - [2025-04-28T15:53:38.325+0000] {dag.py:3096} INFO - Sync 1 DAGs
[2025-04-28T15:53:38.331+0000] {logging_mixin.py:188} INFO - [2025-04-28T15:53:38.331+0000] {dag.py:3954} INFO - Setting next_dagrun for silver_to_gold_feature_engineering to None, run_after=None
[2025-04-28T15:53:38.341+0000] {processor.py:183} INFO - Processing /opt/airflow/dags/silver_to_gold_feature_engineering.py took 0.191 seconds
[2025-04-28T15:54:08.897+0000] {processor.py:161} INFO - Started process (PID=7222) to work on /opt/airflow/dags/silver_to_gold_feature_engineering.py
[2025-04-28T15:54:08.897+0000] {processor.py:830} INFO - Processing file /opt/airflow/dags/silver_to_gold_feature_engineering.py for tasks to queue
[2025-04-28T15:54:08.899+0000] {logging_mixin.py:188} INFO - [2025-04-28T15:54:08.898+0000] {dagbag.py:540} INFO - Filling up the DagBag from /opt/airflow/dags/silver_to_gold_feature_engineering.py
[2025-04-28T15:54:09.045+0000] {processor.py:840} INFO - DAG(s) 'silver_to_gold_feature_engineering' retrieved from /opt/airflow/dags/silver_to_gold_feature_engineering.py
[2025-04-28T15:54:09.061+0000] {logging_mixin.py:188} INFO - [2025-04-28T15:54:09.061+0000] {dag.py:3096} INFO - Sync 1 DAGs
[2025-04-28T15:54:09.069+0000] {logging_mixin.py:188} INFO - [2025-04-28T15:54:09.069+0000] {dag.py:3954} INFO - Setting next_dagrun for silver_to_gold_feature_engineering to None, run_after=None
[2025-04-28T15:54:09.079+0000] {processor.py:183} INFO - Processing /opt/airflow/dags/silver_to_gold_feature_engineering.py took 0.188 seconds
[2025-04-28T15:54:39.719+0000] {processor.py:161} INFO - Started process (PID=7257) to work on /opt/airflow/dags/silver_to_gold_feature_engineering.py
[2025-04-28T15:54:39.720+0000] {processor.py:830} INFO - Processing file /opt/airflow/dags/silver_to_gold_feature_engineering.py for tasks to queue
[2025-04-28T15:54:39.722+0000] {logging_mixin.py:188} INFO - [2025-04-28T15:54:39.722+0000] {dagbag.py:540} INFO - Filling up the DagBag from /opt/airflow/dags/silver_to_gold_feature_engineering.py
[2025-04-28T15:54:39.871+0000] {processor.py:840} INFO - DAG(s) 'silver_to_gold_feature_engineering' retrieved from /opt/airflow/dags/silver_to_gold_feature_engineering.py
[2025-04-28T15:54:39.886+0000] {logging_mixin.py:188} INFO - [2025-04-28T15:54:39.885+0000] {dag.py:3096} INFO - Sync 1 DAGs
[2025-04-28T15:54:39.891+0000] {logging_mixin.py:188} INFO - [2025-04-28T15:54:39.891+0000] {dag.py:3954} INFO - Setting next_dagrun for silver_to_gold_feature_engineering to None, run_after=None
[2025-04-28T15:54:39.904+0000] {processor.py:183} INFO - Processing /opt/airflow/dags/silver_to_gold_feature_engineering.py took 0.192 seconds
[2025-04-28T15:55:10.485+0000] {processor.py:161} INFO - Started process (PID=7292) to work on /opt/airflow/dags/silver_to_gold_feature_engineering.py
[2025-04-28T15:55:10.486+0000] {processor.py:830} INFO - Processing file /opt/airflow/dags/silver_to_gold_feature_engineering.py for tasks to queue
[2025-04-28T15:55:10.488+0000] {logging_mixin.py:188} INFO - [2025-04-28T15:55:10.487+0000] {dagbag.py:540} INFO - Filling up the DagBag from /opt/airflow/dags/silver_to_gold_feature_engineering.py
[2025-04-28T15:55:10.638+0000] {processor.py:840} INFO - DAG(s) 'silver_to_gold_feature_engineering' retrieved from /opt/airflow/dags/silver_to_gold_feature_engineering.py
[2025-04-28T15:55:10.653+0000] {logging_mixin.py:188} INFO - [2025-04-28T15:55:10.653+0000] {dag.py:3096} INFO - Sync 1 DAGs
[2025-04-28T15:55:10.660+0000] {logging_mixin.py:188} INFO - [2025-04-28T15:55:10.660+0000] {dag.py:3954} INFO - Setting next_dagrun for silver_to_gold_feature_engineering to None, run_after=None
[2025-04-28T15:55:10.671+0000] {processor.py:183} INFO - Processing /opt/airflow/dags/silver_to_gold_feature_engineering.py took 0.190 seconds
[2025-04-28T15:55:41.231+0000] {processor.py:161} INFO - Started process (PID=7327) to work on /opt/airflow/dags/silver_to_gold_feature_engineering.py
[2025-04-28T15:55:41.232+0000] {processor.py:830} INFO - Processing file /opt/airflow/dags/silver_to_gold_feature_engineering.py for tasks to queue
[2025-04-28T15:55:41.233+0000] {logging_mixin.py:188} INFO - [2025-04-28T15:55:41.233+0000] {dagbag.py:540} INFO - Filling up the DagBag from /opt/airflow/dags/silver_to_gold_feature_engineering.py
[2025-04-28T15:55:41.383+0000] {processor.py:840} INFO - DAG(s) 'silver_to_gold_feature_engineering' retrieved from /opt/airflow/dags/silver_to_gold_feature_engineering.py
[2025-04-28T15:55:41.398+0000] {logging_mixin.py:188} INFO - [2025-04-28T15:55:41.398+0000] {dag.py:3096} INFO - Sync 1 DAGs
[2025-04-28T15:55:41.405+0000] {logging_mixin.py:188} INFO - [2025-04-28T15:55:41.405+0000] {dag.py:3954} INFO - Setting next_dagrun for silver_to_gold_feature_engineering to None, run_after=None
[2025-04-28T15:55:41.417+0000] {processor.py:183} INFO - Processing /opt/airflow/dags/silver_to_gold_feature_engineering.py took 0.194 seconds
[2025-04-28T15:56:12.061+0000] {processor.py:161} INFO - Started process (PID=7362) to work on /opt/airflow/dags/silver_to_gold_feature_engineering.py
[2025-04-28T15:56:12.063+0000] {processor.py:830} INFO - Processing file /opt/airflow/dags/silver_to_gold_feature_engineering.py for tasks to queue
[2025-04-28T15:56:12.065+0000] {logging_mixin.py:188} INFO - [2025-04-28T15:56:12.065+0000] {dagbag.py:540} INFO - Filling up the DagBag from /opt/airflow/dags/silver_to_gold_feature_engineering.py
[2025-04-28T15:56:12.221+0000] {processor.py:840} INFO - DAG(s) 'silver_to_gold_feature_engineering' retrieved from /opt/airflow/dags/silver_to_gold_feature_engineering.py
[2025-04-28T15:56:12.239+0000] {logging_mixin.py:188} INFO - [2025-04-28T15:56:12.239+0000] {dag.py:3096} INFO - Sync 1 DAGs
[2025-04-28T15:56:12.244+0000] {logging_mixin.py:188} INFO - [2025-04-28T15:56:12.244+0000] {dag.py:3954} INFO - Setting next_dagrun for silver_to_gold_feature_engineering to None, run_after=None
[2025-04-28T15:56:12.256+0000] {processor.py:183} INFO - Processing /opt/airflow/dags/silver_to_gold_feature_engineering.py took 0.200 seconds
[2025-04-28T15:56:42.851+0000] {processor.py:161} INFO - Started process (PID=7397) to work on /opt/airflow/dags/silver_to_gold_feature_engineering.py
[2025-04-28T15:56:42.852+0000] {processor.py:830} INFO - Processing file /opt/airflow/dags/silver_to_gold_feature_engineering.py for tasks to queue
[2025-04-28T15:56:42.853+0000] {logging_mixin.py:188} INFO - [2025-04-28T15:56:42.853+0000] {dagbag.py:540} INFO - Filling up the DagBag from /opt/airflow/dags/silver_to_gold_feature_engineering.py
[2025-04-28T15:56:42.998+0000] {processor.py:840} INFO - DAG(s) 'silver_to_gold_feature_engineering' retrieved from /opt/airflow/dags/silver_to_gold_feature_engineering.py
[2025-04-28T15:56:43.013+0000] {logging_mixin.py:188} INFO - [2025-04-28T15:56:43.012+0000] {dag.py:3096} INFO - Sync 1 DAGs
[2025-04-28T15:56:43.019+0000] {logging_mixin.py:188} INFO - [2025-04-28T15:56:43.018+0000] {dag.py:3954} INFO - Setting next_dagrun for silver_to_gold_feature_engineering to None, run_after=None
[2025-04-28T15:56:43.029+0000] {processor.py:183} INFO - Processing /opt/airflow/dags/silver_to_gold_feature_engineering.py took 0.183 seconds
[2025-04-28T15:57:13.636+0000] {processor.py:161} INFO - Started process (PID=7432) to work on /opt/airflow/dags/silver_to_gold_feature_engineering.py
[2025-04-28T15:57:13.638+0000] {processor.py:830} INFO - Processing file /opt/airflow/dags/silver_to_gold_feature_engineering.py for tasks to queue
[2025-04-28T15:57:13.640+0000] {logging_mixin.py:188} INFO - [2025-04-28T15:57:13.639+0000] {dagbag.py:540} INFO - Filling up the DagBag from /opt/airflow/dags/silver_to_gold_feature_engineering.py
[2025-04-28T15:57:13.790+0000] {processor.py:840} INFO - DAG(s) 'silver_to_gold_feature_engineering' retrieved from /opt/airflow/dags/silver_to_gold_feature_engineering.py
[2025-04-28T15:57:13.804+0000] {logging_mixin.py:188} INFO - [2025-04-28T15:57:13.803+0000] {dag.py:3096} INFO - Sync 1 DAGs
[2025-04-28T15:57:13.811+0000] {logging_mixin.py:188} INFO - [2025-04-28T15:57:13.811+0000] {dag.py:3954} INFO - Setting next_dagrun for silver_to_gold_feature_engineering to None, run_after=None
[2025-04-28T15:57:13.822+0000] {processor.py:183} INFO - Processing /opt/airflow/dags/silver_to_gold_feature_engineering.py took 0.194 seconds
[2025-04-28T15:57:44.377+0000] {processor.py:161} INFO - Started process (PID=7467) to work on /opt/airflow/dags/silver_to_gold_feature_engineering.py
[2025-04-28T15:57:44.378+0000] {processor.py:830} INFO - Processing file /opt/airflow/dags/silver_to_gold_feature_engineering.py for tasks to queue
[2025-04-28T15:57:44.380+0000] {logging_mixin.py:188} INFO - [2025-04-28T15:57:44.380+0000] {dagbag.py:540} INFO - Filling up the DagBag from /opt/airflow/dags/silver_to_gold_feature_engineering.py
[2025-04-28T15:57:44.530+0000] {processor.py:840} INFO - DAG(s) 'silver_to_gold_feature_engineering' retrieved from /opt/airflow/dags/silver_to_gold_feature_engineering.py
[2025-04-28T15:57:44.546+0000] {logging_mixin.py:188} INFO - [2025-04-28T15:57:44.546+0000] {dag.py:3096} INFO - Sync 1 DAGs
[2025-04-28T15:57:44.554+0000] {logging_mixin.py:188} INFO - [2025-04-28T15:57:44.553+0000] {dag.py:3954} INFO - Setting next_dagrun for silver_to_gold_feature_engineering to None, run_after=None
[2025-04-28T15:57:44.565+0000] {processor.py:183} INFO - Processing /opt/airflow/dags/silver_to_gold_feature_engineering.py took 0.194 seconds
[2025-04-28T15:58:15.128+0000] {processor.py:161} INFO - Started process (PID=7502) to work on /opt/airflow/dags/silver_to_gold_feature_engineering.py
[2025-04-28T15:58:15.129+0000] {processor.py:830} INFO - Processing file /opt/airflow/dags/silver_to_gold_feature_engineering.py for tasks to queue
[2025-04-28T15:58:15.131+0000] {logging_mixin.py:188} INFO - [2025-04-28T15:58:15.131+0000] {dagbag.py:540} INFO - Filling up the DagBag from /opt/airflow/dags/silver_to_gold_feature_engineering.py
[2025-04-28T15:58:15.274+0000] {processor.py:840} INFO - DAG(s) 'silver_to_gold_feature_engineering' retrieved from /opt/airflow/dags/silver_to_gold_feature_engineering.py
[2025-04-28T15:58:15.288+0000] {logging_mixin.py:188} INFO - [2025-04-28T15:58:15.287+0000] {dag.py:3096} INFO - Sync 1 DAGs
[2025-04-28T15:58:15.294+0000] {logging_mixin.py:188} INFO - [2025-04-28T15:58:15.293+0000] {dag.py:3954} INFO - Setting next_dagrun for silver_to_gold_feature_engineering to None, run_after=None
[2025-04-28T15:58:15.304+0000] {processor.py:183} INFO - Processing /opt/airflow/dags/silver_to_gold_feature_engineering.py took 0.183 seconds
[2025-04-28T15:58:45.912+0000] {processor.py:161} INFO - Started process (PID=7537) to work on /opt/airflow/dags/silver_to_gold_feature_engineering.py
[2025-04-28T15:58:45.912+0000] {processor.py:830} INFO - Processing file /opt/airflow/dags/silver_to_gold_feature_engineering.py for tasks to queue
[2025-04-28T15:58:45.914+0000] {logging_mixin.py:188} INFO - [2025-04-28T15:58:45.914+0000] {dagbag.py:540} INFO - Filling up the DagBag from /opt/airflow/dags/silver_to_gold_feature_engineering.py
[2025-04-28T15:58:46.064+0000] {processor.py:840} INFO - DAG(s) 'silver_to_gold_feature_engineering' retrieved from /opt/airflow/dags/silver_to_gold_feature_engineering.py
[2025-04-28T15:58:46.078+0000] {logging_mixin.py:188} INFO - [2025-04-28T15:58:46.078+0000] {dag.py:3096} INFO - Sync 1 DAGs
[2025-04-28T15:58:46.083+0000] {logging_mixin.py:188} INFO - [2025-04-28T15:58:46.083+0000] {dag.py:3954} INFO - Setting next_dagrun for silver_to_gold_feature_engineering to None, run_after=None
[2025-04-28T15:58:46.094+0000] {processor.py:183} INFO - Processing /opt/airflow/dags/silver_to_gold_feature_engineering.py took 0.187 seconds
[2025-04-28T15:59:16.661+0000] {processor.py:161} INFO - Started process (PID=7572) to work on /opt/airflow/dags/silver_to_gold_feature_engineering.py
[2025-04-28T15:59:16.661+0000] {processor.py:830} INFO - Processing file /opt/airflow/dags/silver_to_gold_feature_engineering.py for tasks to queue
[2025-04-28T15:59:16.663+0000] {logging_mixin.py:188} INFO - [2025-04-28T15:59:16.663+0000] {dagbag.py:540} INFO - Filling up the DagBag from /opt/airflow/dags/silver_to_gold_feature_engineering.py
[2025-04-28T15:59:16.814+0000] {processor.py:840} INFO - DAG(s) 'silver_to_gold_feature_engineering' retrieved from /opt/airflow/dags/silver_to_gold_feature_engineering.py
[2025-04-28T15:59:16.830+0000] {logging_mixin.py:188} INFO - [2025-04-28T15:59:16.830+0000] {dag.py:3096} INFO - Sync 1 DAGs
[2025-04-28T15:59:16.837+0000] {logging_mixin.py:188} INFO - [2025-04-28T15:59:16.837+0000] {dag.py:3954} INFO - Setting next_dagrun for silver_to_gold_feature_engineering to None, run_after=None
[2025-04-28T15:59:16.850+0000] {processor.py:183} INFO - Processing /opt/airflow/dags/silver_to_gold_feature_engineering.py took 0.195 seconds
[2025-04-28T15:59:47.466+0000] {processor.py:161} INFO - Started process (PID=7607) to work on /opt/airflow/dags/silver_to_gold_feature_engineering.py
[2025-04-28T15:59:47.466+0000] {processor.py:830} INFO - Processing file /opt/airflow/dags/silver_to_gold_feature_engineering.py for tasks to queue
[2025-04-28T15:59:47.468+0000] {logging_mixin.py:188} INFO - [2025-04-28T15:59:47.468+0000] {dagbag.py:540} INFO - Filling up the DagBag from /opt/airflow/dags/silver_to_gold_feature_engineering.py
[2025-04-28T15:59:47.611+0000] {processor.py:840} INFO - DAG(s) 'silver_to_gold_feature_engineering' retrieved from /opt/airflow/dags/silver_to_gold_feature_engineering.py
[2025-04-28T15:59:47.627+0000] {logging_mixin.py:188} INFO - [2025-04-28T15:59:47.627+0000] {dag.py:3096} INFO - Sync 1 DAGs
[2025-04-28T15:59:47.634+0000] {logging_mixin.py:188} INFO - [2025-04-28T15:59:47.634+0000] {dag.py:3954} INFO - Setting next_dagrun for silver_to_gold_feature_engineering to None, run_after=None
[2025-04-28T15:59:47.646+0000] {processor.py:183} INFO - Processing /opt/airflow/dags/silver_to_gold_feature_engineering.py took 0.185 seconds
[2025-04-28T16:00:18.211+0000] {processor.py:161} INFO - Started process (PID=7642) to work on /opt/airflow/dags/silver_to_gold_feature_engineering.py
[2025-04-28T16:00:18.212+0000] {processor.py:830} INFO - Processing file /opt/airflow/dags/silver_to_gold_feature_engineering.py for tasks to queue
[2025-04-28T16:00:18.213+0000] {logging_mixin.py:188} INFO - [2025-04-28T16:00:18.213+0000] {dagbag.py:540} INFO - Filling up the DagBag from /opt/airflow/dags/silver_to_gold_feature_engineering.py
[2025-04-28T16:00:18.361+0000] {processor.py:840} INFO - DAG(s) 'silver_to_gold_feature_engineering' retrieved from /opt/airflow/dags/silver_to_gold_feature_engineering.py
[2025-04-28T16:00:18.378+0000] {logging_mixin.py:188} INFO - [2025-04-28T16:00:18.378+0000] {dag.py:3096} INFO - Sync 1 DAGs
[2025-04-28T16:00:18.384+0000] {logging_mixin.py:188} INFO - [2025-04-28T16:00:18.384+0000] {dag.py:3954} INFO - Setting next_dagrun for silver_to_gold_feature_engineering to None, run_after=None
[2025-04-28T16:00:18.396+0000] {processor.py:183} INFO - Processing /opt/airflow/dags/silver_to_gold_feature_engineering.py took 0.191 seconds
[2025-04-28T16:00:48.979+0000] {processor.py:161} INFO - Started process (PID=7677) to work on /opt/airflow/dags/silver_to_gold_feature_engineering.py
[2025-04-28T16:00:48.980+0000] {processor.py:830} INFO - Processing file /opt/airflow/dags/silver_to_gold_feature_engineering.py for tasks to queue
[2025-04-28T16:00:48.981+0000] {logging_mixin.py:188} INFO - [2025-04-28T16:00:48.981+0000] {dagbag.py:540} INFO - Filling up the DagBag from /opt/airflow/dags/silver_to_gold_feature_engineering.py
[2025-04-28T16:00:49.129+0000] {processor.py:840} INFO - DAG(s) 'silver_to_gold_feature_engineering' retrieved from /opt/airflow/dags/silver_to_gold_feature_engineering.py
[2025-04-28T16:00:49.145+0000] {logging_mixin.py:188} INFO - [2025-04-28T16:00:49.145+0000] {dag.py:3096} INFO - Sync 1 DAGs
[2025-04-28T16:00:49.151+0000] {logging_mixin.py:188} INFO - [2025-04-28T16:00:49.151+0000] {dag.py:3954} INFO - Setting next_dagrun for silver_to_gold_feature_engineering to None, run_after=None
[2025-04-28T16:00:49.162+0000] {processor.py:183} INFO - Processing /opt/airflow/dags/silver_to_gold_feature_engineering.py took 0.189 seconds
[2025-04-28T16:01:19.744+0000] {processor.py:161} INFO - Started process (PID=7712) to work on /opt/airflow/dags/silver_to_gold_feature_engineering.py
[2025-04-28T16:01:19.745+0000] {processor.py:830} INFO - Processing file /opt/airflow/dags/silver_to_gold_feature_engineering.py for tasks to queue
[2025-04-28T16:01:19.748+0000] {logging_mixin.py:188} INFO - [2025-04-28T16:01:19.748+0000] {dagbag.py:540} INFO - Filling up the DagBag from /opt/airflow/dags/silver_to_gold_feature_engineering.py
[2025-04-28T16:01:19.894+0000] {processor.py:840} INFO - DAG(s) 'silver_to_gold_feature_engineering' retrieved from /opt/airflow/dags/silver_to_gold_feature_engineering.py
[2025-04-28T16:01:19.912+0000] {logging_mixin.py:188} INFO - [2025-04-28T16:01:19.911+0000] {dag.py:3096} INFO - Sync 1 DAGs
[2025-04-28T16:01:19.920+0000] {logging_mixin.py:188} INFO - [2025-04-28T16:01:19.920+0000] {dag.py:3954} INFO - Setting next_dagrun for silver_to_gold_feature_engineering to None, run_after=None
[2025-04-28T16:01:19.931+0000] {processor.py:183} INFO - Processing /opt/airflow/dags/silver_to_gold_feature_engineering.py took 0.196 seconds
[2025-04-28T16:01:50.499+0000] {processor.py:161} INFO - Started process (PID=7747) to work on /opt/airflow/dags/silver_to_gold_feature_engineering.py
[2025-04-28T16:01:50.500+0000] {processor.py:830} INFO - Processing file /opt/airflow/dags/silver_to_gold_feature_engineering.py for tasks to queue
[2025-04-28T16:01:50.502+0000] {logging_mixin.py:188} INFO - [2025-04-28T16:01:50.502+0000] {dagbag.py:540} INFO - Filling up the DagBag from /opt/airflow/dags/silver_to_gold_feature_engineering.py
[2025-04-28T16:01:50.644+0000] {processor.py:840} INFO - DAG(s) 'silver_to_gold_feature_engineering' retrieved from /opt/airflow/dags/silver_to_gold_feature_engineering.py
[2025-04-28T16:01:50.659+0000] {logging_mixin.py:188} INFO - [2025-04-28T16:01:50.659+0000] {dag.py:3096} INFO - Sync 1 DAGs
[2025-04-28T16:01:50.665+0000] {logging_mixin.py:188} INFO - [2025-04-28T16:01:50.665+0000] {dag.py:3954} INFO - Setting next_dagrun for silver_to_gold_feature_engineering to None, run_after=None
[2025-04-28T16:01:50.677+0000] {processor.py:183} INFO - Processing /opt/airflow/dags/silver_to_gold_feature_engineering.py took 0.184 seconds
[2025-04-28T16:02:21.285+0000] {processor.py:161} INFO - Started process (PID=7782) to work on /opt/airflow/dags/silver_to_gold_feature_engineering.py
[2025-04-28T16:02:21.285+0000] {processor.py:830} INFO - Processing file /opt/airflow/dags/silver_to_gold_feature_engineering.py for tasks to queue
[2025-04-28T16:02:21.287+0000] {logging_mixin.py:188} INFO - [2025-04-28T16:02:21.287+0000] {dagbag.py:540} INFO - Filling up the DagBag from /opt/airflow/dags/silver_to_gold_feature_engineering.py
[2025-04-28T16:02:21.433+0000] {processor.py:840} INFO - DAG(s) 'silver_to_gold_feature_engineering' retrieved from /opt/airflow/dags/silver_to_gold_feature_engineering.py
[2025-04-28T16:02:21.448+0000] {logging_mixin.py:188} INFO - [2025-04-28T16:02:21.448+0000] {dag.py:3096} INFO - Sync 1 DAGs
[2025-04-28T16:02:21.456+0000] {logging_mixin.py:188} INFO - [2025-04-28T16:02:21.456+0000] {dag.py:3954} INFO - Setting next_dagrun for silver_to_gold_feature_engineering to None, run_after=None
[2025-04-28T16:02:21.468+0000] {processor.py:183} INFO - Processing /opt/airflow/dags/silver_to_gold_feature_engineering.py took 0.190 seconds
[2025-04-28T16:02:52.080+0000] {processor.py:161} INFO - Started process (PID=7817) to work on /opt/airflow/dags/silver_to_gold_feature_engineering.py
[2025-04-28T16:02:52.080+0000] {processor.py:830} INFO - Processing file /opt/airflow/dags/silver_to_gold_feature_engineering.py for tasks to queue
[2025-04-28T16:02:52.082+0000] {logging_mixin.py:188} INFO - [2025-04-28T16:02:52.082+0000] {dagbag.py:540} INFO - Filling up the DagBag from /opt/airflow/dags/silver_to_gold_feature_engineering.py
[2025-04-28T16:02:52.225+0000] {processor.py:840} INFO - DAG(s) 'silver_to_gold_feature_engineering' retrieved from /opt/airflow/dags/silver_to_gold_feature_engineering.py
[2025-04-28T16:02:52.239+0000] {logging_mixin.py:188} INFO - [2025-04-28T16:02:52.239+0000] {dag.py:3096} INFO - Sync 1 DAGs
[2025-04-28T16:02:52.247+0000] {logging_mixin.py:188} INFO - [2025-04-28T16:02:52.246+0000] {dag.py:3954} INFO - Setting next_dagrun for silver_to_gold_feature_engineering to None, run_after=None
[2025-04-28T16:02:52.257+0000] {processor.py:183} INFO - Processing /opt/airflow/dags/silver_to_gold_feature_engineering.py took 0.181 seconds
[2025-04-28T16:03:22.809+0000] {processor.py:161} INFO - Started process (PID=7852) to work on /opt/airflow/dags/silver_to_gold_feature_engineering.py
[2025-04-28T16:03:22.810+0000] {processor.py:830} INFO - Processing file /opt/airflow/dags/silver_to_gold_feature_engineering.py for tasks to queue
[2025-04-28T16:03:22.811+0000] {logging_mixin.py:188} INFO - [2025-04-28T16:03:22.811+0000] {dagbag.py:540} INFO - Filling up the DagBag from /opt/airflow/dags/silver_to_gold_feature_engineering.py
[2025-04-28T16:03:22.956+0000] {processor.py:840} INFO - DAG(s) 'silver_to_gold_feature_engineering' retrieved from /opt/airflow/dags/silver_to_gold_feature_engineering.py
[2025-04-28T16:03:22.970+0000] {logging_mixin.py:188} INFO - [2025-04-28T16:03:22.970+0000] {dag.py:3096} INFO - Sync 1 DAGs
[2025-04-28T16:03:22.976+0000] {logging_mixin.py:188} INFO - [2025-04-28T16:03:22.976+0000] {dag.py:3954} INFO - Setting next_dagrun for silver_to_gold_feature_engineering to None, run_after=None
[2025-04-28T16:03:22.989+0000] {processor.py:183} INFO - Processing /opt/airflow/dags/silver_to_gold_feature_engineering.py took 0.187 seconds
[2025-04-28T16:03:53.552+0000] {processor.py:161} INFO - Started process (PID=7887) to work on /opt/airflow/dags/silver_to_gold_feature_engineering.py
[2025-04-28T16:03:53.553+0000] {processor.py:830} INFO - Processing file /opt/airflow/dags/silver_to_gold_feature_engineering.py for tasks to queue
[2025-04-28T16:03:53.554+0000] {logging_mixin.py:188} INFO - [2025-04-28T16:03:53.554+0000] {dagbag.py:540} INFO - Filling up the DagBag from /opt/airflow/dags/silver_to_gold_feature_engineering.py
[2025-04-28T16:03:53.706+0000] {processor.py:840} INFO - DAG(s) 'silver_to_gold_feature_engineering' retrieved from /opt/airflow/dags/silver_to_gold_feature_engineering.py
[2025-04-28T16:03:53.720+0000] {logging_mixin.py:188} INFO - [2025-04-28T16:03:53.720+0000] {dag.py:3096} INFO - Sync 1 DAGs
[2025-04-28T16:03:53.726+0000] {logging_mixin.py:188} INFO - [2025-04-28T16:03:53.726+0000] {dag.py:3954} INFO - Setting next_dagrun for silver_to_gold_feature_engineering to None, run_after=None
[2025-04-28T16:03:53.739+0000] {processor.py:183} INFO - Processing /opt/airflow/dags/silver_to_gold_feature_engineering.py took 0.193 seconds
[2025-04-28T16:04:24.339+0000] {processor.py:161} INFO - Started process (PID=7922) to work on /opt/airflow/dags/silver_to_gold_feature_engineering.py
[2025-04-28T16:04:24.339+0000] {processor.py:830} INFO - Processing file /opt/airflow/dags/silver_to_gold_feature_engineering.py for tasks to queue
[2025-04-28T16:04:24.341+0000] {logging_mixin.py:188} INFO - [2025-04-28T16:04:24.340+0000] {dagbag.py:540} INFO - Filling up the DagBag from /opt/airflow/dags/silver_to_gold_feature_engineering.py
[2025-04-28T16:04:24.488+0000] {processor.py:840} INFO - DAG(s) 'silver_to_gold_feature_engineering' retrieved from /opt/airflow/dags/silver_to_gold_feature_engineering.py
[2025-04-28T16:04:24.501+0000] {logging_mixin.py:188} INFO - [2025-04-28T16:04:24.500+0000] {dag.py:3096} INFO - Sync 1 DAGs
[2025-04-28T16:04:24.507+0000] {logging_mixin.py:188} INFO - [2025-04-28T16:04:24.507+0000] {dag.py:3954} INFO - Setting next_dagrun for silver_to_gold_feature_engineering to None, run_after=None
[2025-04-28T16:04:24.518+0000] {processor.py:183} INFO - Processing /opt/airflow/dags/silver_to_gold_feature_engineering.py took 0.186 seconds
[2025-04-28T16:04:55.084+0000] {processor.py:161} INFO - Started process (PID=7957) to work on /opt/airflow/dags/silver_to_gold_feature_engineering.py
[2025-04-28T16:04:55.085+0000] {processor.py:830} INFO - Processing file /opt/airflow/dags/silver_to_gold_feature_engineering.py for tasks to queue
[2025-04-28T16:04:55.087+0000] {logging_mixin.py:188} INFO - [2025-04-28T16:04:55.087+0000] {dagbag.py:540} INFO - Filling up the DagBag from /opt/airflow/dags/silver_to_gold_feature_engineering.py
[2025-04-28T16:04:55.227+0000] {processor.py:840} INFO - DAG(s) 'silver_to_gold_feature_engineering' retrieved from /opt/airflow/dags/silver_to_gold_feature_engineering.py
[2025-04-28T16:04:55.243+0000] {logging_mixin.py:188} INFO - [2025-04-28T16:04:55.243+0000] {dag.py:3096} INFO - Sync 1 DAGs
[2025-04-28T16:04:55.250+0000] {logging_mixin.py:188} INFO - [2025-04-28T16:04:55.250+0000] {dag.py:3954} INFO - Setting next_dagrun for silver_to_gold_feature_engineering to None, run_after=None
[2025-04-28T16:04:55.261+0000] {processor.py:183} INFO - Processing /opt/airflow/dags/silver_to_gold_feature_engineering.py took 0.182 seconds
[2025-04-28T16:05:25.782+0000] {processor.py:161} INFO - Started process (PID=7992) to work on /opt/airflow/dags/silver_to_gold_feature_engineering.py
[2025-04-28T16:05:25.783+0000] {processor.py:830} INFO - Processing file /opt/airflow/dags/silver_to_gold_feature_engineering.py for tasks to queue
[2025-04-28T16:05:25.784+0000] {logging_mixin.py:188} INFO - [2025-04-28T16:05:25.784+0000] {dagbag.py:540} INFO - Filling up the DagBag from /opt/airflow/dags/silver_to_gold_feature_engineering.py
[2025-04-28T16:05:25.932+0000] {processor.py:840} INFO - DAG(s) 'silver_to_gold_feature_engineering' retrieved from /opt/airflow/dags/silver_to_gold_feature_engineering.py
[2025-04-28T16:05:25.950+0000] {logging_mixin.py:188} INFO - [2025-04-28T16:05:25.949+0000] {dag.py:3096} INFO - Sync 1 DAGs
[2025-04-28T16:05:25.955+0000] {logging_mixin.py:188} INFO - [2025-04-28T16:05:25.955+0000] {dag.py:3954} INFO - Setting next_dagrun for silver_to_gold_feature_engineering to None, run_after=None
[2025-04-28T16:05:25.967+0000] {processor.py:183} INFO - Processing /opt/airflow/dags/silver_to_gold_feature_engineering.py took 0.191 seconds
[2025-04-28T16:05:56.580+0000] {processor.py:161} INFO - Started process (PID=8027) to work on /opt/airflow/dags/silver_to_gold_feature_engineering.py
[2025-04-28T16:05:56.581+0000] {processor.py:830} INFO - Processing file /opt/airflow/dags/silver_to_gold_feature_engineering.py for tasks to queue
[2025-04-28T16:05:56.583+0000] {logging_mixin.py:188} INFO - [2025-04-28T16:05:56.583+0000] {dagbag.py:540} INFO - Filling up the DagBag from /opt/airflow/dags/silver_to_gold_feature_engineering.py
[2025-04-28T16:05:56.737+0000] {processor.py:840} INFO - DAG(s) 'silver_to_gold_feature_engineering' retrieved from /opt/airflow/dags/silver_to_gold_feature_engineering.py
[2025-04-28T16:05:56.753+0000] {logging_mixin.py:188} INFO - [2025-04-28T16:05:56.753+0000] {dag.py:3096} INFO - Sync 1 DAGs
[2025-04-28T16:05:56.763+0000] {logging_mixin.py:188} INFO - [2025-04-28T16:05:56.762+0000] {dag.py:3954} INFO - Setting next_dagrun for silver_to_gold_feature_engineering to None, run_after=None
[2025-04-28T16:05:56.771+0000] {processor.py:183} INFO - Processing /opt/airflow/dags/silver_to_gold_feature_engineering.py took 0.199 seconds
[2025-04-28T16:06:27.366+0000] {processor.py:161} INFO - Started process (PID=8062) to work on /opt/airflow/dags/silver_to_gold_feature_engineering.py
[2025-04-28T16:06:27.367+0000] {processor.py:830} INFO - Processing file /opt/airflow/dags/silver_to_gold_feature_engineering.py for tasks to queue
[2025-04-28T16:06:27.369+0000] {logging_mixin.py:188} INFO - [2025-04-28T16:06:27.369+0000] {dagbag.py:540} INFO - Filling up the DagBag from /opt/airflow/dags/silver_to_gold_feature_engineering.py
[2025-04-28T16:06:27.514+0000] {processor.py:840} INFO - DAG(s) 'silver_to_gold_feature_engineering' retrieved from /opt/airflow/dags/silver_to_gold_feature_engineering.py
[2025-04-28T16:06:27.528+0000] {logging_mixin.py:188} INFO - [2025-04-28T16:06:27.528+0000] {dag.py:3096} INFO - Sync 1 DAGs
[2025-04-28T16:06:27.536+0000] {logging_mixin.py:188} INFO - [2025-04-28T16:06:27.536+0000] {dag.py:3954} INFO - Setting next_dagrun for silver_to_gold_feature_engineering to None, run_after=None
[2025-04-28T16:06:27.545+0000] {processor.py:183} INFO - Processing /opt/airflow/dags/silver_to_gold_feature_engineering.py took 0.184 seconds
[2025-04-28T16:06:58.139+0000] {processor.py:161} INFO - Started process (PID=8097) to work on /opt/airflow/dags/silver_to_gold_feature_engineering.py
[2025-04-28T16:06:58.140+0000] {processor.py:830} INFO - Processing file /opt/airflow/dags/silver_to_gold_feature_engineering.py for tasks to queue
[2025-04-28T16:06:58.142+0000] {logging_mixin.py:188} INFO - [2025-04-28T16:06:58.142+0000] {dagbag.py:540} INFO - Filling up the DagBag from /opt/airflow/dags/silver_to_gold_feature_engineering.py
[2025-04-28T16:06:58.289+0000] {processor.py:840} INFO - DAG(s) 'silver_to_gold_feature_engineering' retrieved from /opt/airflow/dags/silver_to_gold_feature_engineering.py
[2025-04-28T16:06:58.301+0000] {logging_mixin.py:188} INFO - [2025-04-28T16:06:58.301+0000] {dag.py:3096} INFO - Sync 1 DAGs
[2025-04-28T16:06:58.307+0000] {logging_mixin.py:188} INFO - [2025-04-28T16:06:58.307+0000] {dag.py:3954} INFO - Setting next_dagrun for silver_to_gold_feature_engineering to None, run_after=None
[2025-04-28T16:06:58.319+0000] {processor.py:183} INFO - Processing /opt/airflow/dags/silver_to_gold_feature_engineering.py took 0.184 seconds
[2025-04-28T16:07:28.889+0000] {processor.py:161} INFO - Started process (PID=8132) to work on /opt/airflow/dags/silver_to_gold_feature_engineering.py
[2025-04-28T16:07:28.890+0000] {processor.py:830} INFO - Processing file /opt/airflow/dags/silver_to_gold_feature_engineering.py for tasks to queue
[2025-04-28T16:07:28.892+0000] {logging_mixin.py:188} INFO - [2025-04-28T16:07:28.891+0000] {dagbag.py:540} INFO - Filling up the DagBag from /opt/airflow/dags/silver_to_gold_feature_engineering.py
[2025-04-28T16:07:29.034+0000] {processor.py:840} INFO - DAG(s) 'silver_to_gold_feature_engineering' retrieved from /opt/airflow/dags/silver_to_gold_feature_engineering.py
[2025-04-28T16:07:29.047+0000] {logging_mixin.py:188} INFO - [2025-04-28T16:07:29.047+0000] {dag.py:3096} INFO - Sync 1 DAGs
[2025-04-28T16:07:29.053+0000] {logging_mixin.py:188} INFO - [2025-04-28T16:07:29.053+0000] {dag.py:3954} INFO - Setting next_dagrun for silver_to_gold_feature_engineering to None, run_after=None
[2025-04-28T16:07:29.066+0000] {processor.py:183} INFO - Processing /opt/airflow/dags/silver_to_gold_feature_engineering.py took 0.183 seconds
[2025-04-28T16:07:59.616+0000] {processor.py:161} INFO - Started process (PID=8167) to work on /opt/airflow/dags/silver_to_gold_feature_engineering.py
[2025-04-28T16:07:59.617+0000] {processor.py:830} INFO - Processing file /opt/airflow/dags/silver_to_gold_feature_engineering.py for tasks to queue
[2025-04-28T16:07:59.619+0000] {logging_mixin.py:188} INFO - [2025-04-28T16:07:59.619+0000] {dagbag.py:540} INFO - Filling up the DagBag from /opt/airflow/dags/silver_to_gold_feature_engineering.py
[2025-04-28T16:07:59.768+0000] {processor.py:840} INFO - DAG(s) 'silver_to_gold_feature_engineering' retrieved from /opt/airflow/dags/silver_to_gold_feature_engineering.py
[2025-04-28T16:07:59.782+0000] {logging_mixin.py:188} INFO - [2025-04-28T16:07:59.781+0000] {dag.py:3096} INFO - Sync 1 DAGs
[2025-04-28T16:07:59.790+0000] {logging_mixin.py:188} INFO - [2025-04-28T16:07:59.790+0000] {dag.py:3954} INFO - Setting next_dagrun for silver_to_gold_feature_engineering to None, run_after=None
[2025-04-28T16:07:59.801+0000] {processor.py:183} INFO - Processing /opt/airflow/dags/silver_to_gold_feature_engineering.py took 0.191 seconds
[2025-04-28T16:08:30.348+0000] {processor.py:161} INFO - Started process (PID=8202) to work on /opt/airflow/dags/silver_to_gold_feature_engineering.py
[2025-04-28T16:08:30.349+0000] {processor.py:830} INFO - Processing file /opt/airflow/dags/silver_to_gold_feature_engineering.py for tasks to queue
[2025-04-28T16:08:30.350+0000] {logging_mixin.py:188} INFO - [2025-04-28T16:08:30.350+0000] {dagbag.py:540} INFO - Filling up the DagBag from /opt/airflow/dags/silver_to_gold_feature_engineering.py
[2025-04-28T16:08:30.493+0000] {processor.py:840} INFO - DAG(s) 'silver_to_gold_feature_engineering' retrieved from /opt/airflow/dags/silver_to_gold_feature_engineering.py
[2025-04-28T16:08:30.507+0000] {logging_mixin.py:188} INFO - [2025-04-28T16:08:30.506+0000] {dag.py:3096} INFO - Sync 1 DAGs
[2025-04-28T16:08:30.513+0000] {logging_mixin.py:188} INFO - [2025-04-28T16:08:30.512+0000] {dag.py:3954} INFO - Setting next_dagrun for silver_to_gold_feature_engineering to None, run_after=None
[2025-04-28T16:08:30.525+0000] {processor.py:183} INFO - Processing /opt/airflow/dags/silver_to_gold_feature_engineering.py took 0.180 seconds
[2025-04-28T16:09:01.072+0000] {processor.py:161} INFO - Started process (PID=8237) to work on /opt/airflow/dags/silver_to_gold_feature_engineering.py
[2025-04-28T16:09:01.073+0000] {processor.py:830} INFO - Processing file /opt/airflow/dags/silver_to_gold_feature_engineering.py for tasks to queue
[2025-04-28T16:09:01.074+0000] {logging_mixin.py:188} INFO - [2025-04-28T16:09:01.074+0000] {dagbag.py:540} INFO - Filling up the DagBag from /opt/airflow/dags/silver_to_gold_feature_engineering.py
[2025-04-28T16:09:01.223+0000] {processor.py:840} INFO - DAG(s) 'silver_to_gold_feature_engineering' retrieved from /opt/airflow/dags/silver_to_gold_feature_engineering.py
[2025-04-28T16:09:01.236+0000] {logging_mixin.py:188} INFO - [2025-04-28T16:09:01.236+0000] {dag.py:3096} INFO - Sync 1 DAGs
[2025-04-28T16:09:01.243+0000] {logging_mixin.py:188} INFO - [2025-04-28T16:09:01.242+0000] {dag.py:3954} INFO - Setting next_dagrun for silver_to_gold_feature_engineering to None, run_after=None
[2025-04-28T16:09:01.253+0000] {processor.py:183} INFO - Processing /opt/airflow/dags/silver_to_gold_feature_engineering.py took 0.188 seconds
[2025-04-28T16:09:31.841+0000] {processor.py:161} INFO - Started process (PID=8272) to work on /opt/airflow/dags/silver_to_gold_feature_engineering.py
[2025-04-28T16:09:31.841+0000] {processor.py:830} INFO - Processing file /opt/airflow/dags/silver_to_gold_feature_engineering.py for tasks to queue
[2025-04-28T16:09:31.843+0000] {logging_mixin.py:188} INFO - [2025-04-28T16:09:31.842+0000] {dagbag.py:540} INFO - Filling up the DagBag from /opt/airflow/dags/silver_to_gold_feature_engineering.py
[2025-04-28T16:09:31.985+0000] {processor.py:840} INFO - DAG(s) 'silver_to_gold_feature_engineering' retrieved from /opt/airflow/dags/silver_to_gold_feature_engineering.py
[2025-04-28T16:09:31.998+0000] {logging_mixin.py:188} INFO - [2025-04-28T16:09:31.998+0000] {dag.py:3096} INFO - Sync 1 DAGs
[2025-04-28T16:09:32.003+0000] {logging_mixin.py:188} INFO - [2025-04-28T16:09:32.003+0000] {dag.py:3954} INFO - Setting next_dagrun for silver_to_gold_feature_engineering to None, run_after=None
[2025-04-28T16:09:32.014+0000] {processor.py:183} INFO - Processing /opt/airflow/dags/silver_to_gold_feature_engineering.py took 0.180 seconds
[2025-04-28T16:10:02.568+0000] {processor.py:161} INFO - Started process (PID=8307) to work on /opt/airflow/dags/silver_to_gold_feature_engineering.py
[2025-04-28T16:10:02.568+0000] {processor.py:830} INFO - Processing file /opt/airflow/dags/silver_to_gold_feature_engineering.py for tasks to queue
[2025-04-28T16:10:02.570+0000] {logging_mixin.py:188} INFO - [2025-04-28T16:10:02.569+0000] {dagbag.py:540} INFO - Filling up the DagBag from /opt/airflow/dags/silver_to_gold_feature_engineering.py
[2025-04-28T16:10:02.714+0000] {processor.py:840} INFO - DAG(s) 'silver_to_gold_feature_engineering' retrieved from /opt/airflow/dags/silver_to_gold_feature_engineering.py
[2025-04-28T16:10:02.728+0000] {logging_mixin.py:188} INFO - [2025-04-28T16:10:02.728+0000] {dag.py:3096} INFO - Sync 1 DAGs
[2025-04-28T16:10:02.735+0000] {logging_mixin.py:188} INFO - [2025-04-28T16:10:02.735+0000] {dag.py:3954} INFO - Setting next_dagrun for silver_to_gold_feature_engineering to None, run_after=None
[2025-04-28T16:10:02.747+0000] {processor.py:183} INFO - Processing /opt/airflow/dags/silver_to_gold_feature_engineering.py took 0.186 seconds
[2025-04-28T16:10:33.300+0000] {processor.py:161} INFO - Started process (PID=8342) to work on /opt/airflow/dags/silver_to_gold_feature_engineering.py
[2025-04-28T16:10:33.301+0000] {processor.py:830} INFO - Processing file /opt/airflow/dags/silver_to_gold_feature_engineering.py for tasks to queue
[2025-04-28T16:10:33.303+0000] {logging_mixin.py:188} INFO - [2025-04-28T16:10:33.303+0000] {dagbag.py:540} INFO - Filling up the DagBag from /opt/airflow/dags/silver_to_gold_feature_engineering.py
[2025-04-28T16:10:33.441+0000] {processor.py:840} INFO - DAG(s) 'silver_to_gold_feature_engineering' retrieved from /opt/airflow/dags/silver_to_gold_feature_engineering.py
[2025-04-28T16:10:33.456+0000] {logging_mixin.py:188} INFO - [2025-04-28T16:10:33.456+0000] {dag.py:3096} INFO - Sync 1 DAGs
[2025-04-28T16:10:33.464+0000] {logging_mixin.py:188} INFO - [2025-04-28T16:10:33.464+0000] {dag.py:3954} INFO - Setting next_dagrun for silver_to_gold_feature_engineering to None, run_after=None
[2025-04-28T16:10:33.475+0000] {processor.py:183} INFO - Processing /opt/airflow/dags/silver_to_gold_feature_engineering.py took 0.179 seconds
[2025-04-28T16:11:04.041+0000] {processor.py:161} INFO - Started process (PID=8377) to work on /opt/airflow/dags/silver_to_gold_feature_engineering.py
[2025-04-28T16:11:04.043+0000] {processor.py:830} INFO - Processing file /opt/airflow/dags/silver_to_gold_feature_engineering.py for tasks to queue
[2025-04-28T16:11:04.046+0000] {logging_mixin.py:188} INFO - [2025-04-28T16:11:04.045+0000] {dagbag.py:540} INFO - Filling up the DagBag from /opt/airflow/dags/silver_to_gold_feature_engineering.py
[2025-04-28T16:11:04.188+0000] {processor.py:840} INFO - DAG(s) 'silver_to_gold_feature_engineering' retrieved from /opt/airflow/dags/silver_to_gold_feature_engineering.py
[2025-04-28T16:11:04.203+0000] {logging_mixin.py:188} INFO - [2025-04-28T16:11:04.203+0000] {dag.py:3096} INFO - Sync 1 DAGs
[2025-04-28T16:11:04.211+0000] {logging_mixin.py:188} INFO - [2025-04-28T16:11:04.211+0000] {dag.py:3954} INFO - Setting next_dagrun for silver_to_gold_feature_engineering to None, run_after=None
[2025-04-28T16:11:04.221+0000] {processor.py:183} INFO - Processing /opt/airflow/dags/silver_to_gold_feature_engineering.py took 0.187 seconds
[2025-04-28T16:11:34.784+0000] {processor.py:161} INFO - Started process (PID=8412) to work on /opt/airflow/dags/silver_to_gold_feature_engineering.py
[2025-04-28T16:11:34.784+0000] {processor.py:830} INFO - Processing file /opt/airflow/dags/silver_to_gold_feature_engineering.py for tasks to queue
[2025-04-28T16:11:34.786+0000] {logging_mixin.py:188} INFO - [2025-04-28T16:11:34.785+0000] {dagbag.py:540} INFO - Filling up the DagBag from /opt/airflow/dags/silver_to_gold_feature_engineering.py
[2025-04-28T16:11:34.926+0000] {processor.py:840} INFO - DAG(s) 'silver_to_gold_feature_engineering' retrieved from /opt/airflow/dags/silver_to_gold_feature_engineering.py
[2025-04-28T16:11:34.939+0000] {logging_mixin.py:188} INFO - [2025-04-28T16:11:34.939+0000] {dag.py:3096} INFO - Sync 1 DAGs
[2025-04-28T16:11:34.945+0000] {logging_mixin.py:188} INFO - [2025-04-28T16:11:34.945+0000] {dag.py:3954} INFO - Setting next_dagrun for silver_to_gold_feature_engineering to None, run_after=None
[2025-04-28T16:11:34.958+0000] {processor.py:183} INFO - Processing /opt/airflow/dags/silver_to_gold_feature_engineering.py took 0.178 seconds
[2025-04-28T16:12:05.567+0000] {processor.py:161} INFO - Started process (PID=8447) to work on /opt/airflow/dags/silver_to_gold_feature_engineering.py
[2025-04-28T16:12:05.569+0000] {processor.py:830} INFO - Processing file /opt/airflow/dags/silver_to_gold_feature_engineering.py for tasks to queue
[2025-04-28T16:12:05.572+0000] {logging_mixin.py:188} INFO - [2025-04-28T16:12:05.571+0000] {dagbag.py:540} INFO - Filling up the DagBag from /opt/airflow/dags/silver_to_gold_feature_engineering.py
[2025-04-28T16:12:05.718+0000] {processor.py:840} INFO - DAG(s) 'silver_to_gold_feature_engineering' retrieved from /opt/airflow/dags/silver_to_gold_feature_engineering.py
[2025-04-28T16:12:05.734+0000] {logging_mixin.py:188} INFO - [2025-04-28T16:12:05.733+0000] {dag.py:3096} INFO - Sync 1 DAGs
[2025-04-28T16:12:05.742+0000] {logging_mixin.py:188} INFO - [2025-04-28T16:12:05.742+0000] {dag.py:3954} INFO - Setting next_dagrun for silver_to_gold_feature_engineering to None, run_after=None
[2025-04-28T16:12:05.755+0000] {processor.py:183} INFO - Processing /opt/airflow/dags/silver_to_gold_feature_engineering.py took 0.194 seconds
[2025-04-28T16:12:36.352+0000] {processor.py:161} INFO - Started process (PID=8482) to work on /opt/airflow/dags/silver_to_gold_feature_engineering.py
[2025-04-28T16:12:36.352+0000] {processor.py:830} INFO - Processing file /opt/airflow/dags/silver_to_gold_feature_engineering.py for tasks to queue
[2025-04-28T16:12:36.353+0000] {logging_mixin.py:188} INFO - [2025-04-28T16:12:36.353+0000] {dagbag.py:540} INFO - Filling up the DagBag from /opt/airflow/dags/silver_to_gold_feature_engineering.py
[2025-04-28T16:12:36.499+0000] {processor.py:840} INFO - DAG(s) 'silver_to_gold_feature_engineering' retrieved from /opt/airflow/dags/silver_to_gold_feature_engineering.py
[2025-04-28T16:12:36.514+0000] {logging_mixin.py:188} INFO - [2025-04-28T16:12:36.514+0000] {dag.py:3096} INFO - Sync 1 DAGs
[2025-04-28T16:12:36.520+0000] {logging_mixin.py:188} INFO - [2025-04-28T16:12:36.520+0000] {dag.py:3954} INFO - Setting next_dagrun for silver_to_gold_feature_engineering to None, run_after=None
[2025-04-28T16:12:36.532+0000] {processor.py:183} INFO - Processing /opt/airflow/dags/silver_to_gold_feature_engineering.py took 0.186 seconds
[2025-04-28T16:13:07.141+0000] {processor.py:161} INFO - Started process (PID=8517) to work on /opt/airflow/dags/silver_to_gold_feature_engineering.py
[2025-04-28T16:13:07.144+0000] {processor.py:830} INFO - Processing file /opt/airflow/dags/silver_to_gold_feature_engineering.py for tasks to queue
[2025-04-28T16:13:07.145+0000] {logging_mixin.py:188} INFO - [2025-04-28T16:13:07.144+0000] {dagbag.py:540} INFO - Filling up the DagBag from /opt/airflow/dags/silver_to_gold_feature_engineering.py
[2025-04-28T16:13:07.286+0000] {processor.py:840} INFO - DAG(s) 'silver_to_gold_feature_engineering' retrieved from /opt/airflow/dags/silver_to_gold_feature_engineering.py
[2025-04-28T16:13:07.300+0000] {logging_mixin.py:188} INFO - [2025-04-28T16:13:07.300+0000] {dag.py:3096} INFO - Sync 1 DAGs
[2025-04-28T16:13:07.305+0000] {logging_mixin.py:188} INFO - [2025-04-28T16:13:07.305+0000] {dag.py:3954} INFO - Setting next_dagrun for silver_to_gold_feature_engineering to None, run_after=None
[2025-04-28T16:13:07.317+0000] {processor.py:183} INFO - Processing /opt/airflow/dags/silver_to_gold_feature_engineering.py took 0.181 seconds
[2025-04-28T16:13:37.933+0000] {processor.py:161} INFO - Started process (PID=8552) to work on /opt/airflow/dags/silver_to_gold_feature_engineering.py
[2025-04-28T16:13:37.934+0000] {processor.py:830} INFO - Processing file /opt/airflow/dags/silver_to_gold_feature_engineering.py for tasks to queue
[2025-04-28T16:13:37.935+0000] {logging_mixin.py:188} INFO - [2025-04-28T16:13:37.935+0000] {dagbag.py:540} INFO - Filling up the DagBag from /opt/airflow/dags/silver_to_gold_feature_engineering.py
[2025-04-28T16:13:38.076+0000] {processor.py:840} INFO - DAG(s) 'silver_to_gold_feature_engineering' retrieved from /opt/airflow/dags/silver_to_gold_feature_engineering.py
[2025-04-28T16:13:38.090+0000] {logging_mixin.py:188} INFO - [2025-04-28T16:13:38.090+0000] {dag.py:3096} INFO - Sync 1 DAGs
[2025-04-28T16:13:38.099+0000] {logging_mixin.py:188} INFO - [2025-04-28T16:13:38.099+0000] {dag.py:3954} INFO - Setting next_dagrun for silver_to_gold_feature_engineering to None, run_after=None
[2025-04-28T16:13:38.109+0000] {processor.py:183} INFO - Processing /opt/airflow/dags/silver_to_gold_feature_engineering.py took 0.183 seconds
[2025-04-28T16:14:08.743+0000] {processor.py:161} INFO - Started process (PID=8587) to work on /opt/airflow/dags/silver_to_gold_feature_engineering.py
[2025-04-28T16:14:08.744+0000] {processor.py:830} INFO - Processing file /opt/airflow/dags/silver_to_gold_feature_engineering.py for tasks to queue
[2025-04-28T16:14:08.745+0000] {logging_mixin.py:188} INFO - [2025-04-28T16:14:08.745+0000] {dagbag.py:540} INFO - Filling up the DagBag from /opt/airflow/dags/silver_to_gold_feature_engineering.py
[2025-04-28T16:14:08.888+0000] {processor.py:840} INFO - DAG(s) 'silver_to_gold_feature_engineering' retrieved from /opt/airflow/dags/silver_to_gold_feature_engineering.py
[2025-04-28T16:14:08.902+0000] {logging_mixin.py:188} INFO - [2025-04-28T16:14:08.902+0000] {dag.py:3096} INFO - Sync 1 DAGs
[2025-04-28T16:14:08.912+0000] {logging_mixin.py:188} INFO - [2025-04-28T16:14:08.911+0000] {dag.py:3954} INFO - Setting next_dagrun for silver_to_gold_feature_engineering to None, run_after=None
[2025-04-28T16:14:08.922+0000] {processor.py:183} INFO - Processing /opt/airflow/dags/silver_to_gold_feature_engineering.py took 0.185 seconds
[2025-04-28T16:14:39.504+0000] {processor.py:161} INFO - Started process (PID=8622) to work on /opt/airflow/dags/silver_to_gold_feature_engineering.py
[2025-04-28T16:14:39.505+0000] {processor.py:830} INFO - Processing file /opt/airflow/dags/silver_to_gold_feature_engineering.py for tasks to queue
[2025-04-28T16:14:39.508+0000] {logging_mixin.py:188} INFO - [2025-04-28T16:14:39.507+0000] {dagbag.py:540} INFO - Filling up the DagBag from /opt/airflow/dags/silver_to_gold_feature_engineering.py
[2025-04-28T16:14:39.653+0000] {processor.py:840} INFO - DAG(s) 'silver_to_gold_feature_engineering' retrieved from /opt/airflow/dags/silver_to_gold_feature_engineering.py
[2025-04-28T16:14:39.668+0000] {logging_mixin.py:188} INFO - [2025-04-28T16:14:39.668+0000] {dag.py:3096} INFO - Sync 1 DAGs
[2025-04-28T16:14:39.673+0000] {logging_mixin.py:188} INFO - [2025-04-28T16:14:39.673+0000] {dag.py:3954} INFO - Setting next_dagrun for silver_to_gold_feature_engineering to None, run_after=None
[2025-04-28T16:14:39.685+0000] {processor.py:183} INFO - Processing /opt/airflow/dags/silver_to_gold_feature_engineering.py took 0.187 seconds
[2025-04-28T16:15:10.256+0000] {processor.py:161} INFO - Started process (PID=8657) to work on /opt/airflow/dags/silver_to_gold_feature_engineering.py
[2025-04-28T16:15:10.257+0000] {processor.py:830} INFO - Processing file /opt/airflow/dags/silver_to_gold_feature_engineering.py for tasks to queue
[2025-04-28T16:15:10.259+0000] {logging_mixin.py:188} INFO - [2025-04-28T16:15:10.259+0000] {dagbag.py:540} INFO - Filling up the DagBag from /opt/airflow/dags/silver_to_gold_feature_engineering.py
[2025-04-28T16:15:10.402+0000] {processor.py:840} INFO - DAG(s) 'silver_to_gold_feature_engineering' retrieved from /opt/airflow/dags/silver_to_gold_feature_engineering.py
[2025-04-28T16:15:10.417+0000] {logging_mixin.py:188} INFO - [2025-04-28T16:15:10.417+0000] {dag.py:3096} INFO - Sync 1 DAGs
[2025-04-28T16:15:10.423+0000] {logging_mixin.py:188} INFO - [2025-04-28T16:15:10.423+0000] {dag.py:3954} INFO - Setting next_dagrun for silver_to_gold_feature_engineering to None, run_after=None
[2025-04-28T16:15:10.435+0000] {processor.py:183} INFO - Processing /opt/airflow/dags/silver_to_gold_feature_engineering.py took 0.185 seconds
[2025-04-28T16:15:41.039+0000] {processor.py:161} INFO - Started process (PID=8692) to work on /opt/airflow/dags/silver_to_gold_feature_engineering.py
[2025-04-28T16:15:41.040+0000] {processor.py:830} INFO - Processing file /opt/airflow/dags/silver_to_gold_feature_engineering.py for tasks to queue
[2025-04-28T16:15:41.041+0000] {logging_mixin.py:188} INFO - [2025-04-28T16:15:41.041+0000] {dagbag.py:540} INFO - Filling up the DagBag from /opt/airflow/dags/silver_to_gold_feature_engineering.py
[2025-04-28T16:15:41.188+0000] {processor.py:840} INFO - DAG(s) 'silver_to_gold_feature_engineering' retrieved from /opt/airflow/dags/silver_to_gold_feature_engineering.py
[2025-04-28T16:15:41.203+0000] {logging_mixin.py:188} INFO - [2025-04-28T16:15:41.203+0000] {dag.py:3096} INFO - Sync 1 DAGs
[2025-04-28T16:15:41.208+0000] {logging_mixin.py:188} INFO - [2025-04-28T16:15:41.208+0000] {dag.py:3954} INFO - Setting next_dagrun for silver_to_gold_feature_engineering to None, run_after=None
[2025-04-28T16:15:41.222+0000] {processor.py:183} INFO - Processing /opt/airflow/dags/silver_to_gold_feature_engineering.py took 0.188 seconds
[2025-04-28T16:16:11.762+0000] {processor.py:161} INFO - Started process (PID=8727) to work on /opt/airflow/dags/silver_to_gold_feature_engineering.py
[2025-04-28T16:16:11.762+0000] {processor.py:830} INFO - Processing file /opt/airflow/dags/silver_to_gold_feature_engineering.py for tasks to queue
[2025-04-28T16:16:11.764+0000] {logging_mixin.py:188} INFO - [2025-04-28T16:16:11.763+0000] {dagbag.py:540} INFO - Filling up the DagBag from /opt/airflow/dags/silver_to_gold_feature_engineering.py
[2025-04-28T16:16:11.904+0000] {processor.py:840} INFO - DAG(s) 'silver_to_gold_feature_engineering' retrieved from /opt/airflow/dags/silver_to_gold_feature_engineering.py
[2025-04-28T16:16:11.919+0000] {logging_mixin.py:188} INFO - [2025-04-28T16:16:11.919+0000] {dag.py:3096} INFO - Sync 1 DAGs
[2025-04-28T16:16:11.925+0000] {logging_mixin.py:188} INFO - [2025-04-28T16:16:11.925+0000] {dag.py:3954} INFO - Setting next_dagrun for silver_to_gold_feature_engineering to None, run_after=None
[2025-04-28T16:16:11.940+0000] {processor.py:183} INFO - Processing /opt/airflow/dags/silver_to_gold_feature_engineering.py took 0.184 seconds
[2025-04-28T16:16:42.447+0000] {processor.py:161} INFO - Started process (PID=8762) to work on /opt/airflow/dags/silver_to_gold_feature_engineering.py
[2025-04-28T16:16:42.448+0000] {processor.py:830} INFO - Processing file /opt/airflow/dags/silver_to_gold_feature_engineering.py for tasks to queue
[2025-04-28T16:16:42.450+0000] {logging_mixin.py:188} INFO - [2025-04-28T16:16:42.449+0000] {dagbag.py:540} INFO - Filling up the DagBag from /opt/airflow/dags/silver_to_gold_feature_engineering.py
[2025-04-28T16:16:42.595+0000] {processor.py:840} INFO - DAG(s) 'silver_to_gold_feature_engineering' retrieved from /opt/airflow/dags/silver_to_gold_feature_engineering.py
[2025-04-28T16:16:42.609+0000] {logging_mixin.py:188} INFO - [2025-04-28T16:16:42.608+0000] {dag.py:3096} INFO - Sync 1 DAGs
[2025-04-28T16:16:42.615+0000] {logging_mixin.py:188} INFO - [2025-04-28T16:16:42.615+0000] {dag.py:3954} INFO - Setting next_dagrun for silver_to_gold_feature_engineering to None, run_after=None
[2025-04-28T16:16:42.626+0000] {processor.py:183} INFO - Processing /opt/airflow/dags/silver_to_gold_feature_engineering.py took 0.184 seconds
[2025-04-28T16:17:13.147+0000] {processor.py:161} INFO - Started process (PID=8797) to work on /opt/airflow/dags/silver_to_gold_feature_engineering.py
[2025-04-28T16:17:13.148+0000] {processor.py:830} INFO - Processing file /opt/airflow/dags/silver_to_gold_feature_engineering.py for tasks to queue
[2025-04-28T16:17:13.150+0000] {logging_mixin.py:188} INFO - [2025-04-28T16:17:13.149+0000] {dagbag.py:540} INFO - Filling up the DagBag from /opt/airflow/dags/silver_to_gold_feature_engineering.py
[2025-04-28T16:17:13.295+0000] {processor.py:840} INFO - DAG(s) 'silver_to_gold_feature_engineering' retrieved from /opt/airflow/dags/silver_to_gold_feature_engineering.py
[2025-04-28T16:17:13.311+0000] {logging_mixin.py:188} INFO - [2025-04-28T16:17:13.311+0000] {dag.py:3096} INFO - Sync 1 DAGs
[2025-04-28T16:17:13.318+0000] {logging_mixin.py:188} INFO - [2025-04-28T16:17:13.317+0000] {dag.py:3954} INFO - Setting next_dagrun for silver_to_gold_feature_engineering to None, run_after=None
[2025-04-28T16:17:13.328+0000] {processor.py:183} INFO - Processing /opt/airflow/dags/silver_to_gold_feature_engineering.py took 0.185 seconds
[2025-04-28T16:17:43.859+0000] {processor.py:161} INFO - Started process (PID=8832) to work on /opt/airflow/dags/silver_to_gold_feature_engineering.py
[2025-04-28T16:17:43.861+0000] {processor.py:830} INFO - Processing file /opt/airflow/dags/silver_to_gold_feature_engineering.py for tasks to queue
[2025-04-28T16:17:43.863+0000] {logging_mixin.py:188} INFO - [2025-04-28T16:17:43.863+0000] {dagbag.py:540} INFO - Filling up the DagBag from /opt/airflow/dags/silver_to_gold_feature_engineering.py
[2025-04-28T16:17:44.006+0000] {processor.py:840} INFO - DAG(s) 'silver_to_gold_feature_engineering' retrieved from /opt/airflow/dags/silver_to_gold_feature_engineering.py
[2025-04-28T16:17:44.019+0000] {logging_mixin.py:188} INFO - [2025-04-28T16:17:44.019+0000] {dag.py:3096} INFO - Sync 1 DAGs
[2025-04-28T16:17:44.024+0000] {logging_mixin.py:188} INFO - [2025-04-28T16:17:44.024+0000] {dag.py:3954} INFO - Setting next_dagrun for silver_to_gold_feature_engineering to None, run_after=None
[2025-04-28T16:17:44.038+0000] {processor.py:183} INFO - Processing /opt/airflow/dags/silver_to_gold_feature_engineering.py took 0.183 seconds
[2025-04-28T16:18:14.599+0000] {processor.py:161} INFO - Started process (PID=8867) to work on /opt/airflow/dags/silver_to_gold_feature_engineering.py
[2025-04-28T16:18:14.600+0000] {processor.py:830} INFO - Processing file /opt/airflow/dags/silver_to_gold_feature_engineering.py for tasks to queue
[2025-04-28T16:18:14.601+0000] {logging_mixin.py:188} INFO - [2025-04-28T16:18:14.601+0000] {dagbag.py:540} INFO - Filling up the DagBag from /opt/airflow/dags/silver_to_gold_feature_engineering.py
[2025-04-28T16:18:14.750+0000] {processor.py:840} INFO - DAG(s) 'silver_to_gold_feature_engineering' retrieved from /opt/airflow/dags/silver_to_gold_feature_engineering.py
[2025-04-28T16:18:14.766+0000] {logging_mixin.py:188} INFO - [2025-04-28T16:18:14.766+0000] {dag.py:3096} INFO - Sync 1 DAGs
[2025-04-28T16:18:14.774+0000] {logging_mixin.py:188} INFO - [2025-04-28T16:18:14.774+0000] {dag.py:3954} INFO - Setting next_dagrun for silver_to_gold_feature_engineering to None, run_after=None
[2025-04-28T16:18:14.785+0000] {processor.py:183} INFO - Processing /opt/airflow/dags/silver_to_gold_feature_engineering.py took 0.189 seconds
[2025-04-28T16:18:45.339+0000] {processor.py:161} INFO - Started process (PID=8902) to work on /opt/airflow/dags/silver_to_gold_feature_engineering.py
[2025-04-28T16:18:45.340+0000] {processor.py:830} INFO - Processing file /opt/airflow/dags/silver_to_gold_feature_engineering.py for tasks to queue
[2025-04-28T16:18:45.342+0000] {logging_mixin.py:188} INFO - [2025-04-28T16:18:45.342+0000] {dagbag.py:540} INFO - Filling up the DagBag from /opt/airflow/dags/silver_to_gold_feature_engineering.py
[2025-04-28T16:18:45.494+0000] {processor.py:840} INFO - DAG(s) 'silver_to_gold_feature_engineering' retrieved from /opt/airflow/dags/silver_to_gold_feature_engineering.py
[2025-04-28T16:18:45.508+0000] {logging_mixin.py:188} INFO - [2025-04-28T16:18:45.508+0000] {dag.py:3096} INFO - Sync 1 DAGs
[2025-04-28T16:18:45.515+0000] {logging_mixin.py:188} INFO - [2025-04-28T16:18:45.515+0000] {dag.py:3954} INFO - Setting next_dagrun for silver_to_gold_feature_engineering to None, run_after=None
[2025-04-28T16:18:45.527+0000] {processor.py:183} INFO - Processing /opt/airflow/dags/silver_to_gold_feature_engineering.py took 0.194 seconds
[2025-04-28T16:19:16.083+0000] {processor.py:161} INFO - Started process (PID=8937) to work on /opt/airflow/dags/silver_to_gold_feature_engineering.py
[2025-04-28T16:19:16.083+0000] {processor.py:830} INFO - Processing file /opt/airflow/dags/silver_to_gold_feature_engineering.py for tasks to queue
[2025-04-28T16:19:16.085+0000] {logging_mixin.py:188} INFO - [2025-04-28T16:19:16.085+0000] {dagbag.py:540} INFO - Filling up the DagBag from /opt/airflow/dags/silver_to_gold_feature_engineering.py
[2025-04-28T16:19:16.227+0000] {processor.py:840} INFO - DAG(s) 'silver_to_gold_feature_engineering' retrieved from /opt/airflow/dags/silver_to_gold_feature_engineering.py
[2025-04-28T16:19:16.242+0000] {logging_mixin.py:188} INFO - [2025-04-28T16:19:16.242+0000] {dag.py:3096} INFO - Sync 1 DAGs
[2025-04-28T16:19:16.249+0000] {logging_mixin.py:188} INFO - [2025-04-28T16:19:16.249+0000] {dag.py:3954} INFO - Setting next_dagrun for silver_to_gold_feature_engineering to None, run_after=None
[2025-04-28T16:19:16.261+0000] {processor.py:183} INFO - Processing /opt/airflow/dags/silver_to_gold_feature_engineering.py took 0.183 seconds
[2025-04-28T16:19:46.903+0000] {processor.py:161} INFO - Started process (PID=8972) to work on /opt/airflow/dags/silver_to_gold_feature_engineering.py
[2025-04-28T16:19:46.904+0000] {processor.py:830} INFO - Processing file /opt/airflow/dags/silver_to_gold_feature_engineering.py for tasks to queue
[2025-04-28T16:19:46.906+0000] {logging_mixin.py:188} INFO - [2025-04-28T16:19:46.905+0000] {dagbag.py:540} INFO - Filling up the DagBag from /opt/airflow/dags/silver_to_gold_feature_engineering.py
[2025-04-28T16:19:47.055+0000] {processor.py:840} INFO - DAG(s) 'silver_to_gold_feature_engineering' retrieved from /opt/airflow/dags/silver_to_gold_feature_engineering.py
[2025-04-28T16:19:47.071+0000] {logging_mixin.py:188} INFO - [2025-04-28T16:19:47.071+0000] {dag.py:3096} INFO - Sync 1 DAGs
[2025-04-28T16:19:47.078+0000] {logging_mixin.py:188} INFO - [2025-04-28T16:19:47.078+0000] {dag.py:3954} INFO - Setting next_dagrun for silver_to_gold_feature_engineering to None, run_after=None
[2025-04-28T16:19:47.090+0000] {processor.py:183} INFO - Processing /opt/airflow/dags/silver_to_gold_feature_engineering.py took 0.193 seconds
[2025-04-28T16:20:17.692+0000] {processor.py:161} INFO - Started process (PID=9007) to work on /opt/airflow/dags/silver_to_gold_feature_engineering.py
[2025-04-28T16:20:17.693+0000] {processor.py:830} INFO - Processing file /opt/airflow/dags/silver_to_gold_feature_engineering.py for tasks to queue
[2025-04-28T16:20:17.696+0000] {logging_mixin.py:188} INFO - [2025-04-28T16:20:17.696+0000] {dagbag.py:540} INFO - Filling up the DagBag from /opt/airflow/dags/silver_to_gold_feature_engineering.py
[2025-04-28T16:20:17.851+0000] {processor.py:840} INFO - DAG(s) 'silver_to_gold_feature_engineering' retrieved from /opt/airflow/dags/silver_to_gold_feature_engineering.py
[2025-04-28T16:20:17.867+0000] {logging_mixin.py:188} INFO - [2025-04-28T16:20:17.867+0000] {dag.py:3096} INFO - Sync 1 DAGs
[2025-04-28T16:20:17.873+0000] {logging_mixin.py:188} INFO - [2025-04-28T16:20:17.873+0000] {dag.py:3954} INFO - Setting next_dagrun for silver_to_gold_feature_engineering to None, run_after=None
[2025-04-28T16:20:17.885+0000] {processor.py:183} INFO - Processing /opt/airflow/dags/silver_to_gold_feature_engineering.py took 0.200 seconds
[2025-04-28T16:20:48.467+0000] {processor.py:161} INFO - Started process (PID=9042) to work on /opt/airflow/dags/silver_to_gold_feature_engineering.py
[2025-04-28T16:20:48.468+0000] {processor.py:830} INFO - Processing file /opt/airflow/dags/silver_to_gold_feature_engineering.py for tasks to queue
[2025-04-28T16:20:48.470+0000] {logging_mixin.py:188} INFO - [2025-04-28T16:20:48.469+0000] {dagbag.py:540} INFO - Filling up the DagBag from /opt/airflow/dags/silver_to_gold_feature_engineering.py
[2025-04-28T16:20:48.617+0000] {processor.py:840} INFO - DAG(s) 'silver_to_gold_feature_engineering' retrieved from /opt/airflow/dags/silver_to_gold_feature_engineering.py
[2025-04-28T16:20:48.631+0000] {logging_mixin.py:188} INFO - [2025-04-28T16:20:48.631+0000] {dag.py:3096} INFO - Sync 1 DAGs
[2025-04-28T16:20:48.638+0000] {logging_mixin.py:188} INFO - [2025-04-28T16:20:48.638+0000] {dag.py:3954} INFO - Setting next_dagrun for silver_to_gold_feature_engineering to None, run_after=None
[2025-04-28T16:20:48.649+0000] {processor.py:183} INFO - Processing /opt/airflow/dags/silver_to_gold_feature_engineering.py took 0.187 seconds
[2025-04-28T16:21:19.186+0000] {processor.py:161} INFO - Started process (PID=9077) to work on /opt/airflow/dags/silver_to_gold_feature_engineering.py
[2025-04-28T16:21:19.187+0000] {processor.py:830} INFO - Processing file /opt/airflow/dags/silver_to_gold_feature_engineering.py for tasks to queue
[2025-04-28T16:21:19.189+0000] {logging_mixin.py:188} INFO - [2025-04-28T16:21:19.189+0000] {dagbag.py:540} INFO - Filling up the DagBag from /opt/airflow/dags/silver_to_gold_feature_engineering.py
[2025-04-28T16:21:19.338+0000] {processor.py:840} INFO - DAG(s) 'silver_to_gold_feature_engineering' retrieved from /opt/airflow/dags/silver_to_gold_feature_engineering.py
[2025-04-28T16:21:19.352+0000] {logging_mixin.py:188} INFO - [2025-04-28T16:21:19.351+0000] {dag.py:3096} INFO - Sync 1 DAGs
[2025-04-28T16:21:19.358+0000] {logging_mixin.py:188} INFO - [2025-04-28T16:21:19.358+0000] {dag.py:3954} INFO - Setting next_dagrun for silver_to_gold_feature_engineering to None, run_after=None
[2025-04-28T16:21:19.369+0000] {processor.py:183} INFO - Processing /opt/airflow/dags/silver_to_gold_feature_engineering.py took 0.190 seconds
[2025-04-28T16:21:49.979+0000] {processor.py:161} INFO - Started process (PID=9112) to work on /opt/airflow/dags/silver_to_gold_feature_engineering.py
[2025-04-28T16:21:49.980+0000] {processor.py:830} INFO - Processing file /opt/airflow/dags/silver_to_gold_feature_engineering.py for tasks to queue
[2025-04-28T16:21:49.982+0000] {logging_mixin.py:188} INFO - [2025-04-28T16:21:49.982+0000] {dagbag.py:540} INFO - Filling up the DagBag from /opt/airflow/dags/silver_to_gold_feature_engineering.py
[2025-04-28T16:21:50.132+0000] {processor.py:840} INFO - DAG(s) 'silver_to_gold_feature_engineering' retrieved from /opt/airflow/dags/silver_to_gold_feature_engineering.py
[2025-04-28T16:21:50.145+0000] {logging_mixin.py:188} INFO - [2025-04-28T16:21:50.145+0000] {dag.py:3096} INFO - Sync 1 DAGs
[2025-04-28T16:21:50.151+0000] {logging_mixin.py:188} INFO - [2025-04-28T16:21:50.151+0000] {dag.py:3954} INFO - Setting next_dagrun for silver_to_gold_feature_engineering to None, run_after=None
[2025-04-28T16:21:50.162+0000] {processor.py:183} INFO - Processing /opt/airflow/dags/silver_to_gold_feature_engineering.py took 0.187 seconds
[2025-04-28T16:22:20.747+0000] {processor.py:161} INFO - Started process (PID=9147) to work on /opt/airflow/dags/silver_to_gold_feature_engineering.py
[2025-04-28T16:22:20.747+0000] {processor.py:830} INFO - Processing file /opt/airflow/dags/silver_to_gold_feature_engineering.py for tasks to queue
[2025-04-28T16:22:20.749+0000] {logging_mixin.py:188} INFO - [2025-04-28T16:22:20.749+0000] {dagbag.py:540} INFO - Filling up the DagBag from /opt/airflow/dags/silver_to_gold_feature_engineering.py
[2025-04-28T16:22:20.891+0000] {processor.py:840} INFO - DAG(s) 'silver_to_gold_feature_engineering' retrieved from /opt/airflow/dags/silver_to_gold_feature_engineering.py
[2025-04-28T16:22:20.907+0000] {logging_mixin.py:188} INFO - [2025-04-28T16:22:20.907+0000] {dag.py:3096} INFO - Sync 1 DAGs
[2025-04-28T16:22:20.915+0000] {logging_mixin.py:188} INFO - [2025-04-28T16:22:20.915+0000] {dag.py:3954} INFO - Setting next_dagrun for silver_to_gold_feature_engineering to None, run_after=None
[2025-04-28T16:22:20.926+0000] {processor.py:183} INFO - Processing /opt/airflow/dags/silver_to_gold_feature_engineering.py took 0.185 seconds
[2025-04-28T16:22:51.458+0000] {processor.py:161} INFO - Started process (PID=9182) to work on /opt/airflow/dags/silver_to_gold_feature_engineering.py
[2025-04-28T16:22:51.458+0000] {processor.py:830} INFO - Processing file /opt/airflow/dags/silver_to_gold_feature_engineering.py for tasks to queue
[2025-04-28T16:22:51.459+0000] {logging_mixin.py:188} INFO - [2025-04-28T16:22:51.459+0000] {dagbag.py:540} INFO - Filling up the DagBag from /opt/airflow/dags/silver_to_gold_feature_engineering.py
[2025-04-28T16:22:51.605+0000] {processor.py:840} INFO - DAG(s) 'silver_to_gold_feature_engineering' retrieved from /opt/airflow/dags/silver_to_gold_feature_engineering.py
[2025-04-28T16:22:51.618+0000] {logging_mixin.py:188} INFO - [2025-04-28T16:22:51.618+0000] {dag.py:3096} INFO - Sync 1 DAGs
[2025-04-28T16:22:51.624+0000] {logging_mixin.py:188} INFO - [2025-04-28T16:22:51.624+0000] {dag.py:3954} INFO - Setting next_dagrun for silver_to_gold_feature_engineering to None, run_after=None
[2025-04-28T16:22:51.636+0000] {processor.py:183} INFO - Processing /opt/airflow/dags/silver_to_gold_feature_engineering.py took 0.182 seconds
[2025-04-28T16:23:22.198+0000] {processor.py:161} INFO - Started process (PID=9217) to work on /opt/airflow/dags/silver_to_gold_feature_engineering.py
[2025-04-28T16:23:22.198+0000] {processor.py:830} INFO - Processing file /opt/airflow/dags/silver_to_gold_feature_engineering.py for tasks to queue
[2025-04-28T16:23:22.200+0000] {logging_mixin.py:188} INFO - [2025-04-28T16:23:22.199+0000] {dagbag.py:540} INFO - Filling up the DagBag from /opt/airflow/dags/silver_to_gold_feature_engineering.py
[2025-04-28T16:23:22.341+0000] {processor.py:840} INFO - DAG(s) 'silver_to_gold_feature_engineering' retrieved from /opt/airflow/dags/silver_to_gold_feature_engineering.py
[2025-04-28T16:23:22.354+0000] {logging_mixin.py:188} INFO - [2025-04-28T16:23:22.354+0000] {dag.py:3096} INFO - Sync 1 DAGs
[2025-04-28T16:23:22.362+0000] {logging_mixin.py:188} INFO - [2025-04-28T16:23:22.362+0000] {dag.py:3954} INFO - Setting next_dagrun for silver_to_gold_feature_engineering to None, run_after=None
[2025-04-28T16:23:22.371+0000] {processor.py:183} INFO - Processing /opt/airflow/dags/silver_to_gold_feature_engineering.py took 0.180 seconds
[2025-04-28T16:23:52.957+0000] {processor.py:161} INFO - Started process (PID=9252) to work on /opt/airflow/dags/silver_to_gold_feature_engineering.py
[2025-04-28T16:23:52.957+0000] {processor.py:830} INFO - Processing file /opt/airflow/dags/silver_to_gold_feature_engineering.py for tasks to queue
[2025-04-28T16:23:52.958+0000] {logging_mixin.py:188} INFO - [2025-04-28T16:23:52.958+0000] {dagbag.py:540} INFO - Filling up the DagBag from /opt/airflow/dags/silver_to_gold_feature_engineering.py
[2025-04-28T16:23:53.114+0000] {processor.py:840} INFO - DAG(s) 'silver_to_gold_feature_engineering' retrieved from /opt/airflow/dags/silver_to_gold_feature_engineering.py
[2025-04-28T16:23:53.129+0000] {logging_mixin.py:188} INFO - [2025-04-28T16:23:53.129+0000] {dag.py:3096} INFO - Sync 1 DAGs
[2025-04-28T16:23:53.135+0000] {logging_mixin.py:188} INFO - [2025-04-28T16:23:53.135+0000] {dag.py:3954} INFO - Setting next_dagrun for silver_to_gold_feature_engineering to None, run_after=None
[2025-04-28T16:23:53.149+0000] {processor.py:183} INFO - Processing /opt/airflow/dags/silver_to_gold_feature_engineering.py took 0.195 seconds
[2025-04-28T16:24:23.756+0000] {processor.py:161} INFO - Started process (PID=9287) to work on /opt/airflow/dags/silver_to_gold_feature_engineering.py
[2025-04-28T16:24:23.760+0000] {processor.py:830} INFO - Processing file /opt/airflow/dags/silver_to_gold_feature_engineering.py for tasks to queue
[2025-04-28T16:24:23.761+0000] {logging_mixin.py:188} INFO - [2025-04-28T16:24:23.761+0000] {dagbag.py:540} INFO - Filling up the DagBag from /opt/airflow/dags/silver_to_gold_feature_engineering.py
[2025-04-28T16:24:23.902+0000] {processor.py:840} INFO - DAG(s) 'silver_to_gold_feature_engineering' retrieved from /opt/airflow/dags/silver_to_gold_feature_engineering.py
[2025-04-28T16:24:23.916+0000] {logging_mixin.py:188} INFO - [2025-04-28T16:24:23.916+0000] {dag.py:3096} INFO - Sync 1 DAGs
[2025-04-28T16:24:23.922+0000] {logging_mixin.py:188} INFO - [2025-04-28T16:24:23.922+0000] {dag.py:3954} INFO - Setting next_dagrun for silver_to_gold_feature_engineering to None, run_after=None
[2025-04-28T16:24:23.934+0000] {processor.py:183} INFO - Processing /opt/airflow/dags/silver_to_gold_feature_engineering.py took 0.184 seconds
[2025-04-28T16:24:54.639+0000] {processor.py:161} INFO - Started process (PID=9322) to work on /opt/airflow/dags/silver_to_gold_feature_engineering.py
[2025-04-28T16:24:54.640+0000] {processor.py:830} INFO - Processing file /opt/airflow/dags/silver_to_gold_feature_engineering.py for tasks to queue
[2025-04-28T16:24:54.642+0000] {logging_mixin.py:188} INFO - [2025-04-28T16:24:54.642+0000] {dagbag.py:540} INFO - Filling up the DagBag from /opt/airflow/dags/silver_to_gold_feature_engineering.py
[2025-04-28T16:24:54.790+0000] {processor.py:840} INFO - DAG(s) 'silver_to_gold_feature_engineering' retrieved from /opt/airflow/dags/silver_to_gold_feature_engineering.py
[2025-04-28T16:24:54.804+0000] {logging_mixin.py:188} INFO - [2025-04-28T16:24:54.804+0000] {dag.py:3096} INFO - Sync 1 DAGs
[2025-04-28T16:24:54.813+0000] {logging_mixin.py:188} INFO - [2025-04-28T16:24:54.812+0000] {dag.py:3954} INFO - Setting next_dagrun for silver_to_gold_feature_engineering to None, run_after=None
[2025-04-28T16:24:54.822+0000] {processor.py:183} INFO - Processing /opt/airflow/dags/silver_to_gold_feature_engineering.py took 0.190 seconds
[2025-04-28T16:25:25.451+0000] {processor.py:161} INFO - Started process (PID=9357) to work on /opt/airflow/dags/silver_to_gold_feature_engineering.py
[2025-04-28T16:25:25.452+0000] {processor.py:830} INFO - Processing file /opt/airflow/dags/silver_to_gold_feature_engineering.py for tasks to queue
[2025-04-28T16:25:25.453+0000] {logging_mixin.py:188} INFO - [2025-04-28T16:25:25.453+0000] {dagbag.py:540} INFO - Filling up the DagBag from /opt/airflow/dags/silver_to_gold_feature_engineering.py
[2025-04-28T16:25:25.596+0000] {processor.py:840} INFO - DAG(s) 'silver_to_gold_feature_engineering' retrieved from /opt/airflow/dags/silver_to_gold_feature_engineering.py
[2025-04-28T16:25:25.610+0000] {logging_mixin.py:188} INFO - [2025-04-28T16:25:25.610+0000] {dag.py:3096} INFO - Sync 1 DAGs
[2025-04-28T16:25:25.615+0000] {logging_mixin.py:188} INFO - [2025-04-28T16:25:25.615+0000] {dag.py:3954} INFO - Setting next_dagrun for silver_to_gold_feature_engineering to None, run_after=None
[2025-04-28T16:25:25.628+0000] {processor.py:183} INFO - Processing /opt/airflow/dags/silver_to_gold_feature_engineering.py took 0.183 seconds
[2025-04-28T16:25:56.179+0000] {processor.py:161} INFO - Started process (PID=9392) to work on /opt/airflow/dags/silver_to_gold_feature_engineering.py
[2025-04-28T16:25:56.180+0000] {processor.py:830} INFO - Processing file /opt/airflow/dags/silver_to_gold_feature_engineering.py for tasks to queue
[2025-04-28T16:25:56.181+0000] {logging_mixin.py:188} INFO - [2025-04-28T16:25:56.181+0000] {dagbag.py:540} INFO - Filling up the DagBag from /opt/airflow/dags/silver_to_gold_feature_engineering.py
[2025-04-28T16:25:56.326+0000] {processor.py:840} INFO - DAG(s) 'silver_to_gold_feature_engineering' retrieved from /opt/airflow/dags/silver_to_gold_feature_engineering.py
[2025-04-28T16:25:56.339+0000] {logging_mixin.py:188} INFO - [2025-04-28T16:25:56.339+0000] {dag.py:3096} INFO - Sync 1 DAGs
[2025-04-28T16:25:56.345+0000] {logging_mixin.py:188} INFO - [2025-04-28T16:25:56.345+0000] {dag.py:3954} INFO - Setting next_dagrun for silver_to_gold_feature_engineering to None, run_after=None
[2025-04-28T16:25:56.355+0000] {processor.py:183} INFO - Processing /opt/airflow/dags/silver_to_gold_feature_engineering.py took 0.181 seconds
[2025-04-28T16:26:26.967+0000] {processor.py:161} INFO - Started process (PID=9427) to work on /opt/airflow/dags/silver_to_gold_feature_engineering.py
[2025-04-28T16:26:26.970+0000] {processor.py:830} INFO - Processing file /opt/airflow/dags/silver_to_gold_feature_engineering.py for tasks to queue
[2025-04-28T16:26:26.971+0000] {logging_mixin.py:188} INFO - [2025-04-28T16:26:26.971+0000] {dagbag.py:540} INFO - Filling up the DagBag from /opt/airflow/dags/silver_to_gold_feature_engineering.py
[2025-04-28T16:26:27.112+0000] {processor.py:840} INFO - DAG(s) 'silver_to_gold_feature_engineering' retrieved from /opt/airflow/dags/silver_to_gold_feature_engineering.py
[2025-04-28T16:26:27.126+0000] {logging_mixin.py:188} INFO - [2025-04-28T16:26:27.125+0000] {dag.py:3096} INFO - Sync 1 DAGs
[2025-04-28T16:26:27.131+0000] {logging_mixin.py:188} INFO - [2025-04-28T16:26:27.131+0000] {dag.py:3954} INFO - Setting next_dagrun for silver_to_gold_feature_engineering to None, run_after=None
[2025-04-28T16:26:27.141+0000] {processor.py:183} INFO - Processing /opt/airflow/dags/silver_to_gold_feature_engineering.py took 0.180 seconds
[2025-04-28T16:26:57.718+0000] {processor.py:161} INFO - Started process (PID=9462) to work on /opt/airflow/dags/silver_to_gold_feature_engineering.py
[2025-04-28T16:26:57.721+0000] {processor.py:830} INFO - Processing file /opt/airflow/dags/silver_to_gold_feature_engineering.py for tasks to queue
[2025-04-28T16:26:57.722+0000] {logging_mixin.py:188} INFO - [2025-04-28T16:26:57.722+0000] {dagbag.py:540} INFO - Filling up the DagBag from /opt/airflow/dags/silver_to_gold_feature_engineering.py
[2025-04-28T16:26:57.867+0000] {processor.py:840} INFO - DAG(s) 'silver_to_gold_feature_engineering' retrieved from /opt/airflow/dags/silver_to_gold_feature_engineering.py
[2025-04-28T16:26:57.881+0000] {logging_mixin.py:188} INFO - [2025-04-28T16:26:57.881+0000] {dag.py:3096} INFO - Sync 1 DAGs
[2025-04-28T16:26:57.888+0000] {logging_mixin.py:188} INFO - [2025-04-28T16:26:57.888+0000] {dag.py:3954} INFO - Setting next_dagrun for silver_to_gold_feature_engineering to None, run_after=None
[2025-04-28T16:26:57.900+0000] {processor.py:183} INFO - Processing /opt/airflow/dags/silver_to_gold_feature_engineering.py took 0.187 seconds
[2025-04-28T16:27:28.428+0000] {processor.py:161} INFO - Started process (PID=9497) to work on /opt/airflow/dags/silver_to_gold_feature_engineering.py
[2025-04-28T16:27:28.429+0000] {processor.py:830} INFO - Processing file /opt/airflow/dags/silver_to_gold_feature_engineering.py for tasks to queue
[2025-04-28T16:27:28.430+0000] {logging_mixin.py:188} INFO - [2025-04-28T16:27:28.430+0000] {dagbag.py:540} INFO - Filling up the DagBag from /opt/airflow/dags/silver_to_gold_feature_engineering.py
[2025-04-28T16:27:28.586+0000] {processor.py:840} INFO - DAG(s) 'silver_to_gold_feature_engineering' retrieved from /opt/airflow/dags/silver_to_gold_feature_engineering.py
[2025-04-28T16:27:28.599+0000] {logging_mixin.py:188} INFO - [2025-04-28T16:27:28.599+0000] {dag.py:3096} INFO - Sync 1 DAGs
[2025-04-28T16:27:28.606+0000] {logging_mixin.py:188} INFO - [2025-04-28T16:27:28.605+0000] {dag.py:3954} INFO - Setting next_dagrun for silver_to_gold_feature_engineering to None, run_after=None
[2025-04-28T16:27:28.619+0000] {processor.py:183} INFO - Processing /opt/airflow/dags/silver_to_gold_feature_engineering.py took 0.195 seconds
[2025-04-28T16:27:59.253+0000] {processor.py:161} INFO - Started process (PID=9532) to work on /opt/airflow/dags/silver_to_gold_feature_engineering.py
[2025-04-28T16:27:59.255+0000] {processor.py:830} INFO - Processing file /opt/airflow/dags/silver_to_gold_feature_engineering.py for tasks to queue
[2025-04-28T16:27:59.259+0000] {logging_mixin.py:188} INFO - [2025-04-28T16:27:59.258+0000] {dagbag.py:540} INFO - Filling up the DagBag from /opt/airflow/dags/silver_to_gold_feature_engineering.py
[2025-04-28T16:27:59.407+0000] {processor.py:840} INFO - DAG(s) 'silver_to_gold_feature_engineering' retrieved from /opt/airflow/dags/silver_to_gold_feature_engineering.py
[2025-04-28T16:27:59.421+0000] {logging_mixin.py:188} INFO - [2025-04-28T16:27:59.420+0000] {dag.py:3096} INFO - Sync 1 DAGs
[2025-04-28T16:27:59.426+0000] {logging_mixin.py:188} INFO - [2025-04-28T16:27:59.426+0000] {dag.py:3954} INFO - Setting next_dagrun for silver_to_gold_feature_engineering to None, run_after=None
[2025-04-28T16:27:59.436+0000] {processor.py:183} INFO - Processing /opt/airflow/dags/silver_to_gold_feature_engineering.py took 0.191 seconds
[2025-04-28T16:28:30.062+0000] {processor.py:161} INFO - Started process (PID=9567) to work on /opt/airflow/dags/silver_to_gold_feature_engineering.py
[2025-04-28T16:28:30.064+0000] {processor.py:830} INFO - Processing file /opt/airflow/dags/silver_to_gold_feature_engineering.py for tasks to queue
[2025-04-28T16:28:30.065+0000] {logging_mixin.py:188} INFO - [2025-04-28T16:28:30.065+0000] {dagbag.py:540} INFO - Filling up the DagBag from /opt/airflow/dags/silver_to_gold_feature_engineering.py
[2025-04-28T16:28:30.205+0000] {processor.py:840} INFO - DAG(s) 'silver_to_gold_feature_engineering' retrieved from /opt/airflow/dags/silver_to_gold_feature_engineering.py
[2025-04-28T16:28:30.219+0000] {logging_mixin.py:188} INFO - [2025-04-28T16:28:30.218+0000] {dag.py:3096} INFO - Sync 1 DAGs
[2025-04-28T16:28:30.224+0000] {logging_mixin.py:188} INFO - [2025-04-28T16:28:30.224+0000] {dag.py:3954} INFO - Setting next_dagrun for silver_to_gold_feature_engineering to None, run_after=None
[2025-04-28T16:28:30.234+0000] {processor.py:183} INFO - Processing /opt/airflow/dags/silver_to_gold_feature_engineering.py took 0.179 seconds
[2025-04-28T16:29:00.809+0000] {processor.py:161} INFO - Started process (PID=9602) to work on /opt/airflow/dags/silver_to_gold_feature_engineering.py
[2025-04-28T16:29:00.809+0000] {processor.py:830} INFO - Processing file /opt/airflow/dags/silver_to_gold_feature_engineering.py for tasks to queue
[2025-04-28T16:29:00.810+0000] {logging_mixin.py:188} INFO - [2025-04-28T16:29:00.810+0000] {dagbag.py:540} INFO - Filling up the DagBag from /opt/airflow/dags/silver_to_gold_feature_engineering.py
[2025-04-28T16:29:00.956+0000] {processor.py:840} INFO - DAG(s) 'silver_to_gold_feature_engineering' retrieved from /opt/airflow/dags/silver_to_gold_feature_engineering.py
[2025-04-28T16:29:00.972+0000] {logging_mixin.py:188} INFO - [2025-04-28T16:29:00.972+0000] {dag.py:3096} INFO - Sync 1 DAGs
[2025-04-28T16:29:00.978+0000] {logging_mixin.py:188} INFO - [2025-04-28T16:29:00.978+0000] {dag.py:3954} INFO - Setting next_dagrun for silver_to_gold_feature_engineering to None, run_after=None
[2025-04-28T16:29:00.992+0000] {processor.py:183} INFO - Processing /opt/airflow/dags/silver_to_gold_feature_engineering.py took 0.186 seconds
[2025-04-28T16:29:31.621+0000] {processor.py:161} INFO - Started process (PID=9637) to work on /opt/airflow/dags/silver_to_gold_feature_engineering.py
[2025-04-28T16:29:31.625+0000] {processor.py:830} INFO - Processing file /opt/airflow/dags/silver_to_gold_feature_engineering.py for tasks to queue
[2025-04-28T16:29:31.626+0000] {logging_mixin.py:188} INFO - [2025-04-28T16:29:31.626+0000] {dagbag.py:540} INFO - Filling up the DagBag from /opt/airflow/dags/silver_to_gold_feature_engineering.py
[2025-04-28T16:29:31.770+0000] {processor.py:840} INFO - DAG(s) 'silver_to_gold_feature_engineering' retrieved from /opt/airflow/dags/silver_to_gold_feature_engineering.py
[2025-04-28T16:29:31.786+0000] {logging_mixin.py:188} INFO - [2025-04-28T16:29:31.786+0000] {dag.py:3096} INFO - Sync 1 DAGs
[2025-04-28T16:29:31.792+0000] {logging_mixin.py:188} INFO - [2025-04-28T16:29:31.792+0000] {dag.py:3954} INFO - Setting next_dagrun for silver_to_gold_feature_engineering to None, run_after=None
[2025-04-28T16:29:31.803+0000] {processor.py:183} INFO - Processing /opt/airflow/dags/silver_to_gold_feature_engineering.py took 0.188 seconds
[2025-04-28T16:30:02.378+0000] {processor.py:161} INFO - Started process (PID=9672) to work on /opt/airflow/dags/silver_to_gold_feature_engineering.py
[2025-04-28T16:30:02.379+0000] {processor.py:830} INFO - Processing file /opt/airflow/dags/silver_to_gold_feature_engineering.py for tasks to queue
[2025-04-28T16:30:02.381+0000] {logging_mixin.py:188} INFO - [2025-04-28T16:30:02.381+0000] {dagbag.py:540} INFO - Filling up the DagBag from /opt/airflow/dags/silver_to_gold_feature_engineering.py
[2025-04-28T16:30:02.518+0000] {processor.py:840} INFO - DAG(s) 'silver_to_gold_feature_engineering' retrieved from /opt/airflow/dags/silver_to_gold_feature_engineering.py
[2025-04-28T16:30:02.531+0000] {logging_mixin.py:188} INFO - [2025-04-28T16:30:02.530+0000] {dag.py:3096} INFO - Sync 1 DAGs
[2025-04-28T16:30:02.536+0000] {logging_mixin.py:188} INFO - [2025-04-28T16:30:02.536+0000] {dag.py:3954} INFO - Setting next_dagrun for silver_to_gold_feature_engineering to None, run_after=None
[2025-04-28T16:30:02.547+0000] {processor.py:183} INFO - Processing /opt/airflow/dags/silver_to_gold_feature_engineering.py took 0.173 seconds
[2025-04-28T16:30:33.140+0000] {processor.py:161} INFO - Started process (PID=9707) to work on /opt/airflow/dags/silver_to_gold_feature_engineering.py
[2025-04-28T16:30:33.142+0000] {processor.py:830} INFO - Processing file /opt/airflow/dags/silver_to_gold_feature_engineering.py for tasks to queue
[2025-04-28T16:30:33.144+0000] {logging_mixin.py:188} INFO - [2025-04-28T16:30:33.144+0000] {dagbag.py:540} INFO - Filling up the DagBag from /opt/airflow/dags/silver_to_gold_feature_engineering.py
[2025-04-28T16:30:33.286+0000] {processor.py:840} INFO - DAG(s) 'silver_to_gold_feature_engineering' retrieved from /opt/airflow/dags/silver_to_gold_feature_engineering.py
[2025-04-28T16:30:33.300+0000] {logging_mixin.py:188} INFO - [2025-04-28T16:30:33.299+0000] {dag.py:3096} INFO - Sync 1 DAGs
[2025-04-28T16:30:33.305+0000] {logging_mixin.py:188} INFO - [2025-04-28T16:30:33.305+0000] {dag.py:3954} INFO - Setting next_dagrun for silver_to_gold_feature_engineering to None, run_after=None
[2025-04-28T16:30:33.316+0000] {processor.py:183} INFO - Processing /opt/airflow/dags/silver_to_gold_feature_engineering.py took 0.180 seconds
[2025-04-28T16:31:03.876+0000] {processor.py:161} INFO - Started process (PID=9742) to work on /opt/airflow/dags/silver_to_gold_feature_engineering.py
[2025-04-28T16:31:03.879+0000] {processor.py:830} INFO - Processing file /opt/airflow/dags/silver_to_gold_feature_engineering.py for tasks to queue
[2025-04-28T16:31:03.881+0000] {logging_mixin.py:188} INFO - [2025-04-28T16:31:03.881+0000] {dagbag.py:540} INFO - Filling up the DagBag from /opt/airflow/dags/silver_to_gold_feature_engineering.py
[2025-04-28T16:31:04.020+0000] {processor.py:840} INFO - DAG(s) 'silver_to_gold_feature_engineering' retrieved from /opt/airflow/dags/silver_to_gold_feature_engineering.py
[2025-04-28T16:31:04.037+0000] {logging_mixin.py:188} INFO - [2025-04-28T16:31:04.037+0000] {dag.py:3096} INFO - Sync 1 DAGs
[2025-04-28T16:31:04.043+0000] {logging_mixin.py:188} INFO - [2025-04-28T16:31:04.043+0000] {dag.py:3954} INFO - Setting next_dagrun for silver_to_gold_feature_engineering to None, run_after=None
[2025-04-28T16:31:04.055+0000] {processor.py:183} INFO - Processing /opt/airflow/dags/silver_to_gold_feature_engineering.py took 0.184 seconds
[2025-04-28T16:31:34.603+0000] {processor.py:161} INFO - Started process (PID=9777) to work on /opt/airflow/dags/silver_to_gold_feature_engineering.py
[2025-04-28T16:31:34.606+0000] {processor.py:830} INFO - Processing file /opt/airflow/dags/silver_to_gold_feature_engineering.py for tasks to queue
[2025-04-28T16:31:34.608+0000] {logging_mixin.py:188} INFO - [2025-04-28T16:31:34.608+0000] {dagbag.py:540} INFO - Filling up the DagBag from /opt/airflow/dags/silver_to_gold_feature_engineering.py
[2025-04-28T16:31:34.749+0000] {processor.py:840} INFO - DAG(s) 'silver_to_gold_feature_engineering' retrieved from /opt/airflow/dags/silver_to_gold_feature_engineering.py
[2025-04-28T16:31:34.762+0000] {logging_mixin.py:188} INFO - [2025-04-28T16:31:34.762+0000] {dag.py:3096} INFO - Sync 1 DAGs
[2025-04-28T16:31:34.769+0000] {logging_mixin.py:188} INFO - [2025-04-28T16:31:34.769+0000] {dag.py:3954} INFO - Setting next_dagrun for silver_to_gold_feature_engineering to None, run_after=None
[2025-04-28T16:31:34.780+0000] {processor.py:183} INFO - Processing /opt/airflow/dags/silver_to_gold_feature_engineering.py took 0.183 seconds
[2025-04-28T16:32:05.448+0000] {processor.py:161} INFO - Started process (PID=9812) to work on /opt/airflow/dags/silver_to_gold_feature_engineering.py
[2025-04-28T16:32:05.451+0000] {processor.py:830} INFO - Processing file /opt/airflow/dags/silver_to_gold_feature_engineering.py for tasks to queue
[2025-04-28T16:32:05.453+0000] {logging_mixin.py:188} INFO - [2025-04-28T16:32:05.453+0000] {dagbag.py:540} INFO - Filling up the DagBag from /opt/airflow/dags/silver_to_gold_feature_engineering.py
[2025-04-28T16:32:05.596+0000] {processor.py:840} INFO - DAG(s) 'silver_to_gold_feature_engineering' retrieved from /opt/airflow/dags/silver_to_gold_feature_engineering.py
[2025-04-28T16:32:05.610+0000] {logging_mixin.py:188} INFO - [2025-04-28T16:32:05.610+0000] {dag.py:3096} INFO - Sync 1 DAGs
[2025-04-28T16:32:05.616+0000] {logging_mixin.py:188} INFO - [2025-04-28T16:32:05.616+0000] {dag.py:3954} INFO - Setting next_dagrun for silver_to_gold_feature_engineering to None, run_after=None
[2025-04-28T16:32:05.627+0000] {processor.py:183} INFO - Processing /opt/airflow/dags/silver_to_gold_feature_engineering.py took 0.186 seconds
[2025-04-28T16:32:36.176+0000] {processor.py:161} INFO - Started process (PID=9847) to work on /opt/airflow/dags/silver_to_gold_feature_engineering.py
[2025-04-28T16:32:36.177+0000] {processor.py:830} INFO - Processing file /opt/airflow/dags/silver_to_gold_feature_engineering.py for tasks to queue
[2025-04-28T16:32:36.178+0000] {logging_mixin.py:188} INFO - [2025-04-28T16:32:36.178+0000] {dagbag.py:540} INFO - Filling up the DagBag from /opt/airflow/dags/silver_to_gold_feature_engineering.py
[2025-04-28T16:32:36.322+0000] {processor.py:840} INFO - DAG(s) 'silver_to_gold_feature_engineering' retrieved from /opt/airflow/dags/silver_to_gold_feature_engineering.py
[2025-04-28T16:32:36.337+0000] {logging_mixin.py:188} INFO - [2025-04-28T16:32:36.337+0000] {dag.py:3096} INFO - Sync 1 DAGs
[2025-04-28T16:32:36.342+0000] {logging_mixin.py:188} INFO - [2025-04-28T16:32:36.342+0000] {dag.py:3954} INFO - Setting next_dagrun for silver_to_gold_feature_engineering to None, run_after=None
[2025-04-28T16:32:36.353+0000] {processor.py:183} INFO - Processing /opt/airflow/dags/silver_to_gold_feature_engineering.py took 0.183 seconds
[2025-04-28T16:33:06.917+0000] {processor.py:161} INFO - Started process (PID=9882) to work on /opt/airflow/dags/silver_to_gold_feature_engineering.py
[2025-04-28T16:33:06.920+0000] {processor.py:830} INFO - Processing file /opt/airflow/dags/silver_to_gold_feature_engineering.py for tasks to queue
[2025-04-28T16:33:06.922+0000] {logging_mixin.py:188} INFO - [2025-04-28T16:33:06.922+0000] {dagbag.py:540} INFO - Filling up the DagBag from /opt/airflow/dags/silver_to_gold_feature_engineering.py
[2025-04-28T16:33:07.065+0000] {processor.py:840} INFO - DAG(s) 'silver_to_gold_feature_engineering' retrieved from /opt/airflow/dags/silver_to_gold_feature_engineering.py
[2025-04-28T16:33:07.078+0000] {logging_mixin.py:188} INFO - [2025-04-28T16:33:07.078+0000] {dag.py:3096} INFO - Sync 1 DAGs
[2025-04-28T16:33:07.084+0000] {logging_mixin.py:188} INFO - [2025-04-28T16:33:07.084+0000] {dag.py:3954} INFO - Setting next_dagrun for silver_to_gold_feature_engineering to None, run_after=None
[2025-04-28T16:33:07.094+0000] {processor.py:183} INFO - Processing /opt/airflow/dags/silver_to_gold_feature_engineering.py took 0.182 seconds
[2025-04-28T16:33:37.728+0000] {processor.py:161} INFO - Started process (PID=9917) to work on /opt/airflow/dags/silver_to_gold_feature_engineering.py
[2025-04-28T16:33:37.730+0000] {processor.py:830} INFO - Processing file /opt/airflow/dags/silver_to_gold_feature_engineering.py for tasks to queue
[2025-04-28T16:33:37.732+0000] {logging_mixin.py:188} INFO - [2025-04-28T16:33:37.732+0000] {dagbag.py:540} INFO - Filling up the DagBag from /opt/airflow/dags/silver_to_gold_feature_engineering.py
[2025-04-28T16:33:37.873+0000] {processor.py:840} INFO - DAG(s) 'silver_to_gold_feature_engineering' retrieved from /opt/airflow/dags/silver_to_gold_feature_engineering.py
[2025-04-28T16:33:37.888+0000] {logging_mixin.py:188} INFO - [2025-04-28T16:33:37.888+0000] {dag.py:3096} INFO - Sync 1 DAGs
[2025-04-28T16:33:37.894+0000] {logging_mixin.py:188} INFO - [2025-04-28T16:33:37.894+0000] {dag.py:3954} INFO - Setting next_dagrun for silver_to_gold_feature_engineering to None, run_after=None
[2025-04-28T16:33:37.907+0000] {processor.py:183} INFO - Processing /opt/airflow/dags/silver_to_gold_feature_engineering.py took 0.185 seconds
[2025-04-28T16:34:08.498+0000] {processor.py:161} INFO - Started process (PID=9952) to work on /opt/airflow/dags/silver_to_gold_feature_engineering.py
[2025-04-28T16:34:08.499+0000] {processor.py:830} INFO - Processing file /opt/airflow/dags/silver_to_gold_feature_engineering.py for tasks to queue
[2025-04-28T16:34:08.500+0000] {logging_mixin.py:188} INFO - [2025-04-28T16:34:08.500+0000] {dagbag.py:540} INFO - Filling up the DagBag from /opt/airflow/dags/silver_to_gold_feature_engineering.py
[2025-04-28T16:34:08.643+0000] {processor.py:840} INFO - DAG(s) 'silver_to_gold_feature_engineering' retrieved from /opt/airflow/dags/silver_to_gold_feature_engineering.py
[2025-04-28T16:34:08.656+0000] {logging_mixin.py:188} INFO - [2025-04-28T16:34:08.656+0000] {dag.py:3096} INFO - Sync 1 DAGs
[2025-04-28T16:34:08.661+0000] {logging_mixin.py:188} INFO - [2025-04-28T16:34:08.661+0000] {dag.py:3954} INFO - Setting next_dagrun for silver_to_gold_feature_engineering to None, run_after=None
[2025-04-28T16:34:08.673+0000] {processor.py:183} INFO - Processing /opt/airflow/dags/silver_to_gold_feature_engineering.py took 0.179 seconds
[2025-04-28T16:34:39.263+0000] {processor.py:161} INFO - Started process (PID=9987) to work on /opt/airflow/dags/silver_to_gold_feature_engineering.py
[2025-04-28T16:34:39.265+0000] {processor.py:830} INFO - Processing file /opt/airflow/dags/silver_to_gold_feature_engineering.py for tasks to queue
[2025-04-28T16:34:39.266+0000] {logging_mixin.py:188} INFO - [2025-04-28T16:34:39.266+0000] {dagbag.py:540} INFO - Filling up the DagBag from /opt/airflow/dags/silver_to_gold_feature_engineering.py
[2025-04-28T16:34:39.406+0000] {processor.py:840} INFO - DAG(s) 'silver_to_gold_feature_engineering' retrieved from /opt/airflow/dags/silver_to_gold_feature_engineering.py
[2025-04-28T16:34:39.421+0000] {logging_mixin.py:188} INFO - [2025-04-28T16:34:39.421+0000] {dag.py:3096} INFO - Sync 1 DAGs
[2025-04-28T16:34:39.427+0000] {logging_mixin.py:188} INFO - [2025-04-28T16:34:39.427+0000] {dag.py:3954} INFO - Setting next_dagrun for silver_to_gold_feature_engineering to None, run_after=None
[2025-04-28T16:34:39.439+0000] {processor.py:183} INFO - Processing /opt/airflow/dags/silver_to_gold_feature_engineering.py took 0.182 seconds
[2025-04-28T16:35:10.062+0000] {processor.py:161} INFO - Started process (PID=10022) to work on /opt/airflow/dags/silver_to_gold_feature_engineering.py
[2025-04-28T16:35:10.063+0000] {processor.py:830} INFO - Processing file /opt/airflow/dags/silver_to_gold_feature_engineering.py for tasks to queue
[2025-04-28T16:35:10.064+0000] {logging_mixin.py:188} INFO - [2025-04-28T16:35:10.064+0000] {dagbag.py:540} INFO - Filling up the DagBag from /opt/airflow/dags/silver_to_gold_feature_engineering.py
[2025-04-28T16:35:10.207+0000] {processor.py:840} INFO - DAG(s) 'silver_to_gold_feature_engineering' retrieved from /opt/airflow/dags/silver_to_gold_feature_engineering.py
[2025-04-28T16:35:10.222+0000] {logging_mixin.py:188} INFO - [2025-04-28T16:35:10.222+0000] {dag.py:3096} INFO - Sync 1 DAGs
[2025-04-28T16:35:10.229+0000] {logging_mixin.py:188} INFO - [2025-04-28T16:35:10.229+0000] {dag.py:3954} INFO - Setting next_dagrun for silver_to_gold_feature_engineering to None, run_after=None
[2025-04-28T16:35:10.240+0000] {processor.py:183} INFO - Processing /opt/airflow/dags/silver_to_gold_feature_engineering.py took 0.183 seconds
[2025-04-28T16:35:40.793+0000] {processor.py:161} INFO - Started process (PID=10057) to work on /opt/airflow/dags/silver_to_gold_feature_engineering.py
[2025-04-28T16:35:40.793+0000] {processor.py:830} INFO - Processing file /opt/airflow/dags/silver_to_gold_feature_engineering.py for tasks to queue
[2025-04-28T16:35:40.795+0000] {logging_mixin.py:188} INFO - [2025-04-28T16:35:40.794+0000] {dagbag.py:540} INFO - Filling up the DagBag from /opt/airflow/dags/silver_to_gold_feature_engineering.py
[2025-04-28T16:35:40.938+0000] {processor.py:840} INFO - DAG(s) 'silver_to_gold_feature_engineering' retrieved from /opt/airflow/dags/silver_to_gold_feature_engineering.py
[2025-04-28T16:35:40.952+0000] {logging_mixin.py:188} INFO - [2025-04-28T16:35:40.951+0000] {dag.py:3096} INFO - Sync 1 DAGs
[2025-04-28T16:35:40.958+0000] {logging_mixin.py:188} INFO - [2025-04-28T16:35:40.957+0000] {dag.py:3954} INFO - Setting next_dagrun for silver_to_gold_feature_engineering to None, run_after=None
[2025-04-28T16:35:40.969+0000] {processor.py:183} INFO - Processing /opt/airflow/dags/silver_to_gold_feature_engineering.py took 0.182 seconds
[2025-04-28T16:36:11.560+0000] {processor.py:161} INFO - Started process (PID=10092) to work on /opt/airflow/dags/silver_to_gold_feature_engineering.py
[2025-04-28T16:36:11.561+0000] {processor.py:830} INFO - Processing file /opt/airflow/dags/silver_to_gold_feature_engineering.py for tasks to queue
[2025-04-28T16:36:11.563+0000] {logging_mixin.py:188} INFO - [2025-04-28T16:36:11.562+0000] {dagbag.py:540} INFO - Filling up the DagBag from /opt/airflow/dags/silver_to_gold_feature_engineering.py
[2025-04-28T16:36:11.710+0000] {processor.py:840} INFO - DAG(s) 'silver_to_gold_feature_engineering' retrieved from /opt/airflow/dags/silver_to_gold_feature_engineering.py
[2025-04-28T16:36:11.723+0000] {logging_mixin.py:188} INFO - [2025-04-28T16:36:11.723+0000] {dag.py:3096} INFO - Sync 1 DAGs
[2025-04-28T16:36:11.729+0000] {logging_mixin.py:188} INFO - [2025-04-28T16:36:11.729+0000] {dag.py:3954} INFO - Setting next_dagrun for silver_to_gold_feature_engineering to None, run_after=None
[2025-04-28T16:36:11.740+0000] {processor.py:183} INFO - Processing /opt/airflow/dags/silver_to_gold_feature_engineering.py took 0.184 seconds
[2025-04-28T16:36:42.406+0000] {processor.py:161} INFO - Started process (PID=10127) to work on /opt/airflow/dags/silver_to_gold_feature_engineering.py
[2025-04-28T16:36:42.407+0000] {processor.py:830} INFO - Processing file /opt/airflow/dags/silver_to_gold_feature_engineering.py for tasks to queue
[2025-04-28T16:36:42.408+0000] {logging_mixin.py:188} INFO - [2025-04-28T16:36:42.408+0000] {dagbag.py:540} INFO - Filling up the DagBag from /opt/airflow/dags/silver_to_gold_feature_engineering.py
[2025-04-28T16:36:42.557+0000] {processor.py:840} INFO - DAG(s) 'silver_to_gold_feature_engineering' retrieved from /opt/airflow/dags/silver_to_gold_feature_engineering.py
[2025-04-28T16:36:42.572+0000] {logging_mixin.py:188} INFO - [2025-04-28T16:36:42.571+0000] {dag.py:3096} INFO - Sync 1 DAGs
[2025-04-28T16:36:42.578+0000] {logging_mixin.py:188} INFO - [2025-04-28T16:36:42.578+0000] {dag.py:3954} INFO - Setting next_dagrun for silver_to_gold_feature_engineering to None, run_after=None
[2025-04-28T16:36:42.590+0000] {processor.py:183} INFO - Processing /opt/airflow/dags/silver_to_gold_feature_engineering.py took 0.190 seconds
[2025-04-28T16:37:13.225+0000] {processor.py:161} INFO - Started process (PID=10162) to work on /opt/airflow/dags/silver_to_gold_feature_engineering.py
[2025-04-28T16:37:13.227+0000] {processor.py:830} INFO - Processing file /opt/airflow/dags/silver_to_gold_feature_engineering.py for tasks to queue
[2025-04-28T16:37:13.228+0000] {logging_mixin.py:188} INFO - [2025-04-28T16:37:13.228+0000] {dagbag.py:540} INFO - Filling up the DagBag from /opt/airflow/dags/silver_to_gold_feature_engineering.py
[2025-04-28T16:37:13.371+0000] {processor.py:840} INFO - DAG(s) 'silver_to_gold_feature_engineering' retrieved from /opt/airflow/dags/silver_to_gold_feature_engineering.py
[2025-04-28T16:37:13.385+0000] {logging_mixin.py:188} INFO - [2025-04-28T16:37:13.385+0000] {dag.py:3096} INFO - Sync 1 DAGs
[2025-04-28T16:37:13.391+0000] {logging_mixin.py:188} INFO - [2025-04-28T16:37:13.391+0000] {dag.py:3954} INFO - Setting next_dagrun for silver_to_gold_feature_engineering to None, run_after=None
[2025-04-28T16:37:13.402+0000] {processor.py:183} INFO - Processing /opt/airflow/dags/silver_to_gold_feature_engineering.py took 0.181 seconds
[2025-04-28T16:37:44.139+0000] {processor.py:161} INFO - Started process (PID=10197) to work on /opt/airflow/dags/silver_to_gold_feature_engineering.py
[2025-04-28T16:37:44.140+0000] {processor.py:830} INFO - Processing file /opt/airflow/dags/silver_to_gold_feature_engineering.py for tasks to queue
[2025-04-28T16:37:44.142+0000] {logging_mixin.py:188} INFO - [2025-04-28T16:37:44.142+0000] {dagbag.py:540} INFO - Filling up the DagBag from /opt/airflow/dags/silver_to_gold_feature_engineering.py
[2025-04-28T16:37:44.292+0000] {processor.py:840} INFO - DAG(s) 'silver_to_gold_feature_engineering' retrieved from /opt/airflow/dags/silver_to_gold_feature_engineering.py
[2025-04-28T16:37:44.308+0000] {logging_mixin.py:188} INFO - [2025-04-28T16:37:44.308+0000] {dag.py:3096} INFO - Sync 1 DAGs
[2025-04-28T16:37:44.314+0000] {logging_mixin.py:188} INFO - [2025-04-28T16:37:44.314+0000] {dag.py:3954} INFO - Setting next_dagrun for silver_to_gold_feature_engineering to None, run_after=None
[2025-04-28T16:37:44.329+0000] {processor.py:183} INFO - Processing /opt/airflow/dags/silver_to_gold_feature_engineering.py took 0.197 seconds
[2025-04-28T16:38:15.045+0000] {processor.py:161} INFO - Started process (PID=10232) to work on /opt/airflow/dags/silver_to_gold_feature_engineering.py
[2025-04-28T16:38:15.047+0000] {processor.py:830} INFO - Processing file /opt/airflow/dags/silver_to_gold_feature_engineering.py for tasks to queue
[2025-04-28T16:38:15.049+0000] {logging_mixin.py:188} INFO - [2025-04-28T16:38:15.048+0000] {dagbag.py:540} INFO - Filling up the DagBag from /opt/airflow/dags/silver_to_gold_feature_engineering.py
[2025-04-28T16:38:15.193+0000] {processor.py:840} INFO - DAG(s) 'silver_to_gold_feature_engineering' retrieved from /opt/airflow/dags/silver_to_gold_feature_engineering.py
[2025-04-28T16:38:15.206+0000] {logging_mixin.py:188} INFO - [2025-04-28T16:38:15.206+0000] {dag.py:3096} INFO - Sync 1 DAGs
[2025-04-28T16:38:15.212+0000] {logging_mixin.py:188} INFO - [2025-04-28T16:38:15.212+0000] {dag.py:3954} INFO - Setting next_dagrun for silver_to_gold_feature_engineering to None, run_after=None
[2025-04-28T16:38:15.223+0000] {processor.py:183} INFO - Processing /opt/airflow/dags/silver_to_gold_feature_engineering.py took 0.185 seconds
[2025-04-28T16:38:45.998+0000] {processor.py:161} INFO - Started process (PID=10267) to work on /opt/airflow/dags/silver_to_gold_feature_engineering.py
[2025-04-28T16:38:45.999+0000] {processor.py:830} INFO - Processing file /opt/airflow/dags/silver_to_gold_feature_engineering.py for tasks to queue
[2025-04-28T16:38:46.000+0000] {logging_mixin.py:188} INFO - [2025-04-28T16:38:46.000+0000] {dagbag.py:540} INFO - Filling up the DagBag from /opt/airflow/dags/silver_to_gold_feature_engineering.py
[2025-04-28T16:38:46.146+0000] {processor.py:840} INFO - DAG(s) 'silver_to_gold_feature_engineering' retrieved from /opt/airflow/dags/silver_to_gold_feature_engineering.py
[2025-04-28T16:38:46.160+0000] {logging_mixin.py:188} INFO - [2025-04-28T16:38:46.160+0000] {dag.py:3096} INFO - Sync 1 DAGs
[2025-04-28T16:38:46.167+0000] {logging_mixin.py:188} INFO - [2025-04-28T16:38:46.167+0000] {dag.py:3954} INFO - Setting next_dagrun for silver_to_gold_feature_engineering to None, run_after=None
[2025-04-28T16:38:46.178+0000] {processor.py:183} INFO - Processing /opt/airflow/dags/silver_to_gold_feature_engineering.py took 0.184 seconds
[2025-04-28T16:39:16.870+0000] {processor.py:161} INFO - Started process (PID=10302) to work on /opt/airflow/dags/silver_to_gold_feature_engineering.py
[2025-04-28T16:39:16.872+0000] {processor.py:830} INFO - Processing file /opt/airflow/dags/silver_to_gold_feature_engineering.py for tasks to queue
[2025-04-28T16:39:16.874+0000] {logging_mixin.py:188} INFO - [2025-04-28T16:39:16.873+0000] {dagbag.py:540} INFO - Filling up the DagBag from /opt/airflow/dags/silver_to_gold_feature_engineering.py
[2025-04-28T16:39:17.023+0000] {processor.py:840} INFO - DAG(s) 'silver_to_gold_feature_engineering' retrieved from /opt/airflow/dags/silver_to_gold_feature_engineering.py
[2025-04-28T16:39:17.038+0000] {logging_mixin.py:188} INFO - [2025-04-28T16:39:17.038+0000] {dag.py:3096} INFO - Sync 1 DAGs
[2025-04-28T16:39:17.044+0000] {logging_mixin.py:188} INFO - [2025-04-28T16:39:17.044+0000] {dag.py:3954} INFO - Setting next_dagrun for silver_to_gold_feature_engineering to None, run_after=None
[2025-04-28T16:39:17.054+0000] {processor.py:183} INFO - Processing /opt/airflow/dags/silver_to_gold_feature_engineering.py took 0.190 seconds
[2025-04-28T16:39:47.791+0000] {processor.py:161} INFO - Started process (PID=10337) to work on /opt/airflow/dags/silver_to_gold_feature_engineering.py
[2025-04-28T16:39:47.792+0000] {processor.py:830} INFO - Processing file /opt/airflow/dags/silver_to_gold_feature_engineering.py for tasks to queue
[2025-04-28T16:39:47.793+0000] {logging_mixin.py:188} INFO - [2025-04-28T16:39:47.793+0000] {dagbag.py:540} INFO - Filling up the DagBag from /opt/airflow/dags/silver_to_gold_feature_engineering.py
[2025-04-28T16:39:47.938+0000] {processor.py:840} INFO - DAG(s) 'silver_to_gold_feature_engineering' retrieved from /opt/airflow/dags/silver_to_gold_feature_engineering.py
[2025-04-28T16:39:47.954+0000] {logging_mixin.py:188} INFO - [2025-04-28T16:39:47.954+0000] {dag.py:3096} INFO - Sync 1 DAGs
[2025-04-28T16:39:47.963+0000] {logging_mixin.py:188} INFO - [2025-04-28T16:39:47.963+0000] {dag.py:3954} INFO - Setting next_dagrun for silver_to_gold_feature_engineering to None, run_after=None
[2025-04-28T16:39:47.973+0000] {processor.py:183} INFO - Processing /opt/airflow/dags/silver_to_gold_feature_engineering.py took 0.187 seconds
[2025-04-28T16:40:18.632+0000] {processor.py:161} INFO - Started process (PID=10372) to work on /opt/airflow/dags/silver_to_gold_feature_engineering.py
[2025-04-28T16:40:18.634+0000] {processor.py:830} INFO - Processing file /opt/airflow/dags/silver_to_gold_feature_engineering.py for tasks to queue
[2025-04-28T16:40:18.636+0000] {logging_mixin.py:188} INFO - [2025-04-28T16:40:18.636+0000] {dagbag.py:540} INFO - Filling up the DagBag from /opt/airflow/dags/silver_to_gold_feature_engineering.py
[2025-04-28T16:40:18.782+0000] {processor.py:840} INFO - DAG(s) 'silver_to_gold_feature_engineering' retrieved from /opt/airflow/dags/silver_to_gold_feature_engineering.py
[2025-04-28T16:40:18.801+0000] {logging_mixin.py:188} INFO - [2025-04-28T16:40:18.800+0000] {dag.py:3096} INFO - Sync 1 DAGs
[2025-04-28T16:40:18.806+0000] {logging_mixin.py:188} INFO - [2025-04-28T16:40:18.806+0000] {dag.py:3954} INFO - Setting next_dagrun for silver_to_gold_feature_engineering to None, run_after=None
[2025-04-28T16:40:18.816+0000] {processor.py:183} INFO - Processing /opt/airflow/dags/silver_to_gold_feature_engineering.py took 0.189 seconds
[2025-04-28T16:40:49.396+0000] {processor.py:161} INFO - Started process (PID=10407) to work on /opt/airflow/dags/silver_to_gold_feature_engineering.py
[2025-04-28T16:40:49.398+0000] {processor.py:830} INFO - Processing file /opt/airflow/dags/silver_to_gold_feature_engineering.py for tasks to queue
[2025-04-28T16:40:49.400+0000] {logging_mixin.py:188} INFO - [2025-04-28T16:40:49.399+0000] {dagbag.py:540} INFO - Filling up the DagBag from /opt/airflow/dags/silver_to_gold_feature_engineering.py
[2025-04-28T16:40:49.545+0000] {processor.py:840} INFO - DAG(s) 'silver_to_gold_feature_engineering' retrieved from /opt/airflow/dags/silver_to_gold_feature_engineering.py
[2025-04-28T16:40:49.558+0000] {logging_mixin.py:188} INFO - [2025-04-28T16:40:49.558+0000] {dag.py:3096} INFO - Sync 1 DAGs
[2025-04-28T16:40:49.565+0000] {logging_mixin.py:188} INFO - [2025-04-28T16:40:49.565+0000] {dag.py:3954} INFO - Setting next_dagrun for silver_to_gold_feature_engineering to None, run_after=None
[2025-04-28T16:40:49.576+0000] {processor.py:183} INFO - Processing /opt/airflow/dags/silver_to_gold_feature_engineering.py took 0.184 seconds
[2025-04-28T16:41:20.234+0000] {processor.py:161} INFO - Started process (PID=10442) to work on /opt/airflow/dags/silver_to_gold_feature_engineering.py
[2025-04-28T16:41:20.236+0000] {processor.py:830} INFO - Processing file /opt/airflow/dags/silver_to_gold_feature_engineering.py for tasks to queue
[2025-04-28T16:41:20.237+0000] {logging_mixin.py:188} INFO - [2025-04-28T16:41:20.237+0000] {dagbag.py:540} INFO - Filling up the DagBag from /opt/airflow/dags/silver_to_gold_feature_engineering.py
[2025-04-28T16:41:20.384+0000] {processor.py:840} INFO - DAG(s) 'silver_to_gold_feature_engineering' retrieved from /opt/airflow/dags/silver_to_gold_feature_engineering.py
[2025-04-28T16:41:20.401+0000] {logging_mixin.py:188} INFO - [2025-04-28T16:41:20.400+0000] {dag.py:3096} INFO - Sync 1 DAGs
[2025-04-28T16:41:20.410+0000] {logging_mixin.py:188} INFO - [2025-04-28T16:41:20.410+0000] {dag.py:3954} INFO - Setting next_dagrun for silver_to_gold_feature_engineering to None, run_after=None
[2025-04-28T16:41:20.420+0000] {processor.py:183} INFO - Processing /opt/airflow/dags/silver_to_gold_feature_engineering.py took 0.193 seconds
[2025-04-28T16:41:51.036+0000] {processor.py:161} INFO - Started process (PID=10477) to work on /opt/airflow/dags/silver_to_gold_feature_engineering.py
[2025-04-28T16:41:51.041+0000] {processor.py:830} INFO - Processing file /opt/airflow/dags/silver_to_gold_feature_engineering.py for tasks to queue
[2025-04-28T16:41:51.042+0000] {logging_mixin.py:188} INFO - [2025-04-28T16:41:51.042+0000] {dagbag.py:540} INFO - Filling up the DagBag from /opt/airflow/dags/silver_to_gold_feature_engineering.py
[2025-04-28T16:41:51.189+0000] {processor.py:840} INFO - DAG(s) 'silver_to_gold_feature_engineering' retrieved from /opt/airflow/dags/silver_to_gold_feature_engineering.py
[2025-04-28T16:41:51.202+0000] {logging_mixin.py:188} INFO - [2025-04-28T16:41:51.202+0000] {dag.py:3096} INFO - Sync 1 DAGs
[2025-04-28T16:41:51.208+0000] {logging_mixin.py:188} INFO - [2025-04-28T16:41:51.208+0000] {dag.py:3954} INFO - Setting next_dagrun for silver_to_gold_feature_engineering to None, run_after=None
[2025-04-28T16:41:51.219+0000] {processor.py:183} INFO - Processing /opt/airflow/dags/silver_to_gold_feature_engineering.py took 0.186 seconds
[2025-04-28T16:42:46.097+0000] {processor.py:161} INFO - Started process (PID=10515) to work on /opt/airflow/dags/silver_to_gold_feature_engineering.py
[2025-04-28T16:42:46.101+0000] {processor.py:830} INFO - Processing file /opt/airflow/dags/silver_to_gold_feature_engineering.py for tasks to queue
[2025-04-28T16:42:46.102+0000] {logging_mixin.py:188} INFO - [2025-04-28T16:42:46.102+0000] {dagbag.py:540} INFO - Filling up the DagBag from /opt/airflow/dags/silver_to_gold_feature_engineering.py
[2025-04-28T16:42:46.251+0000] {processor.py:840} INFO - DAG(s) 'silver_to_gold_feature_engineering' retrieved from /opt/airflow/dags/silver_to_gold_feature_engineering.py
[2025-04-28T16:42:46.264+0000] {logging_mixin.py:188} INFO - [2025-04-28T16:42:46.264+0000] {dag.py:3096} INFO - Sync 1 DAGs
[2025-04-28T16:42:46.270+0000] {logging_mixin.py:188} INFO - [2025-04-28T16:42:46.270+0000] {dag.py:3954} INFO - Setting next_dagrun for silver_to_gold_feature_engineering to None, run_after=None
[2025-04-28T16:42:46.279+0000] {processor.py:183} INFO - Processing /opt/airflow/dags/silver_to_gold_feature_engineering.py took 0.186 seconds
[2025-04-28T16:46:16.481+0000] {processor.py:161} INFO - Started process (PID=10553) to work on /opt/airflow/dags/silver_to_gold_feature_engineering.py
[2025-04-28T16:46:16.482+0000] {processor.py:830} INFO - Processing file /opt/airflow/dags/silver_to_gold_feature_engineering.py for tasks to queue
[2025-04-28T16:46:16.484+0000] {logging_mixin.py:188} INFO - [2025-04-28T16:46:16.484+0000] {dagbag.py:540} INFO - Filling up the DagBag from /opt/airflow/dags/silver_to_gold_feature_engineering.py
[2025-04-28T16:46:16.630+0000] {processor.py:840} INFO - DAG(s) 'silver_to_gold_feature_engineering' retrieved from /opt/airflow/dags/silver_to_gold_feature_engineering.py
[2025-04-28T16:46:16.644+0000] {logging_mixin.py:188} INFO - [2025-04-28T16:46:16.644+0000] {dag.py:3096} INFO - Sync 1 DAGs
[2025-04-28T16:46:16.651+0000] {logging_mixin.py:188} INFO - [2025-04-28T16:46:16.651+0000] {dag.py:3954} INFO - Setting next_dagrun for silver_to_gold_feature_engineering to None, run_after=None
[2025-04-28T16:46:16.660+0000] {processor.py:183} INFO - Processing /opt/airflow/dags/silver_to_gold_feature_engineering.py took 0.183 seconds
[2025-04-28T16:46:47.321+0000] {processor.py:161} INFO - Started process (PID=10589) to work on /opt/airflow/dags/silver_to_gold_feature_engineering.py
[2025-04-28T16:46:47.322+0000] {processor.py:830} INFO - Processing file /opt/airflow/dags/silver_to_gold_feature_engineering.py for tasks to queue
[2025-04-28T16:46:47.323+0000] {logging_mixin.py:188} INFO - [2025-04-28T16:46:47.323+0000] {dagbag.py:540} INFO - Filling up the DagBag from /opt/airflow/dags/silver_to_gold_feature_engineering.py
[2025-04-28T16:46:47.472+0000] {processor.py:840} INFO - DAG(s) 'silver_to_gold_feature_engineering' retrieved from /opt/airflow/dags/silver_to_gold_feature_engineering.py
[2025-04-28T16:46:47.485+0000] {logging_mixin.py:188} INFO - [2025-04-28T16:46:47.485+0000] {dag.py:3096} INFO - Sync 1 DAGs
[2025-04-28T16:46:47.491+0000] {logging_mixin.py:188} INFO - [2025-04-28T16:46:47.491+0000] {dag.py:3954} INFO - Setting next_dagrun for silver_to_gold_feature_engineering to None, run_after=None
[2025-04-28T16:46:47.501+0000] {processor.py:183} INFO - Processing /opt/airflow/dags/silver_to_gold_feature_engineering.py took 0.185 seconds
[2025-04-28T16:48:33.980+0000] {processor.py:161} INFO - Started process (PID=10624) to work on /opt/airflow/dags/silver_to_gold_feature_engineering.py
[2025-04-28T16:48:33.981+0000] {processor.py:830} INFO - Processing file /opt/airflow/dags/silver_to_gold_feature_engineering.py for tasks to queue
[2025-04-28T16:48:33.982+0000] {logging_mixin.py:188} INFO - [2025-04-28T16:48:33.981+0000] {dagbag.py:540} INFO - Filling up the DagBag from /opt/airflow/dags/silver_to_gold_feature_engineering.py
[2025-04-28T16:48:34.152+0000] {processor.py:840} INFO - DAG(s) 'silver_to_gold_feature_engineering' retrieved from /opt/airflow/dags/silver_to_gold_feature_engineering.py
[2025-04-28T16:48:34.170+0000] {logging_mixin.py:188} INFO - [2025-04-28T16:48:34.170+0000] {dag.py:3096} INFO - Sync 1 DAGs
[2025-04-28T16:48:34.178+0000] {logging_mixin.py:188} INFO - [2025-04-28T16:48:34.178+0000] {dag.py:3954} INFO - Setting next_dagrun for silver_to_gold_feature_engineering to None, run_after=None
[2025-04-28T16:48:34.198+0000] {processor.py:183} INFO - Processing /opt/airflow/dags/silver_to_gold_feature_engineering.py took 0.223 seconds
[2025-04-28T16:49:19.789+0000] {processor.py:161} INFO - Started process (PID=10661) to work on /opt/airflow/dags/silver_to_gold_feature_engineering.py
[2025-04-28T16:49:19.790+0000] {processor.py:830} INFO - Processing file /opt/airflow/dags/silver_to_gold_feature_engineering.py for tasks to queue
[2025-04-28T16:49:19.791+0000] {logging_mixin.py:188} INFO - [2025-04-28T16:49:19.791+0000] {dagbag.py:540} INFO - Filling up the DagBag from /opt/airflow/dags/silver_to_gold_feature_engineering.py
[2025-04-28T16:49:19.942+0000] {processor.py:840} INFO - DAG(s) 'silver_to_gold_feature_engineering' retrieved from /opt/airflow/dags/silver_to_gold_feature_engineering.py
[2025-04-28T16:49:19.960+0000] {logging_mixin.py:188} INFO - [2025-04-28T16:49:19.960+0000] {dag.py:3096} INFO - Sync 1 DAGs
[2025-04-28T16:49:19.967+0000] {logging_mixin.py:188} INFO - [2025-04-28T16:49:19.967+0000] {dag.py:3954} INFO - Setting next_dagrun for silver_to_gold_feature_engineering to None, run_after=None
[2025-04-28T16:49:19.978+0000] {processor.py:183} INFO - Processing /opt/airflow/dags/silver_to_gold_feature_engineering.py took 0.194 seconds
[2025-04-28T16:49:50.668+0000] {processor.py:161} INFO - Started process (PID=10696) to work on /opt/airflow/dags/silver_to_gold_feature_engineering.py
[2025-04-28T16:49:50.669+0000] {processor.py:830} INFO - Processing file /opt/airflow/dags/silver_to_gold_feature_engineering.py for tasks to queue
[2025-04-28T16:49:50.670+0000] {logging_mixin.py:188} INFO - [2025-04-28T16:49:50.670+0000] {dagbag.py:540} INFO - Filling up the DagBag from /opt/airflow/dags/silver_to_gold_feature_engineering.py
[2025-04-28T16:49:50.819+0000] {processor.py:840} INFO - DAG(s) 'silver_to_gold_feature_engineering' retrieved from /opt/airflow/dags/silver_to_gold_feature_engineering.py
[2025-04-28T16:49:50.835+0000] {logging_mixin.py:188} INFO - [2025-04-28T16:49:50.834+0000] {dag.py:3096} INFO - Sync 1 DAGs
[2025-04-28T16:49:50.841+0000] {logging_mixin.py:188} INFO - [2025-04-28T16:49:50.840+0000] {dag.py:3954} INFO - Setting next_dagrun for silver_to_gold_feature_engineering to None, run_after=None
[2025-04-28T16:49:50.852+0000] {processor.py:183} INFO - Processing /opt/airflow/dags/silver_to_gold_feature_engineering.py took 0.189 seconds
[2025-04-28T16:50:45.392+0000] {processor.py:161} INFO - Started process (PID=10731) to work on /opt/airflow/dags/silver_to_gold_feature_engineering.py
[2025-04-28T16:50:45.392+0000] {processor.py:830} INFO - Processing file /opt/airflow/dags/silver_to_gold_feature_engineering.py for tasks to queue
[2025-04-28T16:50:45.393+0000] {logging_mixin.py:188} INFO - [2025-04-28T16:50:45.393+0000] {dagbag.py:540} INFO - Filling up the DagBag from /opt/airflow/dags/silver_to_gold_feature_engineering.py
[2025-04-28T16:50:45.538+0000] {processor.py:840} INFO - DAG(s) 'silver_to_gold_feature_engineering' retrieved from /opt/airflow/dags/silver_to_gold_feature_engineering.py
[2025-04-28T16:50:45.555+0000] {logging_mixin.py:188} INFO - [2025-04-28T16:50:45.555+0000] {dag.py:3096} INFO - Sync 1 DAGs
[2025-04-28T16:50:45.561+0000] {logging_mixin.py:188} INFO - [2025-04-28T16:50:45.561+0000] {dag.py:3954} INFO - Setting next_dagrun for silver_to_gold_feature_engineering to None, run_after=None
[2025-04-28T16:50:45.573+0000] {processor.py:183} INFO - Processing /opt/airflow/dags/silver_to_gold_feature_engineering.py took 0.185 seconds
[2025-04-28T16:51:16.293+0000] {processor.py:161} INFO - Started process (PID=10766) to work on /opt/airflow/dags/silver_to_gold_feature_engineering.py
[2025-04-28T16:51:16.299+0000] {processor.py:830} INFO - Processing file /opt/airflow/dags/silver_to_gold_feature_engineering.py for tasks to queue
[2025-04-28T16:51:16.301+0000] {logging_mixin.py:188} INFO - [2025-04-28T16:51:16.301+0000] {dagbag.py:540} INFO - Filling up the DagBag from /opt/airflow/dags/silver_to_gold_feature_engineering.py
[2025-04-28T16:51:16.580+0000] {processor.py:840} INFO - DAG(s) 'silver_to_gold_feature_engineering' retrieved from /opt/airflow/dags/silver_to_gold_feature_engineering.py
[2025-04-28T16:51:16.595+0000] {logging_mixin.py:188} INFO - [2025-04-28T16:51:16.595+0000] {dag.py:3096} INFO - Sync 1 DAGs
[2025-04-28T16:51:16.602+0000] {logging_mixin.py:188} INFO - [2025-04-28T16:51:16.602+0000] {dag.py:3954} INFO - Setting next_dagrun for silver_to_gold_feature_engineering to None, run_after=None
[2025-04-28T16:51:16.613+0000] {processor.py:183} INFO - Processing /opt/airflow/dags/silver_to_gold_feature_engineering.py took 0.323 seconds
[2025-04-28T16:53:05.872+0000] {processor.py:161} INFO - Started process (PID=10803) to work on /opt/airflow/dags/silver_to_gold_feature_engineering.py
[2025-04-28T16:53:05.874+0000] {processor.py:830} INFO - Processing file /opt/airflow/dags/silver_to_gold_feature_engineering.py for tasks to queue
[2025-04-28T16:53:05.875+0000] {logging_mixin.py:188} INFO - [2025-04-28T16:53:05.875+0000] {dagbag.py:540} INFO - Filling up the DagBag from /opt/airflow/dags/silver_to_gold_feature_engineering.py
[2025-04-28T16:53:06.022+0000] {processor.py:840} INFO - DAG(s) 'silver_to_gold_feature_engineering' retrieved from /opt/airflow/dags/silver_to_gold_feature_engineering.py
[2025-04-28T16:53:06.039+0000] {logging_mixin.py:188} INFO - [2025-04-28T16:53:06.038+0000] {dag.py:3096} INFO - Sync 1 DAGs
[2025-04-28T16:53:06.046+0000] {logging_mixin.py:188} INFO - [2025-04-28T16:53:06.046+0000] {dag.py:3954} INFO - Setting next_dagrun for silver_to_gold_feature_engineering to None, run_after=None
[2025-04-28T16:53:06.055+0000] {processor.py:183} INFO - Processing /opt/airflow/dags/silver_to_gold_feature_engineering.py took 0.186 seconds
[2025-04-28T16:53:36.169+0000] {processor.py:161} INFO - Started process (PID=10838) to work on /opt/airflow/dags/silver_to_gold_feature_engineering.py
[2025-04-28T16:53:36.171+0000] {processor.py:830} INFO - Processing file /opt/airflow/dags/silver_to_gold_feature_engineering.py for tasks to queue
[2025-04-28T16:53:36.172+0000] {logging_mixin.py:188} INFO - [2025-04-28T16:53:36.172+0000] {dagbag.py:540} INFO - Filling up the DagBag from /opt/airflow/dags/silver_to_gold_feature_engineering.py
[2025-04-28T16:53:36.331+0000] {processor.py:840} INFO - DAG(s) 'silver_to_gold_feature_engineering' retrieved from /opt/airflow/dags/silver_to_gold_feature_engineering.py
[2025-04-28T16:53:36.345+0000] {logging_mixin.py:188} INFO - [2025-04-28T16:53:36.345+0000] {dag.py:3096} INFO - Sync 1 DAGs
[2025-04-28T16:53:36.351+0000] {logging_mixin.py:188} INFO - [2025-04-28T16:53:36.350+0000] {dag.py:3954} INFO - Setting next_dagrun for silver_to_gold_feature_engineering to None, run_after=None
[2025-04-28T16:53:36.361+0000] {processor.py:183} INFO - Processing /opt/airflow/dags/silver_to_gold_feature_engineering.py took 0.195 seconds
[2025-04-28T16:54:06.983+0000] {processor.py:161} INFO - Started process (PID=10873) to work on /opt/airflow/dags/silver_to_gold_feature_engineering.py
[2025-04-28T16:54:06.984+0000] {processor.py:830} INFO - Processing file /opt/airflow/dags/silver_to_gold_feature_engineering.py for tasks to queue
[2025-04-28T16:54:06.985+0000] {logging_mixin.py:188} INFO - [2025-04-28T16:54:06.985+0000] {dagbag.py:540} INFO - Filling up the DagBag from /opt/airflow/dags/silver_to_gold_feature_engineering.py
[2025-04-28T16:54:07.129+0000] {processor.py:840} INFO - DAG(s) 'silver_to_gold_feature_engineering' retrieved from /opt/airflow/dags/silver_to_gold_feature_engineering.py
[2025-04-28T16:54:07.141+0000] {logging_mixin.py:188} INFO - [2025-04-28T16:54:07.141+0000] {dag.py:3096} INFO - Sync 1 DAGs
[2025-04-28T16:54:07.148+0000] {logging_mixin.py:188} INFO - [2025-04-28T16:54:07.148+0000] {dag.py:3954} INFO - Setting next_dagrun for silver_to_gold_feature_engineering to None, run_after=None
[2025-04-28T16:54:07.158+0000] {processor.py:183} INFO - Processing /opt/airflow/dags/silver_to_gold_feature_engineering.py took 0.181 seconds
[2025-04-28T16:54:37.805+0000] {processor.py:161} INFO - Started process (PID=10908) to work on /opt/airflow/dags/silver_to_gold_feature_engineering.py
[2025-04-28T16:54:37.806+0000] {processor.py:830} INFO - Processing file /opt/airflow/dags/silver_to_gold_feature_engineering.py for tasks to queue
[2025-04-28T16:54:37.810+0000] {logging_mixin.py:188} INFO - [2025-04-28T16:54:37.808+0000] {dagbag.py:540} INFO - Filling up the DagBag from /opt/airflow/dags/silver_to_gold_feature_engineering.py
[2025-04-28T16:54:37.969+0000] {processor.py:840} INFO - DAG(s) 'silver_to_gold_feature_engineering' retrieved from /opt/airflow/dags/silver_to_gold_feature_engineering.py
[2025-04-28T16:54:37.985+0000] {logging_mixin.py:188} INFO - [2025-04-28T16:54:37.985+0000] {dag.py:3096} INFO - Sync 1 DAGs
[2025-04-28T16:54:37.994+0000] {logging_mixin.py:188} INFO - [2025-04-28T16:54:37.994+0000] {dag.py:3954} INFO - Setting next_dagrun for silver_to_gold_feature_engineering to None, run_after=None
[2025-04-28T16:54:38.003+0000] {processor.py:183} INFO - Processing /opt/airflow/dags/silver_to_gold_feature_engineering.py took 0.203 seconds
